images_dir: /afs/crc/group/cvrl/czajka/gbir2/aczajka/BXGRID/iris_segmented_SegNet
out_dir: /project01/cvrl/jporubci/ArcIris Dataset
val_split: 0.2
test_split: 0.2
img_uid_map: img_uid_map.json
seed: 42

Shuffled
Removed existing symlink tree
Created new symlink tree
images/nd1S02463_Left 0
images/nd1S02463_Right 1
images/nd1S04202_Left 2
images/nd1S04202_Right 3
images/nd1S04203_Left 4
images/nd1S04203_Right 5
images/nd1S04214_Left 6
images/nd1S04214_Right 7
images/nd1S04221_Left 8
images/nd1S04221_Right 9
images/nd1S04225_Left 10
images/nd1S04225_Right 11
images/nd1S04233_Left 12
images/nd1S04233_Right 13
images/nd1S04239_Left 14
images/nd1S04239_Right 15
images/nd1S04252_Left 16
images/nd1S04252_Right 17
images/nd1S04267_Left 18
images/nd1S04267_Right 19
images/nd1S04284_Left 20
images/nd1S04284_Right 21
images/nd1S04286_Left 22
images/nd1S04286_Right 23
images/nd1S04297_Left 24
images/nd1S04297_Right 25
images/nd1S04301_Left 26
images/nd1S04301_Right 27
images/nd1S04302_Left 28
images/nd1S04302_Right 29
images/nd1S04309_Left 30
images/nd1S04309_Right 31
images/nd1S04311_Left 32
images/nd1S04311_Right 33
images/nd1S04312_Left 34
images/nd1S04312_Right 35
images/nd1S04313_Left 36
images/nd1S04313_Right 37
images/nd1S04322_Left 38
images/nd1S04322_Right 39
images/nd1S04324_Left 40
images/nd1S04324_Right 41
images/nd1S04336_Left 42
images/nd1S04336_Right 43
images/nd1S04338_Left 44
images/nd1S04338_Right 45
images/nd1S04341_Left 46
images/nd1S04341_Right 47
images/nd1S04343_Left 48
images/nd1S04343_Right 49
images/nd1S04347_Left 50
images/nd1S04347_Right 51
images/nd1S04349_Left 52
images/nd1S04349_Right 53
images/nd1S04361_Left 54
images/nd1S04361_Right 55
images/nd1S04370_Left 56
images/nd1S04370_Right 57
images/nd1S04372_Left 58
images/nd1S04372_Right 59
images/nd1S04379_Left 60
images/nd1S04379_Right 61
images/nd1S04385_Left 62
images/nd1S04385_Right 63
images/nd1S04387_Left 64
images/nd1S04387_Right 65
images/nd1S04388_Left 66
images/nd1S04388_Right 67
images/nd1S04394_Left 68
images/nd1S04394_Right 69
images/nd1S04397_Left 70
images/nd1S04397_Right 71
images/nd1S04400_Left 72
images/nd1S04400_Right 73
images/nd1S04404_Left 74
images/nd1S04404_Right 75
images/nd1S04407_Left 76
images/nd1S04407_Right 77
images/nd1S04408_Left 78
images/nd1S04408_Right 79
images/nd1S04418_Left 80
images/nd1S04418_Right 81
images/nd1S04419_Left 82
images/nd1S04419_Right 83
images/nd1S04427_Left 84
images/nd1S04427_Right 85
images/nd1S04429_Left 86
images/nd1S04429_Right 87
images/nd1S04434_Left 88
images/nd1S04434_Right 89
images/nd1S04435_Left 90
images/nd1S04435_Right 91
images/nd1S04440_Left 92
images/nd1S04440_Right 93
images/nd1S04444_Left 94
images/nd1S04444_Right 95
images/nd1S04446_Left 96
images/nd1S04446_Right 97
images/nd1S04447_Left 98
images/nd1S04447_Right 99
images/nd1S04449_Left 100
images/nd1S04449_Right 101
images/nd1S04451_Left 102
images/nd1S04451_Right 103
images/nd1S04453_Left 104
images/nd1S04453_Right 105
images/nd1S04456_Left 106
images/nd1S04456_Right 107
images/nd1S04459_Left 108
images/nd1S04459_Right 109
images/nd1S04461_Left 110
images/nd1S04461_Right 111
images/nd1S04463_Left 112
images/nd1S04463_Right 113
images/nd1S04470_Left 114
images/nd1S04470_Right 115
images/nd1S04471_Left 116
images/nd1S04471_Right 117
images/nd1S04472_Left 118
images/nd1S04472_Right 119
images/nd1S04473_Left 120
images/nd1S04473_Right 121
images/nd1S04475_Left 122
images/nd1S04475_Right 123
images/nd1S04476_Left 124
images/nd1S04476_Right 125
images/nd1S04477_Left 126
images/nd1S04477_Right 127
images/nd1S04481_Left 128
images/nd1S04481_Right 129
images/nd1S04485_Left 130
images/nd1S04485_Right 131
images/nd1S04488_Left 132
images/nd1S04488_Right 133
images/nd1S04493_Left 134
images/nd1S04493_Right 135
images/nd1S04496_Left 136
images/nd1S04496_Right 137
images/nd1S04502_Left 138
images/nd1S04502_Right 139
images/nd1S04504_Left 140
images/nd1S04504_Right 141
images/nd1S04505_Left 142
images/nd1S04505_Right 143
images/nd1S04506_Left 144
images/nd1S04506_Right 145
images/nd1S04507_Left 146
images/nd1S04507_Right 147
images/nd1S04509_Left 148
images/nd1S04509_Right 149
images/nd1S04511_Left 150
images/nd1S04511_Right 151
images/nd1S04512_Left 152
images/nd1S04512_Right 153
images/nd1S04513_Left 154
images/nd1S04513_Right 155
images/nd1S04514_Left 156
images/nd1S04514_Right 157
images/nd1S04531_Left 158
images/nd1S04531_Right 159
images/nd1S04535_Left 160
images/nd1S04535_Right 161
images/nd1S04537_Left 162
images/nd1S04537_Right 163
images/nd1S04553_Left 164
images/nd1S04553_Right 165
images/nd1S04556_Left 166
images/nd1S04556_Right 167
images/nd1S04557_Left 168
images/nd1S04557_Right 169
images/nd1S04560_Left 170
images/nd1S04560_Right 171
images/nd1S04578_Left 172
images/nd1S04578_Right 173
images/nd1S04581_Left 174
images/nd1S04581_Right 175
images/nd1S04588_Left 176
images/nd1S04588_Right 177
images/nd1S04589_Left 178
images/nd1S04589_Right 179
images/nd1S04593_Left 180
images/nd1S04593_Right 181
images/nd1S04596_Left 182
images/nd1S04596_Right 183
images/nd1S04597_Left 184
images/nd1S04597_Right 185
images/nd1S04603_Left 186
images/nd1S04603_Right 187
images/nd1S04621_Left 188
images/nd1S04621_Right 189
images/nd1S04622_Left 190
images/nd1S04622_Right 191
images/nd1S04626_Left 192
images/nd1S04626_Right 193
images/nd1S04629_Left 194
images/nd1S04629_Right 195
images/nd1S04632_Left 196
images/nd1S04632_Right 197
images/nd1S04633_Left 198
images/nd1S04633_Right 199
images/nd1S04634_Left 200
images/nd1S04634_Right 201
images/nd1S04647_Left 202
images/nd1S04647_Right 203
images/nd1S04649_Left 204
images/nd1S04649_Right 205
images/nd1S04662_Left 206
images/nd1S04662_Right 207
images/nd1S04667_Left 208
images/nd1S04667_Right 209
images/nd1S04670_Left 210
images/nd1S04670_Right 211
images/nd1S04682_Left 212
images/nd1S04682_Right 213
images/nd1S04683_Left 214
images/nd1S04683_Right 215
images/nd1S04684_Left 216
images/nd1S04684_Right 217
images/nd1S04689_Left 218
images/nd1S04689_Right 219
images/nd1S04695_Left 220
images/nd1S04695_Right 221
images/nd1S04697_Left 222
images/nd1S04697_Right 223
images/nd1S04699_Left 224
images/nd1S04699_Right 225
images/nd1S04701_Left 226
images/nd1S04701_Right 227
images/nd1S04702_Left 228
images/nd1S04702_Right 229
images/nd1S04705_Left 230
images/nd1S04705_Right 231
images/nd1S04709_Left 232
images/nd1S04709_Right 233
images/nd1S04711_Left 234
images/nd1S04711_Right 235
images/nd1S04712_Left 236
images/nd1S04712_Right 237
images/nd1S04715_Left 238
images/nd1S04715_Right 239
images/nd1S04716_Left 240
images/nd1S04716_Right 241
images/nd1S04724_Left 242
images/nd1S04724_Right 243
images/nd1S04725_Left 244
images/nd1S04725_Right 245
images/nd1S04727_Left 246
images/nd1S04727_Right 247
images/nd1S04728_Left 248
images/nd1S04728_Right 249
images/nd1S04730_Left 250
images/nd1S04730_Right 251
images/nd1S04732_Left 252
images/nd1S04732_Right 253
images/nd1S04737_Left 254
images/nd1S04737_Right 255
images/nd1S04738_Left 256
images/nd1S04738_Right 257
images/nd1S04743_Left 258
images/nd1S04743_Right 259
images/nd1S04747_Left 260
images/nd1S04747_Right 261
images/nd1S04748_Left 262
images/nd1S04748_Right 263
images/nd1S04749_Left 264
images/nd1S04749_Right 265
images/nd1S04754_Left 266
images/nd1S04754_Right 267
images/nd1S04757_Left 268
images/nd1S04757_Right 269
images/nd1S04758_Left 270
images/nd1S04758_Right 271
images/nd1S04760_Left 272
images/nd1S04760_Right 273
images/nd1S04762_Left 274
images/nd1S04762_Right 275
images/nd1S04763_Left 276
images/nd1S04763_Right 277
images/nd1S04765_Left 278
images/nd1S04765_Right 279
images/nd1S04768_Left 280
images/nd1S04768_Right 281
images/nd1S04772_Left 282
images/nd1S04772_Right 283
images/nd1S04775_Left 284
images/nd1S04775_Right 285
images/nd1S04777_Left 286
images/nd1S04777_Right 287
images/nd1S04778_Left 288
images/nd1S04778_Right 289
images/nd1S04782_Left 290
images/nd1S04782_Right 291
images/nd1S04785_Left 292
images/nd1S04785_Right 293
images/nd1S04786_Left 294
images/nd1S04786_Right 295
images/nd1S04790_Left 296
images/nd1S04790_Right 297
images/nd1S04796_Left 298
images/nd1S04796_Right 299
images/nd1S04798_Left 300
images/nd1S04798_Right 301
images/nd1S04803_Left 302
images/nd1S04803_Right 303
images/nd1S04811_Left 304
images/nd1S04811_Right 305
images/nd1S04812_Left 306
images/nd1S04812_Right 307
images/nd1S04813_Left 308
images/nd1S04813_Right 309
images/nd1S04815_Left 310
images/nd1S04815_Right 311
images/nd1S04816_Left 312
images/nd1S04816_Right 313
images/nd1S04821_Left 314
images/nd1S04821_Right 315
images/nd1S04822_Left 316
images/nd1S04822_Right 317
images/nd1S04827_Left 318
images/nd1S04827_Right 319
images/nd1S04830_Left 320
images/nd1S04830_Right 321
images/nd1S04833_Left 322
images/nd1S04833_Right 323
images/nd1S04840_Left 324
images/nd1S04840_Right 325
images/nd1S04841_Left 326
images/nd1S04841_Right 327
images/nd1S04842_Left 328
images/nd1S04842_Right 329
images/nd1S04843_Left 330
images/nd1S04843_Right 331
images/nd1S04846_Left 332
images/nd1S04846_Right 333
images/nd1S04848_Left 334
images/nd1S04848_Right 335
images/nd1S04849_Left 336
images/nd1S04849_Right 337
images/nd1S04850_Left 338
images/nd1S04850_Right 339
images/nd1S04853_Left 340
images/nd1S04853_Right 341
images/nd1S04854_Left 342
images/nd1S04854_Right 343
images/nd1S04859_Left 344
images/nd1S04859_Right 345
images/nd1S04860_Left 346
images/nd1S04860_Right 347
images/nd1S04861_Left 348
images/nd1S04861_Right 349
images/nd1S04863_Left 350
images/nd1S04863_Right 351
images/nd1S04866_Left 352
images/nd1S04866_Right 353
images/nd1S04868_Left 354
images/nd1S04868_Right 355
images/nd1S04873_Left 356
images/nd1S04873_Right 357
images/nd1S04877_Left 358
images/nd1S04877_Right 359
images/nd1S04878_Left 360
images/nd1S04878_Right 361
images/nd1S04880_Left 362
images/nd1S04880_Right 363
images/nd1S04881_Left 364
images/nd1S04881_Right 365
images/nd1S04882_Left 366
images/nd1S04882_Right 367
images/nd1S04883_Left 368
images/nd1S04883_Right 369
images/nd1S04884_Left 370
images/nd1S04884_Right 371
images/nd1S04888_Left 372
images/nd1S04888_Right 373
images/nd1S04890_Left 374
images/nd1S04890_Right 375
images/nd1S04891_Left 376
images/nd1S04891_Right 377
images/nd1S04892_Left 378
images/nd1S04892_Right 379
images/nd1S04893_Left 380
images/nd1S04893_Right 381
images/nd1S04894_Left 382
images/nd1S04894_Right 383
images/nd1S04896_Left 384
images/nd1S04896_Right 385
images/nd1S04898_Left 386
images/nd1S04898_Right 387
images/nd1S04899_Left 388
images/nd1S04899_Right 389
images/nd1S04900_Left 390
images/nd1S04900_Right 391
images/nd1S04901_Left 392
images/nd1S04901_Right 393
images/nd1S04902_Left 394
images/nd1S04902_Right 395
images/nd1S04903_Left 396
images/nd1S04903_Right 397
images/nd1S04904_Left 398
images/nd1S04904_Right 399
images/nd1S04907_Left 400
images/nd1S04907_Right 401
images/nd1S04911_Left 402
images/nd1S04911_Right 403
images/nd1S04913_Left 404
images/nd1S04913_Right 405
images/nd1S04916_Left 406
images/nd1S04916_Right 407
images/nd1S04917_Left 408
images/nd1S04917_Right 409
images/nd1S04921_Left 410
images/nd1S04921_Right 411
images/nd1S04935_Left 412
images/nd1S04935_Right 413
images/nd1S04975_Left 414
images/nd1S04975_Right 415
images/nd1S05011_Left 416
images/nd1S05011_Right 417
images/nd1S05015_Left 418
images/nd1S05015_Right 419
images/nd1S05027_Left 420
images/nd1S05027_Right 421
images/nd1S05028_Left 422
images/nd1S05028_Right 423
images/nd1S05044_Left 424
images/nd1S05044_Right 425
images/nd1S05052_Left 426
images/nd1S05052_Right 427
images/nd1S05053_Left 428
images/nd1S05053_Right 429
images/nd1S05129_Left 430
images/nd1S05129_Right 431
images/nd1S05155_Left 432
images/nd1S05155_Right 433
images/nd1S05156_Left 434
images/nd1S05156_Right 435
images/nd1S05165_Left 436
images/nd1S05165_Right 437
images/nd1S05175_Left 438
images/nd1S05175_Right 439
images/nd1S05176_Left 440
images/nd1S05176_Right 441
images/nd1S05179_Left 442
images/nd1S05179_Right 443
images/nd1S05186_Left 444
images/nd1S05186_Right 445
images/nd1S05191_Left 446
images/nd1S05191_Right 447
images/nd1S05204_Left 448
images/nd1S05204_Right 449
images/nd1S05213_Left 450
images/nd1S05213_Right 451
images/nd1S05215_Left 452
images/nd1S05215_Right 453
images/nd1S05227_Left 454
images/nd1S05227_Right 455
images/nd1S05233_Left 456
images/nd1S05233_Right 457
images/nd1S05248_Left 458
images/nd1S05248_Right 459
images/nd1S05249_Left 460
images/nd1S05249_Right 461
images/nd1S05256_Left 462
images/nd1S05256_Right 463
images/nd1S05260_Left 464
images/nd1S05260_Right 465
images/nd1S05275_Left 466
images/nd1S05275_Right 467
images/nd1S05279_Left 468
images/nd1S05279_Right 469
images/nd1S05280_Left 470
images/nd1S05280_Right 471
images/nd1S05283_Left 472
images/nd1S05283_Right 473
images/nd1S05284_Left 474
images/nd1S05284_Right 475
images/nd1S05286_Left 476
images/nd1S05286_Right 477
images/nd1S05288_Left 478
images/nd1S05288_Right 479
images/nd1S05289_Left 480
images/nd1S05289_Right 481
images/nd1S05292_Left 482
images/nd1S05292_Right 483
images/nd1S05293_Left 484
images/nd1S05293_Right 485
images/nd1S05297_Left 486
images/nd1S05297_Right 487
images/nd1S05298_Left 488
images/nd1S05298_Right 489
images/nd1S05300_Left 490
images/nd1S05300_Right 491
images/nd1S05301_Left 492
images/nd1S05301_Right 493
images/nd1S05302_Left 494
images/nd1S05302_Right 495
images/nd1S05303_Left 496
images/nd1S05303_Right 497
images/nd1S05304_Left 498
images/nd1S05304_Right 499
images/nd1S05305_Left 500
images/nd1S05305_Right 501
images/nd1S05310_Left 502
images/nd1S05310_Right 503
images/nd1S05312_Left 504
images/nd1S05312_Right 505
images/nd1S05314_Left 506
images/nd1S05314_Right 507
images/nd1S05317_Left 508
images/nd1S05317_Right 509
images/nd1S05318_Left 510
images/nd1S05318_Right 511
images/nd1S05320_Left 512
images/nd1S05320_Right 513
images/nd1S05321_Left 514
images/nd1S05321_Right 515
images/nd1S05324_Left 516
images/nd1S05324_Right 517
images/nd1S05337_Left 518
images/nd1S05337_Right 519
images/nd1S05338_Left 520
images/nd1S05338_Right 521
images/nd1S05340_Left 522
images/nd1S05340_Right 523
images/nd1S05341_Left 524
images/nd1S05341_Right 525
images/nd1S05342_Left 526
images/nd1S05342_Right 527
images/nd1S05344_Left 528
images/nd1S05344_Right 529
images/nd1S05355_Left 530
images/nd1S05355_Right 531
images/nd1S05364_Left 532
images/nd1S05364_Right 533
images/nd1S05367_Left 534
images/nd1S05367_Right 535
images/nd1S05368_Left 536
images/nd1S05368_Right 537
images/nd1S05369_Left 538
images/nd1S05369_Right 539
images/nd1S05373_Left 540
images/nd1S05373_Right 541
images/nd1S05374_Left 542
images/nd1S05374_Right 543
images/nd1S05375_Left 544
images/nd1S05375_Right 545
images/nd1S05379_Left 546
images/nd1S05379_Right 547
images/nd1S05380_Left 548
images/nd1S05380_Right 549
images/nd1S05382_Left 550
images/nd1S05382_Right 551
images/nd1S05383_Left 552
images/nd1S05383_Right 553
images/nd1S05386_Left 554
images/nd1S05386_Right 555
images/nd1S05389_Left 556
images/nd1S05389_Right 557
images/nd1S05392_Left 558
images/nd1S05392_Right 559
images/nd1S05393_Left 560
images/nd1S05393_Right 561
images/nd1S05394_Left 562
images/nd1S05394_Right 563
images/nd1S05396_Left 564
images/nd1S05396_Right 565
images/nd1S05399_Left 566
images/nd1S05399_Right 567
images/nd1S05401_Left 568
images/nd1S05401_Right 569
images/nd1S05403_Left 570
images/nd1S05403_Right 571
images/nd1S05404_Left 572
images/nd1S05404_Right 573
images/nd1S05406_Left 574
images/nd1S05406_Right 575
images/nd1S05407_Left 576
images/nd1S05407_Right 577
images/nd1S05408_Left 578
images/nd1S05408_Right 579
images/nd1S05409_Left 580
images/nd1S05409_Right 581
images/nd1S05411_Left 582
images/nd1S05411_Right 583
images/nd1S05412_Left 584
images/nd1S05412_Right 585
images/nd1S05418_Left 586
images/nd1S05418_Right 587
images/nd1S05421_Left 588
images/nd1S05421_Right 589
images/nd1S05429_Left 590
images/nd1S05429_Right 591
images/nd1S05430_Left 592
images/nd1S05430_Right 593
images/nd1S05432_Left 594
images/nd1S05432_Right 595
images/nd1S05433_Left 596
images/nd1S05433_Right 597
images/nd1S05435_Left 598
images/nd1S05435_Right 599
images/nd1S05439_Left 600
images/nd1S05439_Right 601
images/nd1S05442_Left 602
images/nd1S05442_Right 603
images/nd1S05444_Left 604
images/nd1S05444_Right 605
images/nd1S05445_Left 606
images/nd1S05445_Right 607
images/nd1S05447_Left 608
images/nd1S05447_Right 609
images/nd1S05448_Left 610
images/nd1S05448_Right 611
images/nd1S05450_Left 612
images/nd1S05450_Right 613
images/nd1S05455_Left 614
images/nd1S05455_Right 615
images/nd1S05456_Left 616
images/nd1S05456_Right 617
images/nd1S05457_Left 618
images/nd1S05457_Right 619
images/nd1S05459_Left 620
images/nd1S05459_Right 621
images/nd1S05461_Left 622
images/nd1S05461_Right 623
images/nd1S05463_Left 624
images/nd1S05463_Right 625
images/nd1S05469_Left 626
images/nd1S05469_Right 627
images/nd1S05470_Left 628
images/nd1S05470_Right 629
images/nd1S05471_Left 630
images/nd1S05471_Right 631
images/nd1S05472_Left 632
images/nd1S05472_Right 633
images/nd1S05473_Left 634
images/nd1S05473_Right 635
images/nd1S05477_Left 636
images/nd1S05477_Right 637
images/nd1S05478_Left 638
images/nd1S05478_Right 639
images/nd1S05482_Left 640
images/nd1S05482_Right 641
images/nd1S05483_Left 642
images/nd1S05483_Right 643
images/nd1S05484_Left 644
images/nd1S05484_Right 645
images/nd1S05486_Left 646
images/nd1S05486_Right 647
images/nd1S05487_Left 648
images/nd1S05487_Right 649
images/nd1S05491_Left 650
images/nd1S05491_Right 651
images/nd1S05492_Left 652
images/nd1S05492_Right 653
images/nd1S05494_Left 654
images/nd1S05494_Right 655
images/nd1S05497_Left 656
images/nd1S05497_Right 657
images/nd1S05498_Left 658
images/nd1S05498_Right 659
images/nd1S05500_Left 660
images/nd1S05500_Right 661
images/nd1S05501_Left 662
images/nd1S05501_Right 663
images/nd1S05502_Left 664
images/nd1S05502_Right 665
images/nd1S05503_Left 666
images/nd1S05503_Right 667
images/nd1S05504_Left 668
images/nd1S05504_Right 669
images/nd1S05505_Left 670
images/nd1S05505_Right 671
images/nd1S05508_Left 672
images/nd1S05508_Right 673
images/nd1S05510_Left 674
images/nd1S05510_Right 675
images/nd1S05513_Left 676
images/nd1S05513_Right 677
images/nd1S05514_Left 678
images/nd1S05514_Right 679
images/nd1S05517_Left 680
images/nd1S05517_Right 681
images/nd1S05518_Left 682
images/nd1S05518_Right 683
images/nd1S05520_Left 684
images/nd1S05520_Right 685
images/nd1S05522_Left 686
images/nd1S05522_Right 687
images/nd1S05523_Left 688
images/nd1S05523_Right 689
images/nd1S05524_Left 690
images/nd1S05524_Right 691
images/nd1S05525_Left 692
images/nd1S05525_Right 693
images/nd1S05526_Left 694
images/nd1S05526_Right 695
images/nd1S05528_Left 696
images/nd1S05528_Right 697
images/nd1S05530_Left 698
images/nd1S05530_Right 699
images/nd1S05531_Left 700
images/nd1S05531_Right 701
images/nd1S05532_Left 702
images/nd1S05532_Right 703
images/nd1S05534_Left 704
images/nd1S05534_Right 705
images/nd1S05535_Left 706
images/nd1S05535_Right 707
images/nd1S05536_Left 708
images/nd1S05536_Right 709
images/nd1S05537_Left 710
images/nd1S05537_Right 711
images/nd1S05539_Left 712
images/nd1S05539_Right 713
images/nd1S05540_Left 714
images/nd1S05540_Right 715
images/nd1S05541_Left 716
images/nd1S05541_Right 717
images/nd1S05542_Left 718
images/nd1S05542_Right 719
images/nd1S05543_Left 720
images/nd1S05543_Right 721
images/nd1S05545_Left 722
images/nd1S05545_Right 723
images/nd1S05547_Left 724
images/nd1S05547_Right 725
images/nd1S05555_Left 726
images/nd1S05555_Right 727
images/nd1S05557_Left 728
images/nd1S05557_Right 729
images/nd1S05558_Left 730
images/nd1S05558_Right 731
images/nd1S05559_Left 732
images/nd1S05559_Right 733
images/nd1S05560_Left 734
images/nd1S05560_Right 735
images/nd1S05561_Left 736
images/nd1S05561_Right 737
images/nd1S05564_Left 738
images/nd1S05564_Right 739
images/nd1S05565_Left 740
images/nd1S05565_Right 741
images/nd1S05567_Left 742
images/nd1S05567_Right 743
images/nd1S05568_Left 744
images/nd1S05568_Right 745
images/nd1S05570_Left 746
images/nd1S05570_Right 747
images/nd1S05576_Left 748
images/nd1S05576_Right 749
images/nd1S05577_Left 750
images/nd1S05577_Right 751
images/nd1S05582_Left 752
images/nd1S05582_Right 753
images/nd1S05585_Left 754
images/nd1S05585_Right 755
images/nd1S05587_Left 756
images/nd1S05587_Right 757
images/nd1S05594_Left 758
images/nd1S05594_Right 759
images/nd1S05596_Left 760
images/nd1S05596_Right 761
images/nd1S05597_Left 762
images/nd1S05597_Right 763
images/nd1S05598_Left 764
images/nd1S05598_Right 765
images/nd1S05600_Left 766
images/nd1S05600_Right 767
images/nd1S05601_Left 768
images/nd1S05601_Right 769
images/nd1S05603_Left 770
images/nd1S05603_Right 771
images/nd1S05605_Left 772
images/nd1S05605_Right 773
images/nd1S05608_Left 774
images/nd1S05608_Right 775
images/nd1S05609_Left 776
images/nd1S05609_Right 777
images/nd1S05610_Left 778
images/nd1S05610_Right 779
images/nd1S05611_Left 780
images/nd1S05611_Right 781
images/nd1S05612_Left 782
images/nd1S05612_Right 783
images/nd1S05614_Left 784
images/nd1S05614_Right 785
images/nd1S05615_Left 786
images/nd1S05615_Right 787
images/nd1S05616_Left 788
images/nd1S05616_Right 789
images/nd1S05617_Left 790
images/nd1S05617_Right 791
images/nd1S05618_Left 792
images/nd1S05618_Right 793
images/nd1S05619_Left 794
images/nd1S05619_Right 795
images/nd1S05621_Left 796
images/nd1S05621_Right 797
images/nd1S05622_Left 798
images/nd1S05622_Right 799
images/nd1S05623_Left 800
images/nd1S05623_Right 801
images/nd1S05624_Left 802
images/nd1S05624_Right 803
images/nd1S05627_Left 804
images/nd1S05627_Right 805
images/nd1S05628_Left 806
images/nd1S05628_Right 807
images/nd1S05629_Left 808
images/nd1S05629_Right 809
images/nd1S05630_Left 810
images/nd1S05630_Right 811
images/nd1S05634_Left 812
images/nd1S05634_Right 813
images/nd1S05635_Left 814
images/nd1S05635_Right 815
images/nd1S05636_Left 816
images/nd1S05636_Right 817
images/nd1S05638_Left 818
images/nd1S05638_Right 819
images/nd1S05639_Left 820
images/nd1S05639_Right 821
images/nd1S05641_Left 822
images/nd1S05641_Right 823
images/nd1S05642_Left 824
images/nd1S05642_Right 825
images/nd1S05644_Left 826
images/nd1S05644_Right 827
images/nd1S05645_Left 828
images/nd1S05645_Right 829
images/nd1S05647_Left 830
images/nd1S05647_Right 831
images/nd1S05648_Left 832
images/nd1S05648_Right 833
images/nd1S05649_Left 834
images/nd1S05649_Right 835
images/nd1S05651_Left 836
images/nd1S05651_Right 837
images/nd1S05652_Left 838
images/nd1S05652_Right 839
images/nd1S05653_Left 840
images/nd1S05653_Right 841
images/nd1S05654_Left 842
images/nd1S05654_Right 843
images/nd1S05655_Left 844
images/nd1S05655_Right 845
images/nd1S05656_Left 846
images/nd1S05656_Right 847
images/nd1S05658_Left 848
images/nd1S05658_Right 849
images/nd1S05659_Left 850
images/nd1S05659_Right 851
images/nd1S05661_Left 852
images/nd1S05661_Right 853
images/nd1S05662_Left 854
images/nd1S05662_Right 855
images/nd1S05663_Left 856
images/nd1S05663_Right 857
images/nd1S05665_Left 858
images/nd1S05665_Right 859
images/nd1S05667_Left 860
images/nd1S05667_Right 861
images/nd1S05670_Left 862
images/nd1S05670_Right 863
images/nd1S05671_Left 864
images/nd1S05671_Right 865
images/nd1S05672_Left 866
images/nd1S05672_Right 867
images/nd1S05673_Left 868
images/nd1S05673_Right 869
images/nd1S05674_Left 870
images/nd1S05674_Right 871
images/nd1S05675_Left 872
images/nd1S05675_Right 873
images/nd1S05677_Left 874
images/nd1S05677_Right 875
images/nd1S05678_Left 876
images/nd1S05678_Right 877
images/nd1S05679_Left 878
images/nd1S05679_Right 879
images/nd1S05681_Left 880
images/nd1S05681_Right 881
images/nd1S05683_Left 882
images/nd1S05683_Right 883
images/nd1S05690_Left 884
images/nd1S05690_Right 885
images/nd1S05691_Left 886
images/nd1S05691_Right 887
images/nd1S05694_Left 888
images/nd1S05694_Right 889
images/nd1S05695_Left 890
images/nd1S05695_Right 891
images/nd1S05697_Left 892
images/nd1S05697_Right 893
images/nd1S05703_Left 894
images/nd1S05703_Right 895
images/nd1S05704_Left 896
images/nd1S05704_Right 897
images/nd1S05707_Left 898
images/nd1S05707_Right 899
images/nd1S05708_Left 900
images/nd1S05708_Right 901
images/nd1S05710_Left 902
images/nd1S05710_Right 903
images/nd1S05712_Left 904
images/nd1S05712_Right 905
images/nd1S05713_Left 906
images/nd1S05713_Right 907
images/nd1S05714_Left 908
images/nd1S05714_Right 909
images/nd1S05715_Left 910
images/nd1S05715_Right 911
images/nd1S05717_Left 912
images/nd1S05717_Right 913
images/nd1S05719_Left 914
images/nd1S05719_Right 915
images/nd1S05720_Left 916
images/nd1S05720_Right 917
images/nd1S05723_Left 918
images/nd1S05723_Right 919
images/nd1S05725_Left 920
images/nd1S05725_Right 921
images/nd1S05729_Left 922
images/nd1S05729_Right 923
images/nd1S05730_Left 924
images/nd1S05730_Right 925
images/nd1S05731_Left 926
images/nd1S05731_Right 927
images/nd1S05732_Left 928
images/nd1S05732_Right 929
images/nd1S05733_Left 930
images/nd1S05733_Right 931
images/nd1S05734_Left 932
images/nd1S05734_Right 933
images/nd1S05735_Left 934
images/nd1S05735_Right 935
images/nd1S05737_Left 936
images/nd1S05737_Right 937
images/nd1S05740_Left 938
images/nd1S05740_Right 939
images/nd1S05742_Left 940
images/nd1S05742_Right 941
images/nd1S05743_Left 942
images/nd1S05743_Right 943
images/nd1S05745_Left 944
images/nd1S05745_Right 945
images/nd1S05746_Left 946
images/nd1S05746_Right 947
images/nd1S05749_Left 948
images/nd1S05749_Right 949
images/nd1S05750_Left 950
images/nd1S05750_Right 951
images/nd1S05751_Left 952
images/nd1S05751_Right 953
images/nd1S05752_Left 954
images/nd1S05752_Right 955
images/nd1S05753_Left 956
images/nd1S05753_Right 957
images/nd1S05754_Left 958
images/nd1S05754_Right 959
images/nd1S05756_Left 960
images/nd1S05756_Right 961
images/nd1S05757_Left 962
images/nd1S05757_Right 963
images/nd1S05760_Left 964
images/nd1S05760_Right 965
images/nd1S05761_Left 966
images/nd1S05761_Right 967
images/nd1S05762_Left 968
images/nd1S05762_Right 969
images/nd1S05763_Left 970
images/nd1S05763_Right 971
images/nd1S05764_Left 972
images/nd1S05764_Right 973
images/nd1S05765_Left 974
images/nd1S05765_Right 975
images/nd1S05766_Left 976
images/nd1S05766_Right 977
images/nd1S05768_Left 978
images/nd1S05768_Right 979
images/nd1S05769_Left 980
images/nd1S05769_Right 981
images/nd1S05770_Left 982
images/nd1S05770_Right 983
images/nd1S05771_Left 984
images/nd1S05771_Right 985
images/nd1S05775_Left 986
images/nd1S05775_Right 987
images/nd1S05780_Left 988
images/nd1S05780_Right 989
images/nd1S05783_Left 990
images/nd1S05783_Right 991
images/nd1S05785_Left 992
images/nd1S05785_Right 993
images/nd1S05787_Left 994
images/nd1S05787_Right 995
images/nd1S05788_Left 996
images/nd1S05788_Right 997
images/nd1S05791_Left 998
images/nd1S05791_Right 999
images/nd1S05792_Left 1000
images/nd1S05792_Right 1001
images/nd1S05793_Left 1002
images/nd1S05793_Right 1003
images/nd1S05794_Left 1004
images/nd1S05794_Right 1005
images/nd1S05795_Left 1006
images/nd1S05795_Right 1007
images/nd1S05796_Left 1008
images/nd1S05796_Right 1009
images/nd1S05798_Left 1010
images/nd1S05798_Right 1011
images/nd1S05800_Left 1012
images/nd1S05800_Right 1013
images/nd1S05801_Left 1014
images/nd1S05801_Right 1015
images/nd1S05803_Left 1016
images/nd1S05803_Right 1017
images/nd1S05807_Left 1018
images/nd1S05807_Right 1019
images/nd1S05809_Left 1020
images/nd1S05809_Right 1021
images/nd1S05812_Left 1022
images/nd1S05812_Right 1023
images/nd1S05813_Left 1024
images/nd1S05813_Right 1025
images/nd1S05814_Left 1026
images/nd1S05814_Right 1027
images/nd1S05815_Left 1028
images/nd1S05815_Right 1029
images/nd1S05816_Left 1030
images/nd1S05816_Right 1031
images/nd1S05817_Left 1032
images/nd1S05817_Right 1033
images/nd1S05818_Left 1034
images/nd1S05818_Right 1035
images/nd1S05819_Left 1036
images/nd1S05819_Right 1037
images/nd1S05822_Left 1038
images/nd1S05822_Right 1039
images/nd1S05823_Left 1040
images/nd1S05823_Right 1041
images/nd1S05824_Left 1042
images/nd1S05824_Right 1043
images/nd1S05825_Left 1044
images/nd1S05825_Right 1045
images/nd1S05827_Left 1046
images/nd1S05827_Right 1047
images/nd1S05829_Left 1048
images/nd1S05829_Right 1049
images/nd1S05830_Left 1050
images/nd1S05830_Right 1051
images/nd1S05831_Left 1052
images/nd1S05831_Right 1053
images/nd1S05832_Left 1054
images/nd1S05832_Right 1055
images/nd1S05833_Left 1056
images/nd1S05833_Right 1057
images/nd1S05834_Left 1058
images/nd1S05834_Right 1059
images/nd1S05835_Left 1060
images/nd1S05835_Right 1061
images/nd1S05836_Left 1062
images/nd1S05836_Right 1063
images/nd1S05837_Left 1064
images/nd1S05837_Right 1065
images/nd1S05839_Left 1066
images/nd1S05839_Right 1067
images/nd1S05841_Left 1068
images/nd1S05841_Right 1069
images/nd1S05842_Left 1070
images/nd1S05842_Right 1071
images/nd1S05847_Left 1072
images/nd1S05847_Right 1073
images/nd1S05848_Left 1074
images/nd1S05848_Right 1075
images/nd1S05849_Left 1076
images/nd1S05849_Right 1077
images/nd1S05850_Left 1078
images/nd1S05850_Right 1079
images/nd1S05852_Left 1080
images/nd1S05852_Right 1081
images/nd1S05854_Left 1082
images/nd1S05854_Right 1083
images/nd1S05855_Left 1084
images/nd1S05855_Right 1085
images/nd1S05856_Left 1086
images/nd1S05856_Right 1087
images/nd1S05857_Left 1088
images/nd1S05857_Right 1089
images/nd1S05858_Left 1090
images/nd1S05858_Right 1091
images/nd1S05863_Left 1092
images/nd1S05863_Right 1093
images/nd1S05864_Left 1094
images/nd1S05864_Right 1095
images/nd1S05865_Left 1096
images/nd1S05865_Right 1097
images/nd1S05869_Left 1098
images/nd1S05869_Right 1099
images/nd1S05870_Left 1100
images/nd1S05870_Right 1101
images/nd1S05871_Left 1102
images/nd1S05871_Right 1103
images/nd1S05875_Left 1104
images/nd1S05875_Right 1105
images/nd1S05879_Left 1106
images/nd1S05879_Right 1107
images/nd1S05880_Left 1108
images/nd1S05880_Right 1109
images/nd1S05881_Left 1110
images/nd1S05881_Right 1111
images/nd1S05884_Left 1112
images/nd1S05884_Right 1113
images/nd1S05886_Left 1114
images/nd1S05886_Right 1115
images/nd1S05890_Left 1116
images/nd1S05890_Right 1117
images/nd1S05892_Left 1118
images/nd1S05892_Right 1119
images/nd1S05893_Left 1120
images/nd1S05893_Right 1121
images/nd1S05898_Left 1122
images/nd1S05898_Right 1123
images/nd1S05899_Left 1124
images/nd1S05899_Right 1125
images/nd1S05900_Left 1126
images/nd1S05900_Right 1127
images/nd1S05901_Left 1128
images/nd1S05901_Right 1129
images/nd1S05903_Left 1130
images/nd1S05903_Right 1131
images/nd1S05907_Left 1132
images/nd1S05907_Right 1133
images/nd1S05908_Left 1134
images/nd1S05908_Right 1135
images/nd1S05909_Left 1136
images/nd1S05909_Right 1137
images/nd1S05913_Left 1138
images/nd1S05913_Right 1139
images/nd1S05917_Left 1140
images/nd1S05917_Right 1141
images/nd1S05918_Left 1142
images/nd1S05918_Right 1143
images/nd1S05919_Left 1144
images/nd1S05919_Right 1145
images/nd1S05920_Left 1146
images/nd1S05920_Right 1147
images/nd1S05921_Left 1148
images/nd1S05921_Right 1149
images/nd1S05923_Left 1150
images/nd1S05923_Right 1151
images/nd1S05924_Left 1152
images/nd1S05924_Right 1153
images/nd1S05932_Left 1154
images/nd1S05932_Right 1155
images/nd1S05933_Left 1156
images/nd1S05933_Right 1157
images/nd1S05936_Left 1158
images/nd1S05936_Right 1159
images/nd1S05938_Left 1160
images/nd1S05938_Right 1161
images/nd1S05940_Left 1162
images/nd1S05940_Right 1163
images/nd1S05941_Left 1164
images/nd1S05941_Right 1165
images/nd1S05942_Left 1166
images/nd1S05942_Right 1167
images/nd1S05943_Left 1168
images/nd1S05943_Right 1169
images/nd1S05944_Left 1170
images/nd1S05944_Right 1171
images/nd1S05946_Left 1172
images/nd1S05946_Right 1173
images/nd1S05948_Left 1174
images/nd1S05948_Right 1175
images/nd1S05949_Left 1176
images/nd1S05949_Right 1177
images/nd1S05952_Left 1178
images/nd1S05952_Right 1179
images/nd1S05954_Left 1180
images/nd1S05954_Right 1181
images/nd1S05957_Left 1182
images/nd1S05957_Right 1183
images/nd1S05958_Left 1184
images/nd1S05958_Right 1185
images/nd1S05963_Left 1186
images/nd1S05963_Right 1187
images/nd1S05966_Left 1188
images/nd1S05966_Right 1189
images/nd1S05974_Left 1190
images/nd1S05974_Right 1191
images/nd1S05993_Left 1192
images/nd1S05993_Right 1193
images/nd1S05999_Left 1194
images/nd1S05999_Right 1195
images/nd1S06000_Left 1196
images/nd1S06000_Right 1197
images/nd1S06001_Left 1198
images/nd1S06001_Right 1199
images/nd1S06002_Left 1200
images/nd1S06002_Right 1201
images/nd1S06003_Left 1202
images/nd1S06003_Right 1203
images/nd1S06004_Left 1204
images/nd1S06004_Right 1205
images/nd1S06005_Left 1206
images/nd1S06005_Right 1207
images/nd1S06007_Left 1208
images/nd1S06007_Right 1209
images/nd1S06009_Left 1210
images/nd1S06009_Right 1211
images/nd1S06012_Left 1212
images/nd1S06012_Right 1213
images/nd1S06014_Left 1214
images/nd1S06014_Right 1215
images/nd1S06015_Left 1216
images/nd1S06015_Right 1217
images/nd1S06016_Left 1218
images/nd1S06016_Right 1219
images/nd1S06017_Left 1220
images/nd1S06017_Right 1221
images/nd1S06019_Left 1222
images/nd1S06019_Right 1223
images/nd1S06021_Left 1224
images/nd1S06021_Right 1225
images/nd1S06022_Left 1226
images/nd1S06022_Right 1227
images/nd1S06023_Left 1228
images/nd1S06023_Right 1229
images/nd1S06026_Left 1230
images/nd1S06026_Right 1231
images/nd1S06028_Left 1232
images/nd1S06028_Right 1233
images/nd1S06029_Left 1234
images/nd1S06029_Right 1235
images/nd1S06031_Left 1236
images/nd1S06031_Right 1237
images/nd1S06032_Left 1238
images/nd1S06032_Right 1239
images/nd1S06033_Left 1240
images/nd1S06033_Right 1241
images/nd1S06034_Left 1242
images/nd1S06034_Right 1243
images/nd1S06035_Left 1244
images/nd1S06035_Right 1245
images/nd1S06036_Left 1246
images/nd1S06036_Right 1247
images/nd1S06037_Left 1248
images/nd1S06037_Right 1249
images/nd1S06039_Left 1250
images/nd1S06039_Right 1251
images/nd1S06040_Left 1252
images/nd1S06040_Right 1253
images/nd1S06041_Left 1254
images/nd1S06041_Right 1255
images/nd1S06043_Left 1256
images/nd1S06043_Right 1257
images/nd1S06044_Left 1258
images/nd1S06044_Right 1259
images/nd1S06045_Left 1260
images/nd1S06045_Right 1261
images/nd1S06046_Left 1262
images/nd1S06046_Right 1263
images/nd1S06050_Left 1264
images/nd1S06050_Right 1265
images/nd1S06051_Left 1266
images/nd1S06051_Right 1267
images/nd1S06052_Left 1268
images/nd1S06052_Right 1269
images/nd1S06053_Left 1270
images/nd1S06053_Right 1271
images/nd1S06055_Left 1272
images/nd1S06055_Right 1273
images/nd1S06056_Left 1274
images/nd1S06056_Right 1275
images/nd1S06057_Left 1276
images/nd1S06057_Right 1277
images/nd1S06059_Left 1278
images/nd1S06059_Right 1279
images/nd1S06061_Left 1280
images/nd1S06061_Right 1281
images/nd1S06063_Left 1282
images/nd1S06063_Right 1283
images/nd1S06065_Left 1284
images/nd1S06065_Right 1285
images/nd1S06066_Left 1286
images/nd1S06066_Right 1287
images/nd1S06071_Left 1288
images/nd1S06071_Right 1289
images/nd1S06073_Left 1290
images/nd1S06073_Right 1291
images/nd1S06076_Left 1292
images/nd1S06076_Right 1293
images/nd1S06078_Left 1294
images/nd1S06078_Right 1295
images/nd1S06080_Left 1296
images/nd1S06080_Right 1297
images/nd1S06081_Left 1298
images/nd1S06081_Right 1299
images/nd1S06082_Left 1300
images/nd1S06082_Right 1301
images/nd1S06084_Left 1302
images/nd1S06084_Right 1303
images/nd1S06085_Left 1304
images/nd1S06085_Right 1305
images/nd1S06086_Left 1306
images/nd1S06086_Right 1307
images/nd1S06088_Left 1308
images/nd1S06088_Right 1309
images/nd1S06091_Left 1310
images/nd1S06091_Right 1311
images/nd1S06093_Left 1312
images/nd1S06093_Right 1313
images/nd1S06096_Left 1314
images/nd1S06096_Right 1315
images/nd1S06097_Left 1316
images/nd1S06097_Right 1317
images/nd1S06098_Left 1318
images/nd1S06098_Right 1319
images/nd1S06100_Left 1320
images/nd1S06100_Right 1321
images/nd1S06101_Left 1322
images/nd1S06101_Right 1323
images/nd1S06102_Left 1324
images/nd1S06102_Right 1325
images/nd1S06103_Left 1326
images/nd1S06103_Right 1327
images/nd1S06106_Left 1328
images/nd1S06106_Right 1329
images/nd1S06107_Left 1330
images/nd1S06107_Right 1331
images/nd1S06109_Left 1332
images/nd1S06109_Right 1333
images/nd1S06110_Left 1334
images/nd1S06110_Right 1335
images/nd1S06111_Left 1336
images/nd1S06111_Right 1337
images/nd1S06112_Left 1338
images/nd1S06112_Right 1339
images/nd1S06113_Left 1340
images/nd1S06113_Right 1341
images/nd1S06114_Left 1342
images/nd1S06114_Right 1343
images/nd1S06115_Left 1344
images/nd1S06115_Right 1345
images/nd1S06116_Left 1346
images/nd1S06116_Right 1347
images/nd1S06117_Left 1348
images/nd1S06118_Left 1349
images/nd1S06118_Right 1350
images/nd1S06121_Left 1351
images/nd1S06121_Right 1352
images/nd1S06122_Left 1353
images/nd1S06122_Right 1354
images/nd1S06123_Left 1355
images/nd1S06123_Right 1356
images/nd1S06125_Left 1357
images/nd1S06125_Right 1358
images/nd1S06127_Left 1359
images/nd1S06127_Right 1360
images/nd1S06129_Left 1361
images/nd1S06129_Right 1362
images/nd1S06131_Left 1363
images/nd1S06131_Right 1364
images/nd1S06134_Left 1365
images/nd1S06134_Right 1366
images/nd1S06136_Left 1367
images/nd1S06136_Right 1368
images/nd1S06139_Left 1369
images/nd1S06139_Right 1370
images/nd1S06142_Left 1371
images/nd1S06142_Right 1372
images/nd1S06145_Left 1373
images/nd1S06145_Right 1374
images/nd1S06151_Left 1375
images/nd1S06151_Right 1376
images/nd1S06166_Left 1377
images/nd1S06166_Right 1378
images/nd1S06167_Left 1379
images/nd1S06167_Right 1380
images/nd1S06168_Left 1381
images/nd1S06168_Right 1382
images/nd1S06172_Left 1383
images/nd1S06172_Right 1384
images/nd1S06174_Left 1385
images/nd1S06174_Right 1386
images/nd1S06177_Left 1387
images/nd1S06177_Right 1388
images/nd1S06181_Left 1389
images/nd1S06181_Right 1390
images/nd1S06182_Left 1391
images/nd1S06182_Right 1392
images/nd1S06184_Left 1393
images/nd1S06184_Right 1394
images/nd1S06185_Left 1395
images/nd1S06185_Right 1396
images/nd1S06187_Left 1397
images/nd1S06187_Right 1398
images/nd1S06189_Left 1399
images/nd1S06189_Right 1400
images/nd1S06190_Left 1401
images/nd1S06190_Right 1402
images/nd1S06191_Left 1403
images/nd1S06191_Right 1404
images/nd1S06193_Left 1405
images/nd1S06193_Right 1406
images/nd1S06195_Left 1407
images/nd1S06195_Right 1408
images/nd1S06196_Left 1409
images/nd1S06196_Right 1410
images/nd1S06197_Left 1411
images/nd1S06197_Right 1412
images/nd1S06198_Left 1413
images/nd1S06198_Right 1414
images/nd1S06200_Left 1415
images/nd1S06200_Right 1416
images/nd1S06206_Left 1417
images/nd1S06206_Right 1418
images/nd1S06211_Left 1419
images/nd1S06211_Right 1420
images/nd1S06212_Left 1421
images/nd1S06212_Right 1422
images/nd1S06213_Left 1423
images/nd1S06213_Right 1424
images/nd1S06214_Left 1425
images/nd1S06214_Right 1426
images/nd1S06215_Left 1427
images/nd1S06215_Right 1428
images/nd1S06216_Left 1429
images/nd1S06216_Right 1430
images/nd1S06221_Left 1431
images/nd1S06221_Right 1432
images/nd1S06225_Left 1433
images/nd1S06225_Right 1434
images/nd1S06226_Left 1435
images/nd1S06226_Right 1436
images/nd1S06227_Left 1437
images/nd1S06227_Right 1438
images/nd1S06228_Left 1439
images/nd1S06228_Right 1440
images/nd1S06230_Left 1441
images/nd1S06230_Right 1442
images/nd1S06232_Left 1443
images/nd1S06232_Right 1444
images/nd1S06233_Left 1445
images/nd1S06233_Right 1446
images/nd1S06234_Left 1447
images/nd1S06234_Right 1448
images/nd1S06237_Left 1449
images/nd1S06237_Right 1450
images/nd1S06238_Left 1451
images/nd1S06238_Right 1452
images/nd1S06240_Left 1453
images/nd1S06240_Right 1454
images/nd1S06242_Left 1455
images/nd1S06242_Right 1456
images/nd1S06245_Left 1457
images/nd1S06245_Right 1458
images/nd1S06246_Left 1459
images/nd1S06246_Right 1460
images/nd1S06249_Left 1461
images/nd1S06249_Right 1462
images/nd1S06250_Left 1463
images/nd1S06250_Right 1464
images/nd1S06251_Left 1465
images/nd1S06251_Right 1466
images/nd1S06252_Left 1467
images/nd1S06252_Right 1468
images/nd1S06256_Left 1469
images/nd1S06256_Right 1470
images/nd1S06257_Left 1471
images/nd1S06257_Right 1472
images/nd1S06260_Left 1473
images/nd1S06260_Right 1474
images/nd1S06266_Left 1475
images/nd1S06266_Right 1476
images/nd1S06267_Left 1477
images/nd1S06267_Right 1478
images/nd1S06269_Left 1479
images/nd1S06269_Right 1480
images/nd1S06278_Left 1481
images/nd1S06278_Right 1482
images/nd1S06296_Left 1483
images/nd1S06296_Right 1484
images/nd1S06300_Left 1485
images/nd1S06300_Right 1486
images/nd1S06317_Left 1487
images/nd1S06317_Right 1488
images/nd1S06319_Left 1489
images/nd1S06319_Right 1490
images/nd1S06321_Left 1491
images/nd1S06321_Right 1492
images/nd1S06345_Left 1493
images/nd1S06345_Right 1494
images/nd1S06353_Left 1495
images/nd1S06353_Right 1496
images/nd1S06354_Left 1497
images/nd1S06354_Right 1498
images/nd1S06355_Left 1499
images/nd1S06355_Right 1500
images/nd1S06359_Left 1501
images/nd1S06359_Right 1502
images/nd1S06361_Left 1503
images/nd1S06361_Right 1504
images/nd1S06364_Left 1505
images/nd1S06364_Right 1506
images/nd1S06366_Left 1507
images/nd1S06366_Right 1508
images/nd1S06370_Left 1509
images/nd1S06370_Right 1510
images/nd1S06377_Left 1511
images/nd1S06377_Right 1512
images/nd1S06384_Left 1513
images/nd1S06384_Right 1514
images/nd1S06391_Left 1515
images/nd1S06391_Right 1516
images/nd1S06395_Left 1517
images/nd1S06395_Right 1518
images/nd1S06406_Left 1519
images/nd1S06406_Right 1520
images/nd1S06412_Left 1521
images/nd1S06412_Right 1522
images/nd1S06413_Left 1523
images/nd1S06413_Right 1524
images/nd1S06416_Left 1525
images/nd1S06416_Right 1526
images/nd1S06417_Left 1527
images/nd1S06417_Right 1528
images/nd1S06423_Left 1529
images/nd1S06423_Right 1530
images/nd1S06426_Left 1531
images/nd1S06426_Right 1532
images/nd1S06427_Left 1533
images/nd1S06427_Right 1534
images/nd1S06437_Left 1535
images/nd1S06437_Right 1536
images/nd1S06444_Left 1537
images/nd1S06444_Right 1538
images/nd1S06452_Left 1539
images/nd1S06452_Right 1540
images/nd1S06459_Left 1541
images/nd1S06459_Right 1542
images/nd1S06474_Left 1543
images/nd1S06474_Right 1544
images/nd1S06482_Left 1545
images/nd1S06482_Right 1546
images/nd1S06484_Left 1547
images/nd1S06484_Right 1548
images/nd1S06485_Left 1549
images/nd1S06485_Right 1550
images/nd1S06486_Left 1551
images/nd1S06486_Right 1552
images/nd1S06493_Left 1553
images/nd1S06493_Right 1554
images/nd1S06495_Left 1555
images/nd1S06495_Right 1556
images/nd1S06496_Left 1557
images/nd1S06496_Right 1558
images/nd1S06503_Left 1559
images/nd1S06503_Right 1560
images/nd1S06505_Left 1561
images/nd1S06505_Right 1562
images/nd1S06513_Left 1563
images/nd1S06513_Right 1564
images/nd1S06515_Left 1565
images/nd1S06515_Right 1566
images/nd1S06516_Left 1567
images/nd1S06516_Right 1568
images/nd1S06517_Left 1569
images/nd1S06517_Right 1570
images/nd1S06537_Left 1571
images/nd1S06537_Right 1572
images/nd1S06539_Left 1573
images/nd1S06539_Right 1574
images/nd1S06547_Left 1575
images/nd1S06547_Right 1576
images/nd1S06550_Left 1577
images/nd1S06550_Right 1578
images/nd1S06551_Left 1579
images/nd1S06551_Right 1580
images/nd1S06552_Left 1581
images/nd1S06552_Right 1582
images/nd1S06557_Left 1583
images/nd1S06557_Right 1584
images/nd1S06560_Left 1585
images/nd1S06560_Right 1586
images/nd1S06565_Left 1587
images/nd1S06565_Right 1588
images/nd1S06572_Left 1589
images/nd1S06572_Right 1590
images/nd1S06573_Left 1591
images/nd1S06573_Right 1592
images/nd1S06574_Left 1593
images/nd1S06574_Right 1594
images/nd1S06575_Left 1595
images/nd1S06575_Right 1596
images/nd1S06576_Left 1597
images/nd1S06576_Right 1598
images/nd1S06579_Left 1599
images/nd1S06579_Right 1600
images/nd1S06580_Left 1601
images/nd1S06580_Right 1602
images/nd1S06582_Left 1603
images/nd1S06582_Right 1604
images/nd1S06583_Left 1605
images/nd1S06583_Right 1606
images/nd1S06586_Left 1607
images/nd1S06586_Right 1608
images/nd1S06587_Left 1609
images/nd1S06587_Right 1610
images/nd1S06589_Left 1611
images/nd1S06589_Right 1612
images/nd1S06591_Left 1613
images/nd1S06591_Right 1614
images/nd1S06595_Left 1615
images/nd1S06595_Right 1616
images/nd1S06599_Left 1617
images/nd1S06599_Right 1618
images/nd1S06600_Left 1619
images/nd1S06600_Right 1620
images/nd1S06604_Left 1621
images/nd1S06604_Right 1622
images/nd1S06605_Left 1623
images/nd1S06605_Right 1624
images/nd1S06606_Left 1625
images/nd1S06606_Right 1626
images/nd1S06610_Left 1627
images/nd1S06610_Right 1628
images/nd1S06611_Left 1629
images/nd1S06611_Right 1630
images/nd1S06612_Left 1631
images/nd1S06612_Right 1632
images/nd1S06616_Left 1633
images/nd1S06616_Right 1634
images/nd1S06617_Left 1635
images/nd1S06617_Right 1636
images/nd1S06618_Left 1637
images/nd1S06618_Right 1638
images/nd1S06622_Left 1639
images/nd1S06622_Right 1640
images/nd1S06624_Left 1641
images/nd1S06624_Right 1642
images/nd1S06625_Left 1643
images/nd1S06625_Right 1644
images/nd1S06626_Left 1645
images/nd1S06626_Right 1646
images/nd1S06627_Left 1647
images/nd1S06627_Right 1648
images/nd1S06629_Left 1649
images/nd1S06629_Right 1650
images/nd1S06630_Left 1651
images/nd1S06630_Right 1652
images/nd1S06631_Left 1653
images/nd1S06631_Right 1654
images/nd1S06638_Left 1655
images/nd1S06638_Right 1656
images/nd1S06640_Left 1657
images/nd1S06640_Right 1658
images/nd1S06641_Left 1659
images/nd1S06641_Right 1660
images/nd1S06645_Left 1661
images/nd1S06645_Right 1662
images/nd1S06647_Left 1663
images/nd1S06647_Right 1664
images/nd1S06653_Left 1665
images/nd1S06653_Right 1666
images/nd1S06658_Left 1667
images/nd1S06658_Right 1668
images/nd1S06660_Left 1669
images/nd1S06660_Right 1670
images/nd1S06662_Left 1671
images/nd1S06662_Right 1672
images/nd1S06673_Left 1673
images/nd1S06673_Right 1674
images/nd1S06677_Left 1675
images/nd1S06677_Right 1676
images/nd1S06678_Left 1677
images/nd1S06678_Right 1678
images/nd1S06679_Left 1679
images/nd1S06679_Right 1680
images/nd1S06680_Left 1681
images/nd1S06680_Right 1682
images/nd1S06682_Left 1683
images/nd1S06682_Right 1684
images/nd1S06689_Left 1685
images/nd1S06689_Right 1686
images/nd1S06694_Left 1687
images/nd1S06694_Right 1688
images/nd1S06695_Left 1689
images/nd1S06695_Right 1690
images/nd1S06700_Left 1691
images/nd1S06700_Right 1692
images/nd1S06705_Left 1693
images/nd1S06705_Right 1694
images/nd1S06707_Left 1695
images/nd1S06707_Right 1696
images/nd1S06711_Left 1697
images/nd1S06711_Right 1698
images/nd1S06715_Left 1699
images/nd1S06715_Right 1700
images/nd1S06719_Left 1701
images/nd1S06719_Right 1702
images/nd1S06722_Left 1703
images/nd1S06722_Right 1704
images/nd1S06723_Left 1705
images/nd1S06723_Right 1706
images/nd1S06725_Left 1707
images/nd1S06725_Right 1708
images/nd1S06726_Left 1709
images/nd1S06726_Right 1710
images/nd1S06730_Left 1711
images/nd1S06730_Right 1712
images/nd1S06731_Left 1713
images/nd1S06731_Right 1714
images/nd1S06732_Left 1715
images/nd1S06732_Right 1716
images/nd1S06733_Left 1717
images/nd1S06733_Right 1718
images/nd1S06737_Left 1719
images/nd1S06737_Right 1720
images/nd1S06740_Left 1721
images/nd1S06740_Right 1722
images/nd1S06741_Left 1723
images/nd1S06741_Right 1724
images/nd1S06744_Left 1725
images/nd1S06744_Right 1726
images/nd1S06745_Left 1727
images/nd1S06745_Right 1728
images/nd1S06746_Left 1729
images/nd1S06746_Right 1730
images/nd1S06747_Left 1731
images/nd1S06747_Right 1732
images/nd1S06748_Left 1733
images/nd1S06748_Right 1734
images/nd1S06750_Left 1735
images/nd1S06750_Right 1736
images/nd1S06751_Left 1737
images/nd1S06751_Right 1738
images/nd1S06752_Left 1739
images/nd1S06752_Right 1740
images/nd1S06754_Left 1741
images/nd1S06754_Right 1742
images/nd1S06756_Left 1743
images/nd1S06756_Right 1744
images/nd1S06757_Left 1745
images/nd1S06757_Right 1746
images/nd1S06758_Left 1747
images/nd1S06758_Right 1748
images/nd1S06759_Left 1749
images/nd1S06759_Right 1750
images/nd1S06760_Left 1751
images/nd1S06760_Right 1752
images/nd1S06761_Left 1753
images/nd1S06761_Right 1754
images/nd1S06762_Left 1755
images/nd1S06762_Right 1756
images/nd1S06764_Left 1757
images/nd1S06764_Right 1758
images/nd1S06767_Left 1759
images/nd1S06767_Right 1760
images/nd1S06768_Left 1761
images/nd1S06768_Right 1762
images/nd1S06769_Left 1763
images/nd1S06769_Right 1764
images/nd1S06770_Left 1765
images/nd1S06770_Right 1766
images/nd1S06772_Left 1767
images/nd1S06772_Right 1768
images/nd1S06773_Left 1769
images/nd1S06773_Right 1770
images/nd1S06774_Left 1771
images/nd1S06774_Right 1772
images/nd1S06775_Left 1773
images/nd1S06775_Right 1774
images/nd1S06776_Left 1775
images/nd1S06776_Right 1776
images/nd1S06777_Left 1777
images/nd1S06777_Right 1778
images/nd1S06778_Left 1779
images/nd1S06778_Right 1780
images/nd1S06779_Left 1781
images/nd1S06779_Right 1782
images/nd1S06780_Left 1783
images/nd1S06780_Right 1784
images/nd1S06781_Left 1785
images/nd1S06781_Right 1786
images/nd1S06782_Left 1787
images/nd1S06782_Right 1788
images/nd1S06783_Left 1789
images/nd1S06783_Right 1790
images/nd1S06785_Left 1791
images/nd1S06785_Right 1792
images/nd1S06786_Left 1793
images/nd1S06786_Right 1794
images/nd1S06787_Left 1795
images/nd1S06787_Right 1796
images/nd1S06791_Left 1797
images/nd1S06791_Right 1798
images/nd1S06792_Left 1799
images/nd1S06792_Right 1800
images/nd1S06793_Left 1801
images/nd1S06793_Right 1802
images/nd1S06794_Left 1803
images/nd1S06794_Right 1804
images/nd1S06796_Left 1805
images/nd1S06796_Right 1806
images/nd1S06797_Left 1807
images/nd1S06797_Right 1808
images/nd1S06799_Left 1809
images/nd1S06799_Right 1810
images/nd1S06800_Left 1811
images/nd1S06800_Right 1812
images/nd1S06801_Left 1813
images/nd1S06801_Right 1814
images/nd1S06802_Left 1815
images/nd1S06802_Right 1816
images/nd1S06803_Left 1817
images/nd1S06803_Right 1818
images/nd1S06807_Left 1819
images/nd1S06807_Right 1820
images/nd1S06808_Left 1821
images/nd1S06808_Right 1822
images/nd1S06809_Left 1823
images/nd1S06809_Right 1824
images/nd1S06810_Left 1825
images/nd1S06810_Right 1826
images/nd1S06811_Left 1827
images/nd1S06811_Right 1828
images/nd1S06812_Left 1829
images/nd1S06812_Right 1830
images/nd1S06814_Left 1831
images/nd1S06814_Right 1832
images/nd1S06815_Left 1833
images/nd1S06815_Right 1834
images/nd1S06816_Left 1835
images/nd1S06816_Right 1836
images/nd1S06817_Left 1837
images/nd1S06817_Right 1838
images/nd1S06818_Left 1839
images/nd1S06818_Right 1840
images/nd1S06819_Left 1841
images/nd1S06819_Right 1842
images/nd1S06820_Left 1843
images/nd1S06820_Right 1844
images/nd1S06822_Left 1845
images/nd1S06822_Right 1846
images/nd1S06823_Left 1847
images/nd1S06823_Right 1848
images/nd1S06824_Left 1849
images/nd1S06824_Right 1850
images/nd1S06826_Left 1851
images/nd1S06826_Right 1852
images/nd1S06827_Left 1853
images/nd1S06827_Right 1854
images/nd1S06828_Left 1855
images/nd1S06828_Right 1856
images/nd1S06831_Left 1857
images/nd1S06831_Right 1858
images/nd1S06832_Left 1859
images/nd1S06832_Right 1860
images/nd1S06833_Left 1861
images/nd1S06833_Right 1862
images/nd1S06835_Left 1863
images/nd1S06835_Right 1864
images/nd1S06836_Left 1865
images/nd1S06836_Right 1866
images/nd1S06838_Left 1867
images/nd1S06838_Right 1868
images/nd1S06839_Left 1869
images/nd1S06839_Right 1870
images/nd1S06840_Left 1871
images/nd1S06840_Right 1872
images/nd1S06842_Left 1873
images/nd1S06842_Right 1874
images/nd1S06843_Left 1875
images/nd1S06843_Right 1876
images/nd1S06846_Left 1877
images/nd1S06846_Right 1878
images/nd1S06847_Left 1879
images/nd1S06847_Right 1880
images/nd1S06849_Left 1881
images/nd1S06849_Right 1882
images/nd1S06850_Left 1883
images/nd1S06850_Right 1884
images/nd1S06853_Left 1885
images/nd1S06853_Right 1886
images/nd1S06854_Left 1887
images/nd1S06854_Right 1888
images/nd1S06855_Left 1889
images/nd1S06855_Right 1890
images/nd1S06856_Left 1891
images/nd1S06856_Right 1892
images/nd1S06857_Left 1893
images/nd1S06857_Right 1894
images/nd1S06859_Left 1895
images/nd1S06859_Right 1896
images/nd1S06863_Left 1897
images/nd1S06863_Right 1898
images/nd1S06864_Left 1899
images/nd1S06864_Right 1900
images/nd1S06866_Left 1901
images/nd1S06866_Right 1902
images/nd1S06867_Left 1903
images/nd1S06867_Right 1904
images/nd1S06868_Left 1905
images/nd1S06868_Right 1906
images/nd1S06869_Left 1907
images/nd1S06869_Right 1908
images/nd1S06870_Left 1909
images/nd1S06870_Right 1910
images/nd1S06873_Left 1911
images/nd1S06873_Right 1912
images/nd1S06874_Left 1913
images/nd1S06874_Right 1914
images/nd1S06875_Left 1915
images/nd1S06875_Right 1916
images/nd1S06876_Left 1917
images/nd1S06876_Right 1918
images/nd1S06878_Left 1919
images/nd1S06878_Right 1920
images/nd1S06881_Left 1921
images/nd1S06881_Right 1922
images/nd1S06883_Left 1923
images/nd1S06883_Right 1924
images/nd1S06884_Left 1925
images/nd1S06884_Right 1926
images/nd1S06885_Left 1927
images/nd1S06885_Right 1928
images/nd1S06886_Left 1929
images/nd1S06886_Right 1930
images/nd1S06887_Left 1931
images/nd1S06887_Right 1932
images/nd1S06888_Left 1933
images/nd1S06888_Right 1934
images/nd1S06891_Left 1935
images/nd1S06891_Right 1936
images/nd1S06892_Left 1937
images/nd1S06892_Right 1938
images/nd1S06893_Left 1939
images/nd1S06893_Right 1940
images/nd1S06894_Left 1941
images/nd1S06894_Right 1942
images/nd1S06895_Left 1943
images/nd1S06895_Right 1944
images/nd1S06896_Left 1945
images/nd1S06896_Right 1946
images/nd1S06897_Left 1947
images/nd1S06897_Right 1948
images/nd1S06898_Left 1949
images/nd1S06898_Right 1950
images/nd1S06899_Left 1951
images/nd1S06899_Right 1952
images/nd1S06902_Left 1953
images/nd1S06902_Right 1954
images/nd1S06906_Left 1955
images/nd1S06906_Right 1956
images/nd1S06907_Left 1957
images/nd1S06907_Right 1958
images/nd1S06908_Left 1959
images/nd1S06908_Right 1960
images/nd1S06909_Left 1961
images/nd1S06909_Right 1962
images/nd1S06910_Left 1963
images/nd1S06910_Right 1964
images/nd1S06912_Left 1965
images/nd1S06912_Right 1966
images/nd1S06913_Left 1967
images/nd1S06913_Right 1968
images/nd1S06914_Left 1969
images/nd1S06914_Right 1970
images/nd1S06915_Left 1971
images/nd1S06915_Right 1972
images/nd1S06916_Left 1973
images/nd1S06916_Right 1974
images/nd1S06917_Left 1975
images/nd1S06917_Right 1976
images/nd1S06918_Left 1977
images/nd1S06918_Right 1978
images/nd1S06921_Left 1979
images/nd1S06921_Right 1980
images/nd1S06922_Left 1981
images/nd1S06922_Right 1982
images/nd1S06923_Left 1983
images/nd1S06923_Right 1984
images/nd1S06925_Left 1985
images/nd1S06925_Right 1986
images/nd1S06926_Left 1987
images/nd1S06926_Right 1988
images/nd1S06927_Left 1989
images/nd1S06927_Right 1990
images/nd1S06928_Left 1991
images/nd1S06928_Right 1992
images/nd1S06929_Left 1993
images/nd1S06929_Right 1994
images/nd1S06930_Left 1995
images/nd1S06930_Right 1996
images/nd1S06931_Left 1997
images/nd1S06931_Right 1998
images/nd1S06932_Left 1999
images/nd1S06932_Right 2000
images/nd1S06933_Left 2001
images/nd1S06933_Right 2002
images/nd1S06936_Left 2003
images/nd1S06936_Right 2004
images/nd1S06937_Left 2005
images/nd1S06937_Right 2006
images/nd1S06938_Left 2007
images/nd1S06938_Right 2008
images/nd1S06939_Left 2009
images/nd1S06939_Right 2010
images/nd1S06940_Left 2011
images/nd1S06940_Right 2012
images/nd1S06943_Left 2013
images/nd1S06943_Right 2014
images/nd1S06944_Left 2015
images/nd1S06944_Right 2016
images/nd1S06945_Left 2017
images/nd1S06945_Right 2018
images/nd1S06948_Left 2019
images/nd1S06948_Right 2020
images/nd1S06949_Left 2021
images/nd1S06949_Right 2022
images/nd1S06950_Left 2023
images/nd1S06950_Right 2024
images/nd1S06951_Left 2025
images/nd1S06951_Right 2026
images/nd1S06952_Left 2027
images/nd1S06952_Right 2028
images/nd1S06953_Left 2029
images/nd1S06953_Right 2030
images/nd1S06955_Left 2031
images/nd1S06955_Right 2032
images/nd1S06956_Left 2033
images/nd1S06956_Right 2034
images/nd1S06957_Left 2035
images/nd1S06957_Right 2036
images/nd1S06958_Left 2037
images/nd1S06958_Right 2038
images/nd1S06959_Left 2039
images/nd1S06959_Right 2040
images/nd1S06960_Left 2041
images/nd1S06960_Right 2042
images/nd1S06962_Left 2043
images/nd1S06962_Right 2044
images/nd1S06963_Left 2045
images/nd1S06963_Right 2046
images/nd1S06966_Left 2047
images/nd1S06966_Right 2048
images/nd1S06967_Left 2049
images/nd1S06967_Right 2050
images/nd1S06968_Left 2051
images/nd1S06968_Right 2052
images/nd1S06969_Left 2053
images/nd1S06969_Right 2054
images/nd1S06970_Left 2055
images/nd1S06970_Right 2056
images/nd1S06971_Left 2057
images/nd1S06971_Right 2058
images/nd1S06972_Left 2059
images/nd1S06972_Right 2060
images/nd1S06973_Left 2061
images/nd1S06973_Right 2062
images/nd1S06975_Left 2063
images/nd1S06975_Right 2064
images/nd1S06977_Left 2065
images/nd1S06977_Right 2066
images/nd1S06978_Left 2067
images/nd1S06978_Right 2068
images/nd1S06979_Left 2069
images/nd1S06979_Right 2070
images/nd1S06980_Left 2071
images/nd1S06980_Right 2072
images/nd1S06981_Left 2073
images/nd1S06981_Right 2074
images/nd1S06982_Left 2075
images/nd1S06982_Right 2076
images/nd1S06984_Left 2077
images/nd1S06984_Right 2078
images/nd1S06985_Left 2079
images/nd1S06985_Right 2080
images/nd1S06986_Left 2081
images/nd1S06986_Right 2082
images/nd1S06987_Left 2083
images/nd1S06987_Right 2084
images/nd1S06989_Left 2085
images/nd1S06989_Right 2086
images/nd1S06990_Left 2087
images/nd1S06990_Right 2088
images/nd1S06991_Left 2089
images/nd1S06991_Right 2090
images/nd1S06992_Left 2091
images/nd1S06992_Right 2092
images/nd1S06993_Left 2093
images/nd1S06993_Right 2094
images/nd1S06994_Left 2095
images/nd1S06994_Right 2096
images/nd1S06995_Left 2097
images/nd1S06995_Right 2098
images/nd1S06996_Left 2099
images/nd1S06996_Right 2100
images/nd1S07000_Left 2101
images/nd1S07000_Right 2102
images/nd1S07001_Left 2103
images/nd1S07001_Right 2104
images/nd1S07004_Left 2105
images/nd1S07004_Right 2106
images/nd1S07006_Left 2107
images/nd1S07006_Right 2108
images/nd1S07007_Left 2109
images/nd1S07007_Right 2110
images/nd1S07008_Left 2111
images/nd1S07008_Right 2112
images/nd1S07010_Left 2113
images/nd1S07010_Right 2114
images/nd1S07011_Left 2115
images/nd1S07011_Right 2116
images/nd1S07012_Left 2117
images/nd1S07012_Right 2118
images/nd1S07013_Left 2119
images/nd1S07013_Right 2120
images/nd1S07014_Left 2121
images/nd1S07014_Right 2122
images/nd1S07015_Left 2123
images/nd1S07015_Right 2124
images/nd1S07016_Left 2125
images/nd1S07016_Right 2126
images/nd1S07018_Left 2127
images/nd1S07018_Right 2128
images/nd1S07019_Left 2129
images/nd1S07019_Right 2130
images/nd1S07020_Left 2131
images/nd1S07020_Right 2132
images/nd1S07021_Left 2133
images/nd1S07021_Right 2134
images/nd1S07022_Left 2135
images/nd1S07022_Right 2136
images/nd1S07023_Left 2137
images/nd1S07023_Right 2138
images/nd1S07024_Left 2139
images/nd1S07024_Right 2140
images/nd1S07025_Left 2141
images/nd1S07025_Right 2142
images/nd1S07026_Left 2143
images/nd1S07026_Right 2144
images/nd1S07027_Left 2145
images/nd1S07027_Right 2146
images/nd1S07028_Left 2147
images/nd1S07028_Right 2148
images/nd1S07031_Left 2149
images/nd1S07031_Right 2150
images/nd1S07032_Left 2151
images/nd1S07032_Right 2152
images/nd1S07033_Left 2153
images/nd1S07033_Right 2154
images/nd1S07034_Left 2155
images/nd1S07034_Right 2156
images/nd1S07035_Left 2157
images/nd1S07035_Right 2158
images/nd1S07036_Left 2159
images/nd1S07036_Right 2160
images/nd1S07037_Left 2161
images/nd1S07037_Right 2162
images/nd1S07038_Left 2163
images/nd1S07038_Right 2164
images/nd1S07040_Left 2165
images/nd1S07040_Right 2166
images/nd1S07041_Left 2167
images/nd1S07041_Right 2168
images/nd1S07042_Left 2169
images/nd1S07042_Right 2170
images/nd1S07043_Left 2171
images/nd1S07043_Right 2172
images/nd1S07044_Left 2173
images/nd1S07044_Right 2174
images/nd1S07046_Left 2175
images/nd1S07046_Right 2176
images/nd1S07047_Left 2177
images/nd1S07047_Right 2178
images/nd1S07048_Left 2179
images/nd1S07048_Right 2180
images/nd1S07049_Left 2181
images/nd1S07049_Right 2182
images/nd1S07051_Left 2183
images/nd1S07051_Right 2184
images/nd1S07052_Left 2185
images/nd1S07052_Right 2186
images/nd1S07053_Left 2187
images/nd1S07053_Right 2188
images/nd1S07054_Left 2189
images/nd1S07054_Right 2190
images/nd1S07055_Left 2191
images/nd1S07055_Right 2192
images/nd1S07056_Left 2193
images/nd1S07056_Right 2194
images/nd1S07057_Left 2195
images/nd1S07057_Right 2196
images/nd1S07059_Left 2197
images/nd1S07059_Right 2198
images/nd1S07060_Left 2199
images/nd1S07060_Right 2200
masks/nd1S02463_Left 2201
masks/nd1S02463_Right 2202
masks/nd1S04202_Left 2203
masks/nd1S04202_Right 2204
masks/nd1S04203_Left 2205
masks/nd1S04203_Right 2206
masks/nd1S04214_Left 2207
masks/nd1S04214_Right 2208
masks/nd1S04221_Left 2209
masks/nd1S04221_Right 2210
masks/nd1S04225_Left 2211
masks/nd1S04225_Right 2212
masks/nd1S04233_Left 2213
masks/nd1S04233_Right 2214
masks/nd1S04239_Left 2215
masks/nd1S04239_Right 2216
masks/nd1S04252_Left 2217
masks/nd1S04252_Right 2218
masks/nd1S04267_Left 2219
masks/nd1S04267_Right 2220
masks/nd1S04284_Left 2221
masks/nd1S04284_Right 2222
masks/nd1S04286_Left 2223
masks/nd1S04286_Right 2224
masks/nd1S04297_Left 2225
masks/nd1S04297_Right 2226
masks/nd1S04301_Left 2227
masks/nd1S04301_Right 2228
masks/nd1S04302_Left 2229
masks/nd1S04302_Right 2230
masks/nd1S04309_Left 2231
masks/nd1S04309_Right 2232
masks/nd1S04311_Left 2233
masks/nd1S04311_Right 2234
masks/nd1S04312_Left 2235
masks/nd1S04312_Right 2236
masks/nd1S04313_Left 2237
masks/nd1S04313_Right 2238
masks/nd1S04322_Left 2239
masks/nd1S04322_Right 2240
masks/nd1S04324_Left 2241
masks/nd1S04324_Right 2242
masks/nd1S04336_Left 2243
masks/nd1S04336_Right 2244
masks/nd1S04338_Left 2245
masks/nd1S04338_Right 2246
masks/nd1S04341_Left 2247
masks/nd1S04341_Right 2248
masks/nd1S04343_Left 2249
masks/nd1S04343_Right 2250
masks/nd1S04347_Left 2251
masks/nd1S04347_Right 2252
masks/nd1S04349_Left 2253
masks/nd1S04349_Right 2254
masks/nd1S04361_Left 2255
masks/nd1S04361_Right 2256
masks/nd1S04370_Left 2257
masks/nd1S04370_Right 2258
masks/nd1S04372_Left 2259
masks/nd1S04372_Right 2260
masks/nd1S04379_Left 2261
masks/nd1S04379_Right 2262
masks/nd1S04385_Left 2263
masks/nd1S04385_Right 2264
masks/nd1S04387_Left 2265
masks/nd1S04387_Right 2266
masks/nd1S04388_Left 2267
masks/nd1S04388_Right 2268
masks/nd1S04394_Left 2269
masks/nd1S04394_Right 2270
masks/nd1S04397_Left 2271
masks/nd1S04397_Right 2272
masks/nd1S04400_Left 2273
masks/nd1S04400_Right 2274
masks/nd1S04404_Left 2275
masks/nd1S04404_Right 2276
masks/nd1S04407_Left 2277
masks/nd1S04407_Right 2278
masks/nd1S04408_Left 2279
masks/nd1S04408_Right 2280
masks/nd1S04418_Left 2281
masks/nd1S04418_Right 2282
masks/nd1S04419_Left 2283
masks/nd1S04419_Right 2284
masks/nd1S04427_Left 2285
masks/nd1S04427_Right 2286
masks/nd1S04429_Left 2287
masks/nd1S04429_Right 2288
masks/nd1S04434_Left 2289
masks/nd1S04434_Right 2290
masks/nd1S04435_Left 2291
masks/nd1S04435_Right 2292
masks/nd1S04440_Left 2293
masks/nd1S04440_Right 2294
masks/nd1S04444_Left 2295
masks/nd1S04444_Right 2296
masks/nd1S04446_Left 2297
masks/nd1S04446_Right 2298
masks/nd1S04447_Left 2299
masks/nd1S04447_Right 2300
masks/nd1S04449_Left 2301
masks/nd1S04449_Right 2302
masks/nd1S04451_Left 2303
masks/nd1S04451_Right 2304
masks/nd1S04453_Left 2305
masks/nd1S04453_Right 2306
masks/nd1S04456_Left 2307
masks/nd1S04456_Right 2308
masks/nd1S04459_Left 2309
masks/nd1S04459_Right 2310
masks/nd1S04461_Left 2311
masks/nd1S04461_Right 2312
masks/nd1S04463_Left 2313
masks/nd1S04463_Right 2314
masks/nd1S04470_Left 2315
masks/nd1S04470_Right 2316
masks/nd1S04471_Left 2317
masks/nd1S04471_Right 2318
masks/nd1S04472_Left 2319
masks/nd1S04472_Right 2320
masks/nd1S04473_Left 2321
masks/nd1S04473_Right 2322
masks/nd1S04475_Left 2323
masks/nd1S04475_Right 2324
masks/nd1S04476_Left 2325
masks/nd1S04476_Right 2326
masks/nd1S04477_Left 2327
masks/nd1S04477_Right 2328
masks/nd1S04481_Left 2329
masks/nd1S04481_Right 2330
masks/nd1S04485_Left 2331
masks/nd1S04485_Right 2332
masks/nd1S04488_Left 2333
masks/nd1S04488_Right 2334
masks/nd1S04493_Left 2335
masks/nd1S04493_Right 2336
masks/nd1S04496_Left 2337
masks/nd1S04496_Right 2338
masks/nd1S04502_Left 2339
masks/nd1S04502_Right 2340
masks/nd1S04504_Left 2341
masks/nd1S04504_Right 2342
masks/nd1S04505_Left 2343
masks/nd1S04505_Right 2344
masks/nd1S04506_Left 2345
masks/nd1S04506_Right 2346
masks/nd1S04507_Left 2347
masks/nd1S04507_Right 2348
masks/nd1S04509_Left 2349
masks/nd1S04509_Right 2350
masks/nd1S04511_Left 2351
masks/nd1S04511_Right 2352
masks/nd1S04512_Left 2353
masks/nd1S04512_Right 2354
masks/nd1S04513_Left 2355
masks/nd1S04513_Right 2356
masks/nd1S04514_Left 2357
masks/nd1S04514_Right 2358
masks/nd1S04531_Left 2359
masks/nd1S04531_Right 2360
masks/nd1S04535_Left 2361
masks/nd1S04535_Right 2362
masks/nd1S04537_Left 2363
masks/nd1S04537_Right 2364
masks/nd1S04553_Left 2365
masks/nd1S04553_Right 2366
masks/nd1S04556_Left 2367
masks/nd1S04556_Right 2368
masks/nd1S04557_Left 2369
masks/nd1S04557_Right 2370
masks/nd1S04560_Left 2371
masks/nd1S04560_Right 2372
masks/nd1S04578_Left 2373
masks/nd1S04578_Right 2374
masks/nd1S04581_Left 2375
masks/nd1S04581_Right 2376
masks/nd1S04588_Left 2377
masks/nd1S04588_Right 2378
masks/nd1S04589_Left 2379
masks/nd1S04589_Right 2380
masks/nd1S04593_Left 2381
masks/nd1S04593_Right 2382
masks/nd1S04596_Left 2383
masks/nd1S04596_Right 2384
masks/nd1S04597_Left 2385
masks/nd1S04597_Right 2386
masks/nd1S04603_Left 2387
masks/nd1S04603_Right 2388
masks/nd1S04621_Left 2389
masks/nd1S04621_Right 2390
masks/nd1S04622_Left 2391
masks/nd1S04622_Right 2392
masks/nd1S04626_Left 2393
masks/nd1S04626_Right 2394
masks/nd1S04629_Left 2395
masks/nd1S04629_Right 2396
masks/nd1S04632_Left 2397
masks/nd1S04632_Right 2398
masks/nd1S04633_Left 2399
masks/nd1S04633_Right 2400
masks/nd1S04634_Left 2401
masks/nd1S04634_Right 2402
masks/nd1S04647_Left 2403
masks/nd1S04647_Right 2404
masks/nd1S04649_Left 2405
masks/nd1S04649_Right 2406
masks/nd1S04662_Left 2407
masks/nd1S04662_Right 2408
masks/nd1S04667_Left 2409
masks/nd1S04667_Right 2410
masks/nd1S04670_Left 2411
masks/nd1S04670_Right 2412
masks/nd1S04682_Left 2413
masks/nd1S04682_Right 2414
masks/nd1S04683_Left 2415
masks/nd1S04683_Right 2416
masks/nd1S04684_Left 2417
masks/nd1S04684_Right 2418
masks/nd1S04689_Left 2419
masks/nd1S04689_Right 2420
masks/nd1S04695_Left 2421
masks/nd1S04695_Right 2422
masks/nd1S04697_Left 2423
masks/nd1S04697_Right 2424
masks/nd1S04699_Left 2425
masks/nd1S04699_Right 2426
masks/nd1S04701_Left 2427
masks/nd1S04701_Right 2428
masks/nd1S04702_Left 2429
masks/nd1S04702_Right 2430
masks/nd1S04705_Left 2431
masks/nd1S04705_Right 2432
masks/nd1S04709_Left 2433
masks/nd1S04709_Right 2434
masks/nd1S04711_Left 2435
masks/nd1S04711_Right 2436
masks/nd1S04712_Left 2437
masks/nd1S04712_Right 2438
masks/nd1S04715_Left 2439
masks/nd1S04715_Right 2440
masks/nd1S04716_Left 2441
masks/nd1S04716_Right 2442
masks/nd1S04724_Left 2443
masks/nd1S04724_Right 2444
masks/nd1S04725_Left 2445
masks/nd1S04725_Right 2446
masks/nd1S04727_Left 2447
masks/nd1S04727_Right 2448
masks/nd1S04728_Left 2449
masks/nd1S04728_Right 2450
masks/nd1S04730_Left 2451
masks/nd1S04730_Right 2452
masks/nd1S04732_Left 2453
masks/nd1S04732_Right 2454
masks/nd1S04737_Left 2455
masks/nd1S04737_Right 2456
masks/nd1S04738_Left 2457
masks/nd1S04738_Right 2458
masks/nd1S04743_Left 2459
masks/nd1S04743_Right 2460
masks/nd1S04747_Left 2461
masks/nd1S04747_Right 2462
masks/nd1S04748_Left 2463
masks/nd1S04748_Right 2464
masks/nd1S04749_Left 2465
masks/nd1S04749_Right 2466
masks/nd1S04754_Left 2467
masks/nd1S04754_Right 2468
masks/nd1S04757_Left 2469
masks/nd1S04757_Right 2470
masks/nd1S04758_Left 2471
masks/nd1S04758_Right 2472
masks/nd1S04760_Left 2473
masks/nd1S04760_Right 2474
masks/nd1S04762_Left 2475
masks/nd1S04762_Right 2476
masks/nd1S04763_Left 2477
masks/nd1S04763_Right 2478
masks/nd1S04765_Left 2479
masks/nd1S04765_Right 2480
masks/nd1S04768_Left 2481
masks/nd1S04768_Right 2482
masks/nd1S04772_Left 2483
masks/nd1S04772_Right 2484
masks/nd1S04775_Left 2485
masks/nd1S04775_Right 2486
masks/nd1S04777_Left 2487
masks/nd1S04777_Right 2488
masks/nd1S04778_Left 2489
masks/nd1S04778_Right 2490
masks/nd1S04782_Left 2491
masks/nd1S04782_Right 2492
masks/nd1S04785_Left 2493
masks/nd1S04785_Right 2494
masks/nd1S04786_Left 2495
masks/nd1S04786_Right 2496
masks/nd1S04790_Left 2497
masks/nd1S04790_Right 2498
masks/nd1S04796_Left 2499
masks/nd1S04796_Right 2500
masks/nd1S04798_Left 2501
masks/nd1S04798_Right 2502
masks/nd1S04803_Left 2503
masks/nd1S04803_Right 2504
masks/nd1S04811_Left 2505
masks/nd1S04811_Right 2506
masks/nd1S04812_Left 2507
masks/nd1S04812_Right 2508
masks/nd1S04813_Left 2509
masks/nd1S04813_Right 2510
masks/nd1S04815_Left 2511
masks/nd1S04815_Right 2512
masks/nd1S04816_Left 2513
masks/nd1S04816_Right 2514
masks/nd1S04821_Left 2515
masks/nd1S04821_Right 2516
masks/nd1S04822_Left 2517
masks/nd1S04822_Right 2518
masks/nd1S04827_Left 2519
masks/nd1S04827_Right 2520
masks/nd1S04830_Left 2521
masks/nd1S04830_Right 2522
masks/nd1S04833_Left 2523
masks/nd1S04833_Right 2524
masks/nd1S04840_Left 2525
masks/nd1S04840_Right 2526
masks/nd1S04841_Left 2527
masks/nd1S04841_Right 2528
masks/nd1S04842_Left 2529
masks/nd1S04842_Right 2530
masks/nd1S04843_Left 2531
masks/nd1S04843_Right 2532
masks/nd1S04846_Left 2533
masks/nd1S04846_Right 2534
masks/nd1S04848_Left 2535
masks/nd1S04848_Right 2536
masks/nd1S04849_Left 2537
masks/nd1S04849_Right 2538
masks/nd1S04850_Left 2539
masks/nd1S04850_Right 2540
masks/nd1S04853_Left 2541
masks/nd1S04853_Right 2542
masks/nd1S04854_Left 2543
masks/nd1S04854_Right 2544
masks/nd1S04859_Left 2545
masks/nd1S04859_Right 2546
masks/nd1S04860_Left 2547
masks/nd1S04860_Right 2548
masks/nd1S04861_Left 2549
masks/nd1S04861_Right 2550
masks/nd1S04863_Left 2551
masks/nd1S04863_Right 2552
masks/nd1S04866_Left 2553
masks/nd1S04866_Right 2554
masks/nd1S04868_Left 2555
masks/nd1S04868_Right 2556
masks/nd1S04873_Left 2557
masks/nd1S04873_Right 2558
masks/nd1S04877_Left 2559
masks/nd1S04877_Right 2560
masks/nd1S04878_Left 2561
masks/nd1S04878_Right 2562
masks/nd1S04880_Left 2563
masks/nd1S04880_Right 2564
masks/nd1S04881_Left 2565
masks/nd1S04881_Right 2566
masks/nd1S04882_Left 2567
masks/nd1S04882_Right 2568
masks/nd1S04883_Left 2569
masks/nd1S04883_Right 2570
masks/nd1S04884_Left 2571
masks/nd1S04884_Right 2572
masks/nd1S04888_Left 2573
masks/nd1S04888_Right 2574
masks/nd1S04890_Left 2575
masks/nd1S04890_Right 2576
masks/nd1S04891_Left 2577
masks/nd1S04891_Right 2578
masks/nd1S04892_Left 2579
masks/nd1S04892_Right 2580
masks/nd1S04893_Left 2581
masks/nd1S04893_Right 2582
masks/nd1S04894_Left 2583
masks/nd1S04894_Right 2584
masks/nd1S04896_Left 2585
masks/nd1S04896_Right 2586
masks/nd1S04898_Left 2587
masks/nd1S04898_Right 2588
masks/nd1S04899_Left 2589
masks/nd1S04899_Right 2590
masks/nd1S04900_Left 2591
masks/nd1S04900_Right 2592
masks/nd1S04901_Left 2593
masks/nd1S04901_Right 2594
masks/nd1S04902_Left 2595
masks/nd1S04902_Right 2596
masks/nd1S04903_Left 2597
masks/nd1S04903_Right 2598
masks/nd1S04904_Left 2599
masks/nd1S04904_Right 2600
masks/nd1S04907_Left 2601
masks/nd1S04907_Right 2602
masks/nd1S04911_Left 2603
masks/nd1S04911_Right 2604
masks/nd1S04913_Left 2605
masks/nd1S04913_Right 2606
masks/nd1S04916_Left 2607
masks/nd1S04916_Right 2608
masks/nd1S04917_Left 2609
masks/nd1S04917_Right 2610
masks/nd1S04921_Left 2611
masks/nd1S04921_Right 2612
masks/nd1S04935_Left 2613
masks/nd1S04935_Right 2614
masks/nd1S04975_Left 2615
masks/nd1S04975_Right 2616
masks/nd1S05011_Left 2617
masks/nd1S05011_Right 2618
masks/nd1S05015_Left 2619
masks/nd1S05015_Right 2620
masks/nd1S05027_Left 2621
masks/nd1S05027_Right 2622
masks/nd1S05028_Left 2623
masks/nd1S05028_Right 2624
masks/nd1S05044_Left 2625
masks/nd1S05044_Right 2626
masks/nd1S05052_Left 2627
masks/nd1S05052_Right 2628
masks/nd1S05053_Left 2629
masks/nd1S05053_Right 2630
masks/nd1S05129_Left 2631
masks/nd1S05129_Right 2632
masks/nd1S05155_Left 2633
masks/nd1S05155_Right 2634
masks/nd1S05156_Left 2635
masks/nd1S05156_Right 2636
masks/nd1S05165_Left 2637
masks/nd1S05165_Right 2638
masks/nd1S05175_Left 2639
masks/nd1S05175_Right 2640
masks/nd1S05176_Left 2641
masks/nd1S05176_Right 2642
masks/nd1S05179_Left 2643
masks/nd1S05179_Right 2644
masks/nd1S05186_Left 2645
masks/nd1S05186_Right 2646
masks/nd1S05191_Left 2647
masks/nd1S05191_Right 2648
masks/nd1S05204_Left 2649
masks/nd1S05204_Right 2650
masks/nd1S05213_Left 2651
masks/nd1S05213_Right 2652
masks/nd1S05215_Left 2653
masks/nd1S05215_Right 2654
masks/nd1S05227_Left 2655
masks/nd1S05227_Right 2656
masks/nd1S05233_Left 2657
masks/nd1S05233_Right 2658
masks/nd1S05248_Left 2659
masks/nd1S05248_Right 2660
masks/nd1S05249_Left 2661
masks/nd1S05249_Right 2662
masks/nd1S05256_Left 2663
masks/nd1S05256_Right 2664
masks/nd1S05260_Left 2665
masks/nd1S05260_Right 2666
masks/nd1S05275_Left 2667
masks/nd1S05275_Right 2668
masks/nd1S05279_Left 2669
masks/nd1S05279_Right 2670
masks/nd1S05280_Left 2671
masks/nd1S05280_Right 2672
masks/nd1S05283_Left 2673
masks/nd1S05283_Right 2674
masks/nd1S05284_Left 2675
masks/nd1S05284_Right 2676
masks/nd1S05286_Left 2677
masks/nd1S05286_Right 2678
masks/nd1S05288_Left 2679
masks/nd1S05288_Right 2680
masks/nd1S05289_Left 2681
masks/nd1S05289_Right 2682
masks/nd1S05292_Left 2683
masks/nd1S05292_Right 2684
masks/nd1S05293_Left 2685
masks/nd1S05293_Right 2686
masks/nd1S05297_Left 2687
masks/nd1S05297_Right 2688
masks/nd1S05298_Left 2689
masks/nd1S05298_Right 2690
masks/nd1S05300_Left 2691
masks/nd1S05300_Right 2692
masks/nd1S05301_Left 2693
masks/nd1S05301_Right 2694
masks/nd1S05302_Left 2695
masks/nd1S05302_Right 2696
masks/nd1S05303_Left 2697
masks/nd1S05303_Right 2698
masks/nd1S05304_Left 2699
masks/nd1S05304_Right 2700
masks/nd1S05305_Left 2701
masks/nd1S05305_Right 2702
masks/nd1S05310_Left 2703
masks/nd1S05310_Right 2704
masks/nd1S05312_Left 2705
masks/nd1S05312_Right 2706
masks/nd1S05314_Left 2707
masks/nd1S05314_Right 2708
masks/nd1S05317_Left 2709
masks/nd1S05317_Right 2710
masks/nd1S05318_Left 2711
masks/nd1S05318_Right 2712
masks/nd1S05320_Left 2713
masks/nd1S05320_Right 2714
masks/nd1S05321_Left 2715
masks/nd1S05321_Right 2716
masks/nd1S05324_Left 2717
masks/nd1S05324_Right 2718
masks/nd1S05337_Left 2719
masks/nd1S05337_Right 2720
masks/nd1S05338_Left 2721
masks/nd1S05338_Right 2722
masks/nd1S05340_Left 2723
masks/nd1S05340_Right 2724
masks/nd1S05341_Left 2725
masks/nd1S05341_Right 2726
masks/nd1S05342_Left 2727
masks/nd1S05342_Right 2728
masks/nd1S05344_Left 2729
masks/nd1S05344_Right 2730
masks/nd1S05355_Left 2731
masks/nd1S05355_Right 2732
masks/nd1S05364_Left 2733
masks/nd1S05364_Right 2734
masks/nd1S05367_Left 2735
masks/nd1S05367_Right 2736
masks/nd1S05368_Left 2737
masks/nd1S05368_Right 2738
masks/nd1S05369_Left 2739
masks/nd1S05369_Right 2740
masks/nd1S05373_Left 2741
masks/nd1S05373_Right 2742
masks/nd1S05374_Left 2743
masks/nd1S05374_Right 2744
masks/nd1S05375_Left 2745
masks/nd1S05375_Right 2746
masks/nd1S05379_Left 2747
masks/nd1S05379_Right 2748
masks/nd1S05380_Left 2749
masks/nd1S05380_Right 2750
masks/nd1S05382_Left 2751
masks/nd1S05382_Right 2752
masks/nd1S05383_Left 2753
masks/nd1S05383_Right 2754
masks/nd1S05386_Left 2755
masks/nd1S05386_Right 2756
masks/nd1S05389_Left 2757
masks/nd1S05389_Right 2758
masks/nd1S05392_Left 2759
masks/nd1S05392_Right 2760
masks/nd1S05393_Left 2761
masks/nd1S05393_Right 2762
masks/nd1S05394_Left 2763
masks/nd1S05394_Right 2764
masks/nd1S05396_Left 2765
masks/nd1S05396_Right 2766
masks/nd1S05399_Left 2767
masks/nd1S05399_Right 2768
masks/nd1S05401_Left 2769
masks/nd1S05401_Right 2770
masks/nd1S05403_Left 2771
masks/nd1S05403_Right 2772
masks/nd1S05404_Left 2773
masks/nd1S05404_Right 2774
masks/nd1S05406_Left 2775
masks/nd1S05406_Right 2776
masks/nd1S05407_Left 2777
masks/nd1S05407_Right 2778
masks/nd1S05408_Left 2779
masks/nd1S05408_Right 2780
masks/nd1S05409_Left 2781
masks/nd1S05409_Right 2782
masks/nd1S05411_Left 2783
masks/nd1S05411_Right 2784
masks/nd1S05412_Left 2785
masks/nd1S05412_Right 2786
masks/nd1S05418_Left 2787
masks/nd1S05418_Right 2788
masks/nd1S05421_Left 2789
masks/nd1S05421_Right 2790
masks/nd1S05429_Left 2791
masks/nd1S05429_Right 2792
masks/nd1S05430_Left 2793
masks/nd1S05430_Right 2794
masks/nd1S05432_Left 2795
masks/nd1S05432_Right 2796
masks/nd1S05433_Left 2797
masks/nd1S05433_Right 2798
masks/nd1S05435_Left 2799
masks/nd1S05435_Right 2800
masks/nd1S05439_Left 2801
masks/nd1S05439_Right 2802
masks/nd1S05442_Left 2803
masks/nd1S05442_Right 2804
masks/nd1S05444_Left 2805
masks/nd1S05444_Right 2806
masks/nd1S05445_Left 2807
masks/nd1S05445_Right 2808
masks/nd1S05447_Left 2809
masks/nd1S05447_Right 2810
masks/nd1S05448_Left 2811
masks/nd1S05448_Right 2812
masks/nd1S05450_Left 2813
masks/nd1S05450_Right 2814
masks/nd1S05455_Left 2815
masks/nd1S05455_Right 2816
masks/nd1S05456_Left 2817
masks/nd1S05456_Right 2818
masks/nd1S05457_Left 2819
masks/nd1S05457_Right 2820
masks/nd1S05459_Left 2821
masks/nd1S05459_Right 2822
masks/nd1S05461_Left 2823
masks/nd1S05461_Right 2824
masks/nd1S05463_Left 2825
masks/nd1S05463_Right 2826
masks/nd1S05469_Left 2827
masks/nd1S05469_Right 2828
masks/nd1S05470_Left 2829
masks/nd1S05470_Right 2830
masks/nd1S05471_Left 2831
masks/nd1S05471_Right 2832
masks/nd1S05472_Left 2833
masks/nd1S05472_Right 2834
masks/nd1S05473_Left 2835
masks/nd1S05473_Right 2836
masks/nd1S05477_Left 2837
masks/nd1S05477_Right 2838
masks/nd1S05478_Left 2839
masks/nd1S05478_Right 2840
masks/nd1S05482_Left 2841
masks/nd1S05482_Right 2842
masks/nd1S05483_Left 2843
masks/nd1S05483_Right 2844
masks/nd1S05484_Left 2845
masks/nd1S05484_Right 2846
masks/nd1S05486_Left 2847
masks/nd1S05486_Right 2848
masks/nd1S05487_Left 2849
masks/nd1S05487_Right 2850
masks/nd1S05491_Left 2851
masks/nd1S05491_Right 2852
masks/nd1S05492_Left 2853
masks/nd1S05492_Right 2854
masks/nd1S05494_Left 2855
masks/nd1S05494_Right 2856
masks/nd1S05497_Left 2857
masks/nd1S05497_Right 2858
masks/nd1S05498_Left 2859
masks/nd1S05498_Right 2860
masks/nd1S05500_Left 2861
masks/nd1S05500_Right 2862
masks/nd1S05501_Left 2863
masks/nd1S05501_Right 2864
masks/nd1S05502_Left 2865
masks/nd1S05502_Right 2866
masks/nd1S05503_Left 2867
masks/nd1S05503_Right 2868
masks/nd1S05504_Left 2869
masks/nd1S05504_Right 2870
masks/nd1S05505_Left 2871
masks/nd1S05505_Right 2872
masks/nd1S05508_Left 2873
masks/nd1S05508_Right 2874
masks/nd1S05510_Left 2875
masks/nd1S05510_Right 2876
masks/nd1S05513_Left 2877
masks/nd1S05513_Right 2878
masks/nd1S05514_Left 2879
masks/nd1S05514_Right 2880
masks/nd1S05517_Left 2881
masks/nd1S05517_Right 2882
masks/nd1S05518_Left 2883
masks/nd1S05518_Right 2884
masks/nd1S05520_Left 2885
masks/nd1S05520_Right 2886
masks/nd1S05522_Left 2887
masks/nd1S05522_Right 2888
masks/nd1S05523_Left 2889
masks/nd1S05523_Right 2890
masks/nd1S05524_Left 2891
masks/nd1S05524_Right 2892
masks/nd1S05525_Left 2893
masks/nd1S05525_Right 2894
masks/nd1S05526_Left 2895
masks/nd1S05526_Right 2896
masks/nd1S05528_Left 2897
masks/nd1S05528_Right 2898
masks/nd1S05530_Left 2899
masks/nd1S05530_Right 2900
masks/nd1S05531_Left 2901
masks/nd1S05531_Right 2902
masks/nd1S05532_Left 2903
masks/nd1S05532_Right 2904
masks/nd1S05534_Left 2905
masks/nd1S05534_Right 2906
masks/nd1S05535_Left 2907
masks/nd1S05535_Right 2908
masks/nd1S05536_Left 2909
masks/nd1S05536_Right 2910
masks/nd1S05537_Left 2911
masks/nd1S05537_Right 2912
masks/nd1S05539_Left 2913
masks/nd1S05539_Right 2914
masks/nd1S05540_Left 2915
masks/nd1S05540_Right 2916
masks/nd1S05541_Left 2917
masks/nd1S05541_Right 2918
masks/nd1S05542_Left 2919
masks/nd1S05542_Right 2920
masks/nd1S05543_Left 2921
masks/nd1S05543_Right 2922
masks/nd1S05545_Left 2923
masks/nd1S05545_Right 2924
masks/nd1S05547_Left 2925
masks/nd1S05547_Right 2926
masks/nd1S05555_Left 2927
masks/nd1S05555_Right 2928
masks/nd1S05557_Left 2929
masks/nd1S05557_Right 2930
masks/nd1S05558_Left 2931
masks/nd1S05558_Right 2932
masks/nd1S05559_Left 2933
masks/nd1S05559_Right 2934
masks/nd1S05560_Left 2935
masks/nd1S05560_Right 2936
masks/nd1S05561_Left 2937
masks/nd1S05561_Right 2938
masks/nd1S05564_Left 2939
masks/nd1S05564_Right 2940
masks/nd1S05565_Left 2941
masks/nd1S05565_Right 2942
masks/nd1S05567_Left 2943
masks/nd1S05567_Right 2944
masks/nd1S05568_Left 2945
masks/nd1S05568_Right 2946
masks/nd1S05570_Left 2947
masks/nd1S05570_Right 2948
masks/nd1S05576_Left 2949
masks/nd1S05576_Right 2950
masks/nd1S05577_Left 2951
masks/nd1S05577_Right 2952
masks/nd1S05582_Left 2953
masks/nd1S05582_Right 2954
masks/nd1S05585_Left 2955
masks/nd1S05585_Right 2956
masks/nd1S05587_Left 2957
masks/nd1S05587_Right 2958
masks/nd1S05594_Left 2959
masks/nd1S05594_Right 2960
masks/nd1S05596_Left 2961
masks/nd1S05596_Right 2962
masks/nd1S05597_Left 2963
masks/nd1S05597_Right 2964
masks/nd1S05598_Left 2965
masks/nd1S05598_Right 2966
masks/nd1S05600_Left 2967
masks/nd1S05600_Right 2968
masks/nd1S05601_Left 2969
masks/nd1S05601_Right 2970
masks/nd1S05603_Left 2971
masks/nd1S05603_Right 2972
masks/nd1S05605_Left 2973
masks/nd1S05605_Right 2974
masks/nd1S05608_Left 2975
masks/nd1S05608_Right 2976
masks/nd1S05609_Left 2977
masks/nd1S05609_Right 2978
masks/nd1S05610_Left 2979
masks/nd1S05610_Right 2980
masks/nd1S05611_Left 2981
masks/nd1S05611_Right 2982
masks/nd1S05612_Left 2983
masks/nd1S05612_Right 2984
masks/nd1S05614_Left 2985
masks/nd1S05614_Right 2986
masks/nd1S05615_Left 2987
masks/nd1S05615_Right 2988
masks/nd1S05616_Left 2989
masks/nd1S05616_Right 2990
masks/nd1S05617_Left 2991
masks/nd1S05617_Right 2992
masks/nd1S05618_Left 2993
masks/nd1S05618_Right 2994
masks/nd1S05619_Left 2995
masks/nd1S05619_Right 2996
masks/nd1S05621_Left 2997
masks/nd1S05621_Right 2998
masks/nd1S05622_Left 2999
masks/nd1S05622_Right 3000
masks/nd1S05623_Left 3001
masks/nd1S05623_Right 3002
masks/nd1S05624_Left 3003
masks/nd1S05624_Right 3004
masks/nd1S05627_Left 3005
masks/nd1S05627_Right 3006
masks/nd1S05628_Left 3007
masks/nd1S05628_Right 3008
masks/nd1S05629_Left 3009
masks/nd1S05629_Right 3010
masks/nd1S05630_Left 3011
masks/nd1S05630_Right 3012
masks/nd1S05634_Left 3013
masks/nd1S05634_Right 3014
masks/nd1S05635_Left 3015
masks/nd1S05635_Right 3016
masks/nd1S05636_Left 3017
masks/nd1S05636_Right 3018
masks/nd1S05638_Left 3019
masks/nd1S05638_Right 3020
masks/nd1S05639_Left 3021
masks/nd1S05639_Right 3022
masks/nd1S05641_Left 3023
masks/nd1S05641_Right 3024
masks/nd1S05642_Left 3025
masks/nd1S05642_Right 3026
masks/nd1S05644_Left 3027
masks/nd1S05644_Right 3028
masks/nd1S05645_Left 3029
masks/nd1S05645_Right 3030
masks/nd1S05647_Left 3031
masks/nd1S05647_Right 3032
masks/nd1S05648_Left 3033
masks/nd1S05648_Right 3034
masks/nd1S05649_Left 3035
masks/nd1S05649_Right 3036
masks/nd1S05651_Left 3037
masks/nd1S05651_Right 3038
masks/nd1S05652_Left 3039
masks/nd1S05652_Right 3040
masks/nd1S05653_Left 3041
masks/nd1S05653_Right 3042
masks/nd1S05654_Left 3043
masks/nd1S05654_Right 3044
masks/nd1S05655_Left 3045
masks/nd1S05655_Right 3046
masks/nd1S05656_Left 3047
masks/nd1S05656_Right 3048
masks/nd1S05658_Left 3049
masks/nd1S05658_Right 3050
masks/nd1S05659_Left 3051
masks/nd1S05659_Right 3052
masks/nd1S05661_Left 3053
masks/nd1S05661_Right 3054
masks/nd1S05662_Left 3055
masks/nd1S05662_Right 3056
masks/nd1S05663_Left 3057
masks/nd1S05663_Right 3058
masks/nd1S05665_Left 3059
masks/nd1S05665_Right 3060
masks/nd1S05667_Left 3061
masks/nd1S05667_Right 3062
masks/nd1S05670_Left 3063
masks/nd1S05670_Right 3064
masks/nd1S05671_Left 3065
masks/nd1S05671_Right 3066
masks/nd1S05672_Left 3067
masks/nd1S05672_Right 3068
masks/nd1S05673_Left 3069
masks/nd1S05673_Right 3070
masks/nd1S05674_Left 3071
masks/nd1S05674_Right 3072
masks/nd1S05675_Left 3073
masks/nd1S05675_Right 3074
masks/nd1S05677_Left 3075
masks/nd1S05677_Right 3076
masks/nd1S05678_Left 3077
masks/nd1S05678_Right 3078
masks/nd1S05679_Left 3079
masks/nd1S05679_Right 3080
masks/nd1S05681_Left 3081
masks/nd1S05681_Right 3082
masks/nd1S05683_Left 3083
masks/nd1S05683_Right 3084
masks/nd1S05690_Left 3085
masks/nd1S05690_Right 3086
masks/nd1S05691_Left 3087
masks/nd1S05691_Right 3088
masks/nd1S05694_Left 3089
masks/nd1S05694_Right 3090
masks/nd1S05695_Left 3091
masks/nd1S05695_Right 3092
masks/nd1S05697_Left 3093
masks/nd1S05697_Right 3094
masks/nd1S05703_Left 3095
masks/nd1S05703_Right 3096
masks/nd1S05704_Left 3097
masks/nd1S05704_Right 3098
masks/nd1S05707_Left 3099
masks/nd1S05707_Right 3100
masks/nd1S05708_Left 3101
masks/nd1S05708_Right 3102
masks/nd1S05710_Left 3103
masks/nd1S05710_Right 3104
masks/nd1S05712_Left 3105
masks/nd1S05712_Right 3106
masks/nd1S05713_Left 3107
masks/nd1S05713_Right 3108
masks/nd1S05714_Left 3109
masks/nd1S05714_Right 3110
masks/nd1S05715_Left 3111
masks/nd1S05715_Right 3112
masks/nd1S05717_Left 3113
masks/nd1S05717_Right 3114
masks/nd1S05719_Left 3115
masks/nd1S05719_Right 3116
masks/nd1S05720_Left 3117
masks/nd1S05720_Right 3118
masks/nd1S05723_Left 3119
masks/nd1S05723_Right 3120
masks/nd1S05725_Left 3121
masks/nd1S05725_Right 3122
masks/nd1S05729_Left 3123
masks/nd1S05729_Right 3124
masks/nd1S05730_Left 3125
masks/nd1S05730_Right 3126
masks/nd1S05731_Left 3127
masks/nd1S05731_Right 3128
masks/nd1S05732_Left 3129
masks/nd1S05732_Right 3130
masks/nd1S05733_Left 3131
masks/nd1S05733_Right 3132
masks/nd1S05734_Left 3133
masks/nd1S05734_Right 3134
masks/nd1S05735_Left 3135
masks/nd1S05735_Right 3136
masks/nd1S05737_Left 3137
masks/nd1S05737_Right 3138
masks/nd1S05740_Left 3139
masks/nd1S05740_Right 3140
masks/nd1S05742_Left 3141
masks/nd1S05742_Right 3142
masks/nd1S05743_Left 3143
masks/nd1S05743_Right 3144
masks/nd1S05745_Left 3145
masks/nd1S05745_Right 3146
masks/nd1S05746_Left 3147
masks/nd1S05746_Right 3148
masks/nd1S05749_Left 3149
masks/nd1S05749_Right 3150
masks/nd1S05750_Left 3151
masks/nd1S05750_Right 3152
masks/nd1S05751_Left 3153
masks/nd1S05751_Right 3154
masks/nd1S05752_Left 3155
masks/nd1S05752_Right 3156
masks/nd1S05753_Left 3157
masks/nd1S05753_Right 3158
masks/nd1S05754_Left 3159
masks/nd1S05754_Right 3160
masks/nd1S05756_Left 3161
masks/nd1S05756_Right 3162
masks/nd1S05757_Left 3163
masks/nd1S05757_Right 3164
masks/nd1S05760_Left 3165
masks/nd1S05760_Right 3166
masks/nd1S05761_Left 3167
masks/nd1S05761_Right 3168
masks/nd1S05762_Left 3169
masks/nd1S05762_Right 3170
masks/nd1S05763_Left 3171
masks/nd1S05763_Right 3172
masks/nd1S05764_Left 3173
masks/nd1S05764_Right 3174
masks/nd1S05765_Left 3175
masks/nd1S05765_Right 3176
masks/nd1S05766_Left 3177
masks/nd1S05766_Right 3178
masks/nd1S05768_Left 3179
masks/nd1S05768_Right 3180
masks/nd1S05769_Left 3181
masks/nd1S05769_Right 3182
masks/nd1S05770_Left 3183
masks/nd1S05770_Right 3184
masks/nd1S05771_Left 3185
masks/nd1S05771_Right 3186
masks/nd1S05775_Left 3187
masks/nd1S05775_Right 3188
masks/nd1S05780_Left 3189
masks/nd1S05780_Right 3190
masks/nd1S05783_Left 3191
masks/nd1S05783_Right 3192
masks/nd1S05785_Left 3193
masks/nd1S05785_Right 3194
masks/nd1S05787_Left 3195
masks/nd1S05787_Right 3196
masks/nd1S05788_Left 3197
masks/nd1S05788_Right 3198
masks/nd1S05791_Left 3199
masks/nd1S05791_Right 3200
masks/nd1S05792_Left 3201
masks/nd1S05792_Right 3202
masks/nd1S05793_Left 3203
masks/nd1S05793_Right 3204
masks/nd1S05794_Left 3205
masks/nd1S05794_Right 3206
masks/nd1S05795_Left 3207
masks/nd1S05795_Right 3208
masks/nd1S05796_Left 3209
masks/nd1S05796_Right 3210
masks/nd1S05798_Left 3211
masks/nd1S05798_Right 3212
masks/nd1S05800_Left 3213
masks/nd1S05800_Right 3214
masks/nd1S05801_Left 3215
masks/nd1S05801_Right 3216
masks/nd1S05803_Left 3217
masks/nd1S05803_Right 3218
masks/nd1S05807_Left 3219
masks/nd1S05807_Right 3220
masks/nd1S05809_Left 3221
masks/nd1S05809_Right 3222
masks/nd1S05812_Left 3223
masks/nd1S05812_Right 3224
masks/nd1S05813_Left 3225
masks/nd1S05813_Right 3226
masks/nd1S05814_Left 3227
masks/nd1S05814_Right 3228
masks/nd1S05815_Left 3229
masks/nd1S05815_Right 3230
masks/nd1S05816_Left 3231
masks/nd1S05816_Right 3232
masks/nd1S05817_Left 3233
masks/nd1S05817_Right 3234
masks/nd1S05818_Left 3235
masks/nd1S05818_Right 3236
masks/nd1S05819_Left 3237
masks/nd1S05819_Right 3238
masks/nd1S05822_Left 3239
masks/nd1S05822_Right 3240
masks/nd1S05823_Left 3241
masks/nd1S05823_Right 3242
masks/nd1S05824_Left 3243
masks/nd1S05824_Right 3244
masks/nd1S05825_Left 3245
masks/nd1S05825_Right 3246
masks/nd1S05827_Left 3247
masks/nd1S05827_Right 3248
masks/nd1S05829_Left 3249
masks/nd1S05829_Right 3250
masks/nd1S05830_Left 3251
masks/nd1S05830_Right 3252
masks/nd1S05831_Left 3253
masks/nd1S05831_Right 3254
masks/nd1S05832_Left 3255
masks/nd1S05832_Right 3256
masks/nd1S05833_Left 3257
masks/nd1S05833_Right 3258
masks/nd1S05834_Left 3259
masks/nd1S05834_Right 3260
masks/nd1S05835_Left 3261
masks/nd1S05835_Right 3262
masks/nd1S05836_Left 3263
masks/nd1S05836_Right 3264
masks/nd1S05837_Left 3265
masks/nd1S05837_Right 3266
masks/nd1S05839_Left 3267
masks/nd1S05839_Right 3268
masks/nd1S05841_Left 3269
masks/nd1S05841_Right 3270
masks/nd1S05842_Left 3271
masks/nd1S05842_Right 3272
masks/nd1S05847_Left 3273
masks/nd1S05847_Right 3274
masks/nd1S05848_Left 3275
masks/nd1S05848_Right 3276
masks/nd1S05849_Left 3277
masks/nd1S05849_Right 3278
masks/nd1S05850_Left 3279
masks/nd1S05850_Right 3280
masks/nd1S05852_Left 3281
masks/nd1S05852_Right 3282
masks/nd1S05854_Left 3283
masks/nd1S05854_Right 3284
masks/nd1S05855_Left 3285
masks/nd1S05855_Right 3286
masks/nd1S05856_Left 3287
masks/nd1S05856_Right 3288
masks/nd1S05857_Left 3289
masks/nd1S05857_Right 3290
masks/nd1S05858_Left 3291
masks/nd1S05858_Right 3292
masks/nd1S05863_Left 3293
masks/nd1S05863_Right 3294
masks/nd1S05864_Left 3295
masks/nd1S05864_Right 3296
masks/nd1S05865_Left 3297
masks/nd1S05865_Right 3298
masks/nd1S05869_Left 3299
masks/nd1S05869_Right 3300
masks/nd1S05870_Left 3301
masks/nd1S05870_Right 3302
masks/nd1S05871_Left 3303
masks/nd1S05871_Right 3304
masks/nd1S05875_Left 3305
masks/nd1S05875_Right 3306
masks/nd1S05879_Left 3307
masks/nd1S05879_Right 3308
masks/nd1S05880_Left 3309
masks/nd1S05880_Right 3310
masks/nd1S05881_Left 3311
masks/nd1S05881_Right 3312
masks/nd1S05884_Left 3313
masks/nd1S05884_Right 3314
masks/nd1S05886_Left 3315
masks/nd1S05886_Right 3316
masks/nd1S05890_Left 3317
masks/nd1S05890_Right 3318
masks/nd1S05892_Left 3319
masks/nd1S05892_Right 3320
masks/nd1S05893_Left 3321
masks/nd1S05893_Right 3322
masks/nd1S05898_Left 3323
masks/nd1S05898_Right 3324
masks/nd1S05899_Left 3325
masks/nd1S05899_Right 3326
masks/nd1S05900_Left 3327
masks/nd1S05900_Right 3328
masks/nd1S05901_Left 3329
masks/nd1S05901_Right 3330
masks/nd1S05903_Left 3331
masks/nd1S05903_Right 3332
masks/nd1S05907_Left 3333
masks/nd1S05907_Right 3334
masks/nd1S05908_Left 3335
masks/nd1S05908_Right 3336
masks/nd1S05909_Left 3337
masks/nd1S05909_Right 3338
masks/nd1S05913_Left 3339
masks/nd1S05913_Right 3340
masks/nd1S05917_Left 3341
masks/nd1S05917_Right 3342
masks/nd1S05918_Left 3343
masks/nd1S05918_Right 3344
masks/nd1S05919_Left 3345
masks/nd1S05919_Right 3346
masks/nd1S05920_Left 3347
masks/nd1S05920_Right 3348
masks/nd1S05921_Left 3349
masks/nd1S05921_Right 3350
masks/nd1S05923_Left 3351
masks/nd1S05923_Right 3352
masks/nd1S05924_Left 3353
masks/nd1S05924_Right 3354
masks/nd1S05932_Left 3355
masks/nd1S05932_Right 3356
masks/nd1S05933_Left 3357
masks/nd1S05933_Right 3358
masks/nd1S05936_Left 3359
masks/nd1S05936_Right 3360
masks/nd1S05938_Left 3361
masks/nd1S05938_Right 3362
masks/nd1S05940_Left 3363
masks/nd1S05940_Right 3364
masks/nd1S05941_Left 3365
masks/nd1S05941_Right 3366
masks/nd1S05942_Left 3367
masks/nd1S05942_Right 3368
masks/nd1S05943_Left 3369
masks/nd1S05943_Right 3370
masks/nd1S05944_Left 3371
masks/nd1S05944_Right 3372
masks/nd1S05946_Left 3373
masks/nd1S05946_Right 3374
masks/nd1S05948_Left 3375
masks/nd1S05948_Right 3376
masks/nd1S05949_Left 3377
masks/nd1S05949_Right 3378
masks/nd1S05952_Left 3379
masks/nd1S05952_Right 3380
masks/nd1S05954_Left 3381
masks/nd1S05954_Right 3382
masks/nd1S05957_Left 3383
masks/nd1S05957_Right 3384
masks/nd1S05958_Left 3385
masks/nd1S05958_Right 3386
masks/nd1S05963_Left 3387
masks/nd1S05963_Right 3388
masks/nd1S05966_Left 3389
masks/nd1S05966_Right 3390
masks/nd1S05974_Left 3391
masks/nd1S05974_Right 3392
masks/nd1S05993_Left 3393
masks/nd1S05993_Right 3394
masks/nd1S05999_Left 3395
masks/nd1S05999_Right 3396
masks/nd1S06000_Left 3397
masks/nd1S06000_Right 3398
masks/nd1S06001_Left 3399
masks/nd1S06001_Right 3400
masks/nd1S06002_Left 3401
masks/nd1S06002_Right 3402
masks/nd1S06003_Left 3403
masks/nd1S06003_Right 3404
masks/nd1S06004_Left 3405
masks/nd1S06004_Right 3406
masks/nd1S06005_Left 3407
masks/nd1S06005_Right 3408
masks/nd1S06007_Left 3409
masks/nd1S06007_Right 3410
masks/nd1S06009_Left 3411
masks/nd1S06009_Right 3412
masks/nd1S06012_Left 3413
masks/nd1S06012_Right 3414
masks/nd1S06014_Left 3415
masks/nd1S06014_Right 3416
masks/nd1S06015_Left 3417
masks/nd1S06015_Right 3418
masks/nd1S06016_Left 3419
masks/nd1S06016_Right 3420
masks/nd1S06017_Left 3421
masks/nd1S06017_Right 3422
masks/nd1S06019_Left 3423
masks/nd1S06019_Right 3424
masks/nd1S06021_Left 3425
masks/nd1S06021_Right 3426
masks/nd1S06022_Left 3427
masks/nd1S06022_Right 3428
masks/nd1S06023_Left 3429
masks/nd1S06023_Right 3430
masks/nd1S06026_Left 3431
masks/nd1S06026_Right 3432
masks/nd1S06028_Left 3433
masks/nd1S06028_Right 3434
masks/nd1S06029_Left 3435
masks/nd1S06029_Right 3436
masks/nd1S06031_Left 3437
masks/nd1S06031_Right 3438
masks/nd1S06032_Left 3439
masks/nd1S06032_Right 3440
masks/nd1S06033_Left 3441
masks/nd1S06033_Right 3442
masks/nd1S06034_Left 3443
masks/nd1S06034_Right 3444
masks/nd1S06035_Left 3445
masks/nd1S06035_Right 3446
masks/nd1S06036_Left 3447
masks/nd1S06036_Right 3448
masks/nd1S06037_Left 3449
masks/nd1S06037_Right 3450
masks/nd1S06039_Left 3451
masks/nd1S06039_Right 3452
masks/nd1S06040_Left 3453
masks/nd1S06040_Right 3454
masks/nd1S06041_Left 3455
masks/nd1S06041_Right 3456
masks/nd1S06043_Left 3457
masks/nd1S06043_Right 3458
masks/nd1S06044_Left 3459
masks/nd1S06044_Right 3460
masks/nd1S06045_Left 3461
masks/nd1S06045_Right 3462
masks/nd1S06046_Left 3463
masks/nd1S06046_Right 3464
masks/nd1S06050_Left 3465
masks/nd1S06050_Right 3466
masks/nd1S06051_Left 3467
masks/nd1S06051_Right 3468
masks/nd1S06052_Left 3469
masks/nd1S06052_Right 3470
masks/nd1S06053_Left 3471
masks/nd1S06053_Right 3472
masks/nd1S06055_Left 3473
masks/nd1S06055_Right 3474
masks/nd1S06056_Left 3475
masks/nd1S06056_Right 3476
masks/nd1S06057_Left 3477
masks/nd1S06057_Right 3478
masks/nd1S06059_Left 3479
masks/nd1S06059_Right 3480
masks/nd1S06061_Left 3481
masks/nd1S06061_Right 3482
masks/nd1S06063_Left 3483
masks/nd1S06063_Right 3484
masks/nd1S06065_Left 3485
masks/nd1S06065_Right 3486
masks/nd1S06066_Left 3487
masks/nd1S06066_Right 3488
masks/nd1S06071_Left 3489
masks/nd1S06071_Right 3490
masks/nd1S06073_Left 3491
masks/nd1S06073_Right 3492
masks/nd1S06076_Left 3493
masks/nd1S06076_Right 3494
masks/nd1S06078_Left 3495
masks/nd1S06078_Right 3496
masks/nd1S06080_Left 3497
masks/nd1S06080_Right 3498
masks/nd1S06081_Left 3499
masks/nd1S06081_Right 3500
masks/nd1S06082_Left 3501
masks/nd1S06082_Right 3502
masks/nd1S06084_Left 3503
masks/nd1S06084_Right 3504
masks/nd1S06085_Left 3505
masks/nd1S06085_Right 3506
masks/nd1S06086_Left 3507
masks/nd1S06086_Right 3508
masks/nd1S06088_Left 3509
masks/nd1S06088_Right 3510
masks/nd1S06091_Left 3511
masks/nd1S06091_Right 3512
masks/nd1S06093_Left 3513
masks/nd1S06093_Right 3514
masks/nd1S06096_Left 3515
masks/nd1S06096_Right 3516
masks/nd1S06097_Left 3517
masks/nd1S06097_Right 3518
masks/nd1S06098_Left 3519
masks/nd1S06098_Right 3520
masks/nd1S06100_Left 3521
masks/nd1S06100_Right 3522
masks/nd1S06101_Left 3523
masks/nd1S06101_Right 3524
masks/nd1S06102_Left 3525
masks/nd1S06102_Right 3526
masks/nd1S06103_Left 3527
masks/nd1S06103_Right 3528
masks/nd1S06106_Left 3529
masks/nd1S06106_Right 3530
masks/nd1S06107_Left 3531
masks/nd1S06107_Right 3532
masks/nd1S06109_Left 3533
masks/nd1S06109_Right 3534
masks/nd1S06110_Left 3535
masks/nd1S06110_Right 3536
masks/nd1S06111_Left 3537
masks/nd1S06111_Right 3538
masks/nd1S06112_Left 3539
masks/nd1S06112_Right 3540
masks/nd1S06113_Left 3541
masks/nd1S06113_Right 3542
masks/nd1S06114_Left 3543
masks/nd1S06114_Right 3544
masks/nd1S06115_Left 3545
masks/nd1S06115_Right 3546
masks/nd1S06116_Left 3547
masks/nd1S06116_Right 3548
masks/nd1S06117_Left 3549
masks/nd1S06118_Left 3550
masks/nd1S06118_Right 3551
masks/nd1S06121_Left 3552
masks/nd1S06121_Right 3553
masks/nd1S06122_Left 3554
masks/nd1S06122_Right 3555
masks/nd1S06123_Left 3556
masks/nd1S06123_Right 3557
masks/nd1S06125_Left 3558
masks/nd1S06125_Right 3559
masks/nd1S06127_Left 3560
masks/nd1S06127_Right 3561
masks/nd1S06129_Left 3562
masks/nd1S06129_Right 3563
masks/nd1S06131_Left 3564
masks/nd1S06131_Right 3565
masks/nd1S06134_Left 3566
masks/nd1S06134_Right 3567
masks/nd1S06136_Left 3568
masks/nd1S06136_Right 3569
masks/nd1S06139_Left 3570
masks/nd1S06139_Right 3571
masks/nd1S06142_Left 3572
masks/nd1S06142_Right 3573
masks/nd1S06145_Left 3574
masks/nd1S06145_Right 3575
masks/nd1S06151_Left 3576
masks/nd1S06151_Right 3577
masks/nd1S06166_Left 3578
masks/nd1S06166_Right 3579
masks/nd1S06167_Left 3580
masks/nd1S06167_Right 3581
masks/nd1S06168_Left 3582
masks/nd1S06168_Right 3583
masks/nd1S06172_Left 3584
masks/nd1S06172_Right 3585
masks/nd1S06174_Left 3586
masks/nd1S06174_Right 3587
masks/nd1S06177_Left 3588
masks/nd1S06177_Right 3589
masks/nd1S06181_Left 3590
masks/nd1S06181_Right 3591
masks/nd1S06182_Left 3592
masks/nd1S06182_Right 3593
masks/nd1S06184_Left 3594
masks/nd1S06184_Right 3595
masks/nd1S06185_Left 3596
masks/nd1S06185_Right 3597
masks/nd1S06187_Left 3598
masks/nd1S06187_Right 3599
masks/nd1S06189_Left 3600
masks/nd1S06189_Right 3601
masks/nd1S06190_Left 3602
masks/nd1S06190_Right 3603
masks/nd1S06191_Left 3604
masks/nd1S06191_Right 3605
masks/nd1S06193_Left 3606
masks/nd1S06193_Right 3607
masks/nd1S06195_Left 3608
masks/nd1S06195_Right 3609
masks/nd1S06196_Left 3610
masks/nd1S06196_Right 3611
masks/nd1S06197_Left 3612
masks/nd1S06197_Right 3613
masks/nd1S06198_Left 3614
masks/nd1S06198_Right 3615
masks/nd1S06200_Left 3616
masks/nd1S06200_Right 3617
masks/nd1S06206_Left 3618
masks/nd1S06206_Right 3619
masks/nd1S06211_Left 3620
masks/nd1S06211_Right 3621
masks/nd1S06212_Left 3622
masks/nd1S06212_Right 3623
masks/nd1S06213_Left 3624
masks/nd1S06213_Right 3625
masks/nd1S06214_Left 3626
masks/nd1S06214_Right 3627
masks/nd1S06215_Left 3628
masks/nd1S06215_Right 3629
masks/nd1S06216_Left 3630
masks/nd1S06216_Right 3631
masks/nd1S06221_Left 3632
masks/nd1S06221_Right 3633
masks/nd1S06225_Left 3634
masks/nd1S06225_Right 3635
masks/nd1S06226_Left 3636
masks/nd1S06226_Right 3637
masks/nd1S06227_Left 3638
masks/nd1S06227_Right 3639
masks/nd1S06228_Left 3640
masks/nd1S06228_Right 3641
masks/nd1S06230_Left 3642
masks/nd1S06230_Right 3643
masks/nd1S06232_Left 3644
masks/nd1S06232_Right 3645
masks/nd1S06233_Left 3646
masks/nd1S06233_Right 3647
masks/nd1S06234_Left 3648
masks/nd1S06234_Right 3649
masks/nd1S06237_Left 3650
masks/nd1S06237_Right 3651
masks/nd1S06238_Left 3652
masks/nd1S06238_Right 3653
masks/nd1S06240_Left 3654
masks/nd1S06240_Right 3655
masks/nd1S06242_Left 3656
masks/nd1S06242_Right 3657
masks/nd1S06245_Left 3658
masks/nd1S06245_Right 3659
masks/nd1S06246_Left 3660
masks/nd1S06246_Right 3661
masks/nd1S06249_Left 3662
masks/nd1S06249_Right 3663
masks/nd1S06250_Left 3664
masks/nd1S06250_Right 3665
masks/nd1S06251_Left 3666
masks/nd1S06251_Right 3667
masks/nd1S06252_Left 3668
masks/nd1S06252_Right 3669
masks/nd1S06256_Left 3670
masks/nd1S06256_Right 3671
masks/nd1S06257_Left 3672
masks/nd1S06257_Right 3673
masks/nd1S06260_Left 3674
masks/nd1S06260_Right 3675
masks/nd1S06266_Left 3676
masks/nd1S06266_Right 3677
masks/nd1S06267_Left 3678
masks/nd1S06267_Right 3679
masks/nd1S06269_Left 3680
masks/nd1S06269_Right 3681
masks/nd1S06278_Left 3682
masks/nd1S06278_Right 3683
masks/nd1S06296_Left 3684
masks/nd1S06296_Right 3685
masks/nd1S06300_Left 3686
masks/nd1S06300_Right 3687
masks/nd1S06317_Left 3688
masks/nd1S06317_Right 3689
masks/nd1S06319_Left 3690
masks/nd1S06319_Right 3691
masks/nd1S06321_Left 3692
masks/nd1S06321_Right 3693
masks/nd1S06345_Left 3694
masks/nd1S06345_Right 3695
masks/nd1S06353_Left 3696
masks/nd1S06353_Right 3697
masks/nd1S06354_Left 3698
masks/nd1S06354_Right 3699
masks/nd1S06355_Left 3700
masks/nd1S06355_Right 3701
masks/nd1S06359_Left 3702
masks/nd1S06359_Right 3703
masks/nd1S06361_Left 3704
masks/nd1S06361_Right 3705
masks/nd1S06364_Left 3706
masks/nd1S06364_Right 3707
masks/nd1S06366_Left 3708
masks/nd1S06366_Right 3709
masks/nd1S06370_Left 3710
masks/nd1S06370_Right 3711
masks/nd1S06377_Left 3712
masks/nd1S06377_Right 3713
masks/nd1S06384_Left 3714
masks/nd1S06384_Right 3715
masks/nd1S06391_Left 3716
masks/nd1S06391_Right 3717
masks/nd1S06395_Left 3718
masks/nd1S06395_Right 3719
masks/nd1S06406_Left 3720
masks/nd1S06406_Right 3721
masks/nd1S06412_Left 3722
masks/nd1S06412_Right 3723
masks/nd1S06413_Left 3724
masks/nd1S06413_Right 3725
masks/nd1S06416_Left 3726
masks/nd1S06416_Right 3727
masks/nd1S06417_Left 3728
masks/nd1S06417_Right 3729
masks/nd1S06423_Left 3730
masks/nd1S06423_Right 3731
masks/nd1S06426_Left 3732
masks/nd1S06426_Right 3733
masks/nd1S06427_Left 3734
masks/nd1S06427_Right 3735
masks/nd1S06437_Left 3736
masks/nd1S06437_Right 3737
masks/nd1S06444_Left 3738
masks/nd1S06444_Right 3739
masks/nd1S06452_Left 3740
masks/nd1S06452_Right 3741
masks/nd1S06459_Left 3742
masks/nd1S06459_Right 3743
masks/nd1S06474_Left 3744
masks/nd1S06474_Right 3745
masks/nd1S06482_Left 3746
masks/nd1S06482_Right 3747
masks/nd1S06484_Left 3748
masks/nd1S06484_Right 3749
masks/nd1S06485_Left 3750
masks/nd1S06485_Right 3751
masks/nd1S06486_Left 3752
masks/nd1S06486_Right 3753
masks/nd1S06493_Left 3754
masks/nd1S06493_Right 3755
masks/nd1S06495_Left 3756
masks/nd1S06495_Right 3757
masks/nd1S06496_Left 3758
masks/nd1S06496_Right 3759
masks/nd1S06503_Left 3760
masks/nd1S06503_Right 3761
masks/nd1S06505_Left 3762
masks/nd1S06505_Right 3763
masks/nd1S06513_Left 3764
masks/nd1S06513_Right 3765
masks/nd1S06515_Left 3766
masks/nd1S06515_Right 3767
masks/nd1S06516_Left 3768
masks/nd1S06516_Right 3769
masks/nd1S06517_Left 3770
masks/nd1S06517_Right 3771
masks/nd1S06537_Left 3772
masks/nd1S06537_Right 3773
masks/nd1S06539_Left 3774
masks/nd1S06539_Right 3775
masks/nd1S06547_Left 3776
masks/nd1S06547_Right 3777
masks/nd1S06550_Left 3778
masks/nd1S06550_Right 3779
masks/nd1S06551_Left 3780
masks/nd1S06551_Right 3781
masks/nd1S06552_Left 3782
masks/nd1S06552_Right 3783
masks/nd1S06557_Left 3784
masks/nd1S06557_Right 3785
masks/nd1S06560_Left 3786
masks/nd1S06560_Right 3787
masks/nd1S06565_Left 3788
masks/nd1S06565_Right 3789
masks/nd1S06572_Left 3790
masks/nd1S06572_Right 3791
masks/nd1S06573_Left 3792
masks/nd1S06573_Right 3793
masks/nd1S06574_Left 3794
masks/nd1S06574_Right 3795
masks/nd1S06575_Left 3796
masks/nd1S06575_Right 3797
masks/nd1S06576_Left 3798
masks/nd1S06576_Right 3799
masks/nd1S06579_Left 3800
masks/nd1S06579_Right 3801
masks/nd1S06580_Left 3802
masks/nd1S06580_Right 3803
masks/nd1S06582_Left 3804
masks/nd1S06582_Right 3805
masks/nd1S06583_Left 3806
masks/nd1S06583_Right 3807
masks/nd1S06586_Left 3808
masks/nd1S06586_Right 3809
masks/nd1S06587_Left 3810
masks/nd1S06587_Right 3811
masks/nd1S06589_Left 3812
masks/nd1S06589_Right 3813
masks/nd1S06591_Left 3814
masks/nd1S06591_Right 3815
masks/nd1S06595_Left 3816
masks/nd1S06595_Right 3817
masks/nd1S06599_Left 3818
masks/nd1S06599_Right 3819
masks/nd1S06600_Left 3820
masks/nd1S06600_Right 3821
masks/nd1S06604_Left 3822
masks/nd1S06604_Right 3823
masks/nd1S06605_Left 3824
masks/nd1S06605_Right 3825
masks/nd1S06606_Left 3826
masks/nd1S06606_Right 3827
masks/nd1S06610_Left 3828
masks/nd1S06610_Right 3829
masks/nd1S06611_Left 3830
masks/nd1S06611_Right 3831
masks/nd1S06612_Left 3832
masks/nd1S06612_Right 3833
masks/nd1S06616_Left 3834
masks/nd1S06616_Right 3835
masks/nd1S06617_Left 3836
masks/nd1S06617_Right 3837
masks/nd1S06618_Left 3838
masks/nd1S06618_Right 3839
masks/nd1S06622_Left 3840
masks/nd1S06622_Right 3841
masks/nd1S06624_Left 3842
masks/nd1S06624_Right 3843
masks/nd1S06625_Left 3844
masks/nd1S06625_Right 3845
masks/nd1S06626_Left 3846
masks/nd1S06626_Right 3847
masks/nd1S06627_Left 3848
masks/nd1S06627_Right 3849
masks/nd1S06629_Left 3850
masks/nd1S06629_Right 3851
masks/nd1S06630_Left 3852
masks/nd1S06630_Right 3853
masks/nd1S06631_Left 3854
masks/nd1S06631_Right 3855
masks/nd1S06638_Left 3856
masks/nd1S06638_Right 3857
masks/nd1S06640_Left 3858
masks/nd1S06640_Right 3859
masks/nd1S06641_Left 3860
masks/nd1S06641_Right 3861
masks/nd1S06645_Left 3862
masks/nd1S06645_Right 3863
masks/nd1S06647_Left 3864
masks/nd1S06647_Right 3865
masks/nd1S06653_Left 3866
masks/nd1S06653_Right 3867
masks/nd1S06658_Left 3868
masks/nd1S06658_Right 3869
masks/nd1S06660_Left 3870
masks/nd1S06660_Right 3871
masks/nd1S06662_Left 3872
masks/nd1S06662_Right 3873
masks/nd1S06673_Left 3874
masks/nd1S06673_Right 3875
masks/nd1S06677_Left 3876
masks/nd1S06677_Right 3877
masks/nd1S06678_Left 3878
masks/nd1S06678_Right 3879
masks/nd1S06679_Left 3880
masks/nd1S06679_Right 3881
masks/nd1S06680_Left 3882
masks/nd1S06680_Right 3883
masks/nd1S06682_Left 3884
masks/nd1S06682_Right 3885
masks/nd1S06689_Left 3886
masks/nd1S06689_Right 3887
masks/nd1S06694_Left 3888
masks/nd1S06694_Right 3889
masks/nd1S06695_Left 3890
masks/nd1S06695_Right 3891
masks/nd1S06700_Left 3892
masks/nd1S06700_Right 3893
masks/nd1S06705_Left 3894
masks/nd1S06705_Right 3895
masks/nd1S06707_Left 3896
masks/nd1S06707_Right 3897
masks/nd1S06711_Left 3898
masks/nd1S06711_Right 3899
masks/nd1S06715_Left 3900
masks/nd1S06715_Right 3901
masks/nd1S06719_Left 3902
masks/nd1S06719_Right 3903
masks/nd1S06722_Left 3904
masks/nd1S06722_Right 3905
masks/nd1S06723_Left 3906
masks/nd1S06723_Right 3907
masks/nd1S06725_Left 3908
masks/nd1S06725_Right 3909
masks/nd1S06726_Left 3910
masks/nd1S06726_Right 3911
masks/nd1S06730_Left 3912
masks/nd1S06730_Right 3913
masks/nd1S06731_Left 3914
masks/nd1S06731_Right 3915
masks/nd1S06732_Left 3916
masks/nd1S06732_Right 3917
masks/nd1S06733_Left 3918
masks/nd1S06733_Right 3919
masks/nd1S06737_Left 3920
masks/nd1S06737_Right 3921
masks/nd1S06740_Left 3922
masks/nd1S06740_Right 3923
masks/nd1S06741_Left 3924
masks/nd1S06741_Right 3925
masks/nd1S06744_Left 3926
masks/nd1S06744_Right 3927
masks/nd1S06745_Left 3928
masks/nd1S06745_Right 3929
masks/nd1S06746_Left 3930
masks/nd1S06746_Right 3931
masks/nd1S06747_Left 3932
masks/nd1S06747_Right 3933
masks/nd1S06748_Left 3934
masks/nd1S06748_Right 3935
masks/nd1S06750_Left 3936
masks/nd1S06750_Right 3937
masks/nd1S06751_Left 3938
masks/nd1S06751_Right 3939
masks/nd1S06752_Left 3940
masks/nd1S06752_Right 3941
masks/nd1S06754_Left 3942
masks/nd1S06754_Right 3943
masks/nd1S06756_Left 3944
masks/nd1S06756_Right 3945
masks/nd1S06757_Left 3946
masks/nd1S06757_Right 3947
masks/nd1S06758_Left 3948
masks/nd1S06758_Right 3949
masks/nd1S06759_Left 3950
masks/nd1S06759_Right 3951
masks/nd1S06760_Left 3952
masks/nd1S06760_Right 3953
masks/nd1S06761_Left 3954
masks/nd1S06761_Right 3955
masks/nd1S06762_Left 3956
masks/nd1S06762_Right 3957
masks/nd1S06764_Left 3958
masks/nd1S06764_Right 3959
masks/nd1S06767_Left 3960
masks/nd1S06767_Right 3961
masks/nd1S06768_Left 3962
masks/nd1S06768_Right 3963
masks/nd1S06769_Left 3964
masks/nd1S06769_Right 3965
masks/nd1S06770_Left 3966
masks/nd1S06770_Right 3967
masks/nd1S06772_Left 3968
masks/nd1S06772_Right 3969
masks/nd1S06773_Left 3970
masks/nd1S06773_Right 3971
masks/nd1S06774_Left 3972
masks/nd1S06774_Right 3973
masks/nd1S06775_Left 3974
masks/nd1S06775_Right 3975
masks/nd1S06776_Left 3976
masks/nd1S06776_Right 3977
masks/nd1S06777_Left 3978
masks/nd1S06777_Right 3979
masks/nd1S06778_Left 3980
masks/nd1S06778_Right 3981
masks/nd1S06779_Left 3982
masks/nd1S06779_Right 3983
masks/nd1S06780_Left 3984
masks/nd1S06780_Right 3985
masks/nd1S06781_Left 3986
masks/nd1S06781_Right 3987
masks/nd1S06782_Left 3988
masks/nd1S06782_Right 3989
masks/nd1S06783_Left 3990
masks/nd1S06783_Right 3991
masks/nd1S06785_Left 3992
masks/nd1S06785_Right 3993
masks/nd1S06786_Left 3994
masks/nd1S06786_Right 3995
masks/nd1S06787_Left 3996
masks/nd1S06787_Right 3997
masks/nd1S06791_Left 3998
masks/nd1S06791_Right 3999
masks/nd1S06792_Left 4000
masks/nd1S06792_Right 4001
masks/nd1S06793_Left 4002
masks/nd1S06793_Right 4003
masks/nd1S06794_Left 4004
masks/nd1S06794_Right 4005
masks/nd1S06796_Left 4006
masks/nd1S06796_Right 4007
masks/nd1S06797_Left 4008
masks/nd1S06797_Right 4009
masks/nd1S06799_Left 4010
masks/nd1S06799_Right 4011
masks/nd1S06800_Left 4012
masks/nd1S06800_Right 4013
masks/nd1S06801_Left 4014
masks/nd1S06801_Right 4015
masks/nd1S06802_Left 4016
masks/nd1S06802_Right 4017
masks/nd1S06803_Left 4018
masks/nd1S06803_Right 4019
masks/nd1S06807_Left 4020
masks/nd1S06807_Right 4021
masks/nd1S06808_Left 4022
masks/nd1S06808_Right 4023
masks/nd1S06809_Left 4024
masks/nd1S06809_Right 4025
masks/nd1S06810_Left 4026
masks/nd1S06810_Right 4027
masks/nd1S06811_Left 4028
masks/nd1S06811_Right 4029
masks/nd1S06812_Left 4030
masks/nd1S06812_Right 4031
masks/nd1S06814_Left 4032
masks/nd1S06814_Right 4033
masks/nd1S06815_Left 4034
masks/nd1S06815_Right 4035
masks/nd1S06816_Left 4036
masks/nd1S06816_Right 4037
masks/nd1S06817_Left 4038
masks/nd1S06817_Right 4039
masks/nd1S06818_Left 4040
masks/nd1S06818_Right 4041
masks/nd1S06819_Left 4042
masks/nd1S06819_Right 4043
masks/nd1S06820_Left 4044
masks/nd1S06820_Right 4045
masks/nd1S06822_Left 4046
masks/nd1S06822_Right 4047
masks/nd1S06823_Left 4048
masks/nd1S06823_Right 4049
masks/nd1S06824_Left 4050
masks/nd1S06824_Right 4051
masks/nd1S06826_Left 4052
masks/nd1S06826_Right 4053
masks/nd1S06827_Left 4054
masks/nd1S06827_Right 4055
masks/nd1S06828_Left 4056
masks/nd1S06828_Right 4057
masks/nd1S06831_Left 4058
masks/nd1S06831_Right 4059
masks/nd1S06832_Left 4060
masks/nd1S06832_Right 4061
masks/nd1S06833_Left 4062
masks/nd1S06833_Right 4063
masks/nd1S06835_Left 4064
masks/nd1S06835_Right 4065
masks/nd1S06836_Left 4066
masks/nd1S06836_Right 4067
masks/nd1S06838_Left 4068
masks/nd1S06838_Right 4069
masks/nd1S06839_Left 4070
masks/nd1S06839_Right 4071
masks/nd1S06840_Left 4072
masks/nd1S06840_Right 4073
masks/nd1S06842_Left 4074
masks/nd1S06842_Right 4075
masks/nd1S06843_Left 4076
masks/nd1S06843_Right 4077
masks/nd1S06846_Left 4078
masks/nd1S06846_Right 4079
masks/nd1S06847_Left 4080
masks/nd1S06847_Right 4081
masks/nd1S06849_Left 4082
masks/nd1S06849_Right 4083
masks/nd1S06850_Left 4084
masks/nd1S06850_Right 4085
masks/nd1S06853_Left 4086
masks/nd1S06853_Right 4087
masks/nd1S06854_Left 4088
masks/nd1S06854_Right 4089
masks/nd1S06855_Left 4090
masks/nd1S06855_Right 4091
masks/nd1S06856_Left 4092
masks/nd1S06856_Right 4093
masks/nd1S06857_Left 4094
masks/nd1S06857_Right 4095
masks/nd1S06859_Left 4096
masks/nd1S06859_Right 4097
masks/nd1S06863_Left 4098
masks/nd1S06863_Right 4099
masks/nd1S06864_Left 4100
masks/nd1S06864_Right 4101
masks/nd1S06866_Left 4102
masks/nd1S06866_Right 4103
masks/nd1S06867_Left 4104
masks/nd1S06867_Right 4105
masks/nd1S06868_Left 4106
masks/nd1S06868_Right 4107
masks/nd1S06869_Left 4108
masks/nd1S06869_Right 4109
masks/nd1S06870_Left 4110
masks/nd1S06870_Right 4111
masks/nd1S06873_Left 4112
masks/nd1S06873_Right 4113
masks/nd1S06874_Left 4114
masks/nd1S06874_Right 4115
masks/nd1S06875_Left 4116
masks/nd1S06875_Right 4117
masks/nd1S06876_Left 4118
masks/nd1S06876_Right 4119
masks/nd1S06878_Left 4120
masks/nd1S06878_Right 4121
masks/nd1S06881_Left 4122
masks/nd1S06881_Right 4123
masks/nd1S06883_Left 4124
masks/nd1S06883_Right 4125
masks/nd1S06884_Left 4126
masks/nd1S06884_Right 4127
masks/nd1S06885_Left 4128
masks/nd1S06885_Right 4129
masks/nd1S06886_Left 4130
masks/nd1S06886_Right 4131
masks/nd1S06887_Left 4132
masks/nd1S06887_Right 4133
masks/nd1S06888_Left 4134
masks/nd1S06888_Right 4135
masks/nd1S06891_Left 4136
masks/nd1S06891_Right 4137
masks/nd1S06892_Left 4138
masks/nd1S06892_Right 4139
masks/nd1S06893_Left 4140
masks/nd1S06893_Right 4141
masks/nd1S06894_Left 4142
masks/nd1S06894_Right 4143
masks/nd1S06895_Left 4144
masks/nd1S06895_Right 4145
masks/nd1S06896_Left 4146
masks/nd1S06896_Right 4147
masks/nd1S06897_Left 4148
masks/nd1S06897_Right 4149
masks/nd1S06898_Left 4150
masks/nd1S06898_Right 4151
masks/nd1S06899_Left 4152
masks/nd1S06899_Right 4153
masks/nd1S06902_Left 4154
masks/nd1S06902_Right 4155
masks/nd1S06906_Left 4156
masks/nd1S06906_Right 4157
masks/nd1S06907_Left 4158
masks/nd1S06907_Right 4159
masks/nd1S06908_Left 4160
masks/nd1S06908_Right 4161
masks/nd1S06909_Left 4162
masks/nd1S06909_Right 4163
masks/nd1S06910_Left 4164
masks/nd1S06910_Right 4165
masks/nd1S06912_Left 4166
masks/nd1S06912_Right 4167
masks/nd1S06913_Left 4168
masks/nd1S06913_Right 4169
masks/nd1S06914_Left 4170
masks/nd1S06914_Right 4171
masks/nd1S06915_Left 4172
masks/nd1S06915_Right 4173
masks/nd1S06916_Left 4174
masks/nd1S06916_Right 4175
masks/nd1S06917_Left 4176
masks/nd1S06917_Right 4177
masks/nd1S06918_Left 4178
masks/nd1S06918_Right 4179
masks/nd1S06921_Left 4180
masks/nd1S06921_Right 4181
masks/nd1S06922_Left 4182
masks/nd1S06922_Right 4183
masks/nd1S06923_Left 4184
masks/nd1S06923_Right 4185
masks/nd1S06925_Left 4186
masks/nd1S06925_Right 4187
masks/nd1S06926_Left 4188
masks/nd1S06926_Right 4189
masks/nd1S06927_Left 4190
masks/nd1S06927_Right 4191
masks/nd1S06928_Left 4192
masks/nd1S06928_Right 4193
masks/nd1S06929_Left 4194
masks/nd1S06929_Right 4195
masks/nd1S06930_Left 4196
masks/nd1S06930_Right 4197
masks/nd1S06931_Left 4198
masks/nd1S06931_Right 4199
masks/nd1S06932_Left 4200
masks/nd1S06932_Right 4201
masks/nd1S06933_Left 4202
masks/nd1S06933_Right 4203
masks/nd1S06936_Left 4204
masks/nd1S06936_Right 4205
masks/nd1S06937_Left 4206
masks/nd1S06937_Right 4207
masks/nd1S06938_Left 4208
masks/nd1S06938_Right 4209
masks/nd1S06939_Left 4210
masks/nd1S06939_Right 4211
masks/nd1S06940_Left 4212
masks/nd1S06940_Right 4213
masks/nd1S06943_Left 4214
masks/nd1S06943_Right 4215
masks/nd1S06944_Left 4216
masks/nd1S06944_Right 4217
masks/nd1S06945_Left 4218
masks/nd1S06945_Right 4219
masks/nd1S06948_Left 4220
masks/nd1S06948_Right 4221
masks/nd1S06949_Left 4222
masks/nd1S06949_Right 4223
masks/nd1S06950_Left 4224
masks/nd1S06950_Right 4225
masks/nd1S06951_Left 4226
masks/nd1S06951_Right 4227
masks/nd1S06952_Left 4228
masks/nd1S06952_Right 4229
masks/nd1S06953_Left 4230
masks/nd1S06953_Right 4231
masks/nd1S06955_Left 4232
masks/nd1S06955_Right 4233
masks/nd1S06956_Left 4234
masks/nd1S06956_Right 4235
masks/nd1S06957_Left 4236
masks/nd1S06957_Right 4237
masks/nd1S06958_Left 4238
masks/nd1S06958_Right 4239
masks/nd1S06959_Left 4240
masks/nd1S06959_Right 4241
masks/nd1S06960_Left 4242
masks/nd1S06960_Right 4243
masks/nd1S06962_Left 4244
masks/nd1S06962_Right 4245
masks/nd1S06963_Left 4246
masks/nd1S06963_Right 4247
masks/nd1S06966_Left 4248
masks/nd1S06966_Right 4249
masks/nd1S06967_Left 4250
masks/nd1S06967_Right 4251
masks/nd1S06968_Left 4252
masks/nd1S06968_Right 4253
masks/nd1S06969_Left 4254
masks/nd1S06969_Right 4255
masks/nd1S06970_Left 4256
masks/nd1S06970_Right 4257
masks/nd1S06971_Left 4258
masks/nd1S06971_Right 4259
masks/nd1S06972_Left 4260
masks/nd1S06972_Right 4261
masks/nd1S06973_Left 4262
masks/nd1S06973_Right 4263
masks/nd1S06975_Left 4264
masks/nd1S06975_Right 4265
masks/nd1S06977_Left 4266
masks/nd1S06977_Right 4267
masks/nd1S06978_Left 4268
masks/nd1S06978_Right 4269
masks/nd1S06979_Left 4270
masks/nd1S06979_Right 4271
masks/nd1S06980_Left 4272
masks/nd1S06980_Right 4273
masks/nd1S06981_Left 4274
masks/nd1S06981_Right 4275
masks/nd1S06982_Left 4276
masks/nd1S06982_Right 4277
masks/nd1S06984_Left 4278
masks/nd1S06984_Right 4279
masks/nd1S06985_Left 4280
masks/nd1S06985_Right 4281
masks/nd1S06986_Left 4282
masks/nd1S06986_Right 4283
masks/nd1S06987_Left 4284
masks/nd1S06987_Right 4285
masks/nd1S06989_Left 4286
masks/nd1S06989_Right 4287
masks/nd1S06990_Left 4288
masks/nd1S06990_Right 4289
masks/nd1S06991_Left 4290
masks/nd1S06991_Right 4291
masks/nd1S06992_Left 4292
masks/nd1S06992_Right 4293
masks/nd1S06993_Left 4294
masks/nd1S06993_Right 4295
masks/nd1S06994_Left 4296
masks/nd1S06994_Right 4297
masks/nd1S06995_Left 4298
masks/nd1S06995_Right 4299
masks/nd1S06996_Left 4300
masks/nd1S06996_Right 4301
masks/nd1S07000_Left 4302
masks/nd1S07000_Right 4303
masks/nd1S07001_Left 4304
masks/nd1S07001_Right 4305
masks/nd1S07004_Left 4306
masks/nd1S07004_Right 4307
masks/nd1S07006_Left 4308
masks/nd1S07006_Right 4309
masks/nd1S07007_Left 4310
masks/nd1S07007_Right 4311
masks/nd1S07008_Left 4312
masks/nd1S07008_Right 4313
masks/nd1S07010_Left 4314
masks/nd1S07010_Right 4315
masks/nd1S07011_Left 4316
masks/nd1S07011_Right 4317
masks/nd1S07012_Left 4318
masks/nd1S07012_Right 4319
masks/nd1S07013_Left 4320
masks/nd1S07013_Right 4321
masks/nd1S07014_Left 4322
masks/nd1S07014_Right 4323
masks/nd1S07015_Left 4324
masks/nd1S07015_Right 4325
masks/nd1S07016_Left 4326
masks/nd1S07016_Right 4327
masks/nd1S07018_Left 4328
masks/nd1S07018_Right 4329
masks/nd1S07019_Left 4330
masks/nd1S07019_Right 4331
masks/nd1S07020_Left 4332
masks/nd1S07020_Right 4333
masks/nd1S07021_Left 4334
masks/nd1S07021_Right 4335
masks/nd1S07022_Left 4336
masks/nd1S07022_Right 4337
masks/nd1S07023_Left 4338
masks/nd1S07023_Right 4339
masks/nd1S07024_Left 4340
masks/nd1S07024_Right 4341
masks/nd1S07025_Left 4342
masks/nd1S07025_Right 4343
masks/nd1S07026_Left 4344
masks/nd1S07026_Right 4345
masks/nd1S07027_Left 4346
masks/nd1S07027_Right 4347
masks/nd1S07028_Left 4348
masks/nd1S07028_Right 4349
masks/nd1S07031_Left 4350
masks/nd1S07031_Right 4351
masks/nd1S07032_Left 4352
masks/nd1S07032_Right 4353
masks/nd1S07033_Left 4354
masks/nd1S07033_Right 4355
masks/nd1S07034_Left 4356
masks/nd1S07034_Right 4357
masks/nd1S07035_Left 4358
masks/nd1S07035_Right 4359
masks/nd1S07036_Left 4360
masks/nd1S07036_Right 4361
masks/nd1S07037_Left 4362
masks/nd1S07037_Right 4363
masks/nd1S07038_Left 4364
masks/nd1S07038_Right 4365
masks/nd1S07040_Left 4366
masks/nd1S07040_Right 4367
masks/nd1S07041_Left 4368
masks/nd1S07041_Right 4369
masks/nd1S07042_Left 4370
masks/nd1S07042_Right 4371
masks/nd1S07043_Left 4372
masks/nd1S07043_Right 4373
masks/nd1S07044_Left 4374
masks/nd1S07044_Right 4375
masks/nd1S07046_Left 4376
masks/nd1S07046_Right 4377
masks/nd1S07047_Left 4378
masks/nd1S07047_Right 4379
masks/nd1S07048_Left 4380
masks/nd1S07048_Right 4381
masks/nd1S07049_Left 4382
masks/nd1S07049_Right 4383
masks/nd1S07051_Left 4384
masks/nd1S07051_Right 4385
masks/nd1S07052_Left 4386
masks/nd1S07052_Right 4387
masks/nd1S07053_Left 4388
masks/nd1S07053_Right 4389
masks/nd1S07054_Left 4390
masks/nd1S07054_Right 4391
masks/nd1S07055_Left 4392
masks/nd1S07055_Right 4393
masks/nd1S07056_Left 4394
masks/nd1S07056_Right 4395
masks/nd1S07057_Left 4396
masks/nd1S07057_Right 4397
masks/nd1S07059_Left 4398
masks/nd1S07059_Right 4399
masks/nd1S07060_Left 4400
masks/nd1S07060_Right 4401
Creating .rec file from /afs/crc.nd.edu/user/j/jporubci/Private/ArcIris2/val.lst in /afs/crc.nd.edu/user/j/jporubci/Private/ArcIris2
images/nd1S04261_Left 0
images/nd1S04261_Right 1
images/nd1S04285_Left 2
images/nd1S04285_Right 3
images/nd1S04319_Left 4
images/nd1S04319_Right 5
images/nd1S04327_Left 6
images/nd1S04327_Right 7
images/nd1S04334_Left 8
images/nd1S04334_Right 9
images/nd1S04350_Left 10
images/nd1S04350_Right 11
images/nd1S04436_Left 12
images/nd1S04436_Right 13
images/nd1S04482_Left 14
images/nd1S04482_Right 15
images/nd1S04569_Left 16
images/nd1S04569_Right 17
images/nd1S04575_Left 18
images/nd1S04575_Right 19
images/nd1S04580_Left 20
images/nd1S04580_Right 21
images/nd1S04605_Left 22
images/nd1S04605_Right 23
images/nd1S04613_Left 24
images/nd1S04613_Right 25
images/nd1S04615_Left 26
images/nd1S04615_Right 27
images/nd1S04628_Left 28
images/nd1S04628_Right 29
images/nd1S04631_Left 30
images/nd1S04631_Right 31
images/nd1S04673_Left 32
images/nd1S04673_Right 33
images/nd1S04681_Left 34
images/nd1S04681_Right 35
images/nd1S04693_Left 36
images/nd1S04693_Right 37
images/nd1S04714_Left 38
images/nd1S04714_Right 39
images/nd1S04719_Left 40
images/nd1S04719_Right 41
images/nd1S04726_Left 42
images/nd1S04726_Right 43
images/nd1S04742_Left 44
images/nd1S04742_Right 45
images/nd1S04773_Left 46
images/nd1S04773_Right 47
images/nd1S04823_Left 48
images/nd1S04823_Right 49
images/nd1S04831_Left 50
images/nd1S04831_Right 51
images/nd1S04838_Left 52
images/nd1S04838_Right 53
images/nd1S04847_Left 54
images/nd1S04847_Right 55
images/nd1S04851_Left 56
images/nd1S04851_Right 57
images/nd1S04857_Left 58
images/nd1S04857_Right 59
images/nd1S04858_Left 60
images/nd1S04858_Right 61
images/nd1S04870_Left 62
images/nd1S04870_Right 63
images/nd1S04876_Left 64
images/nd1S04876_Right 65
images/nd1S04889_Left 66
images/nd1S04889_Right 67
images/nd1S04895_Left 68
images/nd1S04895_Right 69
images/nd1S04914_Left 70
images/nd1S04914_Right 71
images/nd1S04934_Left 72
images/nd1S04934_Right 73
images/nd1S05033_Left 74
images/nd1S05033_Right 75
images/nd1S05045_Left 76
images/nd1S05045_Right 77
images/nd1S05060_Left 78
images/nd1S05060_Right 79
images/nd1S05091_Left 80
images/nd1S05091_Right 81
images/nd1S05133_Left 82
images/nd1S05133_Right 83
images/nd1S05136_Left 84
images/nd1S05136_Right 85
images/nd1S05187_Left 86
images/nd1S05187_Right 87
images/nd1S05232_Left 88
images/nd1S05232_Right 89
images/nd1S05244_Left 90
images/nd1S05244_Right 91
images/nd1S05246_Left 92
images/nd1S05246_Right 93
images/nd1S05268_Left 94
images/nd1S05268_Right 95
images/nd1S05270_Left 96
images/nd1S05270_Right 97
images/nd1S05271_Left 98
images/nd1S05271_Right 99
images/nd1S05273_Left 100
images/nd1S05273_Right 101
images/nd1S05281_Left 102
images/nd1S05281_Right 103
images/nd1S05287_Left 104
images/nd1S05287_Right 105
images/nd1S05290_Left 106
images/nd1S05290_Right 107
images/nd1S05294_Left 108
images/nd1S05294_Right 109
images/nd1S05299_Left 110
images/nd1S05299_Right 111
images/nd1S05306_Left 112
images/nd1S05306_Right 113
images/nd1S05308_Left 114
images/nd1S05308_Right 115
images/nd1S05315_Left 116
images/nd1S05315_Right 117
images/nd1S05316_Left 118
images/nd1S05316_Right 119
images/nd1S05366_Left 120
images/nd1S05366_Right 121
images/nd1S05377_Left 122
images/nd1S05377_Right 123
images/nd1S05381_Left 124
images/nd1S05381_Right 125
images/nd1S05390_Left 126
images/nd1S05390_Right 127
images/nd1S05405_Left 128
images/nd1S05405_Right 129
images/nd1S05415_Left 130
images/nd1S05415_Right 131
images/nd1S05417_Left 132
images/nd1S05417_Right 133
images/nd1S05419_Left 134
images/nd1S05419_Right 135
images/nd1S05425_Left 136
images/nd1S05425_Right 137
images/nd1S05434_Left 138
images/nd1S05434_Right 139
images/nd1S05441_Left 140
images/nd1S05441_Right 141
images/nd1S05454_Left 142
images/nd1S05454_Right 143
images/nd1S05460_Left 144
images/nd1S05460_Right 145
images/nd1S05462_Left 146
images/nd1S05462_Right 147
images/nd1S05465_Left 148
images/nd1S05465_Right 149
images/nd1S05466_Left 150
images/nd1S05466_Right 151
images/nd1S05467_Left 152
images/nd1S05467_Right 153
images/nd1S05479_Left 154
images/nd1S05479_Right 155
images/nd1S05480_Left 156
images/nd1S05480_Right 157
images/nd1S05481_Left 158
images/nd1S05481_Right 159
images/nd1S05485_Left 160
images/nd1S05485_Right 161
images/nd1S05489_Left 162
images/nd1S05489_Right 163
images/nd1S05490_Left 164
images/nd1S05490_Right 165
images/nd1S05493_Left 166
images/nd1S05493_Right 167
images/nd1S05496_Left 168
images/nd1S05496_Right 169
images/nd1S05499_Left 170
images/nd1S05499_Right 171
images/nd1S05511_Left 172
images/nd1S05511_Right 173
images/nd1S05512_Left 174
images/nd1S05512_Right 175
images/nd1S05529_Left 176
images/nd1S05529_Right 177
images/nd1S05556_Left 178
images/nd1S05556_Right 179
images/nd1S05562_Left 180
images/nd1S05562_Right 181
images/nd1S05574_Left 182
images/nd1S05574_Right 183
images/nd1S05583_Left 184
images/nd1S05583_Right 185
images/nd1S05602_Left 186
images/nd1S05602_Right 187
images/nd1S05606_Left 188
images/nd1S05606_Right 189
images/nd1S05626_Left 190
images/nd1S05626_Right 191
images/nd1S05637_Left 192
images/nd1S05637_Right 193
images/nd1S05643_Left 194
images/nd1S05643_Right 195
images/nd1S05650_Left 196
images/nd1S05650_Right 197
images/nd1S05664_Left 198
images/nd1S05664_Right 199
images/nd1S05666_Left 200
images/nd1S05666_Right 201
images/nd1S05668_Left 202
images/nd1S05668_Right 203
images/nd1S05669_Left 204
images/nd1S05669_Right 205
images/nd1S05676_Left 206
images/nd1S05676_Right 207
images/nd1S05680_Left 208
images/nd1S05680_Right 209
images/nd1S05682_Left 210
images/nd1S05682_Right 211
images/nd1S05692_Left 212
images/nd1S05692_Right 213
images/nd1S05696_Left 214
images/nd1S05696_Right 215
images/nd1S05698_Left 216
images/nd1S05698_Right 217
images/nd1S05699_Left 218
images/nd1S05699_Right 219
images/nd1S05705_Left 220
images/nd1S05705_Right 221
images/nd1S05721_Left 222
images/nd1S05721_Right 223
images/nd1S05724_Left 224
images/nd1S05724_Right 225
images/nd1S05728_Left 226
images/nd1S05728_Right 227
images/nd1S05736_Left 228
images/nd1S05736_Right 229
images/nd1S05738_Left 230
images/nd1S05738_Right 231
images/nd1S05767_Left 232
images/nd1S05767_Right 233
images/nd1S05773_Left 234
images/nd1S05773_Right 235
images/nd1S05774_Left 236
images/nd1S05774_Right 237
images/nd1S05779_Left 238
images/nd1S05779_Right 239
images/nd1S05782_Left 240
images/nd1S05782_Right 241
images/nd1S05786_Left 242
images/nd1S05786_Right 243
images/nd1S05797_Left 244
images/nd1S05797_Right 245
images/nd1S05799_Left 246
images/nd1S05799_Right 247
images/nd1S05802_Left 248
images/nd1S05802_Right 249
images/nd1S05804_Left 250
images/nd1S05804_Right 251
images/nd1S05805_Left 252
images/nd1S05805_Right 253
images/nd1S05808_Left 254
images/nd1S05808_Right 255
images/nd1S05810_Left 256
images/nd1S05810_Right 257
images/nd1S05821_Left 258
images/nd1S05821_Right 259
images/nd1S05826_Left 260
images/nd1S05826_Right 261
images/nd1S05828_Left 262
images/nd1S05828_Right 263
images/nd1S05838_Left 264
images/nd1S05838_Right 265
images/nd1S05844_Left 266
images/nd1S05844_Right 267
images/nd1S05845_Left 268
images/nd1S05845_Right 269
images/nd1S05846_Left 270
images/nd1S05846_Right 271
images/nd1S05853_Left 272
images/nd1S05853_Right 273
images/nd1S05859_Left 274
images/nd1S05859_Right 275
images/nd1S05861_Left 276
images/nd1S05861_Right 277
images/nd1S05868_Left 278
images/nd1S05868_Right 279
images/nd1S05872_Left 280
images/nd1S05872_Right 281
images/nd1S05878_Left 282
images/nd1S05878_Right 283
images/nd1S05889_Left 284
images/nd1S05889_Right 285
images/nd1S05894_Left 286
images/nd1S05894_Right 287
images/nd1S05895_Left 288
images/nd1S05895_Right 289
images/nd1S05902_Left 290
images/nd1S05902_Right 291
images/nd1S05904_Left 292
images/nd1S05904_Right 293
images/nd1S05906_Left 294
images/nd1S05906_Right 295
images/nd1S05912_Left 296
images/nd1S05912_Right 297
images/nd1S05914_Left 298
images/nd1S05914_Right 299
images/nd1S05916_Left 300
images/nd1S05916_Right 301
images/nd1S05922_Left 302
images/nd1S05922_Right 303
images/nd1S05930_Left 304
images/nd1S05930_Right 305
images/nd1S05937_Left 306
images/nd1S05937_Right 307
images/nd1S05951_Left 308
images/nd1S05951_Right 309
images/nd1S05953_Left 310
images/nd1S05953_Right 311
images/nd1S05956_Left 312
images/nd1S05956_Right 313
images/nd1S05964_Left 314
images/nd1S05964_Right 315
images/nd1S05970_Left 316
images/nd1S05970_Right 317
images/nd1S06013_Left 318
images/nd1S06013_Right 319
images/nd1S06027_Left 320
images/nd1S06027_Right 321
images/nd1S06030_Left 322
images/nd1S06030_Right 323
images/nd1S06048_Left 324
images/nd1S06048_Right 325
images/nd1S06049_Left 326
images/nd1S06049_Right 327
images/nd1S06068_Left 328
images/nd1S06068_Right 329
images/nd1S06069_Left 330
images/nd1S06069_Right 331
images/nd1S06072_Left 332
images/nd1S06072_Right 333
images/nd1S06079_Left 334
images/nd1S06079_Right 335
images/nd1S06105_Left 336
images/nd1S06105_Right 337
images/nd1S06108_Left 338
images/nd1S06108_Right 339
images/nd1S06124_Left 340
images/nd1S06124_Right 341
images/nd1S06126_Left 342
images/nd1S06126_Right 343
images/nd1S06128_Left 344
images/nd1S06128_Right 345
images/nd1S06130_Left 346
images/nd1S06130_Right 347
images/nd1S06135_Left 348
images/nd1S06135_Right 349
images/nd1S06138_Left 350
images/nd1S06138_Right 351
images/nd1S06144_Left 352
images/nd1S06144_Right 353
images/nd1S06176_Left 354
images/nd1S06176_Right 355
images/nd1S06194_Left 356
images/nd1S06194_Right 357
images/nd1S06209_Left 358
images/nd1S06209_Right 359
images/nd1S06210_Left 360
images/nd1S06210_Right 361
images/nd1S06217_Left 362
images/nd1S06217_Right 363
images/nd1S06241_Left 364
images/nd1S06241_Right 365
images/nd1S06248_Left 366
images/nd1S06248_Right 367
images/nd1S06259_Left 368
images/nd1S06259_Right 369
images/nd1S06261_Left 370
images/nd1S06261_Right 371
images/nd1S06265_Left 372
images/nd1S06265_Right 373
images/nd1S06291_Left 374
images/nd1S06291_Right 375
images/nd1S06312_Left 376
images/nd1S06312_Right 377
images/nd1S06314_Left 378
images/nd1S06314_Right 379
images/nd1S06320_Left 380
images/nd1S06320_Right 381
images/nd1S06342_Left 382
images/nd1S06342_Right 383
images/nd1S06350_Left 384
images/nd1S06350_Right 385
images/nd1S06352_Left 386
images/nd1S06352_Right 387
images/nd1S06369_Left 388
images/nd1S06369_Right 389
images/nd1S06401_Left 390
images/nd1S06401_Right 391
images/nd1S06436_Left 392
images/nd1S06436_Right 393
images/nd1S06456_Left 394
images/nd1S06456_Right 395
images/nd1S06469_Left 396
images/nd1S06469_Right 397
images/nd1S06471_Left 398
images/nd1S06471_Right 399
images/nd1S06500_Left 400
images/nd1S06500_Right 401
images/nd1S06507_Left 402
images/nd1S06507_Right 403
images/nd1S06525_Left 404
images/nd1S06525_Right 405
images/nd1S06538_Left 406
images/nd1S06538_Right 407
images/nd1S06544_Left 408
images/nd1S06544_Right 409
images/nd1S06571_Left 410
images/nd1S06571_Right 411
images/nd1S06584_Left 412
images/nd1S06584_Right 413
images/nd1S06588_Left 414
images/nd1S06588_Right 415
images/nd1S06590_Left 416
images/nd1S06590_Right 417
images/nd1S06593_Left 418
images/nd1S06593_Right 419
images/nd1S06603_Left 420
images/nd1S06603_Right 421
images/nd1S06615_Left 422
images/nd1S06615_Right 423
images/nd1S06636_Left 424
images/nd1S06636_Right 425
images/nd1S06650_Left 426
images/nd1S06650_Right 427
images/nd1S06655_Left 428
images/nd1S06655_Right 429
images/nd1S06686_Left 430
images/nd1S06686_Right 431
images/nd1S06701_Left 432
images/nd1S06701_Right 433
images/nd1S06727_Left 434
images/nd1S06727_Right 435
images/nd1S06735_Left 436
images/nd1S06735_Right 437
images/nd1S06739_Left 438
images/nd1S06739_Right 439
images/nd1S06742_Left 440
images/nd1S06742_Right 441
images/nd1S06743_Left 442
images/nd1S06743_Right 443
images/nd1S06749_Left 444
images/nd1S06749_Right 445
images/nd1S06755_Left 446
images/nd1S06755_Right 447
images/nd1S06763_Left 448
images/nd1S06763_Right 449
images/nd1S06765_Left 450
images/nd1S06765_Right 451
images/nd1S06766_Left 452
images/nd1S06766_Right 453
images/nd1S06771_Left 454
images/nd1S06771_Right 455
images/nd1S06784_Left 456
images/nd1S06784_Right 457
images/nd1S06788_Left 458
images/nd1S06788_Right 459
images/nd1S06789_Left 460
images/nd1S06789_Right 461
images/nd1S06790_Left 462
images/nd1S06790_Right 463
images/nd1S06798_Left 464
images/nd1S06798_Right 465
images/nd1S06806_Left 466
images/nd1S06806_Right 467
images/nd1S06813_Left 468
images/nd1S06813_Right 469
images/nd1S06821_Left 470
images/nd1S06821_Right 471
images/nd1S06825_Left 472
images/nd1S06825_Right 473
images/nd1S06829_Left 474
images/nd1S06829_Right 475
images/nd1S06830_Left 476
images/nd1S06830_Right 477
images/nd1S06834_Left 478
images/nd1S06834_Right 479
images/nd1S06837_Left 480
images/nd1S06837_Right 481
images/nd1S06841_Left 482
images/nd1S06841_Right 483
images/nd1S06844_Left 484
images/nd1S06844_Right 485
images/nd1S06845_Left 486
images/nd1S06845_Right 487
images/nd1S06851_Left 488
images/nd1S06851_Right 489
images/nd1S06858_Left 490
images/nd1S06858_Right 491
images/nd1S06862_Left 492
images/nd1S06862_Right 493
images/nd1S06865_Left 494
images/nd1S06865_Right 495
images/nd1S06871_Left 496
images/nd1S06871_Right 497
images/nd1S06872_Left 498
images/nd1S06872_Right 499
images/nd1S06877_Left 500
images/nd1S06877_Right 501
images/nd1S06879_Left 502
images/nd1S06879_Right 503
images/nd1S06880_Left 504
images/nd1S06880_Right 505
images/nd1S06889_Left 506
images/nd1S06889_Right 507
images/nd1S06903_Left 508
images/nd1S06903_Right 509
images/nd1S06919_Left 510
images/nd1S06919_Right 511
images/nd1S06924_Left 512
images/nd1S06924_Right 513
images/nd1S06934_Left 514
images/nd1S06934_Right 515
images/nd1S06942_Left 516
images/nd1S06942_Right 517
images/nd1S06946_Left 518
images/nd1S06946_Right 519
images/nd1S06947_Left 520
images/nd1S06947_Right 521
images/nd1S06961_Left 522
images/nd1S06961_Right 523
images/nd1S06964_Left 524
images/nd1S06964_Right 525
images/nd1S06974_Left 526
images/nd1S06974_Right 527
images/nd1S06976_Left 528
images/nd1S06976_Right 529
images/nd1S06983_Left 530
images/nd1S06983_Right 531
images/nd1S07002_Left 532
images/nd1S07002_Right 533
images/nd1S07005_Left 534
images/nd1S07005_Right 535
images/nd1S07009_Left 536
images/nd1S07009_Right 537
images/nd1S07017_Left 538
images/nd1S07017_Right 539
images/nd1S07029_Left 540
images/nd1S07029_Right 541
images/nd1S07030_Left 542
images/nd1S07030_Right 543
images/nd1S07039_Left 544
images/nd1S07039_Right 545
images/nd1S07045_Left 546
images/nd1S07045_Right 547
images/nd1S07050_Left 548
images/nd1S07050_Right 549
images/nd1S07058_Left 550
images/nd1S07058_Right 551
masks/nd1S04261_Left 552
masks/nd1S04261_Right 553
masks/nd1S04285_Left 554
masks/nd1S04285_Right 555
masks/nd1S04319_Left 556
masks/nd1S04319_Right 557
masks/nd1S04327_Left 558
masks/nd1S04327_Right 559
masks/nd1S04334_Left 560
masks/nd1S04334_Right 561
masks/nd1S04350_Left 562
masks/nd1S04350_Right 563
masks/nd1S04436_Left 564
masks/nd1S04436_Right 565
masks/nd1S04482_Left 566
masks/nd1S04482_Right 567
masks/nd1S04569_Left 568
masks/nd1S04569_Right 569
masks/nd1S04575_Left 570
masks/nd1S04575_Right 571
masks/nd1S04580_Left 572
masks/nd1S04580_Right 573
masks/nd1S04605_Left 574
masks/nd1S04605_Right 575
masks/nd1S04613_Left 576
masks/nd1S04613_Right 577
masks/nd1S04615_Left 578
masks/nd1S04615_Right 579
masks/nd1S04628_Left 580
masks/nd1S04628_Right 581
masks/nd1S04631_Left 582
masks/nd1S04631_Right 583
masks/nd1S04673_Left 584
masks/nd1S04673_Right 585
masks/nd1S04681_Left 586
masks/nd1S04681_Right 587
masks/nd1S04693_Left 588
masks/nd1S04693_Right 589
masks/nd1S04714_Left 590
masks/nd1S04714_Right 591
masks/nd1S04719_Left 592
masks/nd1S04719_Right 593
masks/nd1S04726_Left 594
masks/nd1S04726_Right 595
masks/nd1S04742_Left 596
masks/nd1S04742_Right 597
masks/nd1S04773_Left 598
masks/nd1S04773_Right 599
masks/nd1S04823_Left 600
masks/nd1S04823_Right 601
masks/nd1S04831_Left 602
masks/nd1S04831_Right 603
masks/nd1S04838_Left 604
masks/nd1S04838_Right 605
masks/nd1S04847_Left 606
masks/nd1S04847_Right 607
masks/nd1S04851_Left 608
masks/nd1S04851_Right 609
masks/nd1S04857_Left 610
masks/nd1S04857_Right 611
masks/nd1S04858_Left 612
masks/nd1S04858_Right 613
masks/nd1S04870_Left 614
masks/nd1S04870_Right 615
masks/nd1S04876_Left 616
masks/nd1S04876_Right 617
masks/nd1S04889_Left 618
masks/nd1S04889_Right 619
masks/nd1S04895_Left 620
masks/nd1S04895_Right 621
masks/nd1S04914_Left 622
masks/nd1S04914_Right 623
masks/nd1S04934_Left 624
masks/nd1S04934_Right 625
masks/nd1S05033_Left 626
masks/nd1S05033_Right 627
masks/nd1S05045_Left 628
masks/nd1S05045_Right 629
masks/nd1S05060_Left 630
masks/nd1S05060_Right 631
masks/nd1S05091_Left 632
masks/nd1S05091_Right 633
masks/nd1S05133_Left 634
masks/nd1S05133_Right 635
masks/nd1S05136_Left 636
masks/nd1S05136_Right 637
masks/nd1S05187_Left 638
masks/nd1S05187_Right 639
masks/nd1S05232_Left 640
masks/nd1S05232_Right 641
masks/nd1S05244_Left 642
masks/nd1S05244_Right 643
masks/nd1S05246_Left 644
masks/nd1S05246_Right 645
masks/nd1S05268_Left 646
masks/nd1S05268_Right 647
masks/nd1S05270_Left 648
masks/nd1S05270_Right 649
masks/nd1S05271_Left 650
masks/nd1S05271_Right 651
masks/nd1S05273_Left 652
masks/nd1S05273_Right 653
masks/nd1S05281_Left 654
masks/nd1S05281_Right 655
masks/nd1S05287_Left 656
masks/nd1S05287_Right 657
masks/nd1S05290_Left 658
masks/nd1S05290_Right 659
masks/nd1S05294_Left 660
masks/nd1S05294_Right 661
masks/nd1S05299_Left 662
masks/nd1S05299_Right 663
masks/nd1S05306_Left 664
masks/nd1S05306_Right 665
masks/nd1S05308_Left 666
masks/nd1S05308_Right 667
masks/nd1S05315_Left 668
masks/nd1S05315_Right 669
masks/nd1S05316_Left 670
masks/nd1S05316_Right 671
masks/nd1S05366_Left 672
masks/nd1S05366_Right 673
masks/nd1S05377_Left 674
masks/nd1S05377_Right 675
masks/nd1S05381_Left 676
masks/nd1S05381_Right 677
masks/nd1S05390_Left 678
masks/nd1S05390_Right 679
masks/nd1S05405_Left 680
masks/nd1S05405_Right 681
masks/nd1S05415_Left 682
masks/nd1S05415_Right 683
masks/nd1S05417_Left 684
masks/nd1S05417_Right 685
masks/nd1S05419_Left 686
masks/nd1S05419_Right 687
masks/nd1S05425_Left 688
masks/nd1S05425_Right 689
masks/nd1S05434_Left 690
masks/nd1S05434_Right 691
masks/nd1S05441_Left 692
masks/nd1S05441_Right 693
masks/nd1S05454_Left 694
masks/nd1S05454_Right 695
masks/nd1S05460_Left 696
masks/nd1S05460_Right 697
masks/nd1S05462_Left 698
masks/nd1S05462_Right 699
masks/nd1S05465_Left 700
masks/nd1S05465_Right 701
masks/nd1S05466_Left 702
masks/nd1S05466_Right 703
masks/nd1S05467_Left 704
masks/nd1S05467_Right 705
masks/nd1S05479_Left 706
masks/nd1S05479_Right 707
masks/nd1S05480_Left 708
masks/nd1S05480_Right 709
masks/nd1S05481_Left 710
masks/nd1S05481_Right 711
masks/nd1S05485_Left 712
masks/nd1S05485_Right 713
masks/nd1S05489_Left 714
masks/nd1S05489_Right 715
masks/nd1S05490_Left 716
masks/nd1S05490_Right 717
masks/nd1S05493_Left 718
masks/nd1S05493_Right 719
masks/nd1S05496_Left 720
masks/nd1S05496_Right 721
masks/nd1S05499_Left 722
masks/nd1S05499_Right 723
masks/nd1S05511_Left 724
masks/nd1S05511_Right 725
masks/nd1S05512_Left 726
masks/nd1S05512_Right 727
masks/nd1S05529_Left 728
masks/nd1S05529_Right 729
masks/nd1S05556_Left 730
masks/nd1S05556_Right 731
masks/nd1S05562_Left 732
masks/nd1S05562_Right 733
masks/nd1S05574_Left 734
masks/nd1S05574_Right 735
masks/nd1S05583_Left 736
masks/nd1S05583_Right 737
masks/nd1S05602_Left 738
masks/nd1S05602_Right 739
masks/nd1S05606_Left 740
masks/nd1S05606_Right 741
masks/nd1S05626_Left 742
masks/nd1S05626_Right 743
masks/nd1S05637_Left 744
masks/nd1S05637_Right 745
masks/nd1S05643_Left 746
masks/nd1S05643_Right 747
masks/nd1S05650_Left 748
masks/nd1S05650_Right 749
masks/nd1S05664_Left 750
masks/nd1S05664_Right 751
masks/nd1S05666_Left 752
masks/nd1S05666_Right 753
masks/nd1S05668_Left 754
masks/nd1S05668_Right 755
masks/nd1S05669_Left 756
masks/nd1S05669_Right 757
masks/nd1S05676_Left 758
masks/nd1S05676_Right 759
masks/nd1S05680_Left 760
masks/nd1S05680_Right 761
masks/nd1S05682_Left 762
masks/nd1S05682_Right 763
masks/nd1S05692_Left 764
masks/nd1S05692_Right 765
masks/nd1S05696_Left 766
masks/nd1S05696_Right 767
masks/nd1S05698_Left 768
masks/nd1S05698_Right 769
masks/nd1S05699_Left 770
masks/nd1S05699_Right 771
masks/nd1S05705_Left 772
masks/nd1S05705_Right 773
masks/nd1S05721_Left 774
masks/nd1S05721_Right 775
masks/nd1S05724_Left 776
masks/nd1S05724_Right 777
masks/nd1S05728_Left 778
masks/nd1S05728_Right 779
masks/nd1S05736_Left 780
masks/nd1S05736_Right 781
masks/nd1S05738_Left 782
masks/nd1S05738_Right 783
masks/nd1S05767_Left 784
masks/nd1S05767_Right 785
masks/nd1S05773_Left 786
masks/nd1S05773_Right 787
masks/nd1S05774_Left 788
masks/nd1S05774_Right 789
masks/nd1S05779_Left 790
masks/nd1S05779_Right 791
masks/nd1S05782_Left 792
masks/nd1S05782_Right 793
masks/nd1S05786_Left 794
masks/nd1S05786_Right 795
masks/nd1S05797_Left 796
masks/nd1S05797_Right 797
masks/nd1S05799_Left 798
masks/nd1S05799_Right 799
masks/nd1S05802_Left 800
masks/nd1S05802_Right 801
masks/nd1S05804_Left 802
masks/nd1S05804_Right 803
masks/nd1S05805_Left 804
masks/nd1S05805_Right 805
masks/nd1S05808_Left 806
masks/nd1S05808_Right 807
masks/nd1S05810_Left 808
masks/nd1S05810_Right 809
masks/nd1S05821_Left 810
masks/nd1S05821_Right 811
masks/nd1S05826_Left 812
masks/nd1S05826_Right 813
masks/nd1S05828_Left 814
masks/nd1S05828_Right 815
masks/nd1S05838_Left 816
masks/nd1S05838_Right 817
masks/nd1S05844_Left 818
masks/nd1S05844_Right 819
masks/nd1S05845_Left 820
masks/nd1S05845_Right 821
masks/nd1S05846_Left 822
masks/nd1S05846_Right 823
masks/nd1S05853_Left 824
masks/nd1S05853_Right 825
masks/nd1S05859_Left 826
masks/nd1S05859_Right 827
masks/nd1S05861_Left 828
masks/nd1S05861_Right 829
masks/nd1S05868_Left 830
masks/nd1S05868_Right 831
masks/nd1S05872_Left 832
masks/nd1S05872_Right 833
masks/nd1S05878_Left 834
masks/nd1S05878_Right 835
masks/nd1S05889_Left 836
masks/nd1S05889_Right 837
masks/nd1S05894_Left 838
masks/nd1S05894_Right 839
masks/nd1S05895_Left 840
masks/nd1S05895_Right 841
masks/nd1S05902_Left 842
masks/nd1S05902_Right 843
masks/nd1S05904_Left 844
masks/nd1S05904_Right 845
masks/nd1S05906_Left 846
masks/nd1S05906_Right 847
masks/nd1S05912_Left 848
masks/nd1S05912_Right 849
masks/nd1S05914_Left 850
masks/nd1S05914_Right 851
masks/nd1S05916_Left 852
masks/nd1S05916_Right 853
masks/nd1S05922_Left 854
masks/nd1S05922_Right 855
masks/nd1S05930_Left 856
masks/nd1S05930_Right 857
masks/nd1S05937_Left 858
masks/nd1S05937_Right 859
masks/nd1S05951_Left 860
masks/nd1S05951_Right 861
masks/nd1S05953_Left 862
masks/nd1S05953_Right 863
masks/nd1S05956_Left 864
masks/nd1S05956_Right 865
masks/nd1S05964_Left 866
masks/nd1S05964_Right 867
masks/nd1S05970_Left 868
masks/nd1S05970_Right 869
masks/nd1S06013_Left 870
masks/nd1S06013_Right 871
masks/nd1S06027_Left 872
masks/nd1S06027_Right 873
masks/nd1S06030_Left 874
masks/nd1S06030_Right 875
masks/nd1S06048_Left 876
masks/nd1S06048_Right 877
masks/nd1S06049_Left 878
masks/nd1S06049_Right 879
masks/nd1S06068_Left 880
masks/nd1S06068_Right 881
masks/nd1S06069_Left 882
masks/nd1S06069_Right 883
masks/nd1S06072_Left 884
masks/nd1S06072_Right 885
masks/nd1S06079_Left 886
masks/nd1S06079_Right 887
masks/nd1S06105_Left 888
masks/nd1S06105_Right 889
masks/nd1S06108_Left 890
masks/nd1S06108_Right 891
masks/nd1S06124_Left 892
masks/nd1S06124_Right 893
masks/nd1S06126_Left 894
masks/nd1S06126_Right 895
masks/nd1S06128_Left 896
masks/nd1S06128_Right 897
masks/nd1S06130_Left 898
masks/nd1S06130_Right 899
masks/nd1S06135_Left 900
masks/nd1S06135_Right 901
masks/nd1S06138_Left 902
masks/nd1S06138_Right 903
masks/nd1S06144_Left 904
masks/nd1S06144_Right 905
masks/nd1S06176_Left 906
masks/nd1S06176_Right 907
masks/nd1S06194_Left 908
masks/nd1S06194_Right 909
masks/nd1S06209_Left 910
masks/nd1S06209_Right 911
masks/nd1S06210_Left 912
masks/nd1S06210_Right 913
masks/nd1S06217_Left 914
masks/nd1S06217_Right 915
masks/nd1S06241_Left 916
masks/nd1S06241_Right 917
masks/nd1S06248_Left 918
masks/nd1S06248_Right 919
masks/nd1S06259_Left 920
masks/nd1S06259_Right 921
masks/nd1S06261_Left 922
masks/nd1S06261_Right 923
masks/nd1S06265_Left 924
masks/nd1S06265_Right 925
masks/nd1S06291_Left 926
masks/nd1S06291_Right 927
masks/nd1S06312_Left 928
masks/nd1S06312_Right 929
masks/nd1S06314_Left 930
masks/nd1S06314_Right 931
masks/nd1S06320_Left 932
masks/nd1S06320_Right 933
masks/nd1S06342_Left 934
masks/nd1S06342_Right 935
masks/nd1S06350_Left 936
masks/nd1S06350_Right 937
masks/nd1S06352_Left 938
masks/nd1S06352_Right 939
masks/nd1S06369_Left 940
masks/nd1S06369_Right 941
masks/nd1S06401_Left 942
masks/nd1S06401_Right 943
masks/nd1S06436_Left 944
masks/nd1S06436_Right 945
masks/nd1S06456_Left 946
masks/nd1S06456_Right 947
masks/nd1S06469_Left 948
masks/nd1S06469_Right 949
masks/nd1S06471_Left 950
masks/nd1S06471_Right 951
masks/nd1S06500_Left 952
masks/nd1S06500_Right 953
masks/nd1S06507_Left 954
masks/nd1S06507_Right 955
masks/nd1S06525_Left 956
masks/nd1S06525_Right 957
masks/nd1S06538_Left 958
masks/nd1S06538_Right 959
masks/nd1S06544_Left 960
masks/nd1S06544_Right 961
masks/nd1S06571_Left 962
masks/nd1S06571_Right 963
masks/nd1S06584_Left 964
masks/nd1S06584_Right 965
masks/nd1S06588_Left 966
masks/nd1S06588_Right 967
masks/nd1S06590_Left 968
masks/nd1S06590_Right 969
masks/nd1S06593_Left 970
masks/nd1S06593_Right 971
masks/nd1S06603_Left 972
masks/nd1S06603_Right 973
masks/nd1S06615_Left 974
masks/nd1S06615_Right 975
masks/nd1S06636_Left 976
masks/nd1S06636_Right 977
masks/nd1S06650_Left 978
masks/nd1S06650_Right 979
masks/nd1S06655_Left 980
masks/nd1S06655_Right 981
masks/nd1S06686_Left 982
masks/nd1S06686_Right 983
masks/nd1S06701_Left 984
masks/nd1S06701_Right 985
masks/nd1S06727_Left 986
masks/nd1S06727_Right 987
masks/nd1S06735_Left 988
masks/nd1S06735_Right 989
masks/nd1S06739_Left 990
masks/nd1S06739_Right 991
masks/nd1S06742_Left 992
masks/nd1S06742_Right 993
masks/nd1S06743_Left 994
masks/nd1S06743_Right 995
masks/nd1S06749_Left 996
masks/nd1S06749_Right 997
masks/nd1S06755_Left 998
masks/nd1S06755_Right 999
masks/nd1S06763_Left 1000
masks/nd1S06763_Right 1001
masks/nd1S06765_Left 1002
masks/nd1S06765_Right 1003
masks/nd1S06766_Left 1004
masks/nd1S06766_Right 1005
masks/nd1S06771_Left 1006
masks/nd1S06771_Right 1007
masks/nd1S06784_Left 1008
masks/nd1S06784_Right 1009
masks/nd1S06788_Left 1010
masks/nd1S06788_Right 1011
masks/nd1S06789_Left 1012
masks/nd1S06789_Right 1013
masks/nd1S06790_Left 1014
masks/nd1S06790_Right 1015
masks/nd1S06798_Left 1016
masks/nd1S06798_Right 1017
masks/nd1S06806_Left 1018
masks/nd1S06806_Right 1019
masks/nd1S06813_Left 1020
masks/nd1S06813_Right 1021
masks/nd1S06821_Left 1022
masks/nd1S06821_Right 1023
masks/nd1S06825_Left 1024
masks/nd1S06825_Right 1025
masks/nd1S06829_Left 1026
masks/nd1S06829_Right 1027
masks/nd1S06830_Left 1028
masks/nd1S06830_Right 1029
masks/nd1S06834_Left 1030
masks/nd1S06834_Right 1031
masks/nd1S06837_Left 1032
masks/nd1S06837_Right 1033
masks/nd1S06841_Left 1034
masks/nd1S06841_Right 1035
masks/nd1S06844_Left 1036
masks/nd1S06844_Right 1037
masks/nd1S06845_Left 1038
masks/nd1S06845_Right 1039
masks/nd1S06851_Left 1040
masks/nd1S06851_Right 1041
masks/nd1S06858_Left 1042
masks/nd1S06858_Right 1043
masks/nd1S06862_Left 1044
masks/nd1S06862_Right 1045
masks/nd1S06865_Left 1046
masks/nd1S06865_Right 1047
masks/nd1S06871_Left 1048
masks/nd1S06871_Right 1049
masks/nd1S06872_Left 1050
masks/nd1S06872_Right 1051
masks/nd1S06877_Left 1052
masks/nd1S06877_Right 1053
masks/nd1S06879_Left 1054
masks/nd1S06879_Right 1055
masks/nd1S06880_Left 1056
masks/nd1S06880_Right 1057
masks/nd1S06889_Left 1058
masks/nd1S06889_Right 1059
masks/nd1S06903_Left 1060
masks/nd1S06903_Right 1061
masks/nd1S06919_Left 1062
masks/nd1S06919_Right 1063
masks/nd1S06924_Left 1064
masks/nd1S06924_Right 1065
masks/nd1S06934_Left 1066
masks/nd1S06934_Right 1067
masks/nd1S06942_Left 1068
masks/nd1S06942_Right 1069
masks/nd1S06946_Left 1070
masks/nd1S06946_Right 1071
masks/nd1S06947_Left 1072
masks/nd1S06947_Right 1073
masks/nd1S06961_Left 1074
masks/nd1S06961_Right 1075
masks/nd1S06964_Left 1076
masks/nd1S06964_Right 1077
masks/nd1S06974_Left 1078
masks/nd1S06974_Right 1079
masks/nd1S06976_Left 1080
masks/nd1S06976_Right 1081
masks/nd1S06983_Left 1082
masks/nd1S06983_Right 1083
masks/nd1S07002_Left 1084
masks/nd1S07002_Right 1085
masks/nd1S07005_Left 1086
masks/nd1S07005_Right 1087
masks/nd1S07009_Left 1088
masks/nd1S07009_Right 1089
masks/nd1S07017_Left 1090
masks/nd1S07017_Right 1091
masks/nd1S07029_Left 1092
masks/nd1S07029_Right 1093
masks/nd1S07030_Left 1094
masks/nd1S07030_Right 1095
masks/nd1S07039_Left 1096
masks/nd1S07039_Right 1097
masks/nd1S07045_Left 1098
masks/nd1S07045_Right 1099
masks/nd1S07050_Left 1100
masks/nd1S07050_Right 1101
masks/nd1S07058_Left 1102
masks/nd1S07058_Right 1103
Creating .rec file from /afs/crc.nd.edu/user/j/jporubci/Private/ArcIris2/test.lst in /afs/crc.nd.edu/user/j/jporubci/Private/ArcIris2
images/nd1S02463_Left 0
images/nd1S02463_Right 1
images/nd1S04202_Left 2
images/nd1S04202_Right 3
images/nd1S04203_Left 4
images/nd1S04203_Right 5
images/nd1S04214_Left 6
images/nd1S04214_Right 7
images/nd1S04221_Left 8
images/nd1S04221_Right 9
images/nd1S04225_Left 10
images/nd1S04225_Right 11
images/nd1S04233_Left 12
images/nd1S04233_Right 13
images/nd1S04239_Left 14
images/nd1S04239_Right 15
images/nd1S04252_Left 16
images/nd1S04252_Right 17
images/nd1S04267_Left 18
images/nd1S04267_Right 19
images/nd1S04284_Left 20
images/nd1S04284_Right 21
images/nd1S04286_Left 22
images/nd1S04286_Right 23
images/nd1S04297_Left 24
images/nd1S04297_Right 25
images/nd1S04301_Left 26
images/nd1S04301_Right 27
images/nd1S04302_Left 28
images/nd1S04302_Right 29
images/nd1S04309_Left 30
images/nd1S04309_Right 31
images/nd1S04311_Left 32
images/nd1S04311_Right 33
images/nd1S04312_Left 34
images/nd1S04312_Right 35
images/nd1S04313_Left 36
images/nd1S04313_Right 37
images/nd1S04322_Left 38
images/nd1S04322_Right 39
images/nd1S04324_Left 40
images/nd1S04324_Right 41
images/nd1S04336_Left 42
images/nd1S04336_Right 43
images/nd1S04338_Left 44
images/nd1S04338_Right 45
images/nd1S04341_Left 46
images/nd1S04341_Right 47
images/nd1S04343_Left 48
images/nd1S04343_Right 49
images/nd1S04347_Left 50
images/nd1S04347_Right 51
images/nd1S04349_Left 52
images/nd1S04349_Right 53
images/nd1S04361_Left 54
images/nd1S04361_Right 55
images/nd1S04370_Left 56
images/nd1S04370_Right 57
images/nd1S04372_Left 58
images/nd1S04372_Right 59
images/nd1S04379_Left 60
images/nd1S04379_Right 61
images/nd1S04385_Left 62
images/nd1S04385_Right 63
images/nd1S04387_Left 64
images/nd1S04387_Right 65
images/nd1S04388_Left 66
images/nd1S04388_Right 67
images/nd1S04394_Left 68
images/nd1S04394_Right 69
images/nd1S04397_Left 70
images/nd1S04397_Right 71
images/nd1S04400_Left 72
images/nd1S04400_Right 73
images/nd1S04404_Left 74
images/nd1S04404_Right 75
images/nd1S04407_Left 76
images/nd1S04407_Right 77
images/nd1S04408_Left 78
images/nd1S04408_Right 79
images/nd1S04418_Left 80
images/nd1S04418_Right 81
images/nd1S04419_Left 82
images/nd1S04419_Right 83
images/nd1S04427_Left 84
images/nd1S04427_Right 85
images/nd1S04429_Left 86
images/nd1S04429_Right 87
images/nd1S04434_Left 88
images/nd1S04434_Right 89
images/nd1S04435_Left 90
images/nd1S04435_Right 91
images/nd1S04440_Left 92
images/nd1S04440_Right 93
images/nd1S04444_Left 94
images/nd1S04444_Right 95
images/nd1S04446_Left 96
images/nd1S04446_Right 97
images/nd1S04447_Left 98
images/nd1S04447_Right 99
images/nd1S04449_Left 100
images/nd1S04449_Right 101
images/nd1S04451_Left 102
images/nd1S04451_Right 103
images/nd1S04453_Left 104
images/nd1S04453_Right 105
images/nd1S04456_Left 106
images/nd1S04456_Right 107
images/nd1S04459_Left 108
images/nd1S04459_Right 109
images/nd1S04461_Left 110
images/nd1S04461_Right 111
images/nd1S04463_Left 112
images/nd1S04463_Right 113
images/nd1S04470_Left 114
images/nd1S04470_Right 115
images/nd1S04471_Left 116
images/nd1S04471_Right 117
images/nd1S04472_Left 118
images/nd1S04472_Right 119
images/nd1S04473_Left 120
images/nd1S04473_Right 121
images/nd1S04475_Left 122
images/nd1S04475_Right 123
images/nd1S04476_Left 124
images/nd1S04476_Right 125
images/nd1S04477_Left 126
images/nd1S04477_Right 127
images/nd1S04481_Left 128
images/nd1S04481_Right 129
images/nd1S04485_Left 130
images/nd1S04485_Right 131
images/nd1S04488_Left 132
images/nd1S04488_Right 133
images/nd1S04493_Left 134
images/nd1S04493_Right 135
images/nd1S04496_Left 136
images/nd1S04496_Right 137
images/nd1S04502_Left 138
images/nd1S04502_Right 139
images/nd1S04504_Left 140
images/nd1S04504_Right 141
images/nd1S04505_Left 142
images/nd1S04505_Right 143
images/nd1S04506_Left 144
images/nd1S04506_Right 145
images/nd1S04507_Left 146
images/nd1S04507_Right 147
images/nd1S04509_Left 148
images/nd1S04509_Right 149
images/nd1S04511_Left 150
images/nd1S04511_Right 151
images/nd1S04512_Left 152
images/nd1S04512_Right 153
images/nd1S04513_Left 154
images/nd1S04513_Right 155
images/nd1S04514_Left 156
images/nd1S04514_Right 157
images/nd1S04531_Left 158
images/nd1S04531_Right 159
images/nd1S04535_Left 160
images/nd1S04535_Right 161
images/nd1S04537_Left 162
images/nd1S04537_Right 163
images/nd1S04553_Left 164
images/nd1S04553_Right 165
images/nd1S04556_Left 166
images/nd1S04556_Right 167
images/nd1S04557_Left 168
images/nd1S04557_Right 169
images/nd1S04560_Left 170
images/nd1S04560_Right 171
images/nd1S04578_Left 172
images/nd1S04578_Right 173
images/nd1S04581_Left 174
images/nd1S04581_Right 175
images/nd1S04588_Left 176
images/nd1S04588_Right 177
images/nd1S04589_Left 178
images/nd1S04589_Right 179
images/nd1S04593_Left 180
images/nd1S04593_Right 181
images/nd1S04596_Left 182
images/nd1S04596_Right 183
images/nd1S04597_Left 184
images/nd1S04597_Right 185
images/nd1S04603_Left 186
images/nd1S04603_Right 187
images/nd1S04621_Left 188
images/nd1S04621_Right 189
images/nd1S04622_Left 190
images/nd1S04622_Right 191
images/nd1S04626_Left 192
images/nd1S04626_Right 193
images/nd1S04629_Left 194
images/nd1S04629_Right 195
images/nd1S04632_Left 196
images/nd1S04632_Right 197
images/nd1S04633_Left 198
images/nd1S04633_Right 199
images/nd1S04634_Left 200
images/nd1S04634_Right 201
images/nd1S04647_Left 202
images/nd1S04647_Right 203
images/nd1S04649_Left 204
images/nd1S04649_Right 205
images/nd1S04662_Left 206
images/nd1S04662_Right 207
images/nd1S04667_Left 208
images/nd1S04667_Right 209
images/nd1S04670_Left 210
images/nd1S04670_Right 211
images/nd1S04682_Left 212
images/nd1S04682_Right 213
images/nd1S04683_Left 214
images/nd1S04683_Right 215
images/nd1S04684_Left 216
images/nd1S04684_Right 217
images/nd1S04689_Left 218
images/nd1S04689_Right 219
images/nd1S04695_Left 220
images/nd1S04695_Right 221
images/nd1S04697_Left 222
images/nd1S04697_Right 223
images/nd1S04699_Left 224
images/nd1S04699_Right 225
images/nd1S04701_Left 226
images/nd1S04701_Right 227
images/nd1S04702_Left 228
images/nd1S04702_Right 229
images/nd1S04705_Left 230
images/nd1S04705_Right 231
images/nd1S04709_Left 232
images/nd1S04709_Right 233
images/nd1S04711_Left 234
images/nd1S04711_Right 235
images/nd1S04712_Left 236
images/nd1S04712_Right 237
images/nd1S04715_Left 238
images/nd1S04715_Right 239
images/nd1S04716_Left 240
images/nd1S04716_Right 241
images/nd1S04724_Left 242
images/nd1S04724_Right 243
images/nd1S04725_Left 244
images/nd1S04725_Right 245
images/nd1S04727_Left 246
images/nd1S04727_Right 247
images/nd1S04728_Left 248
images/nd1S04728_Right 249
images/nd1S04730_Left 250
images/nd1S04730_Right 251
images/nd1S04732_Left 252
images/nd1S04732_Right 253
images/nd1S04737_Left 254
images/nd1S04737_Right 255
images/nd1S04738_Left 256
images/nd1S04738_Right 257
images/nd1S04743_Left 258
images/nd1S04743_Right 259
images/nd1S04747_Left 260
images/nd1S04747_Right 261
images/nd1S04748_Left 262
images/nd1S04748_Right 263
images/nd1S04749_Left 264
images/nd1S04749_Right 265
images/nd1S04754_Left 266
images/nd1S04754_Right 267
images/nd1S04757_Left 268
images/nd1S04757_Right 269
images/nd1S04758_Left 270
images/nd1S04758_Right 271
images/nd1S04760_Left 272
images/nd1S04760_Right 273
images/nd1S04762_Left 274
images/nd1S04762_Right 275
images/nd1S04763_Left 276
images/nd1S04763_Right 277
images/nd1S04765_Left 278
images/nd1S04765_Right 279
images/nd1S04768_Left 280
images/nd1S04768_Right 281
images/nd1S04772_Left 282
images/nd1S04772_Right 283
images/nd1S04775_Left 284
images/nd1S04775_Right 285
images/nd1S04777_Left 286
images/nd1S04777_Right 287
images/nd1S04778_Left 288
images/nd1S04778_Right 289
images/nd1S04782_Left 290
images/nd1S04782_Right 291
images/nd1S04785_Left 292
images/nd1S04785_Right 293
images/nd1S04786_Left 294
images/nd1S04786_Right 295
images/nd1S04790_Left 296
images/nd1S04790_Right 297
images/nd1S04796_Left 298
images/nd1S04796_Right 299
images/nd1S04798_Left 300
images/nd1S04798_Right 301
images/nd1S04803_Left 302
images/nd1S04803_Right 303
images/nd1S04811_Left 304
images/nd1S04811_Right 305
images/nd1S04812_Left 306
images/nd1S04812_Right 307
images/nd1S04813_Left 308
images/nd1S04813_Right 309
images/nd1S04815_Left 310
images/nd1S04815_Right 311
images/nd1S04816_Left 312
images/nd1S04816_Right 313
images/nd1S04821_Left 314
images/nd1S04821_Right 315
images/nd1S04822_Left 316
images/nd1S04822_Right 317
images/nd1S04827_Left 318
images/nd1S04827_Right 319
images/nd1S04830_Left 320
images/nd1S04830_Right 321
images/nd1S04833_Left 322
images/nd1S04833_Right 323
images/nd1S04840_Left 324
images/nd1S04840_Right 325
images/nd1S04841_Left 326
images/nd1S04841_Right 327
images/nd1S04842_Left 328
images/nd1S04842_Right 329
images/nd1S04843_Left 330
images/nd1S04843_Right 331
images/nd1S04846_Left 332
images/nd1S04846_Right 333
images/nd1S04848_Left 334
images/nd1S04848_Right 335
images/nd1S04849_Left 336
images/nd1S04849_Right 337
images/nd1S04850_Left 338
images/nd1S04850_Right 339
images/nd1S04853_Left 340
images/nd1S04853_Right 341
images/nd1S04854_Left 342
images/nd1S04854_Right 343
images/nd1S04859_Left 344
images/nd1S04859_Right 345
images/nd1S04860_Left 346
images/nd1S04860_Right 347
images/nd1S04861_Left 348
images/nd1S04861_Right 349
images/nd1S04863_Left 350
images/nd1S04863_Right 351
images/nd1S04866_Left 352
images/nd1S04866_Right 353
images/nd1S04868_Left 354
images/nd1S04868_Right 355
images/nd1S04873_Left 356
images/nd1S04873_Right 357
images/nd1S04877_Left 358
images/nd1S04877_Right 359
images/nd1S04878_Left 360
images/nd1S04878_Right 361
images/nd1S04880_Left 362
images/nd1S04880_Right 363
images/nd1S04881_Left 364
images/nd1S04881_Right 365
images/nd1S04882_Left 366
images/nd1S04882_Right 367
images/nd1S04883_Left 368
images/nd1S04883_Right 369
images/nd1S04884_Left 370
images/nd1S04884_Right 371
images/nd1S04888_Left 372
images/nd1S04888_Right 373
images/nd1S04890_Left 374
images/nd1S04890_Right 375
images/nd1S04891_Left 376
images/nd1S04891_Right 377
images/nd1S04892_Left 378
images/nd1S04892_Right 379
images/nd1S04893_Left 380
images/nd1S04893_Right 381
images/nd1S04894_Left 382
images/nd1S04894_Right 383
images/nd1S04896_Left 384
images/nd1S04896_Right 385
images/nd1S04898_Left 386
images/nd1S04898_Right 387
images/nd1S04899_Left 388
images/nd1S04899_Right 389
images/nd1S04900_Left 390
images/nd1S04900_Right 391
images/nd1S04901_Left 392
images/nd1S04901_Right 393
images/nd1S04902_Left 394
images/nd1S04902_Right 395
images/nd1S04903_Left 396
images/nd1S04903_Right 397
images/nd1S04904_Left 398
images/nd1S04904_Right 399
images/nd1S04907_Left 400
images/nd1S04907_Right 401
images/nd1S04911_Left 402
images/nd1S04911_Right 403
images/nd1S04913_Left 404
images/nd1S04913_Right 405
images/nd1S04916_Left 406
images/nd1S04916_Right 407
images/nd1S04917_Left 408
images/nd1S04917_Right 409
images/nd1S04921_Left 410
images/nd1S04921_Right 411
images/nd1S04935_Left 412
images/nd1S04935_Right 413
images/nd1S04975_Left 414
images/nd1S04975_Right 415
images/nd1S05011_Left 416
images/nd1S05011_Right 417
images/nd1S05015_Left 418
images/nd1S05015_Right 419
images/nd1S05027_Left 420
images/nd1S05027_Right 421
images/nd1S05028_Left 422
images/nd1S05028_Right 423
images/nd1S05044_Left 424
images/nd1S05044_Right 425
images/nd1S05052_Left 426
images/nd1S05052_Right 427
images/nd1S05053_Left 428
images/nd1S05053_Right 429
images/nd1S05129_Left 430
images/nd1S05129_Right 431
images/nd1S05155_Left 432
images/nd1S05155_Right 433
images/nd1S05156_Left 434
images/nd1S05156_Right 435
images/nd1S05165_Left 436
images/nd1S05165_Right 437
images/nd1S05175_Left 438
images/nd1S05175_Right 439
images/nd1S05176_Left 440
images/nd1S05176_Right 441
images/nd1S05179_Left 442
images/nd1S05179_Right 443
images/nd1S05186_Left 444
images/nd1S05186_Right 445
images/nd1S05191_Left 446
images/nd1S05191_Right 447
images/nd1S05204_Left 448
images/nd1S05204_Right 449
images/nd1S05213_Left 450
images/nd1S05213_Right 451
images/nd1S05215_Left 452
images/nd1S05215_Right 453
images/nd1S05227_Left 454
images/nd1S05227_Right 455
images/nd1S05233_Left 456
images/nd1S05233_Right 457
images/nd1S05248_Left 458
images/nd1S05248_Right 459
images/nd1S05249_Left 460
images/nd1S05249_Right 461
images/nd1S05256_Left 462
images/nd1S05256_Right 463
images/nd1S05260_Left 464
images/nd1S05260_Right 465
images/nd1S05275_Left 466
images/nd1S05275_Right 467
images/nd1S05279_Left 468
images/nd1S05279_Right 469
images/nd1S05280_Left 470
images/nd1S05280_Right 471
images/nd1S05283_Left 472
images/nd1S05283_Right 473
images/nd1S05284_Left 474
images/nd1S05284_Right 475
images/nd1S05286_Left 476
images/nd1S05286_Right 477
images/nd1S05288_Left 478
images/nd1S05288_Right 479
images/nd1S05289_Left 480
images/nd1S05289_Right 481
images/nd1S05292_Left 482
images/nd1S05292_Right 483
images/nd1S05293_Left 484
images/nd1S05293_Right 485
images/nd1S05297_Left 486
images/nd1S05297_Right 487
images/nd1S05298_Left 488
images/nd1S05298_Right 489
images/nd1S05300_Left 490
images/nd1S05300_Right 491
images/nd1S05301_Left 492
images/nd1S05301_Right 493
images/nd1S05302_Left 494
images/nd1S05302_Right 495
images/nd1S05303_Left 496
images/nd1S05303_Right 497
images/nd1S05304_Left 498
images/nd1S05304_Right 499
images/nd1S05305_Left 500
images/nd1S05305_Right 501
images/nd1S05310_Left 502
images/nd1S05310_Right 503
images/nd1S05312_Left 504
images/nd1S05312_Right 505
images/nd1S05314_Left 506
images/nd1S05314_Right 507
images/nd1S05317_Left 508
images/nd1S05317_Right 509
images/nd1S05318_Left 510
images/nd1S05318_Right 511
images/nd1S05320_Left 512
images/nd1S05320_Right 513
images/nd1S05321_Left 514
images/nd1S05321_Right 515
images/nd1S05324_Left 516
images/nd1S05324_Right 517
images/nd1S05337_Left 518
images/nd1S05337_Right 519
images/nd1S05338_Left 520
images/nd1S05338_Right 521
images/nd1S05340_Left 522
images/nd1S05340_Right 523
images/nd1S05341_Left 524
images/nd1S05341_Right 525
images/nd1S05342_Left 526
images/nd1S05342_Right 527
images/nd1S05344_Left 528
images/nd1S05344_Right 529
images/nd1S05355_Left 530
images/nd1S05355_Right 531
images/nd1S05364_Left 532
images/nd1S05364_Right 533
images/nd1S05367_Left 534
images/nd1S05367_Right 535
images/nd1S05368_Left 536
images/nd1S05368_Right 537
images/nd1S05369_Left 538
images/nd1S05369_Right 539
images/nd1S05373_Left 540
images/nd1S05373_Right 541
images/nd1S05374_Left 542
images/nd1S05374_Right 543
images/nd1S05375_Left 544
images/nd1S05375_Right 545
images/nd1S05379_Left 546
images/nd1S05379_Right 547
images/nd1S05380_Left 548
images/nd1S05380_Right 549
images/nd1S05382_Left 550
images/nd1S05382_Right 551
images/nd1S05383_Left 552
images/nd1S05383_Right 553
images/nd1S05386_Left 554
images/nd1S05386_Right 555
images/nd1S05389_Left 556
images/nd1S05389_Right 557
images/nd1S05392_Left 558
images/nd1S05392_Right 559
images/nd1S05393_Left 560
images/nd1S05393_Right 561
images/nd1S05394_Left 562
images/nd1S05394_Right 563
images/nd1S05396_Left 564
images/nd1S05396_Right 565
images/nd1S05399_Left 566
images/nd1S05399_Right 567
images/nd1S05401_Left 568
images/nd1S05401_Right 569
images/nd1S05403_Left 570
images/nd1S05403_Right 571
images/nd1S05404_Left 572
images/nd1S05404_Right 573
images/nd1S05406_Left 574
images/nd1S05406_Right 575
images/nd1S05407_Left 576
images/nd1S05407_Right 577
images/nd1S05408_Left 578
images/nd1S05408_Right 579
images/nd1S05409_Left 580
images/nd1S05409_Right 581
images/nd1S05411_Left 582
images/nd1S05411_Right 583
images/nd1S05412_Left 584
images/nd1S05412_Right 585
images/nd1S05418_Left 586
images/nd1S05418_Right 587
images/nd1S05421_Left 588
images/nd1S05421_Right 589
images/nd1S05429_Left 590
images/nd1S05429_Right 591
images/nd1S05430_Left 592
images/nd1S05430_Right 593
images/nd1S05432_Left 594
images/nd1S05432_Right 595
images/nd1S05433_Left 596
images/nd1S05433_Right 597
images/nd1S05435_Left 598
images/nd1S05435_Right 599
images/nd1S05439_Left 600
images/nd1S05439_Right 601
images/nd1S05442_Left 602
images/nd1S05442_Right 603
images/nd1S05444_Left 604
images/nd1S05444_Right 605
images/nd1S05445_Left 606
images/nd1S05445_Right 607
images/nd1S05447_Left 608
images/nd1S05447_Right 609
images/nd1S05448_Left 610
images/nd1S05448_Right 611
images/nd1S05450_Left 612
images/nd1S05450_Right 613
images/nd1S05455_Left 614
images/nd1S05455_Right 615
images/nd1S05456_Left 616
images/nd1S05456_Right 617
images/nd1S05457_Left 618
images/nd1S05457_Right 619
images/nd1S05459_Left 620
images/nd1S05459_Right 621
images/nd1S05461_Left 622
images/nd1S05461_Right 623
images/nd1S05463_Left 624
images/nd1S05463_Right 625
images/nd1S05469_Left 626
images/nd1S05469_Right 627
images/nd1S05470_Left 628
images/nd1S05470_Right 629
images/nd1S05471_Left 630
images/nd1S05471_Right 631
images/nd1S05472_Left 632
images/nd1S05472_Right 633
images/nd1S05473_Left 634
images/nd1S05473_Right 635
images/nd1S05477_Left 636
images/nd1S05477_Right 637
images/nd1S05478_Left 638
images/nd1S05478_Right 639
images/nd1S05482_Left 640
images/nd1S05482_Right 641
images/nd1S05483_Left 642
images/nd1S05483_Right 643
images/nd1S05484_Left 644
images/nd1S05484_Right 645
images/nd1S05486_Left 646
images/nd1S05486_Right 647
images/nd1S05487_Left 648
images/nd1S05487_Right 649
images/nd1S05491_Left 650
images/nd1S05491_Right 651
images/nd1S05492_Left 652
images/nd1S05492_Right 653
images/nd1S05494_Left 654
images/nd1S05494_Right 655
images/nd1S05497_Left 656
images/nd1S05497_Right 657
images/nd1S05498_Left 658
images/nd1S05498_Right 659
images/nd1S05500_Left 660
images/nd1S05500_Right 661
images/nd1S05501_Left 662
images/nd1S05501_Right 663
images/nd1S05502_Left 664
images/nd1S05502_Right 665
images/nd1S05503_Left 666
images/nd1S05503_Right 667
images/nd1S05504_Left 668
images/nd1S05504_Right 669
images/nd1S05505_Left 670
images/nd1S05505_Right 671
images/nd1S05508_Left 672
images/nd1S05508_Right 673
images/nd1S05510_Left 674
images/nd1S05510_Right 675
images/nd1S05513_Left 676
images/nd1S05513_Right 677
images/nd1S05514_Left 678
images/nd1S05514_Right 679
images/nd1S05517_Left 680
images/nd1S05517_Right 681
images/nd1S05518_Left 682
images/nd1S05518_Right 683
images/nd1S05520_Left 684
images/nd1S05520_Right 685
images/nd1S05522_Left 686
images/nd1S05522_Right 687
images/nd1S05523_Left 688
images/nd1S05523_Right 689
images/nd1S05524_Left 690
images/nd1S05524_Right 691
images/nd1S05525_Left 692
images/nd1S05525_Right 693
images/nd1S05526_Left 694
images/nd1S05526_Right 695
images/nd1S05528_Left 696
images/nd1S05528_Right 697
images/nd1S05530_Left 698
images/nd1S05530_Right 699
images/nd1S05531_Left 700
images/nd1S05531_Right 701
images/nd1S05532_Left 702
images/nd1S05532_Right 703
images/nd1S05534_Left 704
images/nd1S05534_Right 705
images/nd1S05535_Left 706
images/nd1S05535_Right 707
images/nd1S05536_Left 708
images/nd1S05536_Right 709
images/nd1S05537_Left 710
images/nd1S05537_Right 711
images/nd1S05539_Left 712
images/nd1S05539_Right 713
images/nd1S05540_Left 714
images/nd1S05540_Right 715
images/nd1S05541_Left 716
images/nd1S05541_Right 717
images/nd1S05542_Left 718
images/nd1S05542_Right 719
images/nd1S05543_Left 720
images/nd1S05543_Right 721
images/nd1S05545_Left 722
images/nd1S05545_Right 723
images/nd1S05547_Left 724
images/nd1S05547_Right 725
images/nd1S05555_Left 726
images/nd1S05555_Right 727
images/nd1S05557_Left 728
images/nd1S05557_Right 729
images/nd1S05558_Left 730
images/nd1S05558_Right 731
images/nd1S05559_Left 732
images/nd1S05559_Right 733
images/nd1S05560_Left 734
images/nd1S05560_Right 735
images/nd1S05561_Left 736
images/nd1S05561_Right 737
images/nd1S05564_Left 738
images/nd1S05564_Right 739
images/nd1S05565_Left 740
images/nd1S05565_Right 741
images/nd1S05567_Left 742
images/nd1S05567_Right 743
images/nd1S05568_Left 744
images/nd1S05568_Right 745
images/nd1S05570_Left 746
images/nd1S05570_Right 747
images/nd1S05576_Left 748
images/nd1S05576_Right 749
images/nd1S05577_Left 750
images/nd1S05577_Right 751
images/nd1S05582_Left 752
images/nd1S05582_Right 753
images/nd1S05585_Left 754
images/nd1S05585_Right 755
images/nd1S05587_Left 756
images/nd1S05587_Right 757
images/nd1S05594_Left 758
images/nd1S05594_Right 759
images/nd1S05596_Left 760
images/nd1S05596_Right 761
images/nd1S05597_Left 762
images/nd1S05597_Right 763
images/nd1S05598_Left 764
images/nd1S05598_Right 765
images/nd1S05600_Left 766
images/nd1S05600_Right 767
images/nd1S05601_Left 768
images/nd1S05601_Right 769
images/nd1S05603_Left 770
images/nd1S05603_Right 771
images/nd1S05605_Left 772
images/nd1S05605_Right 773
images/nd1S05608_Left 774
images/nd1S05608_Right 775
images/nd1S05609_Left 776
images/nd1S05609_Right 777
images/nd1S05610_Left 778
images/nd1S05610_Right 779
images/nd1S05611_Left 780
images/nd1S05611_Right 781
images/nd1S05612_Left 782
images/nd1S05612_Right 783
images/nd1S05614_Left 784
images/nd1S05614_Right 785
images/nd1S05615_Left 786
images/nd1S05615_Right 787
images/nd1S05616_Left 788
images/nd1S05616_Right 789
images/nd1S05617_Left 790
images/nd1S05617_Right 791
images/nd1S05618_Left 792
images/nd1S05618_Right 793
images/nd1S05619_Left 794
images/nd1S05619_Right 795
images/nd1S05621_Left 796
images/nd1S05621_Right 797
images/nd1S05622_Left 798
images/nd1S05622_Right 799
images/nd1S05623_Left 800
images/nd1S05623_Right 801
images/nd1S05624_Left 802
images/nd1S05624_Right 803
images/nd1S05627_Left 804
images/nd1S05627_Right 805
images/nd1S05628_Left 806
images/nd1S05628_Right 807
images/nd1S05629_Left 808
images/nd1S05629_Right 809
images/nd1S05630_Left 810
images/nd1S05630_Right 811
images/nd1S05634_Left 812
images/nd1S05634_Right 813
images/nd1S05635_Left 814
images/nd1S05635_Right 815
images/nd1S05636_Left 816
images/nd1S05636_Right 817
images/nd1S05638_Left 818
images/nd1S05638_Right 819
images/nd1S05639_Left 820
images/nd1S05639_Right 821
images/nd1S05641_Left 822
images/nd1S05641_Right 823
images/nd1S05642_Left 824
images/nd1S05642_Right 825
images/nd1S05644_Left 826
images/nd1S05644_Right 827
images/nd1S05645_Left 828
images/nd1S05645_Right 829
images/nd1S05647_Left 830
images/nd1S05647_Right 831
images/nd1S05648_Left 832
images/nd1S05648_Right 833
images/nd1S05649_Left 834
images/nd1S05649_Right 835
images/nd1S05651_Left 836
images/nd1S05651_Right 837
images/nd1S05652_Left 838
images/nd1S05652_Right 839
images/nd1S05653_Left 840
images/nd1S05653_Right 841
images/nd1S05654_Left 842
images/nd1S05654_Right 843
images/nd1S05655_Left 844
images/nd1S05655_Right 845
images/nd1S05656_Left 846
images/nd1S05656_Right 847
images/nd1S05658_Left 848
images/nd1S05658_Right 849
images/nd1S05659_Left 850
images/nd1S05659_Right 851
images/nd1S05661_Left 852
images/nd1S05661_Right 853
images/nd1S05662_Left 854
images/nd1S05662_Right 855
images/nd1S05663_Left 856
images/nd1S05663_Right 857
images/nd1S05665_Left 858
images/nd1S05665_Right 859
images/nd1S05667_Left 860
images/nd1S05667_Right 861
images/nd1S05670_Left 862
images/nd1S05670_Right 863
images/nd1S05671_Left 864
images/nd1S05671_Right 865
images/nd1S05672_Left 866
images/nd1S05672_Right 867
images/nd1S05673_Left 868
images/nd1S05673_Right 869
images/nd1S05674_Left 870
images/nd1S05674_Right 871
images/nd1S05675_Left 872
images/nd1S05675_Right 873
images/nd1S05677_Left 874
images/nd1S05677_Right 875
images/nd1S05678_Left 876
images/nd1S05678_Right 877
images/nd1S05679_Left 878
images/nd1S05679_Right 879
images/nd1S05681_Left 880
images/nd1S05681_Right 881
images/nd1S05683_Left 882
images/nd1S05683_Right 883
images/nd1S05687_Left 884
images/nd1S05687_Right 885
images/nd1S05690_Left 886
images/nd1S05690_Right 887
images/nd1S05691_Left 888
images/nd1S05691_Right 889
images/nd1S05694_Left 890
images/nd1S05694_Right 891
images/nd1S05695_Left 892
images/nd1S05695_Right 893
images/nd1S05697_Left 894
images/nd1S05697_Right 895
images/nd1S05700_Left 896
images/nd1S05700_Right 897
images/nd1S05703_Left 898
images/nd1S05703_Right 899
images/nd1S05704_Left 900
images/nd1S05704_Right 901
images/nd1S05707_Left 902
images/nd1S05707_Right 903
images/nd1S05708_Left 904
images/nd1S05708_Right 905
images/nd1S05710_Left 906
images/nd1S05710_Right 907
images/nd1S05712_Left 908
images/nd1S05712_Right 909
images/nd1S05713_Left 910
images/nd1S05713_Right 911
images/nd1S05714_Left 912
images/nd1S05714_Right 913
images/nd1S05715_Left 914
images/nd1S05715_Right 915
images/nd1S05717_Left 916
images/nd1S05717_Right 917
images/nd1S05719_Left 918
images/nd1S05719_Right 919
images/nd1S05720_Left 920
images/nd1S05720_Right 921
images/nd1S05723_Left 922
images/nd1S05723_Right 923
images/nd1S05725_Left 924
images/nd1S05725_Right 925
images/nd1S05729_Left 926
images/nd1S05729_Right 927
images/nd1S05730_Left 928
images/nd1S05730_Right 929
images/nd1S05731_Left 930
images/nd1S05731_Right 931
images/nd1S05732_Left 932
images/nd1S05732_Right 933
images/nd1S05733_Left 934
images/nd1S05733_Right 935
images/nd1S05734_Left 936
images/nd1S05734_Right 937
images/nd1S05735_Left 938
images/nd1S05735_Right 939
images/nd1S05737_Left 940
images/nd1S05737_Right 941
images/nd1S05740_Left 942
images/nd1S05740_Right 943
images/nd1S05742_Left 944
images/nd1S05742_Right 945
images/nd1S05743_Left 946
images/nd1S05743_Right 947
images/nd1S05745_Left 948
images/nd1S05745_Right 949
images/nd1S05746_Left 950
images/nd1S05746_Right 951
images/nd1S05749_Left 952
images/nd1S05749_Right 953
images/nd1S05750_Left 954
images/nd1S05750_Right 955
images/nd1S05751_Left 956
images/nd1S05751_Right 957
images/nd1S05752_Left 958
images/nd1S05752_Right 959
images/nd1S05753_Left 960
images/nd1S05753_Right 961
images/nd1S05754_Left 962
images/nd1S05754_Right 963
images/nd1S05756_Left 964
images/nd1S05756_Right 965
images/nd1S05757_Left 966
images/nd1S05757_Right 967
images/nd1S05760_Left 968
images/nd1S05760_Right 969
images/nd1S05761_Left 970
images/nd1S05761_Right 971
images/nd1S05762_Left 972
images/nd1S05762_Right 973
images/nd1S05763_Left 974
images/nd1S05763_Right 975
images/nd1S05764_Left 976
images/nd1S05764_Right 977
images/nd1S05765_Left 978
images/nd1S05765_Right 979
images/nd1S05766_Left 980
images/nd1S05766_Right 981
images/nd1S05768_Left 982
images/nd1S05768_Right 983
images/nd1S05769_Left 984
images/nd1S05769_Right 985
images/nd1S05770_Left 986
images/nd1S05770_Right 987
images/nd1S05771_Left 988
images/nd1S05771_Right 989
images/nd1S05775_Left 990
images/nd1S05775_Right 991
images/nd1S05780_Left 992
images/nd1S05780_Right 993
images/nd1S05783_Left 994
images/nd1S05783_Right 995
images/nd1S05785_Left 996
images/nd1S05785_Right 997
images/nd1S05787_Left 998
images/nd1S05787_Right 999
images/nd1S05788_Left 1000
images/nd1S05788_Right 1001
images/nd1S05791_Left 1002
images/nd1S05791_Right 1003
images/nd1S05792_Left 1004
images/nd1S05792_Right 1005
images/nd1S05793_Left 1006
images/nd1S05793_Right 1007
images/nd1S05794_Left 1008
images/nd1S05794_Right 1009
images/nd1S05795_Left 1010
images/nd1S05795_Right 1011
images/nd1S05796_Left 1012
images/nd1S05796_Right 1013
images/nd1S05798_Left 1014
images/nd1S05798_Right 1015
images/nd1S05800_Left 1016
images/nd1S05800_Right 1017
images/nd1S05801_Left 1018
images/nd1S05801_Right 1019
images/nd1S05803_Left 1020
images/nd1S05803_Right 1021
images/nd1S05807_Left 1022
images/nd1S05807_Right 1023
images/nd1S05809_Left 1024
images/nd1S05809_Right 1025
images/nd1S05812_Left 1026
images/nd1S05812_Right 1027
images/nd1S05813_Left 1028
images/nd1S05813_Right 1029
images/nd1S05814_Left 1030
images/nd1S05814_Right 1031
images/nd1S05815_Left 1032
images/nd1S05815_Right 1033
images/nd1S05816_Left 1034
images/nd1S05816_Right 1035
images/nd1S05817_Left 1036
images/nd1S05817_Right 1037
images/nd1S05818_Left 1038
images/nd1S05818_Right 1039
images/nd1S05819_Left 1040
images/nd1S05819_Right 1041
images/nd1S05822_Left 1042
images/nd1S05822_Right 1043
images/nd1S05823_Left 1044
images/nd1S05823_Right 1045
images/nd1S05824_Left 1046
images/nd1S05824_Right 1047
images/nd1S05825_Left 1048
images/nd1S05825_Right 1049
images/nd1S05827_Left 1050
images/nd1S05827_Right 1051
images/nd1S05829_Left 1052
images/nd1S05829_Right 1053
images/nd1S05830_Left 1054
images/nd1S05830_Right 1055
images/nd1S05831_Left 1056
images/nd1S05831_Right 1057
images/nd1S05832_Left 1058
images/nd1S05832_Right 1059
images/nd1S05833_Left 1060
images/nd1S05833_Right 1061
images/nd1S05834_Left 1062
images/nd1S05834_Right 1063
images/nd1S05835_Left 1064
images/nd1S05835_Right 1065
images/nd1S05836_Left 1066
images/nd1S05836_Right 1067
images/nd1S05837_Left 1068
images/nd1S05837_Right 1069
images/nd1S05839_Left 1070
images/nd1S05839_Right 1071
images/nd1S05841_Left 1072
images/nd1S05841_Right 1073
images/nd1S05842_Left 1074
images/nd1S05842_Right 1075
images/nd1S05847_Left 1076
images/nd1S05847_Right 1077
images/nd1S05848_Left 1078
images/nd1S05848_Right 1079
images/nd1S05849_Left 1080
images/nd1S05849_Right 1081
images/nd1S05850_Left 1082
images/nd1S05850_Right 1083
images/nd1S05852_Left 1084
images/nd1S05852_Right 1085
images/nd1S05854_Left 1086
images/nd1S05854_Right 1087
images/nd1S05855_Left 1088
images/nd1S05855_Right 1089
images/nd1S05856_Left 1090
images/nd1S05856_Right 1091
images/nd1S05857_Left 1092
images/nd1S05857_Right 1093
images/nd1S05858_Left 1094
images/nd1S05858_Right 1095
images/nd1S05863_Left 1096
images/nd1S05863_Right 1097
images/nd1S05864_Left 1098
images/nd1S05864_Right 1099
images/nd1S05865_Left 1100
images/nd1S05865_Right 1101
images/nd1S05869_Left 1102
images/nd1S05869_Right 1103
images/nd1S05870_Left 1104
images/nd1S05870_Right 1105
images/nd1S05871_Left 1106
images/nd1S05871_Right 1107
images/nd1S05875_Left 1108
images/nd1S05875_Right 1109
images/nd1S05879_Left 1110
images/nd1S05879_Right 1111
images/nd1S05880_Left 1112
images/nd1S05880_Right 1113
images/nd1S05881_Left 1114
images/nd1S05881_Right 1115
images/nd1S05884_Left 1116
images/nd1S05884_Right 1117
images/nd1S05886_Left 1118
images/nd1S05886_Right 1119
images/nd1S05890_Left 1120
images/nd1S05890_Right 1121
images/nd1S05892_Left 1122
images/nd1S05892_Right 1123
images/nd1S05893_Left 1124
images/nd1S05893_Right 1125
images/nd1S05898_Left 1126
images/nd1S05898_Right 1127
images/nd1S05899_Left 1128
images/nd1S05899_Right 1129
images/nd1S05900_Left 1130
images/nd1S05900_Right 1131
images/nd1S05901_Left 1132
images/nd1S05901_Right 1133
images/nd1S05903_Left 1134
images/nd1S05903_Right 1135
images/nd1S05907_Left 1136
images/nd1S05907_Right 1137
images/nd1S05908_Left 1138
images/nd1S05908_Right 1139
images/nd1S05909_Left 1140
images/nd1S05909_Right 1141
images/nd1S05913_Left 1142
images/nd1S05913_Right 1143
images/nd1S05917_Left 1144
images/nd1S05917_Right 1145
images/nd1S05918_Left 1146
images/nd1S05918_Right 1147
images/nd1S05919_Left 1148
images/nd1S05919_Right 1149
images/nd1S05920_Left 1150
images/nd1S05920_Right 1151
images/nd1S05921_Left 1152
images/nd1S05921_Right 1153
images/nd1S05923_Left 1154
images/nd1S05923_Right 1155
images/nd1S05924_Left 1156
images/nd1S05924_Right 1157
images/nd1S05932_Left 1158
images/nd1S05932_Right 1159
images/nd1S05933_Left 1160
images/nd1S05933_Right 1161
images/nd1S05936_Left 1162
images/nd1S05936_Right 1163
images/nd1S05938_Left 1164
images/nd1S05938_Right 1165
images/nd1S05940_Left 1166
images/nd1S05940_Right 1167
images/nd1S05941_Left 1168
images/nd1S05941_Right 1169
images/nd1S05942_Left 1170
images/nd1S05942_Right 1171
images/nd1S05943_Left 1172
images/nd1S05943_Right 1173
images/nd1S05944_Left 1174
images/nd1S05944_Right 1175
images/nd1S05946_Left 1176
images/nd1S05946_Right 1177
images/nd1S05948_Left 1178
images/nd1S05948_Right 1179
images/nd1S05949_Left 1180
images/nd1S05949_Right 1181
images/nd1S05952_Left 1182
images/nd1S05952_Right 1183
images/nd1S05954_Left 1184
images/nd1S05954_Right 1185
images/nd1S05957_Left 1186
images/nd1S05957_Right 1187
images/nd1S05958_Left 1188
images/nd1S05958_Right 1189
images/nd1S05963_Left 1190
images/nd1S05963_Right 1191
images/nd1S05966_Left 1192
images/nd1S05966_Right 1193
images/nd1S05974_Left 1194
images/nd1S05974_Right 1195
images/nd1S05993_Left 1196
images/nd1S05993_Right 1197
images/nd1S05999_Left 1198
images/nd1S05999_Right 1199
images/nd1S06000_Left 1200
images/nd1S06000_Right 1201
images/nd1S06001_Left 1202
images/nd1S06001_Right 1203
images/nd1S06002_Left 1204
images/nd1S06002_Right 1205
images/nd1S06003_Left 1206
images/nd1S06003_Right 1207
images/nd1S06004_Left 1208
images/nd1S06004_Right 1209
images/nd1S06005_Left 1210
images/nd1S06005_Right 1211
images/nd1S06007_Left 1212
images/nd1S06007_Right 1213
images/nd1S06009_Left 1214
images/nd1S06009_Right 1215
images/nd1S06012_Left 1216
images/nd1S06012_Right 1217
images/nd1S06014_Left 1218
images/nd1S06014_Right 1219
images/nd1S06015_Left 1220
images/nd1S06015_Right 1221
images/nd1S06016_Left 1222
images/nd1S06016_Right 1223
images/nd1S06017_Left 1224
images/nd1S06017_Right 1225
images/nd1S06019_Left 1226
images/nd1S06019_Right 1227
images/nd1S06021_Left 1228
images/nd1S06021_Right 1229
images/nd1S06022_Left 1230
images/nd1S06022_Right 1231
images/nd1S06023_Left 1232
images/nd1S06023_Right 1233
images/nd1S06026_Left 1234
images/nd1S06026_Right 1235
images/nd1S06028_Left 1236
images/nd1S06028_Right 1237
images/nd1S06029_Left 1238
images/nd1S06029_Right 1239
images/nd1S06031_Left 1240
images/nd1S06031_Right 1241
images/nd1S06032_Left 1242
images/nd1S06032_Right 1243
images/nd1S06033_Left 1244
images/nd1S06033_Right 1245
images/nd1S06034_Left 1246
images/nd1S06034_Right 1247
images/nd1S06035_Left 1248
images/nd1S06035_Right 1249
images/nd1S06036_Left 1250
images/nd1S06036_Right 1251
images/nd1S06037_Left 1252
images/nd1S06037_Right 1253
images/nd1S06039_Left 1254
images/nd1S06039_Right 1255
images/nd1S06040_Left 1256
images/nd1S06040_Right 1257
images/nd1S06041_Left 1258
images/nd1S06041_Right 1259
images/nd1S06043_Left 1260
images/nd1S06043_Right 1261
images/nd1S06044_Left 1262
images/nd1S06044_Right 1263
images/nd1S06045_Left 1264
images/nd1S06045_Right 1265
images/nd1S06046_Left 1266
images/nd1S06046_Right 1267
images/nd1S06050_Left 1268
images/nd1S06050_Right 1269
images/nd1S06051_Left 1270
images/nd1S06051_Right 1271
images/nd1S06052_Left 1272
images/nd1S06052_Right 1273
images/nd1S06053_Left 1274
images/nd1S06053_Right 1275
images/nd1S06055_Left 1276
images/nd1S06055_Right 1277
images/nd1S06056_Left 1278
images/nd1S06056_Right 1279
images/nd1S06057_Left 1280
images/nd1S06057_Right 1281
images/nd1S06059_Left 1282
images/nd1S06059_Right 1283
images/nd1S06061_Left 1284
images/nd1S06061_Right 1285
images/nd1S06063_Left 1286
images/nd1S06063_Right 1287
images/nd1S06065_Left 1288
images/nd1S06065_Right 1289
images/nd1S06066_Left 1290
images/nd1S06066_Right 1291
images/nd1S06071_Left 1292
images/nd1S06071_Right 1293
images/nd1S06073_Left 1294
images/nd1S06073_Right 1295
images/nd1S06076_Left 1296
images/nd1S06076_Right 1297
images/nd1S06078_Left 1298
images/nd1S06078_Right 1299
images/nd1S06080_Left 1300
images/nd1S06080_Right 1301
images/nd1S06081_Left 1302
images/nd1S06081_Right 1303
images/nd1S06082_Left 1304
images/nd1S06082_Right 1305
images/nd1S06084_Left 1306
images/nd1S06084_Right 1307
images/nd1S06085_Left 1308
images/nd1S06085_Right 1309
images/nd1S06086_Left 1310
images/nd1S06086_Right 1311
images/nd1S06088_Left 1312
images/nd1S06088_Right 1313
images/nd1S06091_Left 1314
images/nd1S06091_Right 1315
images/nd1S06093_Left 1316
images/nd1S06093_Right 1317
images/nd1S06096_Left 1318
images/nd1S06096_Right 1319
images/nd1S06097_Left 1320
images/nd1S06097_Right 1321
images/nd1S06098_Left 1322
images/nd1S06098_Right 1323
images/nd1S06100_Left 1324
images/nd1S06100_Right 1325
images/nd1S06101_Left 1326
images/nd1S06101_Right 1327
images/nd1S06102_Left 1328
images/nd1S06102_Right 1329
images/nd1S06103_Left 1330
images/nd1S06103_Right 1331
images/nd1S06106_Left 1332
images/nd1S06106_Right 1333
images/nd1S06107_Left 1334
images/nd1S06107_Right 1335
images/nd1S06109_Left 1336
images/nd1S06109_Right 1337
images/nd1S06110_Left 1338
images/nd1S06110_Right 1339
images/nd1S06111_Left 1340
images/nd1S06111_Right 1341
images/nd1S06112_Left 1342
images/nd1S06112_Right 1343
images/nd1S06113_Left 1344
images/nd1S06113_Right 1345
images/nd1S06114_Left 1346
images/nd1S06114_Right 1347
images/nd1S06115_Left 1348
images/nd1S06115_Right 1349
images/nd1S06116_Left 1350
images/nd1S06116_Right 1351
images/nd1S06117_Left 1352
images/nd1S06118_Left 1353
images/nd1S06118_Right 1354
images/nd1S06121_Left 1355
images/nd1S06121_Right 1356
images/nd1S06122_Left 1357
images/nd1S06122_Right 1358
images/nd1S06123_Left 1359
images/nd1S06123_Right 1360
images/nd1S06125_Left 1361
images/nd1S06125_Right 1362
images/nd1S06127_Left 1363
images/nd1S06127_Right 1364
images/nd1S06129_Left 1365
images/nd1S06129_Right 1366
images/nd1S06131_Left 1367
images/nd1S06131_Right 1368
images/nd1S06134_Left 1369
images/nd1S06134_Right 1370
images/nd1S06136_Left 1371
images/nd1S06136_Right 1372
images/nd1S06139_Left 1373
images/nd1S06139_Right 1374
images/nd1S06142_Left 1375
images/nd1S06142_Right 1376
images/nd1S06145_Left 1377
images/nd1S06145_Right 1378
images/nd1S06151_Left 1379
images/nd1S06151_Right 1380
images/nd1S06166_Left 1381
images/nd1S06166_Right 1382
images/nd1S06167_Left 1383
images/nd1S06167_Right 1384
images/nd1S06168_Left 1385
images/nd1S06168_Right 1386
images/nd1S06172_Left 1387
images/nd1S06172_Right 1388
images/nd1S06174_Left 1389
images/nd1S06174_Right 1390
images/nd1S06177_Left 1391
images/nd1S06177_Right 1392
images/nd1S06181_Left 1393
images/nd1S06181_Right 1394
images/nd1S06182_Left 1395
images/nd1S06182_Right 1396
images/nd1S06184_Left 1397
images/nd1S06184_Right 1398
images/nd1S06185_Left 1399
images/nd1S06185_Right 1400
images/nd1S06187_Left 1401
images/nd1S06187_Right 1402
images/nd1S06189_Left 1403
images/nd1S06189_Right 1404
images/nd1S06190_Left 1405
images/nd1S06190_Right 1406
images/nd1S06191_Left 1407
images/nd1S06191_Right 1408
images/nd1S06193_Left 1409
images/nd1S06193_Right 1410
images/nd1S06195_Left 1411
images/nd1S06195_Right 1412
images/nd1S06196_Left 1413
images/nd1S06196_Right 1414
images/nd1S06197_Left 1415
images/nd1S06197_Right 1416
images/nd1S06198_Left 1417
images/nd1S06198_Right 1418
images/nd1S06200_Left 1419
images/nd1S06200_Right 1420
images/nd1S06206_Left 1421
images/nd1S06206_Right 1422
images/nd1S06211_Left 1423
images/nd1S06211_Right 1424
images/nd1S06212_Left 1425
images/nd1S06212_Right 1426
images/nd1S06213_Left 1427
images/nd1S06213_Right 1428
images/nd1S06214_Left 1429
images/nd1S06214_Right 1430
images/nd1S06215_Left 1431
images/nd1S06215_Right 1432
images/nd1S06216_Left 1433
images/nd1S06216_Right 1434
images/nd1S06221_Left 1435
images/nd1S06221_Right 1436
images/nd1S06225_Left 1437
images/nd1S06225_Right 1438
images/nd1S06226_Left 1439
images/nd1S06226_Right 1440
images/nd1S06227_Left 1441
images/nd1S06227_Right 1442
images/nd1S06228_Left 1443
images/nd1S06228_Right 1444
images/nd1S06230_Left 1445
images/nd1S06230_Right 1446
images/nd1S06232_Left 1447
images/nd1S06232_Right 1448
images/nd1S06233_Left 1449
images/nd1S06233_Right 1450
images/nd1S06234_Left 1451
images/nd1S06234_Right 1452
images/nd1S06237_Left 1453
images/nd1S06237_Right 1454
images/nd1S06238_Left 1455
images/nd1S06238_Right 1456
images/nd1S06240_Left 1457
images/nd1S06240_Right 1458
images/nd1S06242_Left 1459
images/nd1S06242_Right 1460
images/nd1S06245_Left 1461
images/nd1S06245_Right 1462
images/nd1S06246_Left 1463
images/nd1S06246_Right 1464
images/nd1S06249_Left 1465
images/nd1S06249_Right 1466
images/nd1S06250_Left 1467
images/nd1S06250_Right 1468
images/nd1S06251_Left 1469
images/nd1S06251_Right 1470
images/nd1S06252_Left 1471
images/nd1S06252_Right 1472
images/nd1S06256_Left 1473
images/nd1S06256_Right 1474
images/nd1S06257_Left 1475
images/nd1S06257_Right 1476
images/nd1S06260_Left 1477
images/nd1S06260_Right 1478
images/nd1S06266_Left 1479
images/nd1S06266_Right 1480
images/nd1S06267_Left 1481
images/nd1S06267_Right 1482
images/nd1S06269_Left 1483
images/nd1S06269_Right 1484
images/nd1S06278_Left 1485
images/nd1S06278_Right 1486
images/nd1S06296_Left 1487
images/nd1S06296_Right 1488
images/nd1S06300_Left 1489
images/nd1S06300_Right 1490
images/nd1S06317_Left 1491
images/nd1S06317_Right 1492
images/nd1S06319_Left 1493
images/nd1S06319_Right 1494
images/nd1S06321_Left 1495
images/nd1S06321_Right 1496
images/nd1S06345_Left 1497
images/nd1S06345_Right 1498
images/nd1S06353_Left 1499
images/nd1S06353_Right 1500
images/nd1S06354_Left 1501
images/nd1S06354_Right 1502
images/nd1S06355_Left 1503
images/nd1S06355_Right 1504
images/nd1S06359_Left 1505
images/nd1S06359_Right 1506
images/nd1S06361_Left 1507
images/nd1S06361_Right 1508
images/nd1S06364_Left 1509
images/nd1S06364_Right 1510
images/nd1S06366_Left 1511
images/nd1S06366_Right 1512
images/nd1S06370_Left 1513
images/nd1S06370_Right 1514
images/nd1S06377_Left 1515
images/nd1S06377_Right 1516
images/nd1S06384_Left 1517
images/nd1S06384_Right 1518
images/nd1S06391_Left 1519
images/nd1S06391_Right 1520
images/nd1S06395_Left 1521
images/nd1S06395_Right 1522
images/nd1S06406_Left 1523
images/nd1S06406_Right 1524
images/nd1S06412_Left 1525
images/nd1S06412_Right 1526
images/nd1S06413_Left 1527
images/nd1S06413_Right 1528
images/nd1S06416_Left 1529
images/nd1S06416_Right 1530
images/nd1S06417_Left 1531
images/nd1S06417_Right 1532
images/nd1S06423_Left 1533
images/nd1S06423_Right 1534
images/nd1S06426_Left 1535
images/nd1S06426_Right 1536
images/nd1S06427_Left 1537
images/nd1S06427_Right 1538
images/nd1S06437_Left 1539
images/nd1S06437_Right 1540
images/nd1S06444_Left 1541
images/nd1S06444_Right 1542
images/nd1S06452_Left 1543
images/nd1S06452_Right 1544
images/nd1S06459_Left 1545
images/nd1S06459_Right 1546
images/nd1S06474_Left 1547
images/nd1S06474_Right 1548
images/nd1S06482_Left 1549
images/nd1S06482_Right 1550
images/nd1S06484_Left 1551
images/nd1S06484_Right 1552
images/nd1S06485_Left 1553
images/nd1S06485_Right 1554
images/nd1S06486_Left 1555
images/nd1S06486_Right 1556
images/nd1S06493_Left 1557
images/nd1S06493_Right 1558
images/nd1S06495_Left 1559
images/nd1S06495_Right 1560
images/nd1S06496_Left 1561
images/nd1S06496_Right 1562
images/nd1S06503_Left 1563
images/nd1S06503_Right 1564
images/nd1S06505_Left 1565
images/nd1S06505_Right 1566
images/nd1S06513_Left 1567
images/nd1S06513_Right 1568
images/nd1S06515_Left 1569
images/nd1S06515_Right 1570
images/nd1S06516_Left 1571
images/nd1S06516_Right 1572
images/nd1S06517_Left 1573
images/nd1S06517_Right 1574
images/nd1S06537_Left 1575
images/nd1S06537_Right 1576
images/nd1S06539_Left 1577
images/nd1S06539_Right 1578
images/nd1S06547_Left 1579
images/nd1S06547_Right 1580
images/nd1S06550_Left 1581
images/nd1S06550_Right 1582
images/nd1S06551_Left 1583
images/nd1S06551_Right 1584
images/nd1S06552_Left 1585
images/nd1S06552_Right 1586
images/nd1S06557_Left 1587
images/nd1S06557_Right 1588
images/nd1S06560_Left 1589
images/nd1S06560_Right 1590
images/nd1S06565_Left 1591
images/nd1S06565_Right 1592
images/nd1S06572_Left 1593
images/nd1S06572_Right 1594
images/nd1S06573_Left 1595
images/nd1S06573_Right 1596
images/nd1S06574_Left 1597
images/nd1S06574_Right 1598
images/nd1S06575_Left 1599
images/nd1S06575_Right 1600
images/nd1S06576_Left 1601
images/nd1S06576_Right 1602
images/nd1S06579_Left 1603
images/nd1S06579_Right 1604
images/nd1S06580_Left 1605
images/nd1S06580_Right 1606
images/nd1S06582_Left 1607
images/nd1S06582_Right 1608
images/nd1S06583_Left 1609
images/nd1S06583_Right 1610
images/nd1S06586_Left 1611
images/nd1S06586_Right 1612
images/nd1S06587_Left 1613
images/nd1S06587_Right 1614
images/nd1S06589_Left 1615
images/nd1S06589_Right 1616
images/nd1S06591_Left 1617
images/nd1S06591_Right 1618
images/nd1S06595_Left 1619
images/nd1S06595_Right 1620
images/nd1S06599_Left 1621
images/nd1S06599_Right 1622
images/nd1S06600_Left 1623
images/nd1S06600_Right 1624
images/nd1S06604_Left 1625
images/nd1S06604_Right 1626
images/nd1S06605_Left 1627
images/nd1S06605_Right 1628
images/nd1S06606_Left 1629
images/nd1S06606_Right 1630
images/nd1S06610_Left 1631
images/nd1S06610_Right 1632
images/nd1S06611_Left 1633
images/nd1S06611_Right 1634
images/nd1S06612_Left 1635
images/nd1S06612_Right 1636
images/nd1S06616_Left 1637
images/nd1S06616_Right 1638
images/nd1S06617_Left 1639
images/nd1S06617_Right 1640
images/nd1S06618_Left 1641
images/nd1S06618_Right 1642
images/nd1S06622_Left 1643
images/nd1S06622_Right 1644
images/nd1S06624_Left 1645
images/nd1S06624_Right 1646
images/nd1S06625_Left 1647
images/nd1S06625_Right 1648
images/nd1S06626_Left 1649
images/nd1S06626_Right 1650
images/nd1S06627_Left 1651
images/nd1S06627_Right 1652
images/nd1S06629_Left 1653
images/nd1S06629_Right 1654
images/nd1S06630_Left 1655
images/nd1S06630_Right 1656
images/nd1S06631_Left 1657
images/nd1S06631_Right 1658
images/nd1S06638_Left 1659
images/nd1S06638_Right 1660
images/nd1S06640_Left 1661
images/nd1S06640_Right 1662
images/nd1S06641_Left 1663
images/nd1S06641_Right 1664
images/nd1S06645_Left 1665
images/nd1S06645_Right 1666
images/nd1S06647_Left 1667
images/nd1S06647_Right 1668
images/nd1S06653_Left 1669
images/nd1S06653_Right 1670
images/nd1S06658_Left 1671
images/nd1S06658_Right 1672
images/nd1S06660_Left 1673
images/nd1S06660_Right 1674
images/nd1S06662_Left 1675
images/nd1S06662_Right 1676
images/nd1S06673_Left 1677
images/nd1S06673_Right 1678
images/nd1S06677_Left 1679
images/nd1S06677_Right 1680
images/nd1S06678_Left 1681
images/nd1S06678_Right 1682
images/nd1S06679_Left 1683
images/nd1S06679_Right 1684
images/nd1S06680_Left 1685
images/nd1S06680_Right 1686
images/nd1S06682_Left 1687
images/nd1S06682_Right 1688
images/nd1S06689_Left 1689
images/nd1S06689_Right 1690
images/nd1S06694_Left 1691
images/nd1S06694_Right 1692
images/nd1S06695_Left 1693
images/nd1S06695_Right 1694
images/nd1S06700_Left 1695
images/nd1S06700_Right 1696
images/nd1S06705_Left 1697
images/nd1S06705_Right 1698
images/nd1S06707_Left 1699
images/nd1S06707_Right 1700
images/nd1S06711_Left 1701
images/nd1S06711_Right 1702
images/nd1S06715_Left 1703
images/nd1S06715_Right 1704
images/nd1S06719_Left 1705
images/nd1S06719_Right 1706
images/nd1S06722_Left 1707
images/nd1S06722_Right 1708
images/nd1S06723_Left 1709
images/nd1S06723_Right 1710
images/nd1S06725_Left 1711
images/nd1S06725_Right 1712
images/nd1S06726_Left 1713
images/nd1S06726_Right 1714
images/nd1S06730_Left 1715
images/nd1S06730_Right 1716
images/nd1S06731_Left 1717
images/nd1S06731_Right 1718
images/nd1S06732_Left 1719
images/nd1S06732_Right 1720
images/nd1S06733_Left 1721
images/nd1S06733_Right 1722
images/nd1S06737_Left 1723
images/nd1S06737_Right 1724
images/nd1S06740_Left 1725
images/nd1S06740_Right 1726
images/nd1S06741_Left 1727
images/nd1S06741_Right 1728
images/nd1S06744_Left 1729
images/nd1S06744_Right 1730
images/nd1S06745_Left 1731
images/nd1S06745_Right 1732
images/nd1S06746_Left 1733
images/nd1S06746_Right 1734
images/nd1S06747_Left 1735
images/nd1S06747_Right 1736
images/nd1S06748_Left 1737
images/nd1S06748_Right 1738
images/nd1S06750_Left 1739
images/nd1S06750_Right 1740
images/nd1S06751_Left 1741
images/nd1S06751_Right 1742
images/nd1S06752_Left 1743
images/nd1S06752_Right 1744
images/nd1S06754_Left 1745
images/nd1S06754_Right 1746
images/nd1S06756_Left 1747
images/nd1S06756_Right 1748
images/nd1S06757_Left 1749
images/nd1S06757_Right 1750
images/nd1S06758_Left 1751
images/nd1S06758_Right 1752
images/nd1S06759_Left 1753
images/nd1S06759_Right 1754
images/nd1S06760_Left 1755
images/nd1S06760_Right 1756
images/nd1S06761_Left 1757
images/nd1S06761_Right 1758
images/nd1S06762_Left 1759
images/nd1S06762_Right 1760
images/nd1S06764_Left 1761
images/nd1S06764_Right 1762
images/nd1S06767_Left 1763
images/nd1S06767_Right 1764
images/nd1S06768_Left 1765
images/nd1S06768_Right 1766
images/nd1S06769_Left 1767
images/nd1S06769_Right 1768
images/nd1S06770_Left 1769
images/nd1S06770_Right 1770
images/nd1S06772_Left 1771
images/nd1S06772_Right 1772
images/nd1S06773_Left 1773
images/nd1S06773_Right 1774
images/nd1S06774_Left 1775
images/nd1S06774_Right 1776
images/nd1S06775_Left 1777
images/nd1S06775_Right 1778
images/nd1S06776_Left 1779
images/nd1S06776_Right 1780
images/nd1S06777_Left 1781
images/nd1S06777_Right 1782
images/nd1S06778_Left 1783
images/nd1S06778_Right 1784
images/nd1S06779_Left 1785
images/nd1S06779_Right 1786
images/nd1S06780_Left 1787
images/nd1S06780_Right 1788
images/nd1S06781_Left 1789
images/nd1S06781_Right 1790
images/nd1S06782_Left 1791
images/nd1S06782_Right 1792
images/nd1S06783_Left 1793
images/nd1S06783_Right 1794
images/nd1S06785_Left 1795
images/nd1S06785_Right 1796
images/nd1S06786_Left 1797
images/nd1S06786_Right 1798
images/nd1S06787_Left 1799
images/nd1S06787_Right 1800
images/nd1S06791_Left 1801
images/nd1S06791_Right 1802
images/nd1S06792_Left 1803
images/nd1S06792_Right 1804
images/nd1S06793_Left 1805
images/nd1S06793_Right 1806
images/nd1S06794_Left 1807
images/nd1S06794_Right 1808
images/nd1S06796_Left 1809
images/nd1S06796_Right 1810
images/nd1S06797_Left 1811
images/nd1S06797_Right 1812
images/nd1S06799_Left 1813
images/nd1S06799_Right 1814
images/nd1S06800_Left 1815
images/nd1S06800_Right 1816
images/nd1S06801_Left 1817
images/nd1S06801_Right 1818
images/nd1S06802_Left 1819
images/nd1S06802_Right 1820
images/nd1S06803_Left 1821
images/nd1S06803_Right 1822
images/nd1S06807_Left 1823
images/nd1S06807_Right 1824
images/nd1S06808_Left 1825
images/nd1S06808_Right 1826
images/nd1S06809_Left 1827
images/nd1S06809_Right 1828
images/nd1S06810_Left 1829
images/nd1S06810_Right 1830
images/nd1S06811_Left 1831
images/nd1S06811_Right 1832
images/nd1S06812_Left 1833
images/nd1S06812_Right 1834
images/nd1S06814_Left 1835
images/nd1S06814_Right 1836
images/nd1S06815_Left 1837
images/nd1S06815_Right 1838
images/nd1S06816_Left 1839
images/nd1S06816_Right 1840
images/nd1S06817_Left 1841
images/nd1S06817_Right 1842
images/nd1S06818_Left 1843
images/nd1S06818_Right 1844
images/nd1S06819_Left 1845
images/nd1S06819_Right 1846
images/nd1S06820_Left 1847
images/nd1S06820_Right 1848
images/nd1S06822_Left 1849
images/nd1S06822_Right 1850
images/nd1S06823_Left 1851
images/nd1S06823_Right 1852
images/nd1S06824_Left 1853
images/nd1S06824_Right 1854
images/nd1S06826_Left 1855
images/nd1S06826_Right 1856
images/nd1S06827_Left 1857
images/nd1S06827_Right 1858
images/nd1S06828_Left 1859
images/nd1S06828_Right 1860
images/nd1S06831_Left 1861
images/nd1S06831_Right 1862
images/nd1S06832_Left 1863
images/nd1S06832_Right 1864
images/nd1S06833_Left 1865
images/nd1S06833_Right 1866
images/nd1S06835_Left 1867
images/nd1S06835_Right 1868
images/nd1S06836_Left 1869
images/nd1S06836_Right 1870
images/nd1S06838_Left 1871
images/nd1S06838_Right 1872
images/nd1S06839_Left 1873
images/nd1S06839_Right 1874
images/nd1S06840_Left 1875
images/nd1S06840_Right 1876
images/nd1S06842_Left 1877
images/nd1S06842_Right 1878
images/nd1S06843_Left 1879
images/nd1S06843_Right 1880
images/nd1S06846_Left 1881
images/nd1S06846_Right 1882
images/nd1S06847_Left 1883
images/nd1S06847_Right 1884
images/nd1S06849_Left 1885
images/nd1S06849_Right 1886
images/nd1S06850_Left 1887
images/nd1S06850_Right 1888
images/nd1S06853_Left 1889
images/nd1S06853_Right 1890
images/nd1S06854_Left 1891
images/nd1S06854_Right 1892
images/nd1S06855_Left 1893
images/nd1S06855_Right 1894
images/nd1S06856_Left 1895
images/nd1S06856_Right 1896
images/nd1S06857_Left 1897
images/nd1S06857_Right 1898
images/nd1S06859_Left 1899
images/nd1S06859_Right 1900
images/nd1S06863_Left 1901
images/nd1S06863_Right 1902
images/nd1S06864_Left 1903
images/nd1S06864_Right 1904
images/nd1S06866_Left 1905
images/nd1S06866_Right 1906
images/nd1S06867_Left 1907
images/nd1S06867_Right 1908
images/nd1S06868_Left 1909
images/nd1S06868_Right 1910
images/nd1S06869_Left 1911
images/nd1S06869_Right 1912
images/nd1S06870_Left 1913
images/nd1S06870_Right 1914
images/nd1S06873_Left 1915
images/nd1S06873_Right 1916
images/nd1S06874_Left 1917
images/nd1S06874_Right 1918
images/nd1S06875_Left 1919
images/nd1S06875_Right 1920
images/nd1S06876_Left 1921
images/nd1S06876_Right 1922
images/nd1S06878_Left 1923
images/nd1S06878_Right 1924
images/nd1S06881_Left 1925
images/nd1S06881_Right 1926
images/nd1S06883_Left 1927
images/nd1S06883_Right 1928
images/nd1S06884_Left 1929
images/nd1S06884_Right 1930
images/nd1S06885_Left 1931
images/nd1S06885_Right 1932
images/nd1S06886_Left 1933
images/nd1S06886_Right 1934
images/nd1S06887_Left 1935
images/nd1S06887_Right 1936
images/nd1S06888_Left 1937
images/nd1S06888_Right 1938
images/nd1S06891_Left 1939
images/nd1S06891_Right 1940
images/nd1S06892_Left 1941
images/nd1S06892_Right 1942
images/nd1S06893_Left 1943
images/nd1S06893_Right 1944
images/nd1S06894_Left 1945
images/nd1S06894_Right 1946
images/nd1S06895_Left 1947
images/nd1S06895_Right 1948
images/nd1S06896_Left 1949
images/nd1S06896_Right 1950
images/nd1S06897_Left 1951
images/nd1S06897_Right 1952
images/nd1S06898_Left 1953
images/nd1S06898_Right 1954
images/nd1S06899_Left 1955
images/nd1S06899_Right 1956
images/nd1S06902_Left 1957
images/nd1S06902_Right 1958
images/nd1S06906_Left 1959
images/nd1S06906_Right 1960
images/nd1S06907_Left 1961
images/nd1S06907_Right 1962
images/nd1S06908_Left 1963
images/nd1S06908_Right 1964
images/nd1S06909_Left 1965
images/nd1S06909_Right 1966
images/nd1S06910_Left 1967
images/nd1S06910_Right 1968
images/nd1S06912_Left 1969
images/nd1S06912_Right 1970
images/nd1S06913_Left 1971
images/nd1S06913_Right 1972
images/nd1S06914_Left 1973
images/nd1S06914_Right 1974
images/nd1S06915_Left 1975
images/nd1S06915_Right 1976
images/nd1S06916_Left 1977
images/nd1S06916_Right 1978
images/nd1S06917_Left 1979
images/nd1S06917_Right 1980
images/nd1S06918_Left 1981
images/nd1S06918_Right 1982
images/nd1S06921_Left 1983
images/nd1S06921_Right 1984
images/nd1S06922_Left 1985
images/nd1S06922_Right 1986
images/nd1S06923_Left 1987
images/nd1S06923_Right 1988
images/nd1S06925_Left 1989
images/nd1S06925_Right 1990
images/nd1S06926_Left 1991
images/nd1S06926_Right 1992
images/nd1S06927_Left 1993
images/nd1S06927_Right 1994
images/nd1S06928_Left 1995
images/nd1S06928_Right 1996
images/nd1S06929_Left 1997
images/nd1S06929_Right 1998
images/nd1S06930_Left 1999
images/nd1S06930_Right 2000
images/nd1S06931_Left 2001
images/nd1S06931_Right 2002
images/nd1S06932_Left 2003
images/nd1S06932_Right 2004
images/nd1S06933_Left 2005
images/nd1S06933_Right 2006
images/nd1S06936_Left 2007
images/nd1S06936_Right 2008
images/nd1S06937_Left 2009
images/nd1S06937_Right 2010
images/nd1S06938_Left 2011
images/nd1S06938_Right 2012
images/nd1S06939_Left 2013
images/nd1S06939_Right 2014
images/nd1S06940_Left 2015
images/nd1S06940_Right 2016
images/nd1S06941_Left 2017
images/nd1S06941_Right 2018
images/nd1S06943_Left 2019
images/nd1S06943_Right 2020
images/nd1S06944_Left 2021
images/nd1S06944_Right 2022
images/nd1S06945_Left 2023
images/nd1S06945_Right 2024
images/nd1S06948_Left 2025
images/nd1S06948_Right 2026
images/nd1S06949_Left 2027
images/nd1S06949_Right 2028
images/nd1S06950_Left 2029
images/nd1S06950_Right 2030
images/nd1S06951_Left 2031
images/nd1S06951_Right 2032
images/nd1S06952_Left 2033
images/nd1S06952_Right 2034
images/nd1S06953_Left 2035
images/nd1S06953_Right 2036
images/nd1S06955_Left 2037
images/nd1S06955_Right 2038
images/nd1S06956_Left 2039
images/nd1S06956_Right 2040
images/nd1S06957_Left 2041
images/nd1S06957_Right 2042
images/nd1S06958_Left 2043
images/nd1S06958_Right 2044
images/nd1S06959_Left 2045
images/nd1S06959_Right 2046
images/nd1S06960_Left 2047
images/nd1S06960_Right 2048
images/nd1S06962_Left 2049
images/nd1S06962_Right 2050
images/nd1S06963_Left 2051
images/nd1S06963_Right 2052
images/nd1S06966_Left 2053
images/nd1S06966_Right 2054
images/nd1S06967_Left 2055
images/nd1S06967_Right 2056
images/nd1S06968_Left 2057
images/nd1S06968_Right 2058
images/nd1S06969_Left 2059
images/nd1S06969_Right 2060
images/nd1S06970_Left 2061
images/nd1S06970_Right 2062
images/nd1S06971_Left 2063
images/nd1S06971_Right 2064
images/nd1S06972_Left 2065
images/nd1S06972_Right 2066
images/nd1S06973_Left 2067
images/nd1S06973_Right 2068
images/nd1S06975_Left 2069
images/nd1S06975_Right 2070
images/nd1S06977_Left 2071
images/nd1S06977_Right 2072
images/nd1S06978_Left 2073
images/nd1S06978_Right 2074
images/nd1S06979_Left 2075
images/nd1S06979_Right 2076
images/nd1S06980_Left 2077
images/nd1S06980_Right 2078
images/nd1S06981_Left 2079
images/nd1S06981_Right 2080
images/nd1S06982_Left 2081
images/nd1S06982_Right 2082
images/nd1S06984_Left 2083
images/nd1S06984_Right 2084
images/nd1S06985_Left 2085
images/nd1S06985_Right 2086
images/nd1S06986_Left 2087
images/nd1S06986_Right 2088
images/nd1S06987_Left 2089
images/nd1S06987_Right 2090
images/nd1S06989_Left 2091
images/nd1S06989_Right 2092
images/nd1S06990_Left 2093
images/nd1S06990_Right 2094
images/nd1S06991_Left 2095
images/nd1S06991_Right 2096
images/nd1S06992_Left 2097
images/nd1S06992_Right 2098
images/nd1S06993_Left 2099
images/nd1S06993_Right 2100
images/nd1S06994_Left 2101
images/nd1S06994_Right 2102
images/nd1S06995_Left 2103
images/nd1S06995_Right 2104
images/nd1S06996_Left 2105
images/nd1S06996_Right 2106
images/nd1S07000_Left 2107
images/nd1S07000_Right 2108
images/nd1S07001_Left 2109
images/nd1S07001_Right 2110
images/nd1S07004_Left 2111
images/nd1S07004_Right 2112
images/nd1S07006_Left 2113
images/nd1S07006_Right 2114
images/nd1S07007_Left 2115
images/nd1S07007_Right 2116
images/nd1S07008_Left 2117
images/nd1S07008_Right 2118
images/nd1S07010_Left 2119
images/nd1S07010_Right 2120
images/nd1S07011_Left 2121
images/nd1S07011_Right 2122
images/nd1S07012_Left 2123
images/nd1S07012_Right 2124
images/nd1S07013_Left 2125
images/nd1S07013_Right 2126
images/nd1S07014_Left 2127
images/nd1S07014_Right 2128
images/nd1S07015_Left 2129
images/nd1S07015_Right 2130
images/nd1S07016_Left 2131
images/nd1S07016_Right 2132
images/nd1S07018_Left 2133
images/nd1S07018_Right 2134
images/nd1S07019_Left 2135
images/nd1S07019_Right 2136
images/nd1S07020_Left 2137
images/nd1S07020_Right 2138
images/nd1S07021_Left 2139
images/nd1S07021_Right 2140
images/nd1S07022_Left 2141
images/nd1S07022_Right 2142
images/nd1S07023_Left 2143
images/nd1S07023_Right 2144
images/nd1S07024_Left 2145
images/nd1S07024_Right 2146
images/nd1S07025_Left 2147
images/nd1S07025_Right 2148
images/nd1S07026_Left 2149
images/nd1S07026_Right 2150
images/nd1S07027_Left 2151
images/nd1S07027_Right 2152
images/nd1S07028_Left 2153
images/nd1S07028_Right 2154
images/nd1S07031_Left 2155
images/nd1S07031_Right 2156
images/nd1S07032_Left 2157
images/nd1S07032_Right 2158
images/nd1S07033_Left 2159
images/nd1S07033_Right 2160
images/nd1S07034_Left 2161
images/nd1S07034_Right 2162
images/nd1S07035_Left 2163
images/nd1S07035_Right 2164
images/nd1S07036_Left 2165
images/nd1S07036_Right 2166
images/nd1S07037_Left 2167
images/nd1S07037_Right 2168
images/nd1S07038_Left 2169
images/nd1S07038_Right 2170
images/nd1S07040_Left 2171
images/nd1S07040_Right 2172
images/nd1S07041_Left 2173
images/nd1S07041_Right 2174
images/nd1S07042_Left 2175
images/nd1S07042_Right 2176
images/nd1S07043_Left 2177
images/nd1S07043_Right 2178
images/nd1S07044_Left 2179
images/nd1S07044_Right 2180
images/nd1S07046_Left 2181
images/nd1S07046_Right 2182
images/nd1S07047_Left 2183
images/nd1S07047_Right 2184
images/nd1S07048_Left 2185
images/nd1S07048_Right 2186
images/nd1S07049_Left 2187
images/nd1S07049_Right 2188
images/nd1S07051_Left 2189
images/nd1S07051_Right 2190
images/nd1S07052_Left 2191
images/nd1S07052_Right 2192
images/nd1S07053_Left 2193
images/nd1S07053_Right 2194
images/nd1S07054_Left 2195
images/nd1S07054_Right 2196
images/nd1S07055_Left 2197
images/nd1S07055_Right 2198
images/nd1S07056_Left 2199
images/nd1S07056_Right 2200
images/nd1S07057_Left 2201
images/nd1S07057_Right 2202
images/nd1S07059_Left 2203
images/nd1S07059_Right 2204
images/nd1S07060_Left 2205
images/nd1S07060_Right 2206
masks/nd1S02463_Left 2207
masks/nd1S02463_Right 2208
masks/nd1S04202_Left 2209
masks/nd1S04202_Right 2210
masks/nd1S04203_Left 2211
masks/nd1S04203_Right 2212
masks/nd1S04214_Left 2213
masks/nd1S04214_Right 2214
masks/nd1S04221_Left 2215
masks/nd1S04221_Right 2216
masks/nd1S04225_Left 2217
masks/nd1S04225_Right 2218
masks/nd1S04233_Left 2219
masks/nd1S04233_Right 2220
masks/nd1S04239_Left 2221
masks/nd1S04239_Right 2222
masks/nd1S04252_Left 2223
masks/nd1S04252_Right 2224
masks/nd1S04267_Left 2225
masks/nd1S04267_Right 2226
masks/nd1S04284_Left 2227
masks/nd1S04284_Right 2228
masks/nd1S04286_Left 2229
masks/nd1S04286_Right 2230
masks/nd1S04297_Left 2231
masks/nd1S04297_Right 2232
masks/nd1S04301_Left 2233
masks/nd1S04301_Right 2234
masks/nd1S04302_Left 2235
masks/nd1S04302_Right 2236
masks/nd1S04309_Left 2237
masks/nd1S04309_Right 2238
masks/nd1S04311_Left 2239
masks/nd1S04311_Right 2240
masks/nd1S04312_Left 2241
masks/nd1S04312_Right 2242
masks/nd1S04313_Left 2243
masks/nd1S04313_Right 2244
masks/nd1S04322_Left 2245
masks/nd1S04322_Right 2246
masks/nd1S04324_Left 2247
masks/nd1S04324_Right 2248
masks/nd1S04336_Left 2249
masks/nd1S04336_Right 2250
masks/nd1S04338_Left 2251
masks/nd1S04338_Right 2252
masks/nd1S04341_Left 2253
masks/nd1S04341_Right 2254
masks/nd1S04343_Left 2255
masks/nd1S04343_Right 2256
masks/nd1S04347_Left 2257
masks/nd1S04347_Right 2258
masks/nd1S04349_Left 2259
masks/nd1S04349_Right 2260
masks/nd1S04361_Left 2261
masks/nd1S04361_Right 2262
masks/nd1S04370_Left 2263
masks/nd1S04370_Right 2264
masks/nd1S04372_Left 2265
masks/nd1S04372_Right 2266
masks/nd1S04379_Left 2267
masks/nd1S04379_Right 2268
masks/nd1S04385_Left 2269
masks/nd1S04385_Right 2270
masks/nd1S04387_Left 2271
masks/nd1S04387_Right 2272
masks/nd1S04388_Left 2273
masks/nd1S04388_Right 2274
masks/nd1S04394_Left 2275
masks/nd1S04394_Right 2276
masks/nd1S04397_Left 2277
masks/nd1S04397_Right 2278
masks/nd1S04400_Left 2279
masks/nd1S04400_Right 2280
masks/nd1S04404_Left 2281
masks/nd1S04404_Right 2282
masks/nd1S04407_Left 2283
masks/nd1S04407_Right 2284
masks/nd1S04408_Left 2285
masks/nd1S04408_Right 2286
masks/nd1S04418_Left 2287
masks/nd1S04418_Right 2288
masks/nd1S04419_Left 2289
masks/nd1S04419_Right 2290
masks/nd1S04427_Left 2291
masks/nd1S04427_Right 2292
masks/nd1S04429_Left 2293
masks/nd1S04429_Right 2294
masks/nd1S04434_Left 2295
masks/nd1S04434_Right 2296
masks/nd1S04435_Left 2297
masks/nd1S04435_Right 2298
masks/nd1S04440_Left 2299
masks/nd1S04440_Right 2300
masks/nd1S04444_Left 2301
masks/nd1S04444_Right 2302
masks/nd1S04446_Left 2303
masks/nd1S04446_Right 2304
masks/nd1S04447_Left 2305
masks/nd1S04447_Right 2306
masks/nd1S04449_Left 2307
masks/nd1S04449_Right 2308
masks/nd1S04451_Left 2309
masks/nd1S04451_Right 2310
masks/nd1S04453_Left 2311
masks/nd1S04453_Right 2312
masks/nd1S04456_Left 2313
masks/nd1S04456_Right 2314
masks/nd1S04459_Left 2315
masks/nd1S04459_Right 2316
masks/nd1S04461_Left 2317
masks/nd1S04461_Right 2318
masks/nd1S04463_Left 2319
masks/nd1S04463_Right 2320
masks/nd1S04470_Left 2321
masks/nd1S04470_Right 2322
masks/nd1S04471_Left 2323
masks/nd1S04471_Right 2324
masks/nd1S04472_Left 2325
masks/nd1S04472_Right 2326
masks/nd1S04473_Left 2327
masks/nd1S04473_Right 2328
masks/nd1S04475_Left 2329
masks/nd1S04475_Right 2330
masks/nd1S04476_Left 2331
masks/nd1S04476_Right 2332
masks/nd1S04477_Left 2333
masks/nd1S04477_Right 2334
masks/nd1S04481_Left 2335
masks/nd1S04481_Right 2336
masks/nd1S04485_Left 2337
masks/nd1S04485_Right 2338
masks/nd1S04488_Left 2339
masks/nd1S04488_Right 2340
masks/nd1S04493_Left 2341
masks/nd1S04493_Right 2342
masks/nd1S04496_Left 2343
masks/nd1S04496_Right 2344
masks/nd1S04502_Left 2345
masks/nd1S04502_Right 2346
masks/nd1S04504_Left 2347
masks/nd1S04504_Right 2348
masks/nd1S04505_Left 2349
masks/nd1S04505_Right 2350
masks/nd1S04506_Left 2351
masks/nd1S04506_Right 2352
masks/nd1S04507_Left 2353
masks/nd1S04507_Right 2354
masks/nd1S04509_Left 2355
masks/nd1S04509_Right 2356
masks/nd1S04511_Left 2357
masks/nd1S04511_Right 2358
masks/nd1S04512_Left 2359
masks/nd1S04512_Right 2360
masks/nd1S04513_Left 2361
masks/nd1S04513_Right 2362
masks/nd1S04514_Left 2363
masks/nd1S04514_Right 2364
masks/nd1S04531_Left 2365
masks/nd1S04531_Right 2366
masks/nd1S04535_Left 2367
masks/nd1S04535_Right 2368
masks/nd1S04537_Left 2369
masks/nd1S04537_Right 2370
masks/nd1S04553_Left 2371
masks/nd1S04553_Right 2372
masks/nd1S04556_Left 2373
masks/nd1S04556_Right 2374
masks/nd1S04557_Left 2375
masks/nd1S04557_Right 2376
masks/nd1S04560_Left 2377
masks/nd1S04560_Right 2378
masks/nd1S04578_Left 2379
masks/nd1S04578_Right 2380
masks/nd1S04581_Left 2381
masks/nd1S04581_Right 2382
masks/nd1S04588_Left 2383
masks/nd1S04588_Right 2384
masks/nd1S04589_Left 2385
masks/nd1S04589_Right 2386
masks/nd1S04593_Left 2387
masks/nd1S04593_Right 2388
masks/nd1S04596_Left 2389
masks/nd1S04596_Right 2390
masks/nd1S04597_Left 2391
masks/nd1S04597_Right 2392
masks/nd1S04603_Left 2393
masks/nd1S04603_Right 2394
masks/nd1S04621_Left 2395
masks/nd1S04621_Right 2396
masks/nd1S04622_Left 2397
masks/nd1S04622_Right 2398
masks/nd1S04626_Left 2399
masks/nd1S04626_Right 2400
masks/nd1S04629_Left 2401
masks/nd1S04629_Right 2402
masks/nd1S04632_Left 2403
masks/nd1S04632_Right 2404
masks/nd1S04633_Left 2405
masks/nd1S04633_Right 2406
masks/nd1S04634_Left 2407
masks/nd1S04634_Right 2408
masks/nd1S04647_Left 2409
masks/nd1S04647_Right 2410
masks/nd1S04649_Left 2411
masks/nd1S04649_Right 2412
masks/nd1S04662_Left 2413
masks/nd1S04662_Right 2414
masks/nd1S04667_Left 2415
masks/nd1S04667_Right 2416
masks/nd1S04670_Left 2417
masks/nd1S04670_Right 2418
masks/nd1S04682_Left 2419
masks/nd1S04682_Right 2420
masks/nd1S04683_Left 2421
masks/nd1S04683_Right 2422
masks/nd1S04684_Left 2423
masks/nd1S04684_Right 2424
masks/nd1S04689_Left 2425
masks/nd1S04689_Right 2426
masks/nd1S04695_Left 2427
masks/nd1S04695_Right 2428
masks/nd1S04697_Left 2429
masks/nd1S04697_Right 2430
masks/nd1S04699_Left 2431
masks/nd1S04699_Right 2432
masks/nd1S04701_Left 2433
masks/nd1S04701_Right 2434
masks/nd1S04702_Left 2435
masks/nd1S04702_Right 2436
masks/nd1S04705_Left 2437
masks/nd1S04705_Right 2438
masks/nd1S04709_Left 2439
masks/nd1S04709_Right 2440
masks/nd1S04711_Left 2441
masks/nd1S04711_Right 2442
masks/nd1S04712_Left 2443
masks/nd1S04712_Right 2444
masks/nd1S04715_Left 2445
masks/nd1S04715_Right 2446
masks/nd1S04716_Left 2447
masks/nd1S04716_Right 2448
masks/nd1S04724_Left 2449
masks/nd1S04724_Right 2450
masks/nd1S04725_Left 2451
masks/nd1S04725_Right 2452
masks/nd1S04727_Left 2453
masks/nd1S04727_Right 2454
masks/nd1S04728_Left 2455
masks/nd1S04728_Right 2456
masks/nd1S04730_Left 2457
masks/nd1S04730_Right 2458
masks/nd1S04732_Left 2459
masks/nd1S04732_Right 2460
masks/nd1S04737_Left 2461
masks/nd1S04737_Right 2462
masks/nd1S04738_Left 2463
masks/nd1S04738_Right 2464
masks/nd1S04743_Left 2465
masks/nd1S04743_Right 2466
masks/nd1S04747_Left 2467
masks/nd1S04747_Right 2468
masks/nd1S04748_Left 2469
masks/nd1S04748_Right 2470
masks/nd1S04749_Left 2471
masks/nd1S04749_Right 2472
masks/nd1S04754_Left 2473
masks/nd1S04754_Right 2474
masks/nd1S04757_Left 2475
masks/nd1S04757_Right 2476
masks/nd1S04758_Left 2477
masks/nd1S04758_Right 2478
masks/nd1S04760_Left 2479
masks/nd1S04760_Right 2480
masks/nd1S04762_Left 2481
masks/nd1S04762_Right 2482
masks/nd1S04763_Left 2483
masks/nd1S04763_Right 2484
masks/nd1S04765_Left 2485
masks/nd1S04765_Right 2486
masks/nd1S04768_Left 2487
masks/nd1S04768_Right 2488
masks/nd1S04772_Left 2489
masks/nd1S04772_Right 2490
masks/nd1S04775_Left 2491
masks/nd1S04775_Right 2492
masks/nd1S04777_Left 2493
masks/nd1S04777_Right 2494
masks/nd1S04778_Left 2495
masks/nd1S04778_Right 2496
masks/nd1S04782_Left 2497
masks/nd1S04782_Right 2498
masks/nd1S04785_Left 2499
masks/nd1S04785_Right 2500
masks/nd1S04786_Left 2501
masks/nd1S04786_Right 2502
masks/nd1S04790_Left 2503
masks/nd1S04790_Right 2504
masks/nd1S04796_Left 2505
masks/nd1S04796_Right 2506
masks/nd1S04798_Left 2507
masks/nd1S04798_Right 2508
masks/nd1S04803_Left 2509
masks/nd1S04803_Right 2510
masks/nd1S04811_Left 2511
masks/nd1S04811_Right 2512
masks/nd1S04812_Left 2513
masks/nd1S04812_Right 2514
masks/nd1S04813_Left 2515
masks/nd1S04813_Right 2516
masks/nd1S04815_Left 2517
masks/nd1S04815_Right 2518
masks/nd1S04816_Left 2519
masks/nd1S04816_Right 2520
masks/nd1S04821_Left 2521
masks/nd1S04821_Right 2522
masks/nd1S04822_Left 2523
masks/nd1S04822_Right 2524
masks/nd1S04827_Left 2525
masks/nd1S04827_Right 2526
masks/nd1S04830_Left 2527
masks/nd1S04830_Right 2528
masks/nd1S04833_Left 2529
masks/nd1S04833_Right 2530
masks/nd1S04840_Left 2531
masks/nd1S04840_Right 2532
masks/nd1S04841_Left 2533
masks/nd1S04841_Right 2534
masks/nd1S04842_Left 2535
masks/nd1S04842_Right 2536
masks/nd1S04843_Left 2537
masks/nd1S04843_Right 2538
masks/nd1S04846_Left 2539
masks/nd1S04846_Right 2540
masks/nd1S04848_Left 2541
masks/nd1S04848_Right 2542
masks/nd1S04849_Left 2543
masks/nd1S04849_Right 2544
masks/nd1S04850_Left 2545
masks/nd1S04850_Right 2546
masks/nd1S04853_Left 2547
masks/nd1S04853_Right 2548
masks/nd1S04854_Left 2549
masks/nd1S04854_Right 2550
masks/nd1S04859_Left 2551
masks/nd1S04859_Right 2552
masks/nd1S04860_Left 2553
masks/nd1S04860_Right 2554
masks/nd1S04861_Left 2555
masks/nd1S04861_Right 2556
masks/nd1S04863_Left 2557
masks/nd1S04863_Right 2558
masks/nd1S04866_Left 2559
masks/nd1S04866_Right 2560
masks/nd1S04868_Left 2561
masks/nd1S04868_Right 2562
masks/nd1S04873_Left 2563
masks/nd1S04873_Right 2564
masks/nd1S04877_Left 2565
masks/nd1S04877_Right 2566
masks/nd1S04878_Left 2567
masks/nd1S04878_Right 2568
masks/nd1S04880_Left 2569
masks/nd1S04880_Right 2570
masks/nd1S04881_Left 2571
masks/nd1S04881_Right 2572
masks/nd1S04882_Left 2573
masks/nd1S04882_Right 2574
masks/nd1S04883_Left 2575
masks/nd1S04883_Right 2576
masks/nd1S04884_Left 2577
masks/nd1S04884_Right 2578
masks/nd1S04888_Left 2579
masks/nd1S04888_Right 2580
masks/nd1S04890_Left 2581
masks/nd1S04890_Right 2582
masks/nd1S04891_Left 2583
masks/nd1S04891_Right 2584
masks/nd1S04892_Left 2585
masks/nd1S04892_Right 2586
masks/nd1S04893_Left 2587
masks/nd1S04893_Right 2588
masks/nd1S04894_Left 2589
masks/nd1S04894_Right 2590
masks/nd1S04896_Left 2591
masks/nd1S04896_Right 2592
masks/nd1S04898_Left 2593
masks/nd1S04898_Right 2594
masks/nd1S04899_Left 2595
masks/nd1S04899_Right 2596
masks/nd1S04900_Left 2597
masks/nd1S04900_Right 2598
masks/nd1S04901_Left 2599
masks/nd1S04901_Right 2600
masks/nd1S04902_Left 2601
masks/nd1S04902_Right 2602
masks/nd1S04903_Left 2603
masks/nd1S04903_Right 2604
masks/nd1S04904_Left 2605
masks/nd1S04904_Right 2606
masks/nd1S04907_Left 2607
masks/nd1S04907_Right 2608
masks/nd1S04911_Left 2609
masks/nd1S04911_Right 2610
masks/nd1S04913_Left 2611
masks/nd1S04913_Right 2612
masks/nd1S04916_Left 2613
masks/nd1S04916_Right 2614
masks/nd1S04917_Left 2615
masks/nd1S04917_Right 2616
masks/nd1S04921_Left 2617
masks/nd1S04921_Right 2618
masks/nd1S04935_Left 2619
masks/nd1S04935_Right 2620
masks/nd1S04975_Left 2621
masks/nd1S04975_Right 2622
masks/nd1S05011_Left 2623
masks/nd1S05011_Right 2624
masks/nd1S05015_Left 2625
masks/nd1S05015_Right 2626
masks/nd1S05027_Left 2627
masks/nd1S05027_Right 2628
masks/nd1S05028_Left 2629
masks/nd1S05028_Right 2630
masks/nd1S05044_Left 2631
masks/nd1S05044_Right 2632
masks/nd1S05052_Left 2633
masks/nd1S05052_Right 2634
masks/nd1S05053_Left 2635
masks/nd1S05053_Right 2636
masks/nd1S05129_Left 2637
masks/nd1S05129_Right 2638
masks/nd1S05155_Left 2639
masks/nd1S05155_Right 2640
masks/nd1S05156_Left 2641
masks/nd1S05156_Right 2642
masks/nd1S05165_Left 2643
masks/nd1S05165_Right 2644
masks/nd1S05175_Left 2645
masks/nd1S05175_Right 2646
masks/nd1S05176_Left 2647
masks/nd1S05176_Right 2648
masks/nd1S05179_Left 2649
masks/nd1S05179_Right 2650
masks/nd1S05186_Left 2651
masks/nd1S05186_Right 2652
masks/nd1S05191_Left 2653
masks/nd1S05191_Right 2654
masks/nd1S05204_Left 2655
masks/nd1S05204_Right 2656
masks/nd1S05213_Left 2657
masks/nd1S05213_Right 2658
masks/nd1S05215_Left 2659
masks/nd1S05215_Right 2660
masks/nd1S05227_Left 2661
masks/nd1S05227_Right 2662
masks/nd1S05233_Left 2663
masks/nd1S05233_Right 2664
masks/nd1S05248_Left 2665
masks/nd1S05248_Right 2666
masks/nd1S05249_Left 2667
masks/nd1S05249_Right 2668
masks/nd1S05256_Left 2669
masks/nd1S05256_Right 2670
masks/nd1S05260_Left 2671
masks/nd1S05260_Right 2672
masks/nd1S05275_Left 2673
masks/nd1S05275_Right 2674
masks/nd1S05279_Left 2675
masks/nd1S05279_Right 2676
masks/nd1S05280_Left 2677
masks/nd1S05280_Right 2678
masks/nd1S05283_Left 2679
masks/nd1S05283_Right 2680
masks/nd1S05284_Left 2681
masks/nd1S05284_Right 2682
masks/nd1S05286_Left 2683
masks/nd1S05286_Right 2684
masks/nd1S05288_Left 2685
masks/nd1S05288_Right 2686
masks/nd1S05289_Left 2687
masks/nd1S05289_Right 2688
masks/nd1S05292_Left 2689
masks/nd1S05292_Right 2690
masks/nd1S05293_Left 2691
masks/nd1S05293_Right 2692
masks/nd1S05297_Left 2693
masks/nd1S05297_Right 2694
masks/nd1S05298_Left 2695
masks/nd1S05298_Right 2696
masks/nd1S05300_Left 2697
masks/nd1S05300_Right 2698
masks/nd1S05301_Left 2699
masks/nd1S05301_Right 2700
masks/nd1S05302_Left 2701
masks/nd1S05302_Right 2702
masks/nd1S05303_Left 2703
masks/nd1S05303_Right 2704
masks/nd1S05304_Left 2705
masks/nd1S05304_Right 2706
masks/nd1S05305_Left 2707
masks/nd1S05305_Right 2708
masks/nd1S05310_Left 2709
masks/nd1S05310_Right 2710
masks/nd1S05312_Left 2711
masks/nd1S05312_Right 2712
masks/nd1S05314_Left 2713
masks/nd1S05314_Right 2714
masks/nd1S05317_Left 2715
masks/nd1S05317_Right 2716
masks/nd1S05318_Left 2717
masks/nd1S05318_Right 2718
masks/nd1S05320_Left 2719
masks/nd1S05320_Right 2720
masks/nd1S05321_Left 2721
masks/nd1S05321_Right 2722
masks/nd1S05324_Left 2723
masks/nd1S05324_Right 2724
masks/nd1S05337_Left 2725
masks/nd1S05337_Right 2726
masks/nd1S05338_Left 2727
masks/nd1S05338_Right 2728
masks/nd1S05340_Left 2729
masks/nd1S05340_Right 2730
masks/nd1S05341_Left 2731
masks/nd1S05341_Right 2732
masks/nd1S05342_Left 2733
masks/nd1S05342_Right 2734
masks/nd1S05344_Left 2735
masks/nd1S05344_Right 2736
masks/nd1S05355_Left 2737
masks/nd1S05355_Right 2738
masks/nd1S05364_Left 2739
masks/nd1S05364_Right 2740
masks/nd1S05367_Left 2741
masks/nd1S05367_Right 2742
masks/nd1S05368_Left 2743
masks/nd1S05368_Right 2744
masks/nd1S05369_Left 2745
masks/nd1S05369_Right 2746
masks/nd1S05373_Left 2747
masks/nd1S05373_Right 2748
masks/nd1S05374_Left 2749
masks/nd1S05374_Right 2750
masks/nd1S05375_Left 2751
masks/nd1S05375_Right 2752
masks/nd1S05379_Left 2753
masks/nd1S05379_Right 2754
masks/nd1S05380_Left 2755
masks/nd1S05380_Right 2756
masks/nd1S05382_Left 2757
masks/nd1S05382_Right 2758
masks/nd1S05383_Left 2759
masks/nd1S05383_Right 2760
masks/nd1S05386_Left 2761
masks/nd1S05386_Right 2762
masks/nd1S05389_Left 2763
masks/nd1S05389_Right 2764
masks/nd1S05392_Left 2765
masks/nd1S05392_Right 2766
masks/nd1S05393_Left 2767
masks/nd1S05393_Right 2768
masks/nd1S05394_Left 2769
masks/nd1S05394_Right 2770
masks/nd1S05396_Left 2771
masks/nd1S05396_Right 2772
masks/nd1S05399_Left 2773
masks/nd1S05399_Right 2774
masks/nd1S05401_Left 2775
masks/nd1S05401_Right 2776
masks/nd1S05403_Left 2777
masks/nd1S05403_Right 2778
masks/nd1S05404_Left 2779
masks/nd1S05404_Right 2780
masks/nd1S05406_Left 2781
masks/nd1S05406_Right 2782
masks/nd1S05407_Left 2783
masks/nd1S05407_Right 2784
masks/nd1S05408_Left 2785
masks/nd1S05408_Right 2786
masks/nd1S05409_Left 2787
masks/nd1S05409_Right 2788
masks/nd1S05411_Left 2789
masks/nd1S05411_Right 2790
masks/nd1S05412_Left 2791
masks/nd1S05412_Right 2792
masks/nd1S05418_Left 2793
masks/nd1S05418_Right 2794
masks/nd1S05421_Left 2795
masks/nd1S05421_Right 2796
masks/nd1S05429_Left 2797
masks/nd1S05429_Right 2798
masks/nd1S05430_Left 2799
masks/nd1S05430_Right 2800
masks/nd1S05432_Left 2801
masks/nd1S05432_Right 2802
masks/nd1S05433_Left 2803
masks/nd1S05433_Right 2804
masks/nd1S05435_Left 2805
masks/nd1S05435_Right 2806
masks/nd1S05439_Left 2807
masks/nd1S05439_Right 2808
masks/nd1S05442_Left 2809
masks/nd1S05442_Right 2810
masks/nd1S05444_Left 2811
masks/nd1S05444_Right 2812
masks/nd1S05445_Left 2813
masks/nd1S05445_Right 2814
masks/nd1S05447_Left 2815
masks/nd1S05447_Right 2816
masks/nd1S05448_Left 2817
masks/nd1S05448_Right 2818
masks/nd1S05450_Left 2819
masks/nd1S05450_Right 2820
masks/nd1S05455_Left 2821
masks/nd1S05455_Right 2822
masks/nd1S05456_Left 2823
masks/nd1S05456_Right 2824
masks/nd1S05457_Left 2825
masks/nd1S05457_Right 2826
masks/nd1S05459_Left 2827
masks/nd1S05459_Right 2828
masks/nd1S05461_Left 2829
masks/nd1S05461_Right 2830
masks/nd1S05463_Left 2831
masks/nd1S05463_Right 2832
masks/nd1S05469_Left 2833
masks/nd1S05469_Right 2834
masks/nd1S05470_Left 2835
masks/nd1S05470_Right 2836
masks/nd1S05471_Left 2837
masks/nd1S05471_Right 2838
masks/nd1S05472_Left 2839
masks/nd1S05472_Right 2840
masks/nd1S05473_Left 2841
masks/nd1S05473_Right 2842
masks/nd1S05477_Left 2843
masks/nd1S05477_Right 2844
masks/nd1S05478_Left 2845
masks/nd1S05478_Right 2846
masks/nd1S05482_Left 2847
masks/nd1S05482_Right 2848
masks/nd1S05483_Left 2849
masks/nd1S05483_Right 2850
masks/nd1S05484_Left 2851
masks/nd1S05484_Right 2852
masks/nd1S05486_Left 2853
masks/nd1S05486_Right 2854
masks/nd1S05487_Left 2855
masks/nd1S05487_Right 2856
masks/nd1S05491_Left 2857
masks/nd1S05491_Right 2858
masks/nd1S05492_Left 2859
masks/nd1S05492_Right 2860
masks/nd1S05494_Left 2861
masks/nd1S05494_Right 2862
masks/nd1S05497_Left 2863
masks/nd1S05497_Right 2864
masks/nd1S05498_Left 2865
masks/nd1S05498_Right 2866
masks/nd1S05500_Left 2867
masks/nd1S05500_Right 2868
masks/nd1S05501_Left 2869
masks/nd1S05501_Right 2870
masks/nd1S05502_Left 2871
masks/nd1S05502_Right 2872
masks/nd1S05503_Left 2873
masks/nd1S05503_Right 2874
masks/nd1S05504_Left 2875
masks/nd1S05504_Right 2876
masks/nd1S05505_Left 2877
masks/nd1S05505_Right 2878
masks/nd1S05508_Left 2879
masks/nd1S05508_Right 2880
masks/nd1S05510_Left 2881
masks/nd1S05510_Right 2882
masks/nd1S05513_Left 2883
masks/nd1S05513_Right 2884
masks/nd1S05514_Left 2885
masks/nd1S05514_Right 2886
masks/nd1S05517_Left 2887
masks/nd1S05517_Right 2888
masks/nd1S05518_Left 2889
masks/nd1S05518_Right 2890
masks/nd1S05520_Left 2891
masks/nd1S05520_Right 2892
masks/nd1S05522_Left 2893
masks/nd1S05522_Right 2894
masks/nd1S05523_Left 2895
masks/nd1S05523_Right 2896
masks/nd1S05524_Left 2897
masks/nd1S05524_Right 2898
masks/nd1S05525_Left 2899
masks/nd1S05525_Right 2900
masks/nd1S05526_Left 2901
masks/nd1S05526_Right 2902
masks/nd1S05528_Left 2903
masks/nd1S05528_Right 2904
masks/nd1S05530_Left 2905
masks/nd1S05530_Right 2906
masks/nd1S05531_Left 2907
masks/nd1S05531_Right 2908
masks/nd1S05532_Left 2909
masks/nd1S05532_Right 2910
masks/nd1S05534_Left 2911
masks/nd1S05534_Right 2912
masks/nd1S05535_Left 2913
masks/nd1S05535_Right 2914
masks/nd1S05536_Left 2915
masks/nd1S05536_Right 2916
masks/nd1S05537_Left 2917
masks/nd1S05537_Right 2918
masks/nd1S05539_Left 2919
masks/nd1S05539_Right 2920
masks/nd1S05540_Left 2921
masks/nd1S05540_Right 2922
masks/nd1S05541_Left 2923
masks/nd1S05541_Right 2924
masks/nd1S05542_Left 2925
masks/nd1S05542_Right 2926
masks/nd1S05543_Left 2927
masks/nd1S05543_Right 2928
masks/nd1S05545_Left 2929
masks/nd1S05545_Right 2930
masks/nd1S05547_Left 2931
masks/nd1S05547_Right 2932
masks/nd1S05555_Left 2933
masks/nd1S05555_Right 2934
masks/nd1S05557_Left 2935
masks/nd1S05557_Right 2936
masks/nd1S05558_Left 2937
masks/nd1S05558_Right 2938
masks/nd1S05559_Left 2939
masks/nd1S05559_Right 2940
masks/nd1S05560_Left 2941
masks/nd1S05560_Right 2942
masks/nd1S05561_Left 2943
masks/nd1S05561_Right 2944
masks/nd1S05564_Left 2945
masks/nd1S05564_Right 2946
masks/nd1S05565_Left 2947
masks/nd1S05565_Right 2948
masks/nd1S05567_Left 2949
masks/nd1S05567_Right 2950
masks/nd1S05568_Left 2951
masks/nd1S05568_Right 2952
masks/nd1S05570_Left 2953
masks/nd1S05570_Right 2954
masks/nd1S05576_Left 2955
masks/nd1S05576_Right 2956
masks/nd1S05577_Left 2957
masks/nd1S05577_Right 2958
masks/nd1S05582_Left 2959
masks/nd1S05582_Right 2960
masks/nd1S05585_Left 2961
masks/nd1S05585_Right 2962
masks/nd1S05587_Left 2963
masks/nd1S05587_Right 2964
masks/nd1S05594_Left 2965
masks/nd1S05594_Right 2966
masks/nd1S05596_Left 2967
masks/nd1S05596_Right 2968
masks/nd1S05597_Left 2969
masks/nd1S05597_Right 2970
masks/nd1S05598_Left 2971
masks/nd1S05598_Right 2972
masks/nd1S05600_Left 2973
masks/nd1S05600_Right 2974
masks/nd1S05601_Left 2975
masks/nd1S05601_Right 2976
masks/nd1S05603_Left 2977
masks/nd1S05603_Right 2978
masks/nd1S05605_Left 2979
masks/nd1S05605_Right 2980
masks/nd1S05608_Left 2981
masks/nd1S05608_Right 2982
masks/nd1S05609_Left 2983
masks/nd1S05609_Right 2984
masks/nd1S05610_Left 2985
masks/nd1S05610_Right 2986
masks/nd1S05611_Left 2987
masks/nd1S05611_Right 2988
masks/nd1S05612_Left 2989
masks/nd1S05612_Right 2990
masks/nd1S05614_Left 2991
masks/nd1S05614_Right 2992
masks/nd1S05615_Left 2993
masks/nd1S05615_Right 2994
masks/nd1S05616_Left 2995
masks/nd1S05616_Right 2996
masks/nd1S05617_Left 2997
masks/nd1S05617_Right 2998
masks/nd1S05618_Left 2999
masks/nd1S05618_Right 3000
masks/nd1S05619_Left 3001
masks/nd1S05619_Right 3002
masks/nd1S05621_Left 3003
masks/nd1S05621_Right 3004
masks/nd1S05622_Left 3005
masks/nd1S05622_Right 3006
masks/nd1S05623_Left 3007
masks/nd1S05623_Right 3008
masks/nd1S05624_Left 3009
masks/nd1S05624_Right 3010
masks/nd1S05627_Left 3011
masks/nd1S05627_Right 3012
masks/nd1S05628_Left 3013
masks/nd1S05628_Right 3014
masks/nd1S05629_Left 3015
masks/nd1S05629_Right 3016
masks/nd1S05630_Left 3017
masks/nd1S05630_Right 3018
masks/nd1S05634_Left 3019
masks/nd1S05634_Right 3020
masks/nd1S05635_Left 3021
masks/nd1S05635_Right 3022
masks/nd1S05636_Left 3023
masks/nd1S05636_Right 3024
masks/nd1S05638_Left 3025
masks/nd1S05638_Right 3026
masks/nd1S05639_Left 3027
masks/nd1S05639_Right 3028
masks/nd1S05641_Left 3029
masks/nd1S05641_Right 3030
masks/nd1S05642_Left 3031
masks/nd1S05642_Right 3032
masks/nd1S05644_Left 3033
masks/nd1S05644_Right 3034
masks/nd1S05645_Left 3035
masks/nd1S05645_Right 3036
masks/nd1S05647_Left 3037
masks/nd1S05647_Right 3038
masks/nd1S05648_Left 3039
masks/nd1S05648_Right 3040
masks/nd1S05649_Left 3041
masks/nd1S05649_Right 3042
masks/nd1S05651_Left 3043
masks/nd1S05651_Right 3044
masks/nd1S05652_Left 3045
masks/nd1S05652_Right 3046
masks/nd1S05653_Left 3047
masks/nd1S05653_Right 3048
masks/nd1S05654_Left 3049
masks/nd1S05654_Right 3050
masks/nd1S05655_Left 3051
masks/nd1S05655_Right 3052
masks/nd1S05656_Left 3053
masks/nd1S05656_Right 3054
masks/nd1S05658_Left 3055
masks/nd1S05658_Right 3056
masks/nd1S05659_Left 3057
masks/nd1S05659_Right 3058
masks/nd1S05661_Left 3059
masks/nd1S05661_Right 3060
masks/nd1S05662_Left 3061
masks/nd1S05662_Right 3062
masks/nd1S05663_Left 3063
masks/nd1S05663_Right 3064
masks/nd1S05665_Left 3065
masks/nd1S05665_Right 3066
masks/nd1S05667_Left 3067
masks/nd1S05667_Right 3068
masks/nd1S05670_Left 3069
masks/nd1S05670_Right 3070
masks/nd1S05671_Left 3071
masks/nd1S05671_Right 3072
masks/nd1S05672_Left 3073
masks/nd1S05672_Right 3074
masks/nd1S05673_Left 3075
masks/nd1S05673_Right 3076
masks/nd1S05674_Left 3077
masks/nd1S05674_Right 3078
masks/nd1S05675_Left 3079
masks/nd1S05675_Right 3080
masks/nd1S05677_Left 3081
masks/nd1S05677_Right 3082
masks/nd1S05678_Left 3083
masks/nd1S05678_Right 3084
masks/nd1S05679_Left 3085
masks/nd1S05679_Right 3086
masks/nd1S05681_Left 3087
masks/nd1S05681_Right 3088
masks/nd1S05683_Left 3089
masks/nd1S05683_Right 3090
masks/nd1S05687_Left 3091
masks/nd1S05687_Right 3092
masks/nd1S05690_Left 3093
masks/nd1S05690_Right 3094
masks/nd1S05691_Left 3095
masks/nd1S05691_Right 3096
masks/nd1S05694_Left 3097
masks/nd1S05694_Right 3098
masks/nd1S05695_Left 3099
masks/nd1S05695_Right 3100
masks/nd1S05697_Left 3101
masks/nd1S05697_Right 3102
masks/nd1S05700_Left 3103
masks/nd1S05700_Right 3104
masks/nd1S05703_Left 3105
masks/nd1S05703_Right 3106
masks/nd1S05704_Left 3107
masks/nd1S05704_Right 3108
masks/nd1S05707_Left 3109
masks/nd1S05707_Right 3110
masks/nd1S05708_Left 3111
masks/nd1S05708_Right 3112
masks/nd1S05710_Left 3113
masks/nd1S05710_Right 3114
masks/nd1S05712_Left 3115
masks/nd1S05712_Right 3116
masks/nd1S05713_Left 3117
masks/nd1S05713_Right 3118
masks/nd1S05714_Left 3119
masks/nd1S05714_Right 3120
masks/nd1S05715_Left 3121
masks/nd1S05715_Right 3122
masks/nd1S05717_Left 3123
masks/nd1S05717_Right 3124
masks/nd1S05719_Left 3125
masks/nd1S05719_Right 3126
masks/nd1S05720_Left 3127
masks/nd1S05720_Right 3128
masks/nd1S05723_Left 3129
masks/nd1S05723_Right 3130
masks/nd1S05725_Left 3131
masks/nd1S05725_Right 3132
masks/nd1S05729_Left 3133
masks/nd1S05729_Right 3134
masks/nd1S05730_Left 3135
masks/nd1S05730_Right 3136
masks/nd1S05731_Left 3137
masks/nd1S05731_Right 3138
masks/nd1S05732_Left 3139
masks/nd1S05732_Right 3140
masks/nd1S05733_Left 3141
masks/nd1S05733_Right 3142
masks/nd1S05734_Left 3143
masks/nd1S05734_Right 3144
masks/nd1S05735_Left 3145
masks/nd1S05735_Right 3146
masks/nd1S05737_Left 3147
masks/nd1S05737_Right 3148
masks/nd1S05740_Left 3149
masks/nd1S05740_Right 3150
masks/nd1S05742_Left 3151
masks/nd1S05742_Right 3152
masks/nd1S05743_Left 3153
masks/nd1S05743_Right 3154
masks/nd1S05745_Left 3155
masks/nd1S05745_Right 3156
masks/nd1S05746_Left 3157
masks/nd1S05746_Right 3158
masks/nd1S05749_Left 3159
masks/nd1S05749_Right 3160
masks/nd1S05750_Left 3161
masks/nd1S05750_Right 3162
masks/nd1S05751_Left 3163
masks/nd1S05751_Right 3164
masks/nd1S05752_Left 3165
masks/nd1S05752_Right 3166
masks/nd1S05753_Left 3167
masks/nd1S05753_Right 3168
masks/nd1S05754_Left 3169
masks/nd1S05754_Right 3170
masks/nd1S05756_Left 3171
masks/nd1S05756_Right 3172
masks/nd1S05757_Left 3173
masks/nd1S05757_Right 3174
masks/nd1S05760_Left 3175
masks/nd1S05760_Right 3176
masks/nd1S05761_Left 3177
masks/nd1S05761_Right 3178
masks/nd1S05762_Left 3179
masks/nd1S05762_Right 3180
masks/nd1S05763_Left 3181
masks/nd1S05763_Right 3182
masks/nd1S05764_Left 3183
masks/nd1S05764_Right 3184
masks/nd1S05765_Left 3185
masks/nd1S05765_Right 3186
masks/nd1S05766_Left 3187
masks/nd1S05766_Right 3188
masks/nd1S05768_Left 3189
masks/nd1S05768_Right 3190
masks/nd1S05769_Left 3191
masks/nd1S05769_Right 3192
masks/nd1S05770_Left 3193
masks/nd1S05770_Right 3194
masks/nd1S05771_Left 3195
masks/nd1S05771_Right 3196
masks/nd1S05775_Left 3197
masks/nd1S05775_Right 3198
masks/nd1S05780_Left 3199
masks/nd1S05780_Right 3200
masks/nd1S05783_Left 3201
masks/nd1S05783_Right 3202
masks/nd1S05785_Left 3203
masks/nd1S05785_Right 3204
masks/nd1S05787_Left 3205
masks/nd1S05787_Right 3206
masks/nd1S05788_Left 3207
masks/nd1S05788_Right 3208
masks/nd1S05791_Left 3209
masks/nd1S05791_Right 3210
masks/nd1S05792_Left 3211
masks/nd1S05792_Right 3212
masks/nd1S05793_Left 3213
masks/nd1S05793_Right 3214
masks/nd1S05794_Left 3215
masks/nd1S05794_Right 3216
masks/nd1S05795_Left 3217
masks/nd1S05795_Right 3218
masks/nd1S05796_Left 3219
masks/nd1S05796_Right 3220
masks/nd1S05798_Left 3221
masks/nd1S05798_Right 3222
masks/nd1S05800_Left 3223
masks/nd1S05800_Right 3224
masks/nd1S05801_Left 3225
masks/nd1S05801_Right 3226
masks/nd1S05803_Left 3227
masks/nd1S05803_Right 3228
masks/nd1S05807_Left 3229
masks/nd1S05807_Right 3230
masks/nd1S05809_Left 3231
masks/nd1S05809_Right 3232
masks/nd1S05812_Left 3233
masks/nd1S05812_Right 3234
masks/nd1S05813_Left 3235
masks/nd1S05813_Right 3236
masks/nd1S05814_Left 3237
masks/nd1S05814_Right 3238
masks/nd1S05815_Left 3239
masks/nd1S05815_Right 3240
masks/nd1S05816_Left 3241
masks/nd1S05816_Right 3242
masks/nd1S05817_Left 3243
masks/nd1S05817_Right 3244
masks/nd1S05818_Left 3245
masks/nd1S05818_Right 3246
masks/nd1S05819_Left 3247
masks/nd1S05819_Right 3248
masks/nd1S05822_Left 3249
masks/nd1S05822_Right 3250
masks/nd1S05823_Left 3251
masks/nd1S05823_Right 3252
masks/nd1S05824_Left 3253
masks/nd1S05824_Right 3254
masks/nd1S05825_Left 3255
masks/nd1S05825_Right 3256
masks/nd1S05827_Left 3257
masks/nd1S05827_Right 3258
masks/nd1S05829_Left 3259
masks/nd1S05829_Right 3260
masks/nd1S05830_Left 3261
masks/nd1S05830_Right 3262
masks/nd1S05831_Left 3263
masks/nd1S05831_Right 3264
masks/nd1S05832_Left 3265
masks/nd1S05832_Right 3266
masks/nd1S05833_Left 3267
masks/nd1S05833_Right 3268
masks/nd1S05834_Left 3269
masks/nd1S05834_Right 3270
masks/nd1S05835_Left 3271
masks/nd1S05835_Right 3272
masks/nd1S05836_Left 3273
masks/nd1S05836_Right 3274
masks/nd1S05837_Left 3275
masks/nd1S05837_Right 3276
masks/nd1S05839_Left 3277
masks/nd1S05839_Right 3278
masks/nd1S05841_Left 3279
masks/nd1S05841_Right 3280
masks/nd1S05842_Left 3281
masks/nd1S05842_Right 3282
masks/nd1S05847_Left 3283
masks/nd1S05847_Right 3284
masks/nd1S05848_Left 3285
masks/nd1S05848_Right 3286
masks/nd1S05849_Left 3287
masks/nd1S05849_Right 3288
masks/nd1S05850_Left 3289
masks/nd1S05850_Right 3290
masks/nd1S05852_Left 3291
masks/nd1S05852_Right 3292
masks/nd1S05854_Left 3293
masks/nd1S05854_Right 3294
masks/nd1S05855_Left 3295
masks/nd1S05855_Right 3296
masks/nd1S05856_Left 3297
masks/nd1S05856_Right 3298
masks/nd1S05857_Left 3299
masks/nd1S05857_Right 3300
masks/nd1S05858_Left 3301
masks/nd1S05858_Right 3302
masks/nd1S05863_Left 3303
masks/nd1S05863_Right 3304
masks/nd1S05864_Left 3305
masks/nd1S05864_Right 3306
masks/nd1S05865_Left 3307
masks/nd1S05865_Right 3308
masks/nd1S05869_Left 3309
masks/nd1S05869_Right 3310
masks/nd1S05870_Left 3311
masks/nd1S05870_Right 3312
masks/nd1S05871_Left 3313
masks/nd1S05871_Right 3314
masks/nd1S05875_Left 3315
masks/nd1S05875_Right 3316
masks/nd1S05879_Left 3317
masks/nd1S05879_Right 3318
masks/nd1S05880_Left 3319
masks/nd1S05880_Right 3320
masks/nd1S05881_Left 3321
masks/nd1S05881_Right 3322
masks/nd1S05884_Left 3323
masks/nd1S05884_Right 3324
masks/nd1S05886_Left 3325
masks/nd1S05886_Right 3326
masks/nd1S05890_Left 3327
masks/nd1S05890_Right 3328
masks/nd1S05892_Left 3329
masks/nd1S05892_Right 3330
masks/nd1S05893_Left 3331
masks/nd1S05893_Right 3332
masks/nd1S05898_Left 3333
masks/nd1S05898_Right 3334
masks/nd1S05899_Left 3335
masks/nd1S05899_Right 3336
masks/nd1S05900_Left 3337
masks/nd1S05900_Right 3338
masks/nd1S05901_Left 3339
masks/nd1S05901_Right 3340
masks/nd1S05903_Left 3341
masks/nd1S05903_Right 3342
masks/nd1S05907_Left 3343
masks/nd1S05907_Right 3344
masks/nd1S05908_Left 3345
masks/nd1S05908_Right 3346
masks/nd1S05909_Left 3347
masks/nd1S05909_Right 3348
masks/nd1S05913_Left 3349
masks/nd1S05913_Right 3350
masks/nd1S05917_Left 3351
masks/nd1S05917_Right 3352
masks/nd1S05918_Left 3353
masks/nd1S05918_Right 3354
masks/nd1S05919_Left 3355
masks/nd1S05919_Right 3356
masks/nd1S05920_Left 3357
masks/nd1S05920_Right 3358
masks/nd1S05921_Left 3359
masks/nd1S05921_Right 3360
masks/nd1S05923_Left 3361
masks/nd1S05923_Right 3362
masks/nd1S05924_Left 3363
masks/nd1S05924_Right 3364
masks/nd1S05932_Left 3365
masks/nd1S05932_Right 3366
masks/nd1S05933_Left 3367
masks/nd1S05933_Right 3368
masks/nd1S05936_Left 3369
masks/nd1S05936_Right 3370
masks/nd1S05938_Left 3371
masks/nd1S05938_Right 3372
masks/nd1S05940_Left 3373
masks/nd1S05940_Right 3374
masks/nd1S05941_Left 3375
masks/nd1S05941_Right 3376
masks/nd1S05942_Left 3377
masks/nd1S05942_Right 3378
masks/nd1S05943_Left 3379
masks/nd1S05943_Right 3380
masks/nd1S05944_Left 3381
masks/nd1S05944_Right 3382
masks/nd1S05946_Left 3383
masks/nd1S05946_Right 3384
masks/nd1S05948_Left 3385
masks/nd1S05948_Right 3386
masks/nd1S05949_Left 3387
masks/nd1S05949_Right 3388
masks/nd1S05952_Left 3389
masks/nd1S05952_Right 3390
masks/nd1S05954_Left 3391
masks/nd1S05954_Right 3392
masks/nd1S05957_Left 3393
masks/nd1S05957_Right 3394
masks/nd1S05958_Left 3395
masks/nd1S05958_Right 3396
masks/nd1S05963_Left 3397
masks/nd1S05963_Right 3398
masks/nd1S05966_Left 3399
masks/nd1S05966_Right 3400
masks/nd1S05974_Left 3401
masks/nd1S05974_Right 3402
masks/nd1S05993_Left 3403
masks/nd1S05993_Right 3404
masks/nd1S05999_Left 3405
masks/nd1S05999_Right 3406
masks/nd1S06000_Left 3407
masks/nd1S06000_Right 3408
masks/nd1S06001_Left 3409
masks/nd1S06001_Right 3410
masks/nd1S06002_Left 3411
masks/nd1S06002_Right 3412
masks/nd1S06003_Left 3413
masks/nd1S06003_Right 3414
masks/nd1S06004_Left 3415
masks/nd1S06004_Right 3416
masks/nd1S06005_Left 3417
masks/nd1S06005_Right 3418
masks/nd1S06007_Left 3419
masks/nd1S06007_Right 3420
masks/nd1S06009_Left 3421
masks/nd1S06009_Right 3422
masks/nd1S06012_Left 3423
masks/nd1S06012_Right 3424
masks/nd1S06014_Left 3425
masks/nd1S06014_Right 3426
masks/nd1S06015_Left 3427
masks/nd1S06015_Right 3428
masks/nd1S06016_Left 3429
masks/nd1S06016_Right 3430
masks/nd1S06017_Left 3431
masks/nd1S06017_Right 3432
masks/nd1S06019_Left 3433
masks/nd1S06019_Right 3434
masks/nd1S06021_Left 3435
masks/nd1S06021_Right 3436
masks/nd1S06022_Left 3437
masks/nd1S06022_Right 3438
masks/nd1S06023_Left 3439
masks/nd1S06023_Right 3440
masks/nd1S06026_Left 3441
masks/nd1S06026_Right 3442
masks/nd1S06028_Left 3443
masks/nd1S06028_Right 3444
masks/nd1S06029_Left 3445
masks/nd1S06029_Right 3446
masks/nd1S06031_Left 3447
masks/nd1S06031_Right 3448
masks/nd1S06032_Left 3449
masks/nd1S06032_Right 3450
masks/nd1S06033_Left 3451
masks/nd1S06033_Right 3452
masks/nd1S06034_Left 3453
masks/nd1S06034_Right 3454
masks/nd1S06035_Left 3455
masks/nd1S06035_Right 3456
masks/nd1S06036_Left 3457
masks/nd1S06036_Right 3458
masks/nd1S06037_Left 3459
masks/nd1S06037_Right 3460
masks/nd1S06039_Left 3461
masks/nd1S06039_Right 3462
masks/nd1S06040_Left 3463
masks/nd1S06040_Right 3464
masks/nd1S06041_Left 3465
masks/nd1S06041_Right 3466
masks/nd1S06043_Left 3467
masks/nd1S06043_Right 3468
masks/nd1S06044_Left 3469
masks/nd1S06044_Right 3470
masks/nd1S06045_Left 3471
masks/nd1S06045_Right 3472
masks/nd1S06046_Left 3473
masks/nd1S06046_Right 3474
masks/nd1S06050_Left 3475
masks/nd1S06050_Right 3476
masks/nd1S06051_Left 3477
masks/nd1S06051_Right 3478
masks/nd1S06052_Left 3479
masks/nd1S06052_Right 3480
masks/nd1S06053_Left 3481
masks/nd1S06053_Right 3482
masks/nd1S06055_Left 3483
masks/nd1S06055_Right 3484
masks/nd1S06056_Left 3485
masks/nd1S06056_Right 3486
masks/nd1S06057_Left 3487
masks/nd1S06057_Right 3488
masks/nd1S06059_Left 3489
masks/nd1S06059_Right 3490
masks/nd1S06061_Left 3491
masks/nd1S06061_Right 3492
masks/nd1S06063_Left 3493
masks/nd1S06063_Right 3494
masks/nd1S06065_Left 3495
masks/nd1S06065_Right 3496
masks/nd1S06066_Left 3497
masks/nd1S06066_Right 3498
masks/nd1S06071_Left 3499
masks/nd1S06071_Right 3500
masks/nd1S06073_Left 3501
masks/nd1S06073_Right 3502
masks/nd1S06076_Left 3503
masks/nd1S06076_Right 3504
masks/nd1S06078_Left 3505
masks/nd1S06078_Right 3506
masks/nd1S06080_Left 3507
masks/nd1S06080_Right 3508
masks/nd1S06081_Left 3509
masks/nd1S06081_Right 3510
masks/nd1S06082_Left 3511
masks/nd1S06082_Right 3512
masks/nd1S06084_Left 3513
masks/nd1S06084_Right 3514
masks/nd1S06085_Left 3515
masks/nd1S06085_Right 3516
masks/nd1S06086_Left 3517
masks/nd1S06086_Right 3518
masks/nd1S06088_Left 3519
masks/nd1S06088_Right 3520
masks/nd1S06091_Left 3521
masks/nd1S06091_Right 3522
masks/nd1S06093_Left 3523
masks/nd1S06093_Right 3524
masks/nd1S06096_Left 3525
masks/nd1S06096_Right 3526
masks/nd1S06097_Left 3527
masks/nd1S06097_Right 3528
masks/nd1S06098_Left 3529
masks/nd1S06098_Right 3530
masks/nd1S06100_Left 3531
masks/nd1S06100_Right 3532
masks/nd1S06101_Left 3533
masks/nd1S06101_Right 3534
masks/nd1S06102_Left 3535
masks/nd1S06102_Right 3536
masks/nd1S06103_Left 3537
masks/nd1S06103_Right 3538
masks/nd1S06106_Left 3539
masks/nd1S06106_Right 3540
masks/nd1S06107_Left 3541
masks/nd1S06107_Right 3542
masks/nd1S06109_Left 3543
masks/nd1S06109_Right 3544
masks/nd1S06110_Left 3545
masks/nd1S06110_Right 3546
masks/nd1S06111_Left 3547
masks/nd1S06111_Right 3548
masks/nd1S06112_Left 3549
masks/nd1S06112_Right 3550
masks/nd1S06113_Left 3551
masks/nd1S06113_Right 3552
masks/nd1S06114_Left 3553
masks/nd1S06114_Right 3554
masks/nd1S06115_Left 3555
masks/nd1S06115_Right 3556
masks/nd1S06116_Left 3557
masks/nd1S06116_Right 3558
masks/nd1S06117_Left 3559
masks/nd1S06118_Left 3560
masks/nd1S06118_Right 3561
masks/nd1S06121_Left 3562
masks/nd1S06121_Right 3563
masks/nd1S06122_Left 3564
masks/nd1S06122_Right 3565
masks/nd1S06123_Left 3566
masks/nd1S06123_Right 3567
masks/nd1S06125_Left 3568
masks/nd1S06125_Right 3569
masks/nd1S06127_Left 3570
masks/nd1S06127_Right 3571
masks/nd1S06129_Left 3572
masks/nd1S06129_Right 3573
masks/nd1S06131_Left 3574
masks/nd1S06131_Right 3575
masks/nd1S06134_Left 3576
masks/nd1S06134_Right 3577
masks/nd1S06136_Left 3578
masks/nd1S06136_Right 3579
masks/nd1S06139_Left 3580
masks/nd1S06139_Right 3581
masks/nd1S06142_Left 3582
masks/nd1S06142_Right 3583
masks/nd1S06145_Left 3584
masks/nd1S06145_Right 3585
masks/nd1S06151_Left 3586
masks/nd1S06151_Right 3587
masks/nd1S06166_Left 3588
masks/nd1S06166_Right 3589
masks/nd1S06167_Left 3590
masks/nd1S06167_Right 3591
masks/nd1S06168_Left 3592
masks/nd1S06168_Right 3593
masks/nd1S06172_Left 3594
masks/nd1S06172_Right 3595
masks/nd1S06174_Left 3596
masks/nd1S06174_Right 3597
masks/nd1S06177_Left 3598
masks/nd1S06177_Right 3599
masks/nd1S06181_Left 3600
masks/nd1S06181_Right 3601
masks/nd1S06182_Left 3602
masks/nd1S06182_Right 3603
masks/nd1S06184_Left 3604
masks/nd1S06184_Right 3605
masks/nd1S06185_Left 3606
masks/nd1S06185_Right 3607
masks/nd1S06187_Left 3608
masks/nd1S06187_Right 3609
masks/nd1S06189_Left 3610
masks/nd1S06189_Right 3611
masks/nd1S06190_Left 3612
masks/nd1S06190_Right 3613
masks/nd1S06191_Left 3614
masks/nd1S06191_Right 3615
masks/nd1S06193_Left 3616
masks/nd1S06193_Right 3617
masks/nd1S06195_Left 3618
masks/nd1S06195_Right 3619
masks/nd1S06196_Left 3620
masks/nd1S06196_Right 3621
masks/nd1S06197_Left 3622
masks/nd1S06197_Right 3623
masks/nd1S06198_Left 3624
masks/nd1S06198_Right 3625
masks/nd1S06200_Left 3626
masks/nd1S06200_Right 3627
masks/nd1S06206_Left 3628
masks/nd1S06206_Right 3629
masks/nd1S06211_Left 3630
masks/nd1S06211_Right 3631
masks/nd1S06212_Left 3632
masks/nd1S06212_Right 3633
masks/nd1S06213_Left 3634
masks/nd1S06213_Right 3635
masks/nd1S06214_Left 3636
masks/nd1S06214_Right 3637
masks/nd1S06215_Left 3638
masks/nd1S06215_Right 3639
masks/nd1S06216_Left 3640
masks/nd1S06216_Right 3641
masks/nd1S06221_Left 3642
masks/nd1S06221_Right 3643
masks/nd1S06225_Left 3644
masks/nd1S06225_Right 3645
masks/nd1S06226_Left 3646
masks/nd1S06226_Right 3647
masks/nd1S06227_Left 3648
masks/nd1S06227_Right 3649
masks/nd1S06228_Left 3650
masks/nd1S06228_Right 3651
masks/nd1S06230_Left 3652
masks/nd1S06230_Right 3653
masks/nd1S06232_Left 3654
masks/nd1S06232_Right 3655
masks/nd1S06233_Left 3656
masks/nd1S06233_Right 3657
masks/nd1S06234_Left 3658
masks/nd1S06234_Right 3659
masks/nd1S06237_Left 3660
masks/nd1S06237_Right 3661
masks/nd1S06238_Left 3662
masks/nd1S06238_Right 3663
masks/nd1S06240_Left 3664
masks/nd1S06240_Right 3665
masks/nd1S06242_Left 3666
masks/nd1S06242_Right 3667
masks/nd1S06245_Left 3668
masks/nd1S06245_Right 3669
masks/nd1S06246_Left 3670
masks/nd1S06246_Right 3671
masks/nd1S06249_Left 3672
masks/nd1S06249_Right 3673
masks/nd1S06250_Left 3674
masks/nd1S06250_Right 3675
masks/nd1S06251_Left 3676
masks/nd1S06251_Right 3677
masks/nd1S06252_Left 3678
masks/nd1S06252_Right 3679
masks/nd1S06256_Left 3680
masks/nd1S06256_Right 3681
masks/nd1S06257_Left 3682
masks/nd1S06257_Right 3683
masks/nd1S06260_Left 3684
masks/nd1S06260_Right 3685
masks/nd1S06266_Left 3686
masks/nd1S06266_Right 3687
masks/nd1S06267_Left 3688
masks/nd1S06267_Right 3689
masks/nd1S06269_Left 3690
masks/nd1S06269_Right 3691
masks/nd1S06278_Left 3692
masks/nd1S06278_Right 3693
masks/nd1S06296_Left 3694
masks/nd1S06296_Right 3695
masks/nd1S06300_Left 3696
masks/nd1S06300_Right 3697
masks/nd1S06317_Left 3698
masks/nd1S06317_Right 3699
masks/nd1S06319_Left 3700
masks/nd1S06319_Right 3701
masks/nd1S06321_Left 3702
masks/nd1S06321_Right 3703
masks/nd1S06345_Left 3704
masks/nd1S06345_Right 3705
masks/nd1S06353_Left 3706
masks/nd1S06353_Right 3707
masks/nd1S06354_Left 3708
masks/nd1S06354_Right 3709
masks/nd1S06355_Left 3710
masks/nd1S06355_Right 3711
masks/nd1S06359_Left 3712
masks/nd1S06359_Right 3713
masks/nd1S06361_Left 3714
masks/nd1S06361_Right 3715
masks/nd1S06364_Left 3716
masks/nd1S06364_Right 3717
masks/nd1S06366_Left 3718
masks/nd1S06366_Right 3719
masks/nd1S06370_Left 3720
masks/nd1S06370_Right 3721
masks/nd1S06377_Left 3722
masks/nd1S06377_Right 3723
masks/nd1S06384_Left 3724
masks/nd1S06384_Right 3725
masks/nd1S06391_Left 3726
masks/nd1S06391_Right 3727
masks/nd1S06395_Left 3728
masks/nd1S06395_Right 3729
masks/nd1S06406_Left 3730
masks/nd1S06406_Right 3731
masks/nd1S06412_Left 3732
masks/nd1S06412_Right 3733
masks/nd1S06413_Left 3734
masks/nd1S06413_Right 3735
masks/nd1S06416_Left 3736
masks/nd1S06416_Right 3737
masks/nd1S06417_Left 3738
masks/nd1S06417_Right 3739
masks/nd1S06423_Left 3740
masks/nd1S06423_Right 3741
masks/nd1S06426_Left 3742
masks/nd1S06426_Right 3743
masks/nd1S06427_Left 3744
masks/nd1S06427_Right 3745
masks/nd1S06437_Left 3746
masks/nd1S06437_Right 3747
masks/nd1S06444_Left 3748
masks/nd1S06444_Right 3749
masks/nd1S06452_Left 3750
masks/nd1S06452_Right 3751
masks/nd1S06459_Left 3752
masks/nd1S06459_Right 3753
masks/nd1S06474_Left 3754
masks/nd1S06474_Right 3755
masks/nd1S06482_Left 3756
masks/nd1S06482_Right 3757
masks/nd1S06484_Left 3758
masks/nd1S06484_Right 3759
masks/nd1S06485_Left 3760
masks/nd1S06485_Right 3761
masks/nd1S06486_Left 3762
masks/nd1S06486_Right 3763
masks/nd1S06493_Left 3764
masks/nd1S06493_Right 3765
masks/nd1S06495_Left 3766
masks/nd1S06495_Right 3767
masks/nd1S06496_Left 3768
masks/nd1S06496_Right 3769
masks/nd1S06503_Left 3770
masks/nd1S06503_Right 3771
masks/nd1S06505_Left 3772
masks/nd1S06505_Right 3773
masks/nd1S06513_Left 3774
masks/nd1S06513_Right 3775
masks/nd1S06515_Left 3776
masks/nd1S06515_Right 3777
masks/nd1S06516_Left 3778
masks/nd1S06516_Right 3779
masks/nd1S06517_Left 3780
masks/nd1S06517_Right 3781
masks/nd1S06537_Left 3782
masks/nd1S06537_Right 3783
masks/nd1S06539_Left 3784
masks/nd1S06539_Right 3785
masks/nd1S06547_Left 3786
masks/nd1S06547_Right 3787
masks/nd1S06550_Left 3788
masks/nd1S06550_Right 3789
masks/nd1S06551_Left 3790
masks/nd1S06551_Right 3791
masks/nd1S06552_Left 3792
masks/nd1S06552_Right 3793
masks/nd1S06557_Left 3794
masks/nd1S06557_Right 3795
masks/nd1S06560_Left 3796
masks/nd1S06560_Right 3797
masks/nd1S06565_Left 3798
masks/nd1S06565_Right 3799
masks/nd1S06572_Left 3800
masks/nd1S06572_Right 3801
masks/nd1S06573_Left 3802
masks/nd1S06573_Right 3803
masks/nd1S06574_Left 3804
masks/nd1S06574_Right 3805
masks/nd1S06575_Left 3806
masks/nd1S06575_Right 3807
masks/nd1S06576_Left 3808
masks/nd1S06576_Right 3809
masks/nd1S06579_Left 3810
masks/nd1S06579_Right 3811
masks/nd1S06580_Left 3812
masks/nd1S06580_Right 3813
masks/nd1S06582_Left 3814
masks/nd1S06582_Right 3815
masks/nd1S06583_Left 3816
masks/nd1S06583_Right 3817
masks/nd1S06586_Left 3818
masks/nd1S06586_Right 3819
masks/nd1S06587_Left 3820
masks/nd1S06587_Right 3821
masks/nd1S06589_Left 3822
masks/nd1S06589_Right 3823
masks/nd1S06591_Left 3824
masks/nd1S06591_Right 3825
masks/nd1S06595_Left 3826
masks/nd1S06595_Right 3827
masks/nd1S06599_Left 3828
masks/nd1S06599_Right 3829
masks/nd1S06600_Left 3830
masks/nd1S06600_Right 3831
masks/nd1S06604_Left 3832
masks/nd1S06604_Right 3833
masks/nd1S06605_Left 3834
masks/nd1S06605_Right 3835
masks/nd1S06606_Left 3836
masks/nd1S06606_Right 3837
masks/nd1S06610_Left 3838
masks/nd1S06610_Right 3839
masks/nd1S06611_Left 3840
masks/nd1S06611_Right 3841
masks/nd1S06612_Left 3842
masks/nd1S06612_Right 3843
masks/nd1S06616_Left 3844
masks/nd1S06616_Right 3845
masks/nd1S06617_Left 3846
masks/nd1S06617_Right 3847
masks/nd1S06618_Left 3848
masks/nd1S06618_Right 3849
masks/nd1S06622_Left 3850
masks/nd1S06622_Right 3851
masks/nd1S06624_Left 3852
masks/nd1S06624_Right 3853
masks/nd1S06625_Left 3854
masks/nd1S06625_Right 3855
masks/nd1S06626_Left 3856
masks/nd1S06626_Right 3857
masks/nd1S06627_Left 3858
masks/nd1S06627_Right 3859
masks/nd1S06629_Left 3860
masks/nd1S06629_Right 3861
masks/nd1S06630_Left 3862
masks/nd1S06630_Right 3863
masks/nd1S06631_Left 3864
masks/nd1S06631_Right 3865
masks/nd1S06638_Left 3866
masks/nd1S06638_Right 3867
masks/nd1S06640_Left 3868
masks/nd1S06640_Right 3869
masks/nd1S06641_Left 3870
masks/nd1S06641_Right 3871
masks/nd1S06645_Left 3872
masks/nd1S06645_Right 3873
masks/nd1S06647_Left 3874
masks/nd1S06647_Right 3875
masks/nd1S06653_Left 3876
masks/nd1S06653_Right 3877
masks/nd1S06658_Left 3878
masks/nd1S06658_Right 3879
masks/nd1S06660_Left 3880
masks/nd1S06660_Right 3881
masks/nd1S06662_Left 3882
masks/nd1S06662_Right 3883
masks/nd1S06673_Left 3884
masks/nd1S06673_Right 3885
masks/nd1S06677_Left 3886
masks/nd1S06677_Right 3887
masks/nd1S06678_Left 3888
masks/nd1S06678_Right 3889
masks/nd1S06679_Left 3890
masks/nd1S06679_Right 3891
masks/nd1S06680_Left 3892
masks/nd1S06680_Right 3893
masks/nd1S06682_Left 3894
masks/nd1S06682_Right 3895
masks/nd1S06689_Left 3896
masks/nd1S06689_Right 3897
masks/nd1S06694_Left 3898
masks/nd1S06694_Right 3899
masks/nd1S06695_Left 3900
masks/nd1S06695_Right 3901
masks/nd1S06700_Left 3902
masks/nd1S06700_Right 3903
masks/nd1S06705_Left 3904
masks/nd1S06705_Right 3905
masks/nd1S06707_Left 3906
masks/nd1S06707_Right 3907
masks/nd1S06711_Left 3908
masks/nd1S06711_Right 3909
masks/nd1S06715_Left 3910
masks/nd1S06715_Right 3911
masks/nd1S06719_Left 3912
masks/nd1S06719_Right 3913
masks/nd1S06722_Left 3914
masks/nd1S06722_Right 3915
masks/nd1S06723_Left 3916
masks/nd1S06723_Right 3917
masks/nd1S06725_Left 3918
masks/nd1S06725_Right 3919
masks/nd1S06726_Left 3920
masks/nd1S06726_Right 3921
masks/nd1S06730_Left 3922
masks/nd1S06730_Right 3923
masks/nd1S06731_Left 3924
masks/nd1S06731_Right 3925
masks/nd1S06732_Left 3926
masks/nd1S06732_Right 3927
masks/nd1S06733_Left 3928
masks/nd1S06733_Right 3929
masks/nd1S06737_Left 3930
masks/nd1S06737_Right 3931
masks/nd1S06740_Left 3932
masks/nd1S06740_Right 3933
masks/nd1S06741_Left 3934
masks/nd1S06741_Right 3935
masks/nd1S06744_Left 3936
masks/nd1S06744_Right 3937
masks/nd1S06745_Left 3938
masks/nd1S06745_Right 3939
masks/nd1S06746_Left 3940
masks/nd1S06746_Right 3941
masks/nd1S06747_Left 3942
masks/nd1S06747_Right 3943
masks/nd1S06748_Left 3944
masks/nd1S06748_Right 3945
masks/nd1S06750_Left 3946
masks/nd1S06750_Right 3947
masks/nd1S06751_Left 3948
masks/nd1S06751_Right 3949
masks/nd1S06752_Left 3950
masks/nd1S06752_Right 3951
masks/nd1S06754_Left 3952
masks/nd1S06754_Right 3953
masks/nd1S06756_Left 3954
masks/nd1S06756_Right 3955
masks/nd1S06757_Left 3956
masks/nd1S06757_Right 3957
masks/nd1S06758_Left 3958
masks/nd1S06758_Right 3959
masks/nd1S06759_Left 3960
masks/nd1S06759_Right 3961
masks/nd1S06760_Left 3962
masks/nd1S06760_Right 3963
masks/nd1S06761_Left 3964
masks/nd1S06761_Right 3965
masks/nd1S06762_Left 3966
masks/nd1S06762_Right 3967
masks/nd1S06764_Left 3968
masks/nd1S06764_Right 3969
masks/nd1S06767_Left 3970
masks/nd1S06767_Right 3971
masks/nd1S06768_Left 3972
masks/nd1S06768_Right 3973
masks/nd1S06769_Left 3974
masks/nd1S06769_Right 3975
masks/nd1S06770_Left 3976
masks/nd1S06770_Right 3977
masks/nd1S06772_Left 3978
masks/nd1S06772_Right 3979
masks/nd1S06773_Left 3980
masks/nd1S06773_Right 3981
masks/nd1S06774_Left 3982
masks/nd1S06774_Right 3983
masks/nd1S06775_Left 3984
masks/nd1S06775_Right 3985
masks/nd1S06776_Left 3986
masks/nd1S06776_Right 3987
masks/nd1S06777_Left 3988
masks/nd1S06777_Right 3989
masks/nd1S06778_Left 3990
masks/nd1S06778_Right 3991
masks/nd1S06779_Left 3992
masks/nd1S06779_Right 3993
masks/nd1S06780_Left 3994
masks/nd1S06780_Right 3995
masks/nd1S06781_Left 3996
masks/nd1S06781_Right 3997
masks/nd1S06782_Left 3998
masks/nd1S06782_Right 3999
masks/nd1S06783_Left 4000
masks/nd1S06783_Right 4001
masks/nd1S06785_Left 4002
masks/nd1S06785_Right 4003
masks/nd1S06786_Left 4004
masks/nd1S06786_Right 4005
masks/nd1S06787_Left 4006
masks/nd1S06787_Right 4007
masks/nd1S06791_Left 4008
masks/nd1S06791_Right 4009
masks/nd1S06792_Left 4010
masks/nd1S06792_Right 4011
masks/nd1S06793_Left 4012
masks/nd1S06793_Right 4013
masks/nd1S06794_Left 4014
masks/nd1S06794_Right 4015
masks/nd1S06796_Left 4016
masks/nd1S06796_Right 4017
masks/nd1S06797_Left 4018
masks/nd1S06797_Right 4019
masks/nd1S06799_Left 4020
masks/nd1S06799_Right 4021
masks/nd1S06800_Left 4022
masks/nd1S06800_Right 4023
masks/nd1S06801_Left 4024
masks/nd1S06801_Right 4025
masks/nd1S06802_Left 4026
masks/nd1S06802_Right 4027
masks/nd1S06803_Left 4028
masks/nd1S06803_Right 4029
masks/nd1S06807_Left 4030
masks/nd1S06807_Right 4031
masks/nd1S06808_Left 4032
masks/nd1S06808_Right 4033
masks/nd1S06809_Left 4034
masks/nd1S06809_Right 4035
masks/nd1S06810_Left 4036
masks/nd1S06810_Right 4037
masks/nd1S06811_Left 4038
masks/nd1S06811_Right 4039
masks/nd1S06812_Left 4040
masks/nd1S06812_Right 4041
masks/nd1S06814_Left 4042
masks/nd1S06814_Right 4043
masks/nd1S06815_Left 4044
masks/nd1S06815_Right 4045
masks/nd1S06816_Left 4046
masks/nd1S06816_Right 4047
masks/nd1S06817_Left 4048
masks/nd1S06817_Right 4049
masks/nd1S06818_Left 4050
masks/nd1S06818_Right 4051
masks/nd1S06819_Left 4052
masks/nd1S06819_Right 4053
masks/nd1S06820_Left 4054
masks/nd1S06820_Right 4055
masks/nd1S06822_Left 4056
masks/nd1S06822_Right 4057
masks/nd1S06823_Left 4058
masks/nd1S06823_Right 4059
masks/nd1S06824_Left 4060
masks/nd1S06824_Right 4061
masks/nd1S06826_Left 4062
masks/nd1S06826_Right 4063
masks/nd1S06827_Left 4064
masks/nd1S06827_Right 4065
masks/nd1S06828_Left 4066
masks/nd1S06828_Right 4067
masks/nd1S06831_Left 4068
masks/nd1S06831_Right 4069
masks/nd1S06832_Left 4070
masks/nd1S06832_Right 4071
masks/nd1S06833_Left 4072
masks/nd1S06833_Right 4073
masks/nd1S06835_Left 4074
masks/nd1S06835_Right 4075
masks/nd1S06836_Left 4076
masks/nd1S06836_Right 4077
masks/nd1S06838_Left 4078
masks/nd1S06838_Right 4079
masks/nd1S06839_Left 4080
masks/nd1S06839_Right 4081
masks/nd1S06840_Left 4082
masks/nd1S06840_Right 4083
masks/nd1S06842_Left 4084
masks/nd1S06842_Right 4085
masks/nd1S06843_Left 4086
masks/nd1S06843_Right 4087
masks/nd1S06846_Left 4088
masks/nd1S06846_Right 4089
masks/nd1S06847_Left 4090
masks/nd1S06847_Right 4091
masks/nd1S06849_Left 4092
masks/nd1S06849_Right 4093
masks/nd1S06850_Left 4094
masks/nd1S06850_Right 4095
masks/nd1S06853_Left 4096
masks/nd1S06853_Right 4097
masks/nd1S06854_Left 4098
masks/nd1S06854_Right 4099
masks/nd1S06855_Left 4100
masks/nd1S06855_Right 4101
masks/nd1S06856_Left 4102
masks/nd1S06856_Right 4103
masks/nd1S06857_Left 4104
masks/nd1S06857_Right 4105
masks/nd1S06859_Left 4106
masks/nd1S06859_Right 4107
masks/nd1S06863_Left 4108
masks/nd1S06863_Right 4109
masks/nd1S06864_Left 4110
masks/nd1S06864_Right 4111
masks/nd1S06866_Left 4112
masks/nd1S06866_Right 4113
masks/nd1S06867_Left 4114
masks/nd1S06867_Right 4115
masks/nd1S06868_Left 4116
masks/nd1S06868_Right 4117
masks/nd1S06869_Left 4118
masks/nd1S06869_Right 4119
masks/nd1S06870_Left 4120
masks/nd1S06870_Right 4121
masks/nd1S06873_Left 4122
masks/nd1S06873_Right 4123
masks/nd1S06874_Left 4124
masks/nd1S06874_Right 4125
masks/nd1S06875_Left 4126
masks/nd1S06875_Right 4127
masks/nd1S06876_Left 4128
masks/nd1S06876_Right 4129
masks/nd1S06878_Left 4130
masks/nd1S06878_Right 4131
masks/nd1S06881_Left 4132
masks/nd1S06881_Right 4133
masks/nd1S06883_Left 4134
masks/nd1S06883_Right 4135
masks/nd1S06884_Left 4136
masks/nd1S06884_Right 4137
masks/nd1S06885_Left 4138
masks/nd1S06885_Right 4139
masks/nd1S06886_Left 4140
masks/nd1S06886_Right 4141
masks/nd1S06887_Left 4142
masks/nd1S06887_Right 4143
masks/nd1S06888_Left 4144
masks/nd1S06888_Right 4145
masks/nd1S06891_Left 4146
masks/nd1S06891_Right 4147
masks/nd1S06892_Left 4148
masks/nd1S06892_Right 4149
masks/nd1S06893_Left 4150
masks/nd1S06893_Right 4151
masks/nd1S06894_Left 4152
masks/nd1S06894_Right 4153
masks/nd1S06895_Left 4154
masks/nd1S06895_Right 4155
masks/nd1S06896_Left 4156
masks/nd1S06896_Right 4157
masks/nd1S06897_Left 4158
masks/nd1S06897_Right 4159
masks/nd1S06898_Left 4160
masks/nd1S06898_Right 4161
masks/nd1S06899_Left 4162
masks/nd1S06899_Right 4163
masks/nd1S06902_Left 4164
masks/nd1S06902_Right 4165
masks/nd1S06906_Left 4166
masks/nd1S06906_Right 4167
masks/nd1S06907_Left 4168
masks/nd1S06907_Right 4169
masks/nd1S06908_Left 4170
masks/nd1S06908_Right 4171
masks/nd1S06909_Left 4172
masks/nd1S06909_Right 4173
masks/nd1S06910_Left 4174
masks/nd1S06910_Right 4175
masks/nd1S06912_Left 4176
masks/nd1S06912_Right 4177
masks/nd1S06913_Left 4178
masks/nd1S06913_Right 4179
masks/nd1S06914_Left 4180
masks/nd1S06914_Right 4181
masks/nd1S06915_Left 4182
masks/nd1S06915_Right 4183
masks/nd1S06916_Left 4184
masks/nd1S06916_Right 4185
masks/nd1S06917_Left 4186
masks/nd1S06917_Right 4187
masks/nd1S06918_Left 4188
masks/nd1S06918_Right 4189
masks/nd1S06921_Left 4190
masks/nd1S06921_Right 4191
masks/nd1S06922_Left 4192
masks/nd1S06922_Right 4193
masks/nd1S06923_Left 4194
masks/nd1S06923_Right 4195
masks/nd1S06925_Left 4196
masks/nd1S06925_Right 4197
masks/nd1S06926_Left 4198
masks/nd1S06926_Right 4199
masks/nd1S06927_Left 4200
masks/nd1S06927_Right 4201
masks/nd1S06928_Left 4202
masks/nd1S06928_Right 4203
masks/nd1S06929_Left 4204
masks/nd1S06929_Right 4205
masks/nd1S06930_Left 4206
masks/nd1S06930_Right 4207
masks/nd1S06931_Left 4208
masks/nd1S06931_Right 4209
masks/nd1S06932_Left 4210
masks/nd1S06932_Right 4211
masks/nd1S06933_Left 4212
masks/nd1S06933_Right 4213
masks/nd1S06936_Left 4214
masks/nd1S06936_Right 4215
masks/nd1S06937_Left 4216
masks/nd1S06937_Right 4217
masks/nd1S06938_Left 4218
masks/nd1S06938_Right 4219
masks/nd1S06939_Left 4220
masks/nd1S06939_Right 4221
masks/nd1S06940_Left 4222
masks/nd1S06940_Right 4223
masks/nd1S06941_Left 4224
masks/nd1S06941_Right 4225
masks/nd1S06943_Left 4226
masks/nd1S06943_Right 4227
masks/nd1S06944_Left 4228
masks/nd1S06944_Right 4229
masks/nd1S06945_Left 4230
masks/nd1S06945_Right 4231
masks/nd1S06948_Left 4232
masks/nd1S06948_Right 4233
masks/nd1S06949_Left 4234
masks/nd1S06949_Right 4235
masks/nd1S06950_Left 4236
masks/nd1S06950_Right 4237
masks/nd1S06951_Left 4238
masks/nd1S06951_Right 4239
masks/nd1S06952_Left 4240
masks/nd1S06952_Right 4241
masks/nd1S06953_Left 4242
masks/nd1S06953_Right 4243
masks/nd1S06955_Left 4244
masks/nd1S06955_Right 4245
masks/nd1S06956_Left 4246
masks/nd1S06956_Right 4247
masks/nd1S06957_Left 4248
masks/nd1S06957_Right 4249
masks/nd1S06958_Left 4250
masks/nd1S06958_Right 4251
masks/nd1S06959_Left 4252
masks/nd1S06959_Right 4253
masks/nd1S06960_Left 4254
masks/nd1S06960_Right 4255
masks/nd1S06962_Left 4256
masks/nd1S06962_Right 4257
masks/nd1S06963_Left 4258
masks/nd1S06963_Right 4259
masks/nd1S06966_Left 4260
masks/nd1S06966_Right 4261
masks/nd1S06967_Left 4262
masks/nd1S06967_Right 4263
masks/nd1S06968_Left 4264
masks/nd1S06968_Right 4265
masks/nd1S06969_Left 4266
masks/nd1S06969_Right 4267
masks/nd1S06970_Left 4268
masks/nd1S06970_Right 4269
masks/nd1S06971_Left 4270
masks/nd1S06971_Right 4271
masks/nd1S06972_Left 4272
masks/nd1S06972_Right 4273
masks/nd1S06973_Left 4274
masks/nd1S06973_Right 4275
masks/nd1S06975_Left 4276
masks/nd1S06975_Right 4277
masks/nd1S06977_Left 4278
masks/nd1S06977_Right 4279
masks/nd1S06978_Left 4280
masks/nd1S06978_Right 4281
masks/nd1S06979_Left 4282
masks/nd1S06979_Right 4283
masks/nd1S06980_Left 4284
masks/nd1S06980_Right 4285
masks/nd1S06981_Left 4286
masks/nd1S06981_Right 4287
masks/nd1S06982_Left 4288
masks/nd1S06982_Right 4289
masks/nd1S06984_Left 4290
masks/nd1S06984_Right 4291
masks/nd1S06985_Left 4292
masks/nd1S06985_Right 4293
masks/nd1S06986_Left 4294
masks/nd1S06986_Right 4295
masks/nd1S06987_Left 4296
masks/nd1S06987_Right 4297
masks/nd1S06989_Left 4298
masks/nd1S06989_Right 4299
masks/nd1S06990_Left 4300
masks/nd1S06990_Right 4301
masks/nd1S06991_Left 4302
masks/nd1S06991_Right 4303
masks/nd1S06992_Left 4304
masks/nd1S06992_Right 4305
masks/nd1S06993_Left 4306
masks/nd1S06993_Right 4307
masks/nd1S06994_Left 4308
masks/nd1S06994_Right 4309
masks/nd1S06995_Left 4310
masks/nd1S06995_Right 4311
masks/nd1S06996_Left 4312
masks/nd1S06996_Right 4313
masks/nd1S07000_Left 4314
masks/nd1S07000_Right 4315
masks/nd1S07001_Left 4316
masks/nd1S07001_Right 4317
masks/nd1S07004_Left 4318
masks/nd1S07004_Right 4319
masks/nd1S07006_Left 4320
masks/nd1S07006_Right 4321
masks/nd1S07007_Left 4322
masks/nd1S07007_Right 4323
masks/nd1S07008_Left 4324
masks/nd1S07008_Right 4325
masks/nd1S07010_Left 4326
masks/nd1S07010_Right 4327
masks/nd1S07011_Left 4328
masks/nd1S07011_Right 4329
masks/nd1S07012_Left 4330
masks/nd1S07012_Right 4331
masks/nd1S07013_Left 4332
masks/nd1S07013_Right 4333
masks/nd1S07014_Left 4334
masks/nd1S07014_Right 4335
masks/nd1S07015_Left 4336
masks/nd1S07015_Right 4337
masks/nd1S07016_Left 4338
masks/nd1S07016_Right 4339
masks/nd1S07018_Left 4340
masks/nd1S07018_Right 4341
masks/nd1S07019_Left 4342
masks/nd1S07019_Right 4343
masks/nd1S07020_Left 4344
masks/nd1S07020_Right 4345
masks/nd1S07021_Left 4346
masks/nd1S07021_Right 4347
masks/nd1S07022_Left 4348
masks/nd1S07022_Right 4349
masks/nd1S07023_Left 4350
masks/nd1S07023_Right 4351
masks/nd1S07024_Left 4352
masks/nd1S07024_Right 4353
masks/nd1S07025_Left 4354
masks/nd1S07025_Right 4355
masks/nd1S07026_Left 4356
masks/nd1S07026_Right 4357
masks/nd1S07027_Left 4358
masks/nd1S07027_Right 4359
masks/nd1S07028_Left 4360
masks/nd1S07028_Right 4361
masks/nd1S07031_Left 4362
masks/nd1S07031_Right 4363
masks/nd1S07032_Left 4364
masks/nd1S07032_Right 4365
masks/nd1S07033_Left 4366
masks/nd1S07033_Right 4367
masks/nd1S07034_Left 4368
masks/nd1S07034_Right 4369
masks/nd1S07035_Left 4370
masks/nd1S07035_Right 4371
masks/nd1S07036_Left 4372
masks/nd1S07036_Right 4373
masks/nd1S07037_Left 4374
masks/nd1S07037_Right 4375
masks/nd1S07038_Left 4376
masks/nd1S07038_Right 4377
masks/nd1S07040_Left 4378
masks/nd1S07040_Right 4379
masks/nd1S07041_Left 4380
masks/nd1S07041_Right 4381
masks/nd1S07042_Left 4382
masks/nd1S07042_Right 4383
masks/nd1S07043_Left 4384
masks/nd1S07043_Right 4385
masks/nd1S07044_Left 4386
masks/nd1S07044_Right 4387
masks/nd1S07046_Left 4388
masks/nd1S07046_Right 4389
masks/nd1S07047_Left 4390
masks/nd1S07047_Right 4391
masks/nd1S07048_Left 4392
masks/nd1S07048_Right 4393
masks/nd1S07049_Left 4394
masks/nd1S07049_Right 4395
masks/nd1S07051_Left 4396
masks/nd1S07051_Right 4397
masks/nd1S07052_Left 4398
masks/nd1S07052_Right 4399
masks/nd1S07053_Left 4400
masks/nd1S07053_Right 4401
masks/nd1S07054_Left 4402
masks/nd1S07054_Right 4403
masks/nd1S07055_Left 4404
masks/nd1S07055_Right 4405
masks/nd1S07056_Left 4406
masks/nd1S07056_Right 4407
masks/nd1S07057_Left 4408
masks/nd1S07057_Right 4409
masks/nd1S07059_Left 4410
masks/nd1S07059_Right 4411
masks/nd1S07060_Left 4412
masks/nd1S07060_Right 4413
Creating .rec file from /afs/crc.nd.edu/user/j/jporubci/Private/ArcIris2/train.lst in /afs/crc.nd.edu/user/j/jporubci/Private/ArcIris2
time: 0.008025884628295898  count: 0
time: 2.86464786529541  count: 1000
time: 2.8949806690216064  count: 2000
time: 2.819911479949951  count: 3000
time: 2.522306442260742  count: 4000
time: 2.234973192214966  count: 5000
time: 2.958515167236328  count: 6000
time: 2.8270623683929443  count: 7000
time: 3.236255168914795  count: 8000
time: 3.0073471069335938  count: 9000
time: 2.7790932655334473  count: 10000
time: 2.7898640632629395  count: 11000
time: 2.9089043140411377  count: 12000
time: 2.713955879211426  count: 13000
time: 2.8259894847869873  count: 14000
time: 2.5772604942321777  count: 15000
time: 2.8011720180511475  count: 16000
time: 2.696406602859497  count: 17000
time: 2.9783337116241455  count: 18000
time: 2.812713623046875  count: 19000
time: 2.4959425926208496  count: 20000
time: 2.290569305419922  count: 21000
time: 2.6540794372558594  count: 22000
time: 2.8242526054382324  count: 23000
time: 2.8172268867492676  count: 24000
time: 2.1719582080841064  count: 25000
time: 2.5522022247314453  count: 26000
time: 2.1813318729400635  count: 27000
time: 2.4703216552734375  count: 28000
time: 3.981558084487915  count: 29000
time: 2.323089122772217  count: 30000
time: 2.2987446784973145  count: 31000
time: 2.4015676975250244  count: 32000
time: 2.587232828140259  count: 33000
time: 2.5318262577056885  count: 34000
time: 2.6448333263397217  count: 35000
time: 2.2474026679992676  count: 36000
time: 2.326474189758301  count: 37000
time: 2.4773707389831543  count: 38000
time: 2.5059783458709717  count: 39000
time: 2.174875259399414  count: 40000
time: 2.2818684577941895  count: 41000
time: 2.541567087173462  count: 42000
time: 2.028205156326294  count: 43000
time: 2.1444318294525146  count: 44000
time: 2.3444771766662598  count: 45000
time: 2.362400770187378  count: 46000
time: 2.3179943561553955  count: 47000
time: 2.5258913040161133  count: 48000
time: 2.01431941986084  count: 49000
time: 2.3815321922302246  count: 50000
time: 2.248450756072998  count: 51000
time: 2.064004421234131  count: 52000
time: 2.0504205226898193  count: 53000
time: 3.1058969497680664  count: 54000
time: 2.427800416946411  count: 55000
time: 2.6905879974365234  count: 56000
time: 1.9992518424987793  count: 57000
time: 1.9262027740478516  count: 58000
time: 3.1291182041168213  count: 59000
time: 2.470099687576294  count: 60000
time: 2.0579140186309814  count: 61000
time: 2.070317506790161  count: 62000
time: 2.1213433742523193  count: 63000
time: 2.610081195831299  count: 64000
time: 2.1228296756744385  count: 65000
time: 3.0657918453216553  count: 66000
time: 1.9180908203125  count: 67000
time: 2.1965088844299316  count: 68000
time: 1.9171371459960938  count: 69000
time: 2.164672613143921  count: 70000
time: 2.105424404144287  count: 71000
time: 1.9433271884918213  count: 72000
time: 2.2485666275024414  count: 73000
time: 2.3224267959594727  count: 74000
time: 2.3255441188812256  count: 75000
time: 2.6347289085388184  count: 76000
time: 5.206895589828491  count: 77000
time: 4.899072885513306  count: 78000
time: 5.2007505893707275  count: 79000
time: 4.814932107925415  count: 80000
time: 4.998078346252441  count: 81000
time: 5.535703420639038  count: 82000
time: 5.041573762893677  count: 83000
time: 5.084700345993042  count: 84000
time: 4.9639692306518555  count: 85000
time: 4.54560661315918  count: 86000
time: 4.212774276733398  count: 87000
time: 3.953289747238159  count: 88000
time: 3.1698250770568848  count: 89000
time: 0.009155988693237305  count: 0
time: 2.5399718284606934  count: 1000
time: 2.6113698482513428  count: 2000
time: 2.244921922683716  count: 3000
time: 1.9015755653381348  count: 4000
time: 1.8677175045013428  count: 5000
time: 2.3542470932006836  count: 6000
time: 1.8768296241760254  count: 7000
time: 2.381338596343994  count: 8000
time: 2.3680245876312256  count: 9000
time: 1.7273919582366943  count: 10000
time: 2.0165889263153076  count: 11000
time: 2.242051839828491  count: 12000
time: 2.027083158493042  count: 13000
time: 1.9875075817108154  count: 14000
time: 1.9576425552368164  count: 15000
time: 2.245544910430908  count: 16000
time: 2.1923274993896484  count: 17000
time: 1.8317959308624268  count: 18000
time: 1.761565923690796  count: 19000
time: 1.971498966217041  count: 20000
time: 1.971479892730713  count: 21000
time: 2.0253138542175293  count: 22000
time: 1.871222734451294  count: 23000
time: 1.9162976741790771  count: 24000
time: 1.8043391704559326  count: 25000
time: 1.9071977138519287  count: 26000
time: 1.6946754455566406  count: 27000
time: 1.8345720767974854  count: 28000
time: 1.6735560894012451  count: 29000
time: 1.8661744594573975  count: 30000
time: 1.8944108486175537  count: 31000
time: 3.4148976802825928  count: 32000
time: 1.5987944602966309  count: 33000
time: 1.8813743591308594  count: 34000
time: 1.987844705581665  count: 35000
time: 1.7639966011047363  count: 36000
time: 1.8163273334503174  count: 37000
time: 1.7912335395812988  count: 38000
time: 1.703075647354126  count: 39000
time: 1.9967572689056396  count: 40000
time: 1.950350046157837  count: 41000
time: 1.640625238418579  count: 42000
time: 1.8415727615356445  count: 43000
time: 1.8672418594360352  count: 44000
time: 1.730708360671997  count: 45000
time: 2.055194854736328  count: 46000
time: 1.8718349933624268  count: 47000
time: 1.6406033039093018  count: 48000
time: 1.8208284378051758  count: 49000
time: 1.779094934463501  count: 50000
time: 1.6204767227172852  count: 51000
time: 1.7270245552062988  count: 52000
time: 1.7173550128936768  count: 53000
time: 1.8099079132080078  count: 54000
time: 1.643092393875122  count: 55000
time: 1.7994117736816406  count: 56000
time: 1.6170237064361572  count: 57000
time: 1.7871928215026855  count: 58000
time: 1.6838433742523193  count: 59000
time: 1.5602643489837646  count: 60000
time: 2.205906867980957  count: 61000
time: 1.5802276134490967  count: 62000
time: 1.7322998046875  count: 63000
time: 1.6161706447601318  count: 64000
time: 2.532109260559082  count: 65000
time: 1.4832391738891602  count: 66000
time: 2.257427453994751  count: 67000
time: 1.3879735469818115  count: 68000
time: 1.4483985900878906  count: 69000
time: 1.4770336151123047  count: 70000
time: 2.5164413452148438  count: 71000
time: 1.5784494876861572  count: 72000
time: 2.092801570892334  count: 73000
time: 1.6508333683013916  count: 74000
time: 1.5984041690826416  count: 75000
time: 1.5945754051208496  count: 76000
time: 1.802208423614502  count: 77000
time: 1.6990816593170166  count: 78000
time: 2.181156873703003  count: 79000
time: 2.3790318965911865  count: 80000
time: 1.7926714420318604  count: 81000
time: 1.77203369140625  count: 82000
time: 1.5703859329223633  count: 83000
time: 1.599104881286621  count: 84000
time: 1.6669869422912598  count: 85000
time: 1.5850164890289307  count: 86000
time: 1.693523645401001  count: 87000
time: 1.574366569519043  count: 88000
time: 1.6857941150665283  count: 89000
time: 1.7119088172912598  count: 90000
time: 1.4022972583770752  count: 91000
time: 1.4123241901397705  count: 92000
time: 1.6404304504394531  count: 93000
time: 1.8670732975006104  count: 94000
time: 4.119043827056885  count: 95000
time: 3.4332895278930664  count: 96000
time: 4.341513633728027  count: 97000
time: 4.520217418670654  count: 98000
time: 3.555095672607422  count: 99000
time: 4.182941198348999  count: 100000
time: 4.337558746337891  count: 101000
time: 3.973114490509033  count: 102000
time: 3.8294525146484375  count: 103000
time: 3.9715499877929688  count: 104000
time: 3.7926502227783203  count: 105000
time: 3.8622045516967773  count: 106000
time: 2.963593006134033  count: 107000
time: 3.920858144760132  count: 108000
time: 3.3769490718841553  count: 109000
time: 2.8308069705963135  count: 110000
time: 2.736910104751587  count: 111000
time: 2.748246908187866  count: 112000
time: 2.5197722911834717  count: 113000
time: 2.2334718704223633  count: 114000
time: 2.239034414291382  count: 115000
time: 2.609574794769287  count: 116000
time: 0.046537160873413086  count: 0
time: 2.5577173233032227  count: 1000
time: 0.440248966217041  count: 2000
time: 1.0840439796447754  count: 3000
time: 1.2805447578430176  count: 4000
time: 1.392078161239624  count: 5000
time: 0.9339284896850586  count: 6000
time: 1.21854567527771  count: 7000
time: 1.1757102012634277  count: 8000
time: 1.4373555183410645  count: 9000
time: 1.1866867542266846  count: 10000
time: 1.1085705757141113  count: 11000
time: 1.4230358600616455  count: 12000
time: 0.9548768997192383  count: 13000
time: 1.456451177597046  count: 14000
time: 1.2936630249023438  count: 15000
time: 0.9600203037261963  count: 16000
time: 1.308483362197876  count: 17000
time: 1.1697578430175781  count: 18000
time: 1.1590242385864258  count: 19000
time: 0.9449069499969482  count: 20000
time: 1.127683162689209  count: 21000
time: 1.302112102508545  count: 22000
time: 0.9927577972412109  count: 23000
time: 1.127272367477417  count: 24000
time: 1.1531038284301758  count: 25000
time: 0.9861283302307129  count: 26000
time: 1.644639015197754  count: 27000
time: 1.230654239654541  count: 28000
time: 0.5042293071746826  count: 29000
time: 1.3049976825714111  count: 30000
time: 1.0798382759094238  count: 31000
time: 1.130878210067749  count: 32000
time: 1.3506786823272705  count: 33000
time: 1.6029481887817383  count: 34000
time: 1.0665085315704346  count: 35000
time: 0.8873987197875977  count: 36000
time: 1.395054817199707  count: 37000
time: 1.0607075691223145  count: 38000
time: 1.7246496677398682  count: 39000
time: 1.7493400573730469  count: 40000
time: 2.024505853652954  count: 41000
time: 0.36562561988830566  count: 42000
time: 0.6172201633453369  count: 43000
time: 0.948737382888794  count: 44000
time: 0.7287554740905762  count: 45000
time: 1.5486772060394287  count: 46000
time: 0.9801449775695801  count: 47000
time: 1.304560661315918  count: 48000
time: 1.3759424686431885  count: 49000
time: 0.7021889686584473  count: 50000
time: 2.048393487930298  count: 51000
time: 0.9688293933868408  count: 52000
time: 0.5299696922302246  count: 53000
time: 0.48128271102905273  count: 54000
time: 0.9313807487487793  count: 55000
time: 1.3080267906188965  count: 56000
time: 0.6167745590209961  count: 57000
time: 1.0020675659179688  count: 58000
time: 0.6730234622955322  count: 59000
time: 0.9997735023498535  count: 60000
time: 0.5536923408508301  count: 61000
time: 0.3977088928222656  count: 62000
time: 1.4309356212615967  count: 63000
time: 0.44692564010620117  count: 64000
time: 1.0279929637908936  count: 65000
time: 1.608738660812378  count: 66000
time: 0.3632240295410156  count: 67000
time: 0.3235909938812256  count: 68000
time: 0.6482574939727783  count: 69000
time: 0.8273458480834961  count: 70000
time: 1.1983659267425537  count: 71000
time: 0.8626112937927246  count: 72000
time: 0.7953619956970215  count: 73000
time: 0.4233815670013428  count: 74000
time: 0.8118219375610352  count: 75000
time: 1.0628857612609863  count: 76000
time: 0.1717531681060791  count: 77000
time: 1.7728943824768066  count: 78000
time: 0.10497236251831055  count: 79000
time: 1.4292583465576172  count: 80000
time: 1.7357850074768066  count: 81000
time: 0.8920447826385498  count: 82000
time: 0.7577617168426514  count: 83000
time: 0.1038503646850586  count: 84000
time: 1.2926371097564697  count: 85000
time: 0.606635332107544  count: 86000
time: 0.21392226219177246  count: 87000
time: 0.321300745010376  count: 88000
time: 1.2435522079467773  count: 89000
time: 0.8583052158355713  count: 90000
time: 0.6544232368469238  count: 91000
time: 1.3387043476104736  count: 92000
time: 0.42080068588256836  count: 93000
time: 0.545586347579956  count: 94000
time: 0.4069633483886719  count: 95000
time: 1.2066397666931152  count: 96000
time: 1.5875606536865234  count: 97000
time: 0.5407066345214844  count: 98000
time: 0.7672269344329834  count: 99000
time: 0.2588832378387451  count: 100000
time: 1.271843671798706  count: 101000
time: 0.5660281181335449  count: 102000
time: 2.1451730728149414  count: 103000
time: 0.8205246925354004  count: 104000
time: 0.09870362281799316  count: 105000
time: 0.09000444412231445  count: 106000
time: 0.5375144481658936  count: 107000
time: 0.5711514949798584  count: 108000
time: 2.0459659099578857  count: 109000
time: 0.5282974243164062  count: 110000
time: 0.11333465576171875  count: 111000
time: 1.8328313827514648  count: 112000
time: 0.19263172149658203  count: 113000
time: 1.458751916885376  count: 114000
time: 0.8565537929534912  count: 115000
time: 0.09927892684936523  count: 116000
time: 0.4487588405609131  count: 117000
time: 1.4340240955352783  count: 118000
time: 0.10738492012023926  count: 119000
time: 0.9141232967376709  count: 120000
time: 0.48487424850463867  count: 121000
time: 0.45284032821655273  count: 122000
time: 0.790236234664917  count: 123000
time: 0.36872339248657227  count: 124000
time: 0.5849814414978027  count: 125000
time: 1.7213146686553955  count: 126000
time: 0.11416435241699219  count: 127000
time: 1.7420713901519775  count: 128000
time: 0.36405515670776367  count: 129000
time: 0.10716104507446289  count: 130000
time: 0.48471999168395996  count: 131000
time: 1.0938892364501953  count: 132000
time: 1.027712106704712  count: 133000
time: 1.0310165882110596  count: 134000
time: 0.4079883098602295  count: 135000
time: 1.2047061920166016  count: 136000
time: 0.9797954559326172  count: 137000
time: 0.8993313312530518  count: 138000
time: 0.07793974876403809  count: 139000
time: 0.9510064125061035  count: 140000
time: 0.3434624671936035  count: 141000
time: 0.3211677074432373  count: 142000
time: 1.1858868598937988  count: 143000
time: 0.5593852996826172  count: 144000
time: 0.8470401763916016  count: 145000
time: 0.5962002277374268  count: 146000
time: 0.4988107681274414  count: 147000
time: 1.0011565685272217  count: 148000
time: 0.5610668659210205  count: 149000
time: 0.37464237213134766  count: 150000
time: 0.9205272197723389  count: 151000
time: 1.306168794631958  count: 152000
time: 0.40689682960510254  count: 153000
time: 0.1915147304534912  count: 154000
time: 0.7019698619842529  count: 155000
time: 1.0231175422668457  count: 156000
time: 0.44576501846313477  count: 157000
time: 1.2984182834625244  count: 158000
time: 0.3568089008331299  count: 159000
time: 1.6334083080291748  count: 160000
time: 0.4828369617462158  count: 161000
time: 0.5218780040740967  count: 162000
time: 0.6877551078796387  count: 163000
time: 0.20131754875183105  count: 164000
time: 0.9246540069580078  count: 165000
time: 0.5995733737945557  count: 166000
time: 0.8028974533081055  count: 167000
time: 1.499107837677002  count: 168000
time: 0.26899242401123047  count: 169000
time: 0.9662892818450928  count: 170000
time: 0.21003174781799316  count: 171000
time: 0.3832817077636719  count: 172000
time: 0.6871168613433838  count: 173000
time: 0.7756986618041992  count: 174000
time: 0.717618465423584  count: 175000
time: 0.5646202564239502  count: 176000
time: 1.1486210823059082  count: 177000
time: 1.7201435565948486  count: 178000
time: 0.06577277183532715  count: 179000
time: 0.7061929702758789  count: 180000
time: 1.0595898628234863  count: 181000
time: 0.18677806854248047  count: 182000
time: 0.23801207542419434  count: 183000
time: 1.7721667289733887  count: 184000
time: 0.554227352142334  count: 185000
time: 0.4573836326599121  count: 186000
time: 0.3635289669036865  count: 187000
time: 0.7739253044128418  count: 188000
time: 0.8587431907653809  count: 189000
time: 0.4208812713623047  count: 190000
time: 0.7004497051239014  count: 191000
time: 1.1256396770477295  count: 192000
time: 0.35106587409973145  count: 193000
time: 0.855586051940918  count: 194000
time: 0.16985368728637695  count: 195000
time: 0.6115989685058594  count: 196000
time: 1.7807776927947998  count: 197000
time: 0.5611112117767334  count: 198000
time: 0.3365211486816406  count: 199000
time: 1.3035609722137451  count: 200000
time: 0.39936256408691406  count: 201000
time: 0.5856280326843262  count: 202000
time: 0.40741825103759766  count: 203000
time: 0.8091158866882324  count: 204000
time: 0.7551891803741455  count: 205000
time: 0.711338996887207  count: 206000
time: 0.8933231830596924  count: 207000
time: 0.8029680252075195  count: 208000
time: 0.906843900680542  count: 209000
time: 0.4516315460205078  count: 210000
time: 0.7324576377868652  count: 211000
time: 0.8724379539489746  count: 212000
time: 0.9373159408569336  count: 213000
time: 0.47803640365600586  count: 214000
time: 0.6635754108428955  count: 215000
time: 1.1674180030822754  count: 216000
time: 1.634486436843872  count: 217000
time: 0.07520794868469238  count: 218000
time: 0.0648348331451416  count: 219000
time: 1.496046781539917  count: 220000
time: 0.06452512741088867  count: 221000
time: 0.6582796573638916  count: 222000
time: 0.6158571243286133  count: 223000
time: 0.2860136032104492  count: 224000
time: 0.8268451690673828  count: 225000
time: 0.33568429946899414  count: 226000
time: 0.8431229591369629  count: 227000
time: 0.4119858741760254  count: 228000
time: 0.9473056793212891  count: 229000
time: 1.0687580108642578  count: 230000
time: 0.06477046012878418  count: 231000
time: 1.7704787254333496  count: 232000
time: 0.5578470230102539  count: 233000
time: 0.06461668014526367  count: 234000
time: 0.9421868324279785  count: 235000
time: 0.47498011589050293  count: 236000
time: 1.338796854019165  count: 237000
time: 1.2468252182006836  count: 238000
time: 0.13268113136291504  count: 239000
time: 1.0963997840881348  count: 240000
time: 0.5448815822601318  count: 241000
time: 1.1573119163513184  count: 242000
time: 1.053879976272583  count: 243000
time: 0.06675100326538086  count: 244000
time: 0.5654044151306152  count: 245000
time: 1.0486104488372803  count: 246000
time: 0.16034317016601562  count: 247000
time: 0.391524076461792  count: 248000
time: 1.0173039436340332  count: 249000
time: 0.5628576278686523  count: 250000
time: 1.40513277053833  count: 251000
time: 0.0689229965209961  count: 252000
time: 0.515371561050415  count: 253000
time: 0.7466762065887451  count: 254000
time: 0.5876126289367676  count: 255000
time: 1.0653014183044434  count: 256000
time: 0.30655503273010254  count: 257000
time: 0.9910390377044678  count: 258000
time: 1.0719661712646484  count: 259000
time: 0.07271265983581543  count: 260000
time: 1.28507399559021  count: 261000
time: 0.1860189437866211  count: 262000
time: 0.8686740398406982  count: 263000
time: 1.1309139728546143  count: 264000
time: 0.4096508026123047  count: 265000
time: 0.7122411727905273  count: 266000
time: 1.1974337100982666  count: 267000
time: 0.06823372840881348  count: 268000
time: 0.602705717086792  count: 269000
time: 1.202995777130127  count: 270000
time: 0.0678703784942627  count: 271000
time: 1.3965179920196533  count: 272000
time: 0.14120817184448242  count: 273000
time: 1.014643669128418  count: 274000
time: 0.0723872184753418  count: 275000
time: 0.6358990669250488  count: 276000
time: 1.568437099456787  count: 277000
time: 0.06280970573425293  count: 278000
time: 0.7559056282043457  count: 279000
time: 1.7223503589630127  count: 280000
time: 0.07121729850769043  count: 281000
time: 0.2149193286895752  count: 282000
time: 1.1520609855651855  count: 283000
time: 0.33347511291503906  count: 284000
time: 1.0045161247253418  count: 285000
time: 0.4896399974822998  count: 286000
time: 2.3688883781433105  count: 287000
time: 0.11342167854309082  count: 288000
time: 0.5722565650939941  count: 289000
time: 1.0956730842590332  count: 290000
time: 0.29059863090515137  count: 291000
time: 0.8392748832702637  count: 292000
time: 1.5536606311798096  count: 293000
time: 0.06818556785583496  count: 294000
time: 1.529862880706787  count: 295000
time: 0.06857156753540039  count: 296000
time: 0.06655311584472656  count: 297000
time: 0.8580360412597656  count: 298000
time: 1.1287083625793457  count: 299000
time: 0.17869901657104492  count: 300000
time: 1.2018792629241943  count: 301000
time: 0.39322924613952637  count: 302000
time: 0.9026970863342285  count: 303000
time: 1.426318883895874  count: 304000
time: 0.07256722450256348  count: 305000
time: 1.2798147201538086  count: 306000
time: 0.06627368927001953  count: 307000
time: 0.48701000213623047  count: 308000
time: 1.4236769676208496  count: 309000
time: 0.302217960357666  count: 310000
time: 0.07005500793457031  count: 311000
time: 1.2831988334655762  count: 312000
time: 0.1344928741455078  count: 313000
time: 1.080451250076294  count: 314000
time: 0.4442176818847656  count: 315000
time: 1.158010721206665  count: 316000
time: 0.2560553550720215  count: 317000
time: 2.0744194984436035  count: 318000
time: 0.06545615196228027  count: 319000
time: 0.06868147850036621  count: 320000
time: 0.758472204208374  count: 321000
time: 1.087597370147705  count: 322000
time: 0.8565349578857422  count: 323000
time: 0.2734088897705078  count: 324000
time: 0.6280233860015869  count: 325000
time: 0.36680006980895996  count: 326000
time: 0.5402076244354248  count: 327000
time: 0.6789875030517578  count: 328000
time: 1.0241672992706299  count: 329000
time: 0.6529264450073242  count: 330000
time: 0.6975357532501221  count: 331000
time: 0.8395729064941406  count: 332000
time: 0.6863527297973633  count: 333000
time: 0.5832977294921875  count: 334000
time: 0.7522444725036621  count: 335000
time: 1.4448440074920654  count: 336000
time: 0.46300578117370605  count: 337000
time: 0.8583719730377197  count: 338000
time: 0.8751819133758545  count: 339000
time: 0.06814432144165039  count: 340000
time: 1.2545421123504639  count: 341000
time: 0.6615266799926758  count: 342000
time: 0.3688490390777588  count: 343000
time: 1.287769079208374  count: 344000
time: 0.6951122283935547  count: 345000
time: 0.06758236885070801  count: 346000
time: 1.028123378753662  count: 347000
time: 0.8177745342254639  count: 348000
time: 0.9190900325775146  count: 349000
time: 0.457364559173584  count: 350000
time: 0.5407655239105225  count: 351000
time: 0.5185093879699707  count: 352000
time: 0.8072938919067383  count: 353000
time: 0.7704117298126221  count: 354000
time: 0.28681063652038574  count: 355000
time: 1.7909190654754639  count: 356000
time: 0.08199048042297363  count: 357000
time: 0.06791353225708008  count: 358000
time: 0.6393229961395264  count: 359000
time: 0.7975828647613525  count: 360000
time: 0.3271322250366211  count: 361000
time: 0.0916445255279541  count: 362000
time: 0.294262170791626  count: 363000
time: 0.2539994716644287  count: 364000
time: 0.2907278537750244  count: 365000
time: 0.2703533172607422  count: 366000
Created .rec files
Train identities: 2209
Train images: 183459
Val identities: 2209
Val images: 44921
Test identities: 553
Test images: 58259
