Training: 2025-04-02 12:11:42,170-rank_id: 0
/afs/crc.nd.edu/user/j/jporubci/Private/ArcIris2/.venv/lib64/python3.9/site-packages/torch/optim/lr_scheduler.py:62: UserWarning: The verbose parameter is deprecated. Please use get_last_lr() to access the learning rate.
  warnings.warn(
Training: 2025-04-02 12:11:43,193-: margin_list              (1.0, 0.5, 0.0)
Training: 2025-04-02 12:11:43,193-: network                  r100
Training: 2025-04-02 12:11:43,193-: resume                   False
Training: 2025-04-02 12:11:43,193-: save_all_states          False
Training: 2025-04-02 12:11:43,193-: output                   work_dirs/r100
Training: 2025-04-02 12:11:43,193-: embedding_size           512
Training: 2025-04-02 12:11:43,193-: sample_rate              1.0
Training: 2025-04-02 12:11:43,193-: interclass_filtering_threshold0
Training: 2025-04-02 12:11:43,193-: fp16                     True
Training: 2025-04-02 12:11:43,193-: batch_size               128
Training: 2025-04-02 12:11:43,193-: optimizer                adamw
Training: 2025-04-02 12:11:43,193-: lr                       0.001
Training: 2025-04-02 12:11:43,193-: momentum                 0.9
Training: 2025-04-02 12:11:43,193-: weight_decay             0.01
Training: 2025-04-02 12:11:43,193-: verbose                  2000
Training: 2025-04-02 12:11:43,193-: frequent                 10
Training: 2025-04-02 12:11:43,193-: dali                     False
Training: 2025-04-02 12:11:43,193-: dali_aug                 False
Training: 2025-04-02 12:11:43,193-: gradient_acc             1
Training: 2025-04-02 12:11:43,193-: seed                     2048
Training: 2025-04-02 12:11:43,194-: num_workers              1
Training: 2025-04-02 12:11:43,194-: wandb_key                XXXXXXXXXXXXXXXXXXXXXXXXXXXXXXXXXXXXXXXX
Training: 2025-04-02 12:11:43,194-: suffix_run_name          None
Training: 2025-04-02 12:11:43,194-: using_wandb              False
Training: 2025-04-02 12:11:43,194-: wandb_entity             entity
Training: 2025-04-02 12:11:43,194-: wandb_project            project
Training: 2025-04-02 12:11:43,194-: wandb_log_all            True
Training: 2025-04-02 12:11:43,194-: save_artifacts           False
Training: 2025-04-02 12:11:43,194-: wandb_resume             False
Training: 2025-04-02 12:11:43,194-: rec                      .
Training: 2025-04-02 12:11:43,194-: num_classes              2072
Training: 2025-04-02 12:11:43,194-: num_image                182644
Training: 2025-04-02 12:11:43,194-: num_epoch                200
Training: 2025-04-02 12:11:43,194-: warmup_epoch             0
Training: 2025-04-02 12:11:43,194-: val_targets              ['val.bin']
Training: 2025-04-02 12:11:43,194-: total_batch_size         128
Training: 2025-04-02 12:11:43,194-: warmup_step              0
Training: 2025-04-02 12:11:43,194-: total_step               285200
images_tensor.shape: torch.Size([8192, 3, 64, 512])
img0.shape: torch.Size([3, 64, 512])
img0.min(): 0.0
img0.max(): 1.0
img1.shape: torch.Size([3, 64, 512])
img1.min(): 0.07058823853731155
img1.max(): 0.8470588326454163
issame_ndarray[0]: 1
images_tensor.shape: torch.Size([8192, 3, 64, 512])
/afs/crc.nd.edu/user/j/jporubci/Private/ArcIris2/.venv/lib64/python3.9/site-packages/torch/optim/lr_scheduler.py:227: UserWarning: Detected call of `lr_scheduler.step()` before `optimizer.step()`. In PyTorch 1.1.0 and later, you should call them in the opposite order: `optimizer.step()` before `lr_scheduler.step()`.  Failure to do this will result in PyTorch skipping the first value of the learning rate schedule. See more details at https://pytorch.org/docs/stable/optim.html#how-to-adjust-learning-rate
  warnings.warn(
Training: 2025-04-02 12:12:46,616-Speed 62.91 samples/sec   Loss 42.2081   LearningRate 0.001000   Epoch: 0   Global Step: 20   Fp16 Grad Scale: 32768   Required: 192 hours
Training: 2025-04-02 12:13:06,863-Speed 63.22 samples/sec   Loss 42.1163   LearningRate 0.001000   Epoch: 0   Global Step: 30   Fp16 Grad Scale: 32768   Required: 181 hours
Training: 2025-04-02 12:13:27,152-Speed 63.09 samples/sec   Loss 41.8240   LearningRate 0.001000   Epoch: 0   Global Step: 40   Fp16 Grad Scale: 32768   Required: 178 hours
Training: 2025-04-02 12:13:47,400-Speed 63.22 samples/sec   Loss 41.0655   LearningRate 0.001000   Epoch: 0   Global Step: 50   Fp16 Grad Scale: 32768   Required: 174 hours
Training: 2025-04-02 12:14:07,629-Speed 63.28 samples/sec   Loss 40.3201   LearningRate 0.001000   Epoch: 0   Global Step: 60   Fp16 Grad Scale: 32768   Required: 171 hours
Training: 2025-04-02 12:14:29,672-Speed 58.07 samples/sec   Loss 40.0787   LearningRate 0.001000   Epoch: 0   Global Step: 70   Fp16 Grad Scale: 32768   Required: 172 hours
Training: 2025-04-02 12:14:49,929-Speed 63.19 samples/sec   Loss 39.4848   LearningRate 0.001000   Epoch: 0   Global Step: 80   Fp16 Grad Scale: 32768   Required: 170 hours
Training: 2025-04-02 12:15:10,131-Speed 63.36 samples/sec   Loss 38.9987   LearningRate 0.001000   Epoch: 0   Global Step: 90   Fp16 Grad Scale: 32768   Required: 170 hours
Training: 2025-04-02 12:15:30,333-Speed 63.36 samples/sec   Loss 37.8747   LearningRate 0.001000   Epoch: 0   Global Step: 100   Fp16 Grad Scale: 32768   Required: 169 hours
Training: 2025-04-02 12:15:50,544-Speed 63.34 samples/sec   Loss 36.1656   LearningRate 0.001000   Epoch: 0   Global Step: 110   Fp16 Grad Scale: 65536   Required: 168 hours
Training: 2025-04-02 12:16:10,779-Speed 63.26 samples/sec   Loss 34.7162   LearningRate 0.001000   Epoch: 0   Global Step: 120   Fp16 Grad Scale: 32768   Required: 167 hours
Training: 2025-04-02 12:16:30,976-Speed 63.38 samples/sec   Loss 34.2073   LearningRate 0.001000   Epoch: 0   Global Step: 130   Fp16 Grad Scale: 32768   Required: 166 hours
Training: 2025-04-02 12:16:51,184-Speed 63.34 samples/sec   Loss 31.2723   LearningRate 0.001000   Epoch: 0   Global Step: 140   Fp16 Grad Scale: 32768   Required: 166 hours
Training: 2025-04-02 12:17:11,362-Speed 63.43 samples/sec   Loss 30.1967   LearningRate 0.000999   Epoch: 0   Global Step: 150   Fp16 Grad Scale: 32768   Required: 166 hours
Training: 2025-04-02 12:17:31,578-Speed 63.32 samples/sec   Loss 28.1791   LearningRate 0.000999   Epoch: 0   Global Step: 160   Fp16 Grad Scale: 32768   Required: 165 hours
Training: 2025-04-02 12:17:51,827-Speed 63.21 samples/sec   Loss 26.0116   LearningRate 0.000999   Epoch: 0   Global Step: 170   Fp16 Grad Scale: 32768   Required: 165 hours
Training: 2025-04-02 12:18:12,048-Speed 63.30 samples/sec   Loss 24.4869   LearningRate 0.000999   Epoch: 0   Global Step: 180   Fp16 Grad Scale: 32768   Required: 164 hours
Training: 2025-04-02 12:18:32,266-Speed 63.31 samples/sec   Loss 22.9494   LearningRate 0.000999   Epoch: 0   Global Step: 190   Fp16 Grad Scale: 32768   Required: 165 hours
Training: 2025-04-02 12:18:52,497-Speed 63.27 samples/sec   Loss 20.8978   LearningRate 0.000999   Epoch: 0   Global Step: 200   Fp16 Grad Scale: 32768   Required: 164 hours
Training: 2025-04-02 12:19:12,726-Speed 63.28 samples/sec   Loss 19.3987   LearningRate 0.000999   Epoch: 0   Global Step: 210   Fp16 Grad Scale: 32768   Required: 164 hours
Training: 2025-04-02 12:19:34,788-Speed 58.02 samples/sec   Loss 18.3014   LearningRate 0.000999   Epoch: 0   Global Step: 220   Fp16 Grad Scale: 65536   Required: 164 hours
Training: 2025-04-02 12:19:55,003-Speed 63.32 samples/sec   Loss 17.4462   LearningRate 0.000999   Epoch: 0   Global Step: 230   Fp16 Grad Scale: 65536   Required: 164 hours
Training: 2025-04-02 12:20:15,141-Speed 63.56 samples/sec   Loss 15.8642   LearningRate 0.000999   Epoch: 0   Global Step: 240   Fp16 Grad Scale: 65536   Required: 164 hours
Training: 2025-04-02 12:20:35,408-Speed 63.16 samples/sec   Loss 14.6950   LearningRate 0.000999   Epoch: 0   Global Step: 250   Fp16 Grad Scale: 65536   Required: 164 hours
Training: 2025-04-02 12:20:55,664-Speed 63.19 samples/sec   Loss 13.6112   LearningRate 0.000999   Epoch: 0   Global Step: 260   Fp16 Grad Scale: 65536   Required: 164 hours
Training: 2025-04-02 12:21:15,867-Speed 63.36 samples/sec   Loss 12.8172   LearningRate 0.000999   Epoch: 0   Global Step: 270   Fp16 Grad Scale: 65536   Required: 164 hours
Training: 2025-04-02 12:21:36,140-Speed 63.14 samples/sec   Loss 12.2478   LearningRate 0.000999   Epoch: 0   Global Step: 280   Fp16 Grad Scale: 65536   Required: 164 hours
Training: 2025-04-02 12:21:56,358-Speed 63.31 samples/sec   Loss 10.9225   LearningRate 0.000999   Epoch: 0   Global Step: 290   Fp16 Grad Scale: 65536   Required: 163 hours
Training: 2025-04-02 12:22:16,556-Speed 63.37 samples/sec   Loss 10.5570   LearningRate 0.000999   Epoch: 0   Global Step: 300   Fp16 Grad Scale: 65536   Required: 163 hours
Training: 2025-04-02 12:22:36,758-Speed 63.36 samples/sec   Loss 9.7901   LearningRate 0.000999   Epoch: 0   Global Step: 310   Fp16 Grad Scale: 65536   Required: 163 hours
Training: 2025-04-02 12:22:56,955-Speed 63.38 samples/sec   Loss 9.3708   LearningRate 0.000999   Epoch: 0   Global Step: 320   Fp16 Grad Scale: 131072   Required: 163 hours
Training: 2025-04-02 12:23:17,175-Speed 63.31 samples/sec   Loss 9.4650   LearningRate 0.000999   Epoch: 0   Global Step: 330   Fp16 Grad Scale: 131072   Required: 163 hours
Training: 2025-04-02 12:23:37,539-Speed 62.86 samples/sec   Loss 8.2156   LearningRate 0.000999   Epoch: 0   Global Step: 340   Fp16 Grad Scale: 131072   Required: 163 hours
Training: 2025-04-02 12:23:57,799-Speed 63.18 samples/sec   Loss 8.0401   LearningRate 0.000999   Epoch: 0   Global Step: 350   Fp16 Grad Scale: 131072   Required: 163 hours
Training: 2025-04-02 12:24:18,052-Speed 63.20 samples/sec   Loss 7.0017   LearningRate 0.000999   Epoch: 0   Global Step: 360   Fp16 Grad Scale: 131072   Required: 163 hours
Training: 2025-04-02 12:24:40,557-Speed 56.88 samples/sec   Loss 6.8286   LearningRate 0.000999   Epoch: 0   Global Step: 370   Fp16 Grad Scale: 131072   Required: 163 hours
Training: 2025-04-02 12:25:00,815-Speed 63.19 samples/sec   Loss 6.5114   LearningRate 0.000999   Epoch: 0   Global Step: 380   Fp16 Grad Scale: 131072   Required: 163 hours
Training: 2025-04-02 12:25:21,062-Speed 63.22 samples/sec   Loss 6.4693   LearningRate 0.000999   Epoch: 0   Global Step: 390   Fp16 Grad Scale: 131072   Required: 163 hours
Training: 2025-04-02 12:25:41,366-Speed 63.04 samples/sec   Loss 5.9117   LearningRate 0.000999   Epoch: 0   Global Step: 400   Fp16 Grad Scale: 131072   Required: 163 hours
Training: 2025-04-02 12:26:01,588-Speed 63.30 samples/sec   Loss 5.9286   LearningRate 0.000999   Epoch: 0   Global Step: 410   Fp16 Grad Scale: 131072   Required: 163 hours
Training: 2025-04-02 12:26:21,850-Speed 63.17 samples/sec   Loss 6.0232   LearningRate 0.000999   Epoch: 0   Global Step: 420   Fp16 Grad Scale: 65536   Required: 163 hours
Training: 2025-04-02 12:26:42,028-Speed 63.43 samples/sec   Loss 5.7994   LearningRate 0.000998   Epoch: 0   Global Step: 430   Fp16 Grad Scale: 65536   Required: 163 hours
Training: 2025-04-02 12:27:02,396-Speed 62.85 samples/sec   Loss 5.6450   LearningRate 0.000998   Epoch: 0   Global Step: 440   Fp16 Grad Scale: 65536   Required: 163 hours
Training: 2025-04-02 12:27:22,629-Speed 63.27 samples/sec   Loss 5.1212   LearningRate 0.000998   Epoch: 0   Global Step: 450   Fp16 Grad Scale: 65536   Required: 163 hours
Training: 2025-04-02 12:27:42,839-Speed 63.34 samples/sec   Loss 4.9998   LearningRate 0.000998   Epoch: 0   Global Step: 460   Fp16 Grad Scale: 65536   Required: 162 hours
Training: 2025-04-02 12:28:03,062-Speed 63.30 samples/sec   Loss 4.8373   LearningRate 0.000998   Epoch: 0   Global Step: 470   Fp16 Grad Scale: 65536   Required: 162 hours
Training: 2025-04-02 12:28:23,395-Speed 62.95 samples/sec   Loss 4.9292   LearningRate 0.000998   Epoch: 0   Global Step: 480   Fp16 Grad Scale: 65536   Required: 162 hours
Training: 2025-04-02 12:28:43,551-Speed 63.51 samples/sec   Loss 4.6476   LearningRate 0.000998   Epoch: 0   Global Step: 490   Fp16 Grad Scale: 65536   Required: 162 hours
Training: 2025-04-02 12:29:03,755-Speed 63.36 samples/sec   Loss 4.3123   LearningRate 0.000998   Epoch: 0   Global Step: 500   Fp16 Grad Scale: 65536   Required: 162 hours
Training: 2025-04-02 12:29:24,116-Speed 62.87 samples/sec   Loss 4.1786   LearningRate 0.000998   Epoch: 0   Global Step: 510   Fp16 Grad Scale: 65536   Required: 162 hours
Training: 2025-04-02 12:29:46,088-Speed 58.26 samples/sec   Loss 4.1339   LearningRate 0.000998   Epoch: 0   Global Step: 520   Fp16 Grad Scale: 131072   Required: 162 hours
Training: 2025-04-02 12:30:06,471-Speed 62.80 samples/sec   Loss 4.0080   LearningRate 0.000998   Epoch: 0   Global Step: 530   Fp16 Grad Scale: 131072   Required: 162 hours
Training: 2025-04-02 12:30:26,694-Speed 63.30 samples/sec   Loss 3.8818   LearningRate 0.000998   Epoch: 0   Global Step: 540   Fp16 Grad Scale: 131072   Required: 162 hours
Training: 2025-04-02 12:30:46,943-Speed 63.21 samples/sec   Loss 3.6316   LearningRate 0.000998   Epoch: 0   Global Step: 550   Fp16 Grad Scale: 131072   Required: 162 hours
Training: 2025-04-02 12:31:07,267-Speed 62.98 samples/sec   Loss 3.7742   LearningRate 0.000998   Epoch: 0   Global Step: 560   Fp16 Grad Scale: 65536   Required: 162 hours
Training: 2025-04-02 12:31:27,423-Speed 63.51 samples/sec   Loss 3.5984   LearningRate 0.000998   Epoch: 0   Global Step: 570   Fp16 Grad Scale: 65536   Required: 162 hours
Training: 2025-04-02 12:31:47,764-Speed 62.93 samples/sec   Loss 3.4780   LearningRate 0.000998   Epoch: 0   Global Step: 580   Fp16 Grad Scale: 65536   Required: 162 hours
Training: 2025-04-02 12:32:07,993-Speed 63.28 samples/sec   Loss 3.3129   LearningRate 0.000998   Epoch: 0   Global Step: 590   Fp16 Grad Scale: 65536   Required: 162 hours
Training: 2025-04-02 12:32:28,214-Speed 63.30 samples/sec   Loss 3.2204   LearningRate 0.000998   Epoch: 0   Global Step: 600   Fp16 Grad Scale: 65536   Required: 162 hours
Training: 2025-04-02 12:32:48,472-Speed 63.19 samples/sec   Loss 3.3286   LearningRate 0.000998   Epoch: 0   Global Step: 610   Fp16 Grad Scale: 65536   Required: 162 hours
Training: 2025-04-02 12:33:08,677-Speed 63.35 samples/sec   Loss 3.0630   LearningRate 0.000998   Epoch: 0   Global Step: 620   Fp16 Grad Scale: 65536   Required: 162 hours
Training: 2025-04-02 12:33:28,844-Speed 63.47 samples/sec   Loss 2.9635   LearningRate 0.000998   Epoch: 0   Global Step: 630   Fp16 Grad Scale: 65536   Required: 162 hours
Training: 2025-04-02 12:33:49,039-Speed 63.38 samples/sec   Loss 3.0334   LearningRate 0.000998   Epoch: 0   Global Step: 640   Fp16 Grad Scale: 65536   Required: 162 hours
Training: 2025-04-02 12:34:09,267-Speed 63.28 samples/sec   Loss 2.7774   LearningRate 0.000998   Epoch: 0   Global Step: 650   Fp16 Grad Scale: 65536   Required: 162 hours
Training: 2025-04-02 12:34:29,460-Speed 63.39 samples/sec   Loss 3.1798   LearningRate 0.000998   Epoch: 0   Global Step: 660   Fp16 Grad Scale: 131072   Required: 162 hours
Training: 2025-04-02 12:34:51,361-Speed 58.45 samples/sec   Loss 2.9892   LearningRate 0.000998   Epoch: 0   Global Step: 670   Fp16 Grad Scale: 131072   Required: 162 hours
Training: 2025-04-02 12:35:11,606-Speed 63.23 samples/sec   Loss 2.8743   LearningRate 0.000998   Epoch: 0   Global Step: 680   Fp16 Grad Scale: 131072   Required: 162 hours
Training: 2025-04-02 12:35:31,777-Speed 63.46 samples/sec   Loss 2.4902   LearningRate 0.000998   Epoch: 0   Global Step: 690   Fp16 Grad Scale: 131072   Required: 162 hours
Training: 2025-04-02 12:35:52,035-Speed 63.19 samples/sec   Loss 3.0384   LearningRate 0.000998   Epoch: 0   Global Step: 700   Fp16 Grad Scale: 131072   Required: 162 hours
Training: 2025-04-02 12:36:12,271-Speed 63.25 samples/sec   Loss 2.6922   LearningRate 0.000998   Epoch: 0   Global Step: 710   Fp16 Grad Scale: 131072   Required: 162 hours
Training: 2025-04-02 12:36:32,526-Speed 63.20 samples/sec   Loss 2.9695   LearningRate 0.000997   Epoch: 0   Global Step: 720   Fp16 Grad Scale: 131072   Required: 162 hours
Training: 2025-04-02 12:36:52,736-Speed 63.34 samples/sec   Loss 2.7797   LearningRate 0.000997   Epoch: 0   Global Step: 730   Fp16 Grad Scale: 131072   Required: 162 hours
Training: 2025-04-02 12:37:13,014-Speed 63.13 samples/sec   Loss 2.7691   LearningRate 0.000997   Epoch: 0   Global Step: 740   Fp16 Grad Scale: 131072   Required: 162 hours
Training: 2025-04-02 12:37:33,238-Speed 63.29 samples/sec   Loss 2.5783   LearningRate 0.000997   Epoch: 0   Global Step: 750   Fp16 Grad Scale: 131072   Required: 162 hours
Training: 2025-04-02 12:37:53,459-Speed 63.30 samples/sec   Loss 2.6749   LearningRate 0.000997   Epoch: 0   Global Step: 760   Fp16 Grad Scale: 131072   Required: 162 hours
Training: 2025-04-02 12:38:13,708-Speed 63.22 samples/sec   Loss 2.2608   LearningRate 0.000997   Epoch: 0   Global Step: 770   Fp16 Grad Scale: 131072   Required: 162 hours
Training: 2025-04-02 12:38:33,947-Speed 63.25 samples/sec   Loss 2.4573   LearningRate 0.000997   Epoch: 0   Global Step: 780   Fp16 Grad Scale: 131072   Required: 162 hours
Training: 2025-04-02 12:38:54,185-Speed 63.25 samples/sec   Loss 2.3257   LearningRate 0.000997   Epoch: 0   Global Step: 790   Fp16 Grad Scale: 131072   Required: 162 hours
Training: 2025-04-02 12:39:14,356-Speed 63.46 samples/sec   Loss 2.4302   LearningRate 0.000997   Epoch: 0   Global Step: 800   Fp16 Grad Scale: 131072   Required: 162 hours
Training: 2025-04-02 12:39:34,601-Speed 63.23 samples/sec   Loss 2.5443   LearningRate 0.000997   Epoch: 0   Global Step: 810   Fp16 Grad Scale: 131072   Required: 162 hours
Training: 2025-04-02 12:39:56,778-Speed 57.72 samples/sec   Loss 2.4480   LearningRate 0.000997   Epoch: 0   Global Step: 820   Fp16 Grad Scale: 131072   Required: 162 hours
Training: 2025-04-02 12:40:17,038-Speed 63.18 samples/sec   Loss 2.4042   LearningRate 0.000997   Epoch: 0   Global Step: 830   Fp16 Grad Scale: 131072   Required: 162 hours
Training: 2025-04-02 12:40:37,333-Speed 63.07 samples/sec   Loss 2.4109   LearningRate 0.000997   Epoch: 0   Global Step: 840   Fp16 Grad Scale: 131072   Required: 162 hours
Training: 2025-04-02 12:40:57,585-Speed 63.20 samples/sec   Loss 2.0644   LearningRate 0.000997   Epoch: 0   Global Step: 850   Fp16 Grad Scale: 131072   Required: 162 hours
Training: 2025-04-02 12:41:17,798-Speed 63.33 samples/sec   Loss 2.2265   LearningRate 0.000997   Epoch: 0   Global Step: 860   Fp16 Grad Scale: 262144   Required: 162 hours
Training: 2025-04-02 12:41:38,030-Speed 63.27 samples/sec   Loss 1.9606   LearningRate 0.000997   Epoch: 0   Global Step: 870   Fp16 Grad Scale: 131072   Required: 162 hours
Training: 2025-04-02 12:41:58,281-Speed 63.21 samples/sec   Loss 2.2704   LearningRate 0.000997   Epoch: 0   Global Step: 880   Fp16 Grad Scale: 131072   Required: 162 hours
Training: 2025-04-02 12:42:18,509-Speed 63.28 samples/sec   Loss 2.1664   LearningRate 0.000997   Epoch: 0   Global Step: 890   Fp16 Grad Scale: 131072   Required: 162 hours
Training: 2025-04-02 12:42:38,768-Speed 63.19 samples/sec   Loss 2.0666   LearningRate 0.000997   Epoch: 0   Global Step: 900   Fp16 Grad Scale: 131072   Required: 162 hours
Training: 2025-04-02 12:42:59,074-Speed 63.03 samples/sec   Loss 2.1750   LearningRate 0.000997   Epoch: 0   Global Step: 910   Fp16 Grad Scale: 131072   Required: 161 hours
Training: 2025-04-02 12:43:19,279-Speed 63.35 samples/sec   Loss 2.1667   LearningRate 0.000997   Epoch: 0   Global Step: 920   Fp16 Grad Scale: 131072   Required: 162 hours
Training: 2025-04-02 12:43:39,539-Speed 63.18 samples/sec   Loss 2.1005   LearningRate 0.000997   Epoch: 0   Global Step: 930   Fp16 Grad Scale: 131072   Required: 161 hours
Training: 2025-04-02 12:43:59,761-Speed 63.30 samples/sec   Loss 2.0397   LearningRate 0.000997   Epoch: 0   Global Step: 940   Fp16 Grad Scale: 131072   Required: 161 hours
Training: 2025-04-02 12:44:20,062-Speed 63.05 samples/sec   Loss 1.9315   LearningRate 0.000997   Epoch: 0   Global Step: 950   Fp16 Grad Scale: 131072   Required: 161 hours
Training: 2025-04-02 12:44:40,299-Speed 63.25 samples/sec   Loss 1.7275   LearningRate 0.000997   Epoch: 0   Global Step: 960   Fp16 Grad Scale: 131072   Required: 161 hours
Training: 2025-04-02 12:45:02,202-Speed 58.44 samples/sec   Loss 2.0643   LearningRate 0.000997   Epoch: 0   Global Step: 970   Fp16 Grad Scale: 131072   Required: 162 hours
Training: 2025-04-02 12:45:22,425-Speed 63.30 samples/sec   Loss 2.1232   LearningRate 0.000997   Epoch: 0   Global Step: 980   Fp16 Grad Scale: 131072   Required: 162 hours
Training: 2025-04-02 12:45:42,750-Speed 62.98 samples/sec   Loss 1.8423   LearningRate 0.000997   Epoch: 0   Global Step: 990   Fp16 Grad Scale: 131072   Required: 161 hours
Training: 2025-04-02 12:46:02,989-Speed 63.25 samples/sec   Loss 1.7170   LearningRate 0.000996   Epoch: 0   Global Step: 1000   Fp16 Grad Scale: 131072   Required: 161 hours
Training: 2025-04-02 12:46:23,208-Speed 63.31 samples/sec   Loss 1.9434   LearningRate 0.000996   Epoch: 0   Global Step: 1010   Fp16 Grad Scale: 131072   Required: 161 hours
Training: 2025-04-02 12:46:43,604-Speed 62.76 samples/sec   Loss 1.8929   LearningRate 0.000996   Epoch: 0   Global Step: 1020   Fp16 Grad Scale: 131072   Required: 161 hours
Training: 2025-04-02 12:47:03,864-Speed 63.18 samples/sec   Loss 1.8340   LearningRate 0.000996   Epoch: 0   Global Step: 1030   Fp16 Grad Scale: 131072   Required: 161 hours
Training: 2025-04-02 12:47:24,153-Speed 63.09 samples/sec   Loss 1.8139   LearningRate 0.000996   Epoch: 0   Global Step: 1040   Fp16 Grad Scale: 131072   Required: 161 hours
Training: 2025-04-02 12:47:44,513-Speed 62.87 samples/sec   Loss 1.9686   LearningRate 0.000996   Epoch: 0   Global Step: 1050   Fp16 Grad Scale: 131072   Required: 161 hours
Training: 2025-04-02 12:48:04,834-Speed 62.99 samples/sec   Loss 1.7847   LearningRate 0.000996   Epoch: 0   Global Step: 1060   Fp16 Grad Scale: 131072   Required: 161 hours
Training: 2025-04-02 12:48:25,239-Speed 62.73 samples/sec   Loss 1.6443   LearningRate 0.000996   Epoch: 0   Global Step: 1070   Fp16 Grad Scale: 262144   Required: 161 hours
Training: 2025-04-02 12:48:45,414-Speed 63.45 samples/sec   Loss 1.6866   LearningRate 0.000996   Epoch: 0   Global Step: 1080   Fp16 Grad Scale: 65536   Required: 161 hours
Training: 2025-04-02 12:49:05,766-Speed 62.89 samples/sec   Loss 1.7806   LearningRate 0.000996   Epoch: 0   Global Step: 1090   Fp16 Grad Scale: 65536   Required: 161 hours
Training: 2025-04-02 12:49:26,062-Speed 63.07 samples/sec   Loss 1.8326   LearningRate 0.000996   Epoch: 0   Global Step: 1100   Fp16 Grad Scale: 65536   Required: 161 hours
Training: 2025-04-02 12:49:46,319-Speed 63.19 samples/sec   Loss 1.5775   LearningRate 0.000996   Epoch: 0   Global Step: 1110   Fp16 Grad Scale: 65536   Required: 161 hours
Training: 2025-04-02 12:50:08,526-Speed 57.64 samples/sec   Loss 1.6312   LearningRate 0.000996   Epoch: 0   Global Step: 1120   Fp16 Grad Scale: 65536   Required: 161 hours
Training: 2025-04-02 12:50:28,723-Speed 63.38 samples/sec   Loss 1.6655   LearningRate 0.000996   Epoch: 0   Global Step: 1130   Fp16 Grad Scale: 65536   Required: 161 hours
Training: 2025-04-02 12:50:48,921-Speed 63.38 samples/sec   Loss 1.5528   LearningRate 0.000996   Epoch: 0   Global Step: 1140   Fp16 Grad Scale: 65536   Required: 161 hours
Training: 2025-04-02 12:51:09,135-Speed 63.32 samples/sec   Loss 1.6409   LearningRate 0.000996   Epoch: 0   Global Step: 1150   Fp16 Grad Scale: 65536   Required: 161 hours
Training: 2025-04-02 12:51:29,334-Speed 63.37 samples/sec   Loss 1.7059   LearningRate 0.000996   Epoch: 0   Global Step: 1160   Fp16 Grad Scale: 65536   Required: 161 hours
Training: 2025-04-02 12:51:49,528-Speed 63.39 samples/sec   Loss 1.6389   LearningRate 0.000996   Epoch: 0   Global Step: 1170   Fp16 Grad Scale: 65536   Required: 161 hours
Training: 2025-04-02 12:52:09,776-Speed 63.22 samples/sec   Loss 1.3935   LearningRate 0.000996   Epoch: 0   Global Step: 1180   Fp16 Grad Scale: 131072   Required: 161 hours
Training: 2025-04-02 12:52:30,006-Speed 63.27 samples/sec   Loss 1.4575   LearningRate 0.000996   Epoch: 0   Global Step: 1190   Fp16 Grad Scale: 131072   Required: 161 hours
Training: 2025-04-02 12:52:50,244-Speed 63.25 samples/sec   Loss 1.3550   LearningRate 0.000996   Epoch: 0   Global Step: 1200   Fp16 Grad Scale: 131072   Required: 161 hours
Training: 2025-04-02 12:53:10,467-Speed 63.29 samples/sec   Loss 1.5111   LearningRate 0.000996   Epoch: 0   Global Step: 1210   Fp16 Grad Scale: 131072   Required: 161 hours
Training: 2025-04-02 12:53:30,707-Speed 63.24 samples/sec   Loss 1.3841   LearningRate 0.000996   Epoch: 0   Global Step: 1220   Fp16 Grad Scale: 131072   Required: 161 hours
Training: 2025-04-02 12:53:51,022-Speed 63.01 samples/sec   Loss 1.4959   LearningRate 0.000996   Epoch: 0   Global Step: 1230   Fp16 Grad Scale: 131072   Required: 161 hours
Training: 2025-04-02 12:54:11,251-Speed 63.27 samples/sec   Loss 1.4709   LearningRate 0.000996   Epoch: 0   Global Step: 1240   Fp16 Grad Scale: 131072   Required: 161 hours
Training: 2025-04-02 12:54:31,465-Speed 63.32 samples/sec   Loss 1.3552   LearningRate 0.000996   Epoch: 0   Global Step: 1250   Fp16 Grad Scale: 131072   Required: 161 hours
Training: 2025-04-02 12:54:52,509-Speed 60.83 samples/sec   Loss 1.2556   LearningRate 0.000996   Epoch: 0   Global Step: 1260   Fp16 Grad Scale: 131072   Required: 161 hours
Training: 2025-04-02 12:55:13,814-Speed 60.08 samples/sec   Loss 1.4518   LearningRate 0.000996   Epoch: 0   Global Step: 1270   Fp16 Grad Scale: 131072   Required: 161 hours
Training: 2025-04-02 12:55:34,060-Speed 63.23 samples/sec   Loss 1.3341   LearningRate 0.000996   Epoch: 0   Global Step: 1280   Fp16 Grad Scale: 262144   Required: 161 hours
Training: 2025-04-02 12:55:54,331-Speed 63.15 samples/sec   Loss 1.4959   LearningRate 0.000995   Epoch: 0   Global Step: 1290   Fp16 Grad Scale: 262144   Required: 161 hours
Training: 2025-04-02 12:56:14,583-Speed 63.20 samples/sec   Loss 1.3358   LearningRate 0.000995   Epoch: 0   Global Step: 1300   Fp16 Grad Scale: 262144   Required: 161 hours
Training: 2025-04-02 12:56:34,793-Speed 63.34 samples/sec   Loss 1.4254   LearningRate 0.000995   Epoch: 0   Global Step: 1310   Fp16 Grad Scale: 131072   Required: 161 hours
Training: 2025-04-02 12:56:54,989-Speed 63.38 samples/sec   Loss 1.2172   LearningRate 0.000995   Epoch: 0   Global Step: 1320   Fp16 Grad Scale: 131072   Required: 161 hours
Training: 2025-04-02 12:57:15,338-Speed 62.90 samples/sec   Loss 1.5520   LearningRate 0.000995   Epoch: 0   Global Step: 1330   Fp16 Grad Scale: 131072   Required: 161 hours
Training: 2025-04-02 12:57:35,585-Speed 63.22 samples/sec   Loss 1.3584   LearningRate 0.000995   Epoch: 0   Global Step: 1340   Fp16 Grad Scale: 131072   Required: 161 hours
Training: 2025-04-02 12:57:55,842-Speed 63.19 samples/sec   Loss 1.3229   LearningRate 0.000995   Epoch: 0   Global Step: 1350   Fp16 Grad Scale: 131072   Required: 161 hours
Training: 2025-04-02 12:58:16,078-Speed 63.26 samples/sec   Loss 1.2848   LearningRate 0.000995   Epoch: 0   Global Step: 1360   Fp16 Grad Scale: 131072   Required: 161 hours
Training: 2025-04-02 12:58:36,319-Speed 63.24 samples/sec   Loss 1.1874   LearningRate 0.000995   Epoch: 0   Global Step: 1370   Fp16 Grad Scale: 131072   Required: 161 hours
Training: 2025-04-02 12:58:56,565-Speed 63.22 samples/sec   Loss 1.3571   LearningRate 0.000995   Epoch: 0   Global Step: 1380   Fp16 Grad Scale: 131072   Required: 161 hours
Training: 2025-04-02 12:59:16,837-Speed 63.14 samples/sec   Loss 1.4047   LearningRate 0.000995   Epoch: 0   Global Step: 1390   Fp16 Grad Scale: 131072   Required: 161 hours
Training: 2025-04-02 12:59:37,065-Speed 63.28 samples/sec   Loss 1.4392   LearningRate 0.000995   Epoch: 0   Global Step: 1400   Fp16 Grad Scale: 131072   Required: 161 hours
Training: 2025-04-02 12:59:59,203-Speed 57.82 samples/sec   Loss 1.3323   LearningRate 0.000995   Epoch: 0   Global Step: 1410   Fp16 Grad Scale: 262144   Required: 161 hours
Training: 2025-04-02 13:00:18,853-Speed 65.14 samples/sec   Loss 1.2330   LearningRate 0.000995   Epoch: 0   Global Step: 1420   Fp16 Grad Scale: 262144   Required: 161 hours
Training: 2025-04-02 13:00:42,197-Speed 54.83 samples/sec   Loss 1.1453   LearningRate 0.000995   Epoch: 1   Global Step: 1430   Fp16 Grad Scale: 262144   Required: 161 hours
Training: 2025-04-02 13:01:02,429-Speed 63.27 samples/sec   Loss 1.0523   LearningRate 0.000995   Epoch: 1   Global Step: 1440   Fp16 Grad Scale: 262144   Required: 161 hours
Training: 2025-04-02 13:01:22,657-Speed 63.28 samples/sec   Loss 1.0150   LearningRate 0.000995   Epoch: 1   Global Step: 1450   Fp16 Grad Scale: 131072   Required: 161 hours
Training: 2025-04-02 13:01:43,028-Speed 62.84 samples/sec   Loss 0.8659   LearningRate 0.000995   Epoch: 1   Global Step: 1460   Fp16 Grad Scale: 131072   Required: 161 hours
Training: 2025-04-02 13:02:03,271-Speed 63.23 samples/sec   Loss 1.1224   LearningRate 0.000995   Epoch: 1   Global Step: 1470   Fp16 Grad Scale: 131072   Required: 161 hours
Training: 2025-04-02 13:02:23,526-Speed 63.20 samples/sec   Loss 0.9160   LearningRate 0.000995   Epoch: 1   Global Step: 1480   Fp16 Grad Scale: 131072   Required: 161 hours
Training: 2025-04-02 13:02:43,760-Speed 63.26 samples/sec   Loss 1.0455   LearningRate 0.000995   Epoch: 1   Global Step: 1490   Fp16 Grad Scale: 131072   Required: 161 hours
Training: 2025-04-02 13:03:04,057-Speed 63.07 samples/sec   Loss 1.0995   LearningRate 0.000995   Epoch: 1   Global Step: 1500   Fp16 Grad Scale: 131072   Required: 161 hours
Training: 2025-04-02 13:03:24,323-Speed 63.16 samples/sec   Loss 0.9611   LearningRate 0.000995   Epoch: 1   Global Step: 1510   Fp16 Grad Scale: 131072   Required: 161 hours
Training: 2025-04-02 13:03:44,641-Speed 63.00 samples/sec   Loss 0.9641   LearningRate 0.000995   Epoch: 1   Global Step: 1520   Fp16 Grad Scale: 131072   Required: 161 hours
Training: 2025-04-02 13:04:04,855-Speed 63.32 samples/sec   Loss 0.9890   LearningRate 0.000995   Epoch: 1   Global Step: 1530   Fp16 Grad Scale: 65536   Required: 161 hours
Training: 2025-04-02 13:04:25,133-Speed 63.13 samples/sec   Loss 0.9945   LearningRate 0.000995   Epoch: 1   Global Step: 1540   Fp16 Grad Scale: 65536   Required: 161 hours
Training: 2025-04-02 13:04:45,394-Speed 63.18 samples/sec   Loss 0.9804   LearningRate 0.000995   Epoch: 1   Global Step: 1550   Fp16 Grad Scale: 65536   Required: 161 hours
Training: 2025-04-02 13:05:07,416-Speed 58.12 samples/sec   Loss 1.0397   LearningRate 0.000995   Epoch: 1   Global Step: 1560   Fp16 Grad Scale: 65536   Required: 161 hours
Training: 2025-04-02 13:05:27,633-Speed 63.32 samples/sec   Loss 1.0955   LearningRate 0.000994   Epoch: 1   Global Step: 1570   Fp16 Grad Scale: 65536   Required: 161 hours
Training: 2025-04-02 13:05:47,997-Speed 62.86 samples/sec   Loss 1.0581   LearningRate 0.000994   Epoch: 1   Global Step: 1580   Fp16 Grad Scale: 65536   Required: 161 hours
Training: 2025-04-02 13:06:08,254-Speed 63.19 samples/sec   Loss 0.8363   LearningRate 0.000994   Epoch: 1   Global Step: 1590   Fp16 Grad Scale: 65536   Required: 161 hours
Training: 2025-04-02 13:06:28,480-Speed 63.29 samples/sec   Loss 0.8951   LearningRate 0.000994   Epoch: 1   Global Step: 1600   Fp16 Grad Scale: 65536   Required: 161 hours
Training: 2025-04-02 13:06:48,745-Speed 63.16 samples/sec   Loss 0.8082   LearningRate 0.000994   Epoch: 1   Global Step: 1610   Fp16 Grad Scale: 65536   Required: 161 hours
Training: 2025-04-02 13:07:09,148-Speed 62.74 samples/sec   Loss 0.9107   LearningRate 0.000994   Epoch: 1   Global Step: 1620   Fp16 Grad Scale: 65536   Required: 161 hours
Training: 2025-04-02 13:07:29,350-Speed 63.36 samples/sec   Loss 1.0979   LearningRate 0.000994   Epoch: 1   Global Step: 1630   Fp16 Grad Scale: 131072   Required: 161 hours
Training: 2025-04-02 13:07:49,592-Speed 63.24 samples/sec   Loss 1.0335   LearningRate 0.000994   Epoch: 1   Global Step: 1640   Fp16 Grad Scale: 131072   Required: 161 hours
Training: 2025-04-02 13:08:09,862-Speed 63.15 samples/sec   Loss 0.9752   LearningRate 0.000994   Epoch: 1   Global Step: 1650   Fp16 Grad Scale: 131072   Required: 161 hours
Training: 2025-04-02 13:08:30,136-Speed 63.14 samples/sec   Loss 0.7395   LearningRate 0.000994   Epoch: 1   Global Step: 1660   Fp16 Grad Scale: 131072   Required: 161 hours
Training: 2025-04-02 13:08:50,449-Speed 63.02 samples/sec   Loss 0.8599   LearningRate 0.000994   Epoch: 1   Global Step: 1670   Fp16 Grad Scale: 131072   Required: 161 hours
Training: 2025-04-02 13:09:10,661-Speed 63.33 samples/sec   Loss 1.0270   LearningRate 0.000994   Epoch: 1   Global Step: 1680   Fp16 Grad Scale: 131072   Required: 161 hours
Training: 2025-04-02 13:09:31,011-Speed 62.90 samples/sec   Loss 0.8395   LearningRate 0.000994   Epoch: 1   Global Step: 1690   Fp16 Grad Scale: 131072   Required: 161 hours
Training: 2025-04-02 13:09:51,297-Speed 63.10 samples/sec   Loss 0.8514   LearningRate 0.000994   Epoch: 1   Global Step: 1700   Fp16 Grad Scale: 131072   Required: 161 hours
Training: 2025-04-02 13:10:13,609-Speed 57.37 samples/sec   Loss 0.8855   LearningRate 0.000994   Epoch: 1   Global Step: 1710   Fp16 Grad Scale: 131072   Required: 161 hours
Training: 2025-04-02 13:10:33,825-Speed 63.32 samples/sec   Loss 0.8409   LearningRate 0.000994   Epoch: 1   Global Step: 1720   Fp16 Grad Scale: 131072   Required: 161 hours
Training: 2025-04-02 13:10:54,071-Speed 63.22 samples/sec   Loss 0.7600   LearningRate 0.000994   Epoch: 1   Global Step: 1730   Fp16 Grad Scale: 262144   Required: 161 hours
Training: 2025-04-02 13:11:14,335-Speed 63.17 samples/sec   Loss 0.8915   LearningRate 0.000994   Epoch: 1   Global Step: 1740   Fp16 Grad Scale: 262144   Required: 161 hours
Training: 2025-04-02 13:11:34,591-Speed 63.19 samples/sec   Loss 0.7884   LearningRate 0.000994   Epoch: 1   Global Step: 1750   Fp16 Grad Scale: 262144   Required: 161 hours
Training: 2025-04-02 13:11:54,965-Speed 62.83 samples/sec   Loss 0.9176   LearningRate 0.000994   Epoch: 1   Global Step: 1760   Fp16 Grad Scale: 262144   Required: 161 hours
Training: 2025-04-02 13:12:15,198-Speed 63.26 samples/sec   Loss 0.7789   LearningRate 0.000994   Epoch: 1   Global Step: 1770   Fp16 Grad Scale: 131072   Required: 161 hours
Training: 2025-04-02 13:12:35,427-Speed 63.28 samples/sec   Loss 0.8717   LearningRate 0.000994   Epoch: 1   Global Step: 1780   Fp16 Grad Scale: 131072   Required: 161 hours
Training: 2025-04-02 13:12:55,643-Speed 63.32 samples/sec   Loss 0.7884   LearningRate 0.000994   Epoch: 1   Global Step: 1790   Fp16 Grad Scale: 131072   Required: 161 hours
Training: 2025-04-02 13:13:15,914-Speed 63.14 samples/sec   Loss 0.8633   LearningRate 0.000994   Epoch: 1   Global Step: 1800   Fp16 Grad Scale: 131072   Required: 161 hours
Training: 2025-04-02 13:13:36,137-Speed 63.30 samples/sec   Loss 0.8943   LearningRate 0.000994   Epoch: 1   Global Step: 1810   Fp16 Grad Scale: 131072   Required: 161 hours
Training: 2025-04-02 13:13:56,385-Speed 63.22 samples/sec   Loss 0.7941   LearningRate 0.000994   Epoch: 1   Global Step: 1820   Fp16 Grad Scale: 131072   Required: 161 hours
Training: 2025-04-02 13:14:16,635-Speed 63.21 samples/sec   Loss 0.7956   LearningRate 0.000994   Epoch: 1   Global Step: 1830   Fp16 Grad Scale: 131072   Required: 161 hours
Training: 2025-04-02 13:14:36,912-Speed 63.13 samples/sec   Loss 0.9219   LearningRate 0.000994   Epoch: 1   Global Step: 1840   Fp16 Grad Scale: 131072   Required: 161 hours
Training: 2025-04-02 13:14:57,171-Speed 63.19 samples/sec   Loss 0.7829   LearningRate 0.000994   Epoch: 1   Global Step: 1850   Fp16 Grad Scale: 131072   Required: 161 hours
Training: 2025-04-02 13:15:19,174-Speed 58.18 samples/sec   Loss 0.8435   LearningRate 0.000993   Epoch: 1   Global Step: 1860   Fp16 Grad Scale: 131072   Required: 161 hours
Training: 2025-04-02 13:15:39,411-Speed 63.25 samples/sec   Loss 0.9262   LearningRate 0.000993   Epoch: 1   Global Step: 1870   Fp16 Grad Scale: 262144   Required: 161 hours
Training: 2025-04-02 13:15:59,596-Speed 63.41 samples/sec   Loss 0.8845   LearningRate 0.000993   Epoch: 1   Global Step: 1880   Fp16 Grad Scale: 262144   Required: 161 hours
Training: 2025-04-02 13:16:19,864-Speed 63.16 samples/sec   Loss 0.9447   LearningRate 0.000993   Epoch: 1   Global Step: 1890   Fp16 Grad Scale: 131072   Required: 161 hours
Training: 2025-04-02 13:16:40,165-Speed 63.05 samples/sec   Loss 0.8968   LearningRate 0.000993   Epoch: 1   Global Step: 1900   Fp16 Grad Scale: 131072   Required: 161 hours
Training: 2025-04-02 13:17:00,407-Speed 63.24 samples/sec   Loss 0.8483   LearningRate 0.000993   Epoch: 1   Global Step: 1910   Fp16 Grad Scale: 131072   Required: 161 hours
Training: 2025-04-02 13:17:20,631-Speed 63.29 samples/sec   Loss 0.7321   LearningRate 0.000993   Epoch: 1   Global Step: 1920   Fp16 Grad Scale: 131072   Required: 161 hours
Training: 2025-04-02 13:17:40,853-Speed 63.30 samples/sec   Loss 0.7924   LearningRate 0.000993   Epoch: 1   Global Step: 1930   Fp16 Grad Scale: 131072   Required: 161 hours
Training: 2025-04-02 13:18:01,041-Speed 63.41 samples/sec   Loss 0.8368   LearningRate 0.000993   Epoch: 1   Global Step: 1940   Fp16 Grad Scale: 131072   Required: 161 hours
Training: 2025-04-02 13:18:21,335-Speed 63.08 samples/sec   Loss 0.8037   LearningRate 0.000993   Epoch: 1   Global Step: 1950   Fp16 Grad Scale: 131072   Required: 161 hours
Training: 2025-04-02 13:18:41,515-Speed 63.43 samples/sec   Loss 0.7141   LearningRate 0.000993   Epoch: 1   Global Step: 1960   Fp16 Grad Scale: 131072   Required: 161 hours
Training: 2025-04-02 13:19:01,791-Speed 63.13 samples/sec   Loss 0.6002   LearningRate 0.000993   Epoch: 1   Global Step: 1970   Fp16 Grad Scale: 131072   Required: 161 hours
Training: 2025-04-02 13:19:22,129-Speed 62.94 samples/sec   Loss 0.6657   LearningRate 0.000993   Epoch: 1   Global Step: 1980   Fp16 Grad Scale: 131072   Required: 161 hours
Training: 2025-04-02 13:19:42,378-Speed 63.22 samples/sec   Loss 0.6646   LearningRate 0.000993   Epoch: 1   Global Step: 1990   Fp16 Grad Scale: 262144   Required: 161 hours
Training: 2025-04-02 13:20:02,613-Speed 63.26 samples/sec   Loss 0.9179   LearningRate 0.000993   Epoch: 1   Global Step: 2000   Fp16 Grad Scale: 262144   Required: 161 hours
net_out.shape: torch.Size([128, 512])
net_out.shape: torch.Size([128, 512])
net_out.shape: torch.Size([128, 512])
net_out.shape: torch.Size([128, 512])
net_out.shape: torch.Size([128, 512])
net_out.shape: torch.Size([128, 512])
net_out.shape: torch.Size([128, 512])
net_out.shape: torch.Size([128, 512])
net_out.shape: torch.Size([128, 512])
net_out.shape: torch.Size([128, 512])
net_out.shape: torch.Size([128, 512])
net_out.shape: torch.Size([128, 512])
net_out.shape: torch.Size([128, 512])
net_out.shape: torch.Size([128, 512])
net_out.shape: torch.Size([128, 512])
net_out.shape: torch.Size([128, 512])
net_out.shape: torch.Size([128, 512])
net_out.shape: torch.Size([128, 512])
net_out.shape: torch.Size([128, 512])
net_out.shape: torch.Size([128, 512])
net_out.shape: torch.Size([128, 512])
net_out.shape: torch.Size([128, 512])
net_out.shape: torch.Size([128, 512])
net_out.shape: torch.Size([128, 512])
net_out.shape: torch.Size([128, 512])
net_out.shape: torch.Size([128, 512])
net_out.shape: torch.Size([128, 512])
net_out.shape: torch.Size([128, 512])
net_out.shape: torch.Size([128, 512])
net_out.shape: torch.Size([128, 512])
net_out.shape: torch.Size([128, 512])
net_out.shape: torch.Size([128, 512])
net_out.shape: torch.Size([128, 512])
net_out.shape: torch.Size([128, 512])
net_out.shape: torch.Size([128, 512])
net_out.shape: torch.Size([128, 512])
net_out.shape: torch.Size([128, 512])
net_out.shape: torch.Size([128, 512])
net_out.shape: torch.Size([128, 512])
net_out.shape: torch.Size([128, 512])
net_out.shape: torch.Size([128, 512])
net_out.shape: torch.Size([128, 512])
net_out.shape: torch.Size([128, 512])
net_out.shape: torch.Size([128, 512])
net_out.shape: torch.Size([128, 512])
net_out.shape: torch.Size([128, 512])
net_out.shape: torch.Size([128, 512])
net_out.shape: torch.Size([128, 512])
net_out.shape: torch.Size([128, 512])
net_out.shape: torch.Size([128, 512])
net_out.shape: torch.Size([128, 512])
net_out.shape: torch.Size([128, 512])
net_out.shape: torch.Size([128, 512])
net_out.shape: torch.Size([128, 512])
net_out.shape: torch.Size([128, 512])
net_out.shape: torch.Size([128, 512])
net_out.shape: torch.Size([128, 512])
net_out.shape: torch.Size([128, 512])
net_out.shape: torch.Size([128, 512])
net_out.shape: torch.Size([128, 512])
net_out.shape: torch.Size([128, 512])
net_out.shape: torch.Size([128, 512])
net_out.shape: torch.Size([128, 512])
net_out.shape: torch.Size([128, 512])
Training: 2025-04-02 13:21:19,272-[val][Global step: 2000] d prime: 5.495787143707275
Model saved with d prime score: 5.495787143707275
Training: 2025-04-02 13:21:41,196-Speed 12.98 samples/sec   Loss 0.7199   LearningRate 0.000993   Epoch: 1   Global Step: 2010   Fp16 Grad Scale: 262144   Required: 164 hours
Training: 2025-04-02 13:22:01,465-Speed 63.15 samples/sec   Loss 0.9217   LearningRate 0.000993   Epoch: 1   Global Step: 2020   Fp16 Grad Scale: 262144   Required: 164 hours
Training: 2025-04-02 13:22:21,675-Speed 63.34 samples/sec   Loss 0.7072   LearningRate 0.000993   Epoch: 1   Global Step: 2030   Fp16 Grad Scale: 262144   Required: 164 hours
Training: 2025-04-02 13:22:41,882-Speed 63.35 samples/sec   Loss 0.9057   LearningRate 0.000993   Epoch: 1   Global Step: 2040   Fp16 Grad Scale: 262144   Required: 164 hours
Training: 2025-04-02 13:23:02,081-Speed 63.37 samples/sec   Loss 0.8288   LearningRate 0.000993   Epoch: 1   Global Step: 2050   Fp16 Grad Scale: 262144   Required: 164 hours
Training: 2025-04-02 13:23:22,264-Speed 63.42 samples/sec   Loss 0.8785   LearningRate 0.000993   Epoch: 1   Global Step: 2060   Fp16 Grad Scale: 131072   Required: 164 hours
Training: 2025-04-02 13:23:42,469-Speed 63.35 samples/sec   Loss 0.6677   LearningRate 0.000993   Epoch: 1   Global Step: 2070   Fp16 Grad Scale: 131072   Required: 164 hours
Training: 2025-04-02 13:24:02,651-Speed 63.42 samples/sec   Loss 0.7458   LearningRate 0.000993   Epoch: 1   Global Step: 2080   Fp16 Grad Scale: 131072   Required: 164 hours
Training: 2025-04-02 13:24:22,811-Speed 63.49 samples/sec   Loss 0.8007   LearningRate 0.000993   Epoch: 1   Global Step: 2090   Fp16 Grad Scale: 131072   Required: 163 hours
Training: 2025-04-02 13:24:43,019-Speed 63.34 samples/sec   Loss 0.6687   LearningRate 0.000993   Epoch: 1   Global Step: 2100   Fp16 Grad Scale: 131072   Required: 163 hours
Training: 2025-04-02 13:25:03,251-Speed 63.27 samples/sec   Loss 0.6972   LearningRate 0.000993   Epoch: 1   Global Step: 2110   Fp16 Grad Scale: 131072   Required: 163 hours
Training: 2025-04-02 13:25:25,236-Speed 58.22 samples/sec   Loss 0.7058   LearningRate 0.000993   Epoch: 1   Global Step: 2120   Fp16 Grad Scale: 131072   Required: 163 hours
Training: 2025-04-02 13:25:45,460-Speed 63.29 samples/sec   Loss 0.7028   LearningRate 0.000993   Epoch: 1   Global Step: 2130   Fp16 Grad Scale: 131072   Required: 163 hours
Training: 2025-04-02 13:26:05,676-Speed 63.32 samples/sec   Loss 0.8227   LearningRate 0.000992   Epoch: 1   Global Step: 2140   Fp16 Grad Scale: 131072   Required: 163 hours
Training: 2025-04-02 13:26:25,871-Speed 63.38 samples/sec   Loss 0.7110   LearningRate 0.000992   Epoch: 1   Global Step: 2150   Fp16 Grad Scale: 131072   Required: 163 hours
Training: 2025-04-02 13:26:46,064-Speed 63.39 samples/sec   Loss 0.8012   LearningRate 0.000992   Epoch: 1   Global Step: 2160   Fp16 Grad Scale: 262144   Required: 163 hours
Training: 2025-04-02 13:27:06,275-Speed 63.34 samples/sec   Loss 0.6096   LearningRate 0.000992   Epoch: 1   Global Step: 2170   Fp16 Grad Scale: 131072   Required: 163 hours
Training: 2025-04-02 13:27:26,494-Speed 63.31 samples/sec   Loss 0.8422   LearningRate 0.000992   Epoch: 1   Global Step: 2180   Fp16 Grad Scale: 131072   Required: 163 hours
Training: 2025-04-02 13:27:46,690-Speed 63.38 samples/sec   Loss 0.9324   LearningRate 0.000992   Epoch: 1   Global Step: 2190   Fp16 Grad Scale: 131072   Required: 163 hours
Training: 2025-04-02 13:28:06,902-Speed 63.33 samples/sec   Loss 0.7058   LearningRate 0.000992   Epoch: 1   Global Step: 2200   Fp16 Grad Scale: 131072   Required: 163 hours
Training: 2025-04-02 13:28:27,134-Speed 63.27 samples/sec   Loss 0.7712   LearningRate 0.000992   Epoch: 1   Global Step: 2210   Fp16 Grad Scale: 131072   Required: 163 hours
Training: 2025-04-02 13:28:47,364-Speed 63.27 samples/sec   Loss 0.6448   LearningRate 0.000992   Epoch: 1   Global Step: 2220   Fp16 Grad Scale: 131072   Required: 163 hours
Training: 2025-04-02 13:29:07,557-Speed 63.39 samples/sec   Loss 0.8026   LearningRate 0.000992   Epoch: 1   Global Step: 2230   Fp16 Grad Scale: 131072   Required: 163 hours
Training: 2025-04-02 13:29:27,891-Speed 62.95 samples/sec   Loss 0.6242   LearningRate 0.000992   Epoch: 1   Global Step: 2240   Fp16 Grad Scale: 131072   Required: 163 hours
Training: 2025-04-02 13:29:48,076-Speed 63.42 samples/sec   Loss 0.6707   LearningRate 0.000992   Epoch: 1   Global Step: 2250   Fp16 Grad Scale: 131072   Required: 163 hours
Training: 2025-04-02 13:30:08,274-Speed 63.37 samples/sec   Loss 0.7756   LearningRate 0.000992   Epoch: 1   Global Step: 2260   Fp16 Grad Scale: 131072   Required: 163 hours
Training: 2025-04-02 13:30:30,400-Speed 57.85 samples/sec   Loss 0.8399   LearningRate 0.000992   Epoch: 1   Global Step: 2270   Fp16 Grad Scale: 262144   Required: 163 hours
Training: 2025-04-02 13:30:50,572-Speed 63.46 samples/sec   Loss 0.6073   LearningRate 0.000992   Epoch: 1   Global Step: 2280   Fp16 Grad Scale: 262144   Required: 163 hours
Training: 2025-04-02 13:31:10,791-Speed 63.31 samples/sec   Loss 0.6587   LearningRate 0.000992   Epoch: 1   Global Step: 2290   Fp16 Grad Scale: 262144   Required: 163 hours
Training: 2025-04-02 13:31:31,119-Speed 62.97 samples/sec   Loss 0.6916   LearningRate 0.000992   Epoch: 1   Global Step: 2300   Fp16 Grad Scale: 262144   Required: 163 hours
Training: 2025-04-02 13:31:51,357-Speed 63.25 samples/sec   Loss 0.6089   LearningRate 0.000992   Epoch: 1   Global Step: 2310   Fp16 Grad Scale: 262144   Required: 163 hours
Training: 2025-04-02 13:32:11,561-Speed 63.35 samples/sec   Loss 0.7494   LearningRate 0.000992   Epoch: 1   Global Step: 2320   Fp16 Grad Scale: 262144   Required: 163 hours
Training: 2025-04-02 13:32:31,764-Speed 63.36 samples/sec   Loss 0.6301   LearningRate 0.000992   Epoch: 1   Global Step: 2330   Fp16 Grad Scale: 262144   Required: 163 hours
Training: 2025-04-02 13:32:52,117-Speed 62.89 samples/sec   Loss 0.6655   LearningRate 0.000992   Epoch: 1   Global Step: 2340   Fp16 Grad Scale: 262144   Required: 163 hours
Training: 2025-04-02 13:33:12,280-Speed 63.49 samples/sec   Loss 0.4683   LearningRate 0.000992   Epoch: 1   Global Step: 2350   Fp16 Grad Scale: 262144   Required: 163 hours
Training: 2025-04-02 13:33:32,487-Speed 63.34 samples/sec   Loss 0.6371   LearningRate 0.000992   Epoch: 1   Global Step: 2360   Fp16 Grad Scale: 262144   Required: 163 hours
Training: 2025-04-02 13:33:52,709-Speed 63.30 samples/sec   Loss 0.5787   LearningRate 0.000992   Epoch: 1   Global Step: 2370   Fp16 Grad Scale: 524288   Required: 163 hours
Training: 2025-04-02 13:34:13,037-Speed 62.97 samples/sec   Loss 0.6635   LearningRate 0.000992   Epoch: 1   Global Step: 2380   Fp16 Grad Scale: 524288   Required: 163 hours
Training: 2025-04-02 13:34:33,308-Speed 63.15 samples/sec   Loss 0.6016   LearningRate 0.000992   Epoch: 1   Global Step: 2390   Fp16 Grad Scale: 524288   Required: 163 hours
Training: 2025-04-02 13:34:53,558-Speed 63.21 samples/sec   Loss 0.8040   LearningRate 0.000992   Epoch: 1   Global Step: 2400   Fp16 Grad Scale: 262144   Required: 163 hours
Training: 2025-04-02 13:35:13,902-Speed 62.92 samples/sec   Loss 0.5835   LearningRate 0.000992   Epoch: 1   Global Step: 2410   Fp16 Grad Scale: 262144   Required: 163 hours
Training: 2025-04-02 13:35:36,121-Speed 57.61 samples/sec   Loss 0.6925   LearningRate 0.000992   Epoch: 1   Global Step: 2420   Fp16 Grad Scale: 262144   Required: 163 hours
Training: 2025-04-02 13:35:56,357-Speed 63.26 samples/sec   Loss 0.6357   LearningRate 0.000991   Epoch: 1   Global Step: 2430   Fp16 Grad Scale: 262144   Required: 163 hours
Training: 2025-04-02 13:36:16,615-Speed 63.19 samples/sec   Loss 0.5321   LearningRate 0.000991   Epoch: 1   Global Step: 2440   Fp16 Grad Scale: 262144   Required: 163 hours
Training: 2025-04-02 13:36:36,847-Speed 63.27 samples/sec   Loss 0.4926   LearningRate 0.000991   Epoch: 1   Global Step: 2450   Fp16 Grad Scale: 262144   Required: 163 hours
Training: 2025-04-02 13:36:57,157-Speed 63.02 samples/sec   Loss 0.6795   LearningRate 0.000991   Epoch: 1   Global Step: 2460   Fp16 Grad Scale: 262144   Required: 163 hours
Training: 2025-04-02 13:37:17,415-Speed 63.19 samples/sec   Loss 0.7672   LearningRate 0.000991   Epoch: 1   Global Step: 2470   Fp16 Grad Scale: 262144   Required: 163 hours
Training: 2025-04-02 13:37:37,734-Speed 62.99 samples/sec   Loss 0.6619   LearningRate 0.000991   Epoch: 1   Global Step: 2480   Fp16 Grad Scale: 262144   Required: 163 hours
Training: 2025-04-02 13:37:57,990-Speed 63.19 samples/sec   Loss 0.7154   LearningRate 0.000991   Epoch: 1   Global Step: 2490   Fp16 Grad Scale: 262144   Required: 163 hours
Training: 2025-04-02 13:38:18,257-Speed 63.16 samples/sec   Loss 0.6072   LearningRate 0.000991   Epoch: 1   Global Step: 2500   Fp16 Grad Scale: 262144   Required: 163 hours
Training: 2025-04-02 13:38:38,481-Speed 63.29 samples/sec   Loss 0.5599   LearningRate 0.000991   Epoch: 1   Global Step: 2510   Fp16 Grad Scale: 262144   Required: 163 hours
Training: 2025-04-02 13:38:58,736-Speed 63.20 samples/sec   Loss 0.5793   LearningRate 0.000991   Epoch: 1   Global Step: 2520   Fp16 Grad Scale: 262144   Required: 163 hours
Training: 2025-04-02 13:39:18,993-Speed 63.19 samples/sec   Loss 0.5317   LearningRate 0.000991   Epoch: 1   Global Step: 2530   Fp16 Grad Scale: 262144   Required: 163 hours
Training: 2025-04-02 13:39:39,187-Speed 63.39 samples/sec   Loss 0.6253   LearningRate 0.000991   Epoch: 1   Global Step: 2540   Fp16 Grad Scale: 262144   Required: 163 hours
Training: 2025-04-02 13:39:59,376-Speed 63.40 samples/sec   Loss 0.6038   LearningRate 0.000991   Epoch: 1   Global Step: 2550   Fp16 Grad Scale: 262144   Required: 163 hours
Training: 2025-04-02 13:40:19,536-Speed 63.50 samples/sec   Loss 0.6004   LearningRate 0.000991   Epoch: 1   Global Step: 2560   Fp16 Grad Scale: 262144   Required: 163 hours
Training: 2025-04-02 13:40:41,628-Speed 57.94 samples/sec   Loss 0.4940   LearningRate 0.000991   Epoch: 1   Global Step: 2570   Fp16 Grad Scale: 262144   Required: 163 hours
Training: 2025-04-02 13:41:01,849-Speed 63.30 samples/sec   Loss 0.6070   LearningRate 0.000991   Epoch: 1   Global Step: 2580   Fp16 Grad Scale: 262144   Required: 163 hours
Training: 2025-04-02 13:41:22,125-Speed 63.13 samples/sec   Loss 0.4797   LearningRate 0.000991   Epoch: 1   Global Step: 2590   Fp16 Grad Scale: 262144   Required: 163 hours
Training: 2025-04-02 13:41:42,325-Speed 63.37 samples/sec   Loss 0.6125   LearningRate 0.000991   Epoch: 1   Global Step: 2600   Fp16 Grad Scale: 524288   Required: 163 hours
Training: 2025-04-02 13:42:02,525-Speed 63.37 samples/sec   Loss 0.6347   LearningRate 0.000991   Epoch: 1   Global Step: 2610   Fp16 Grad Scale: 524288   Required: 163 hours
Training: 2025-04-02 13:42:22,701-Speed 63.44 samples/sec   Loss 0.6006   LearningRate 0.000991   Epoch: 1   Global Step: 2620   Fp16 Grad Scale: 262144   Required: 163 hours
Training: 2025-04-02 13:42:42,905-Speed 63.36 samples/sec   Loss 0.6741   LearningRate 0.000991   Epoch: 1   Global Step: 2630   Fp16 Grad Scale: 262144   Required: 163 hours
Training: 2025-04-02 13:43:05,690-Speed 63.36 samples/sec   Loss 0.6342   LearningRate 0.000991   Epoch: 1   Global Step: 2640   Fp16 Grad Scale: 262144   Required: 163 hours
Training: 2025-04-02 13:43:25,915-Speed 63.29 samples/sec   Loss 0.7768   LearningRate 0.000991   Epoch: 1   Global Step: 2650   Fp16 Grad Scale: 262144   Required: 163 hours
Training: 2025-04-02 13:43:46,093-Speed 63.44 samples/sec   Loss 0.7127   LearningRate 0.000991   Epoch: 1   Global Step: 2660   Fp16 Grad Scale: 262144   Required: 163 hours
Training: 2025-04-02 13:44:06,230-Speed 63.57 samples/sec   Loss 0.7575   LearningRate 0.000991   Epoch: 1   Global Step: 2670   Fp16 Grad Scale: 262144   Required: 163 hours
Training: 2025-04-02 13:44:26,422-Speed 63.39 samples/sec   Loss 0.5953   LearningRate 0.000991   Epoch: 1   Global Step: 2680   Fp16 Grad Scale: 262144   Required: 162 hours
Training: 2025-04-02 13:44:46,641-Speed 63.31 samples/sec   Loss 0.5740   LearningRate 0.000991   Epoch: 1   Global Step: 2690   Fp16 Grad Scale: 262144   Required: 162 hours
Training: 2025-04-02 13:45:06,856-Speed 63.32 samples/sec   Loss 0.6403   LearningRate 0.000991   Epoch: 1   Global Step: 2700   Fp16 Grad Scale: 262144   Required: 162 hours
Training: 2025-04-02 13:45:27,077-Speed 63.30 samples/sec   Loss 0.4903   LearningRate 0.000990   Epoch: 1   Global Step: 2710   Fp16 Grad Scale: 262144   Required: 162 hours
Training: 2025-04-02 13:45:49,310-Speed 57.57 samples/sec   Loss 0.5187   LearningRate 0.000990   Epoch: 1   Global Step: 2720   Fp16 Grad Scale: 524288   Required: 162 hours
Training: 2025-04-02 13:46:09,503-Speed 63.39 samples/sec   Loss 0.4962   LearningRate 0.000990   Epoch: 1   Global Step: 2730   Fp16 Grad Scale: 262144   Required: 162 hours
Training: 2025-04-02 13:46:29,679-Speed 63.44 samples/sec   Loss 0.5241   LearningRate 0.000990   Epoch: 1   Global Step: 2740   Fp16 Grad Scale: 262144   Required: 162 hours
Training: 2025-04-02 13:46:49,865-Speed 63.41 samples/sec   Loss 0.5394   LearningRate 0.000990   Epoch: 1   Global Step: 2750   Fp16 Grad Scale: 262144   Required: 162 hours
Training: 2025-04-02 13:47:10,069-Speed 63.35 samples/sec   Loss 0.5052   LearningRate 0.000990   Epoch: 1   Global Step: 2760   Fp16 Grad Scale: 262144   Required: 162 hours
Training: 2025-04-02 13:47:30,272-Speed 63.36 samples/sec   Loss 0.6735   LearningRate 0.000990   Epoch: 1   Global Step: 2770   Fp16 Grad Scale: 262144   Required: 162 hours
Training: 2025-04-02 13:47:50,596-Speed 62.98 samples/sec   Loss 0.5079   LearningRate 0.000990   Epoch: 1   Global Step: 2780   Fp16 Grad Scale: 262144   Required: 162 hours
Training: 2025-04-02 13:48:21,563-Speed 63.39 samples/sec   Loss 0.4701   LearningRate 0.000990   Epoch: 1   Global Step: 2790   Fp16 Grad Scale: 262144   Required: 163 hours
Training: 2025-04-02 13:48:41,790-Speed 63.28 samples/sec   Loss 0.5291   LearningRate 0.000990   Epoch: 1   Global Step: 2800   Fp16 Grad Scale: 262144   Required: 163 hours
Training: 2025-04-02 13:49:01,971-Speed 63.43 samples/sec   Loss 0.3594   LearningRate 0.000990   Epoch: 1   Global Step: 2810   Fp16 Grad Scale: 262144   Required: 163 hours
Training: 2025-04-02 13:49:22,203-Speed 63.27 samples/sec   Loss 0.5465   LearningRate 0.000990   Epoch: 1   Global Step: 2820   Fp16 Grad Scale: 262144   Required: 163 hours
Training: 2025-04-02 13:49:42,394-Speed 63.40 samples/sec   Loss 0.6535   LearningRate 0.000990   Epoch: 1   Global Step: 2830   Fp16 Grad Scale: 262144   Required: 163 hours
Training: 2025-04-02 13:50:02,651-Speed 63.19 samples/sec   Loss 0.6460   LearningRate 0.000990   Epoch: 1   Global Step: 2840   Fp16 Grad Scale: 262144   Required: 163 hours
Training: 2025-04-02 13:50:21,477-Speed 67.99 samples/sec   Loss 0.5717   LearningRate 0.000990   Epoch: 1   Global Step: 2850   Fp16 Grad Scale: 262144   Required: 162 hours
Training: 2025-04-02 13:50:46,681-Speed 50.79 samples/sec   Loss 0.5866   LearningRate 0.000990   Epoch: 2   Global Step: 2860   Fp16 Grad Scale: 262144   Required: 163 hours
Training: 2025-04-02 13:51:06,960-Speed 63.12 samples/sec   Loss 0.4905   LearningRate 0.000990   Epoch: 2   Global Step: 2870   Fp16 Grad Scale: 262144   Required: 163 hours
Training: 2025-04-02 13:51:27,239-Speed 63.12 samples/sec   Loss 0.3181   LearningRate 0.000990   Epoch: 2   Global Step: 2880   Fp16 Grad Scale: 262144   Required: 163 hours
Training: 2025-04-02 13:51:47,554-Speed 63.01 samples/sec   Loss 0.4047   LearningRate 0.000990   Epoch: 2   Global Step: 2890   Fp16 Grad Scale: 131072   Required: 163 hours
Training: 2025-04-02 13:52:07,767-Speed 63.33 samples/sec   Loss 0.3503   LearningRate 0.000990   Epoch: 2   Global Step: 2900   Fp16 Grad Scale: 131072   Required: 163 hours
Training: 2025-04-02 13:52:27,981-Speed 63.32 samples/sec   Loss 0.4419   LearningRate 0.000990   Epoch: 2   Global Step: 2910   Fp16 Grad Scale: 131072   Required: 162 hours
Training: 2025-04-02 13:52:48,180-Speed 63.37 samples/sec   Loss 0.3792   LearningRate 0.000990   Epoch: 2   Global Step: 2920   Fp16 Grad Scale: 131072   Required: 162 hours
Training: 2025-04-02 13:53:08,539-Speed 62.87 samples/sec   Loss 0.5351   LearningRate 0.000990   Epoch: 2   Global Step: 2930   Fp16 Grad Scale: 131072   Required: 162 hours
Training: 2025-04-02 13:53:28,780-Speed 63.24 samples/sec   Loss 0.2936   LearningRate 0.000990   Epoch: 2   Global Step: 2940   Fp16 Grad Scale: 131072   Required: 162 hours
Training: 2025-04-02 13:53:49,008-Speed 63.28 samples/sec   Loss 0.2780   LearningRate 0.000990   Epoch: 2   Global Step: 2950   Fp16 Grad Scale: 131072   Required: 162 hours
Training: 2025-04-02 13:54:09,256-Speed 63.22 samples/sec   Loss 0.4318   LearningRate 0.000990   Epoch: 2   Global Step: 2960   Fp16 Grad Scale: 131072   Required: 162 hours
Training: 2025-04-02 13:54:29,566-Speed 63.02 samples/sec   Loss 0.6142   LearningRate 0.000990   Epoch: 2   Global Step: 2970   Fp16 Grad Scale: 131072   Required: 162 hours
Training: 2025-04-02 13:54:49,743-Speed 63.44 samples/sec   Loss 0.3595   LearningRate 0.000990   Epoch: 2   Global Step: 2980   Fp16 Grad Scale: 131072   Required: 162 hours
Training: 2025-04-02 13:55:09,940-Speed 63.38 samples/sec   Loss 0.2204   LearningRate 0.000990   Epoch: 2   Global Step: 2990   Fp16 Grad Scale: 262144   Required: 162 hours
Training: 2025-04-02 13:55:30,212-Speed 63.14 samples/sec   Loss 0.3746   LearningRate 0.000989   Epoch: 2   Global Step: 3000   Fp16 Grad Scale: 262144   Required: 162 hours
Training: 2025-04-02 13:55:52,377-Speed 57.75 samples/sec   Loss 0.4862   LearningRate 0.000989   Epoch: 2   Global Step: 3010   Fp16 Grad Scale: 262144   Required: 162 hours
Training: 2025-04-02 13:56:12,618-Speed 63.24 samples/sec   Loss 0.3331   LearningRate 0.000989   Epoch: 2   Global Step: 3020   Fp16 Grad Scale: 262144   Required: 162 hours
Training: 2025-04-02 13:56:32,917-Speed 63.06 samples/sec   Loss 0.4075   LearningRate 0.000989   Epoch: 2   Global Step: 3030   Fp16 Grad Scale: 262144   Required: 162 hours
Training: 2025-04-02 13:56:53,177-Speed 63.18 samples/sec   Loss 0.4116   LearningRate 0.000989   Epoch: 2   Global Step: 3040   Fp16 Grad Scale: 262144   Required: 162 hours
Training: 2025-04-02 13:57:13,485-Speed 63.03 samples/sec   Loss 0.3805   LearningRate 0.000989   Epoch: 2   Global Step: 3050   Fp16 Grad Scale: 262144   Required: 162 hours
Training: 2025-04-02 13:57:33,744-Speed 63.18 samples/sec   Loss 0.4702   LearningRate 0.000989   Epoch: 2   Global Step: 3060   Fp16 Grad Scale: 262144   Required: 162 hours
Training: 2025-04-02 13:57:54,074-Speed 62.96 samples/sec   Loss 0.3926   LearningRate 0.000989   Epoch: 2   Global Step: 3070   Fp16 Grad Scale: 262144   Required: 162 hours
Training: 2025-04-02 13:58:14,322-Speed 63.22 samples/sec   Loss 0.2228   LearningRate 0.000989   Epoch: 2   Global Step: 3080   Fp16 Grad Scale: 262144   Required: 162 hours
Training: 2025-04-02 13:58:34,529-Speed 63.35 samples/sec   Loss 0.3181   LearningRate 0.000989   Epoch: 2   Global Step: 3090   Fp16 Grad Scale: 524288   Required: 162 hours
Training: 2025-04-02 13:58:54,740-Speed 63.33 samples/sec   Loss 0.4183   LearningRate 0.000989   Epoch: 2   Global Step: 3100   Fp16 Grad Scale: 524288   Required: 162 hours
Training: 2025-04-02 13:59:14,970-Speed 63.27 samples/sec   Loss 0.2912   LearningRate 0.000989   Epoch: 2   Global Step: 3110   Fp16 Grad Scale: 262144   Required: 162 hours
Training: 2025-04-02 13:59:35,168-Speed 63.37 samples/sec   Loss 0.3882   LearningRate 0.000989   Epoch: 2   Global Step: 3120   Fp16 Grad Scale: 262144   Required: 162 hours
Training: 2025-04-02 13:59:55,377-Speed 63.34 samples/sec   Loss 0.4602   LearningRate 0.000989   Epoch: 2   Global Step: 3130   Fp16 Grad Scale: 131072   Required: 162 hours
Training: 2025-04-02 14:00:15,671-Speed 63.08 samples/sec   Loss 0.4455   LearningRate 0.000989   Epoch: 2   Global Step: 3140   Fp16 Grad Scale: 131072   Required: 162 hours
Training: 2025-04-02 14:00:36,957-Speed 60.13 samples/sec   Loss 0.4234   LearningRate 0.000989   Epoch: 2   Global Step: 3150   Fp16 Grad Scale: 131072   Required: 162 hours
Training: 2025-04-02 14:00:57,680-Speed 61.77 samples/sec   Loss 0.4228   LearningRate 0.000989   Epoch: 2   Global Step: 3160   Fp16 Grad Scale: 131072   Required: 162 hours
Training: 2025-04-02 14:01:17,895-Speed 63.32 samples/sec   Loss 0.3875   LearningRate 0.000989   Epoch: 2   Global Step: 3170   Fp16 Grad Scale: 131072   Required: 162 hours
Training: 2025-04-02 14:01:38,154-Speed 63.18 samples/sec   Loss 0.3597   LearningRate 0.000989   Epoch: 2   Global Step: 3180   Fp16 Grad Scale: 131072   Required: 162 hours
Training: 2025-04-02 14:01:58,390-Speed 63.26 samples/sec   Loss 0.4085   LearningRate 0.000989   Epoch: 2   Global Step: 3190   Fp16 Grad Scale: 131072   Required: 162 hours
Training: 2025-04-02 14:02:18,629-Speed 63.24 samples/sec   Loss 0.3787   LearningRate 0.000989   Epoch: 2   Global Step: 3200   Fp16 Grad Scale: 131072   Required: 162 hours
Training: 2025-04-02 14:02:38,876-Speed 63.22 samples/sec   Loss 0.5256   LearningRate 0.000989   Epoch: 2   Global Step: 3210   Fp16 Grad Scale: 131072   Required: 162 hours
Training: 2025-04-02 14:02:59,069-Speed 63.39 samples/sec   Loss 0.5146   LearningRate 0.000989   Epoch: 2   Global Step: 3220   Fp16 Grad Scale: 131072   Required: 162 hours
Training: 2025-04-02 14:03:19,267-Speed 63.37 samples/sec   Loss 0.3330   LearningRate 0.000989   Epoch: 2   Global Step: 3230   Fp16 Grad Scale: 262144   Required: 162 hours
Training: 2025-04-02 14:03:47,821-Speed 63.32 samples/sec   Loss 0.3833   LearningRate 0.000989   Epoch: 2   Global Step: 3240   Fp16 Grad Scale: 262144   Required: 162 hours
Training: 2025-04-02 14:04:08,049-Speed 63.28 samples/sec   Loss 0.4239   LearningRate 0.000989   Epoch: 2   Global Step: 3250   Fp16 Grad Scale: 262144   Required: 162 hours
Training: 2025-04-02 14:04:28,267-Speed 63.31 samples/sec   Loss 0.4518   LearningRate 0.000989   Epoch: 2   Global Step: 3260   Fp16 Grad Scale: 262144   Required: 162 hours
Training: 2025-04-02 14:04:48,474-Speed 63.35 samples/sec   Loss 0.3501   LearningRate 0.000989   Epoch: 2   Global Step: 3270   Fp16 Grad Scale: 262144   Required: 162 hours
Training: 2025-04-02 14:05:08,679-Speed 63.35 samples/sec   Loss 0.4193   LearningRate 0.000988   Epoch: 2   Global Step: 3280   Fp16 Grad Scale: 262144   Required: 162 hours
Training: 2025-04-02 14:05:28,883-Speed 63.36 samples/sec   Loss 0.4606   LearningRate 0.000988   Epoch: 2   Global Step: 3290   Fp16 Grad Scale: 262144   Required: 162 hours
Training: 2025-04-02 14:05:51,245-Speed 57.24 samples/sec   Loss 0.3153   LearningRate 0.000988   Epoch: 2   Global Step: 3300   Fp16 Grad Scale: 262144   Required: 162 hours
Training: 2025-04-02 14:06:11,587-Speed 62.92 samples/sec   Loss 0.3342   LearningRate 0.000988   Epoch: 2   Global Step: 3310   Fp16 Grad Scale: 262144   Required: 162 hours
Training: 2025-04-02 14:06:31,801-Speed 63.32 samples/sec   Loss 0.3782   LearningRate 0.000988   Epoch: 2   Global Step: 3320   Fp16 Grad Scale: 262144   Required: 162 hours
Training: 2025-04-02 14:06:51,938-Speed 63.57 samples/sec   Loss 0.3302   LearningRate 0.000988   Epoch: 2   Global Step: 3330   Fp16 Grad Scale: 524288   Required: 162 hours
Training: 2025-04-02 14:07:12,127-Speed 63.40 samples/sec   Loss 0.2992   LearningRate 0.000988   Epoch: 2   Global Step: 3340   Fp16 Grad Scale: 524288   Required: 162 hours
Training: 2025-04-02 14:07:32,360-Speed 63.26 samples/sec   Loss 0.3623   LearningRate 0.000988   Epoch: 2   Global Step: 3350   Fp16 Grad Scale: 524288   Required: 162 hours
Training: 2025-04-02 14:07:52,542-Speed 63.42 samples/sec   Loss 0.3672   LearningRate 0.000988   Epoch: 2   Global Step: 3360   Fp16 Grad Scale: 262144   Required: 162 hours
Training: 2025-04-02 14:08:12,747-Speed 63.35 samples/sec   Loss 0.2328   LearningRate 0.000988   Epoch: 2   Global Step: 3370   Fp16 Grad Scale: 262144   Required: 162 hours
Training: 2025-04-02 14:08:32,953-Speed 63.35 samples/sec   Loss 0.3826   LearningRate 0.000988   Epoch: 2   Global Step: 3380   Fp16 Grad Scale: 262144   Required: 162 hours
Training: 2025-04-02 14:09:00,591-Speed 63.24 samples/sec   Loss 0.2866   LearningRate 0.000988   Epoch: 2   Global Step: 3390   Fp16 Grad Scale: 262144   Required: 162 hours
Training: 2025-04-02 14:09:20,761-Speed 63.46 samples/sec   Loss 0.4387   LearningRate 0.000988   Epoch: 2   Global Step: 3400   Fp16 Grad Scale: 262144   Required: 162 hours
Training: 2025-04-02 14:09:41,055-Speed 63.07 samples/sec   Loss 0.4998   LearningRate 0.000988   Epoch: 2   Global Step: 3410   Fp16 Grad Scale: 262144   Required: 162 hours
Training: 2025-04-02 14:10:01,270-Speed 63.32 samples/sec   Loss 0.4859   LearningRate 0.000988   Epoch: 2   Global Step: 3420   Fp16 Grad Scale: 262144   Required: 162 hours
Training: 2025-04-02 14:10:21,493-Speed 63.30 samples/sec   Loss 0.3748   LearningRate 0.000988   Epoch: 2   Global Step: 3430   Fp16 Grad Scale: 262144   Required: 162 hours
Training: 2025-04-02 14:10:41,700-Speed 63.35 samples/sec   Loss 0.2546   LearningRate 0.000988   Epoch: 2   Global Step: 3440   Fp16 Grad Scale: 262144   Required: 162 hours
Training: 2025-04-02 14:11:04,044-Speed 57.29 samples/sec   Loss 0.2751   LearningRate 0.000988   Epoch: 2   Global Step: 3450   Fp16 Grad Scale: 262144   Required: 162 hours
Training: 2025-04-02 14:11:24,260-Speed 63.32 samples/sec   Loss 0.4240   LearningRate 0.000988   Epoch: 2   Global Step: 3460   Fp16 Grad Scale: 524288   Required: 162 hours
Training: 2025-04-02 14:11:44,447-Speed 63.41 samples/sec   Loss 0.4375   LearningRate 0.000988   Epoch: 2   Global Step: 3470   Fp16 Grad Scale: 262144   Required: 162 hours
Training: 2025-04-02 14:12:04,685-Speed 63.25 samples/sec   Loss 0.5145   LearningRate 0.000988   Epoch: 2   Global Step: 3480   Fp16 Grad Scale: 262144   Required: 162 hours
Training: 2025-04-02 14:12:25,009-Speed 62.98 samples/sec   Loss 0.4951   LearningRate 0.000988   Epoch: 2   Global Step: 3490   Fp16 Grad Scale: 262144   Required: 162 hours
Training: 2025-04-02 14:12:45,274-Speed 63.17 samples/sec   Loss 0.3905   LearningRate 0.000988   Epoch: 2   Global Step: 3500   Fp16 Grad Scale: 262144   Required: 162 hours
Training: 2025-04-02 14:13:05,471-Speed 63.38 samples/sec   Loss 0.4484   LearningRate 0.000988   Epoch: 2   Global Step: 3510   Fp16 Grad Scale: 262144   Required: 162 hours
Training: 2025-04-02 14:13:25,778-Speed 63.04 samples/sec   Loss 0.3224   LearningRate 0.000988   Epoch: 2   Global Step: 3520   Fp16 Grad Scale: 262144   Required: 162 hours
Training: 2025-04-02 14:13:45,966-Speed 63.40 samples/sec   Loss 0.5417   LearningRate 0.000988   Epoch: 2   Global Step: 3530   Fp16 Grad Scale: 262144   Required: 162 hours
Training: 2025-04-02 14:14:16,914-Speed 62.86 samples/sec   Loss 0.4332   LearningRate 0.000988   Epoch: 2   Global Step: 3540   Fp16 Grad Scale: 262144   Required: 162 hours
Training: 2025-04-02 14:14:37,145-Speed 63.27 samples/sec   Loss 0.3124   LearningRate 0.000988   Epoch: 2   Global Step: 3550   Fp16 Grad Scale: 262144   Required: 162 hours
Training: 2025-04-02 14:14:57,349-Speed 63.36 samples/sec   Loss 0.4043   LearningRate 0.000988   Epoch: 2   Global Step: 3560   Fp16 Grad Scale: 131072   Required: 162 hours
Training: 2025-04-02 14:15:17,730-Speed 62.81 samples/sec   Loss 0.3433   LearningRate 0.000987   Epoch: 2   Global Step: 3570   Fp16 Grad Scale: 131072   Required: 162 hours
Training: 2025-04-02 14:15:38,020-Speed 63.09 samples/sec   Loss 0.3118   LearningRate 0.000987   Epoch: 2   Global Step: 3580   Fp16 Grad Scale: 131072   Required: 162 hours
Training: 2025-04-02 14:16:00,242-Speed 57.60 samples/sec   Loss 0.3153   LearningRate 0.000987   Epoch: 2   Global Step: 3590   Fp16 Grad Scale: 131072   Required: 162 hours
Training: 2025-04-02 14:16:20,443-Speed 63.37 samples/sec   Loss 0.3870   LearningRate 0.000987   Epoch: 2   Global Step: 3600   Fp16 Grad Scale: 131072   Required: 162 hours
Training: 2025-04-02 14:16:40,670-Speed 63.28 samples/sec   Loss 0.2621   LearningRate 0.000987   Epoch: 2   Global Step: 3610   Fp16 Grad Scale: 131072   Required: 162 hours
Training: 2025-04-02 14:17:00,910-Speed 63.24 samples/sec   Loss 0.3214   LearningRate 0.000987   Epoch: 2   Global Step: 3620   Fp16 Grad Scale: 131072   Required: 162 hours
Training: 2025-04-02 14:17:21,138-Speed 63.28 samples/sec   Loss 0.4032   LearningRate 0.000987   Epoch: 2   Global Step: 3630   Fp16 Grad Scale: 131072   Required: 162 hours
Training: 2025-04-02 14:17:41,362-Speed 63.29 samples/sec   Loss 0.3360   LearningRate 0.000987   Epoch: 2   Global Step: 3640   Fp16 Grad Scale: 131072   Required: 162 hours
Training: 2025-04-02 14:18:01,603-Speed 63.24 samples/sec   Loss 0.5651   LearningRate 0.000987   Epoch: 2   Global Step: 3650   Fp16 Grad Scale: 131072   Required: 162 hours
Training: 2025-04-02 14:18:21,814-Speed 63.33 samples/sec   Loss 0.3781   LearningRate 0.000987   Epoch: 2   Global Step: 3660   Fp16 Grad Scale: 262144   Required: 162 hours
Training: 2025-04-02 14:18:42,017-Speed 63.36 samples/sec   Loss 0.3205   LearningRate 0.000987   Epoch: 2   Global Step: 3670   Fp16 Grad Scale: 262144   Required: 162 hours
Training: 2025-04-02 14:19:02,252-Speed 63.26 samples/sec   Loss 0.3584   LearningRate 0.000987   Epoch: 2   Global Step: 3680   Fp16 Grad Scale: 262144   Required: 162 hours
Training: 2025-04-02 14:19:37,794-Speed 63.23 samples/sec   Loss 0.3568   LearningRate 0.000987   Epoch: 2   Global Step: 3690   Fp16 Grad Scale: 262144   Required: 162 hours
Training: 2025-04-02 14:19:58,029-Speed 63.26 samples/sec   Loss 0.3545   LearningRate 0.000987   Epoch: 2   Global Step: 3700   Fp16 Grad Scale: 262144   Required: 162 hours
Training: 2025-04-02 14:20:18,247-Speed 63.31 samples/sec   Loss 0.2610   LearningRate 0.000987   Epoch: 2   Global Step: 3710   Fp16 Grad Scale: 262144   Required: 162 hours
Training: 2025-04-02 14:20:38,470-Speed 63.29 samples/sec   Loss 0.3725   LearningRate 0.000987   Epoch: 2   Global Step: 3720   Fp16 Grad Scale: 262144   Required: 162 hours
Training: 2025-04-02 14:21:00,440-Speed 58.26 samples/sec   Loss 0.5420   LearningRate 0.000987   Epoch: 2   Global Step: 3730   Fp16 Grad Scale: 262144   Required: 162 hours
Training: 2025-04-02 14:21:20,713-Speed 63.14 samples/sec   Loss 0.3824   LearningRate 0.000987   Epoch: 2   Global Step: 3740   Fp16 Grad Scale: 262144   Required: 162 hours
Training: 2025-04-02 14:21:40,936-Speed 63.29 samples/sec   Loss 0.2393   LearningRate 0.000987   Epoch: 2   Global Step: 3750   Fp16 Grad Scale: 262144   Required: 162 hours
Training: 2025-04-02 14:22:01,096-Speed 63.49 samples/sec   Loss 0.2871   LearningRate 0.000987   Epoch: 2   Global Step: 3760   Fp16 Grad Scale: 524288   Required: 162 hours
Training: 2025-04-02 14:22:21,320-Speed 63.29 samples/sec   Loss 0.4027   LearningRate 0.000987   Epoch: 2   Global Step: 3770   Fp16 Grad Scale: 524288   Required: 162 hours
Training: 2025-04-02 14:22:41,565-Speed 63.23 samples/sec   Loss 0.2629   LearningRate 0.000987   Epoch: 2   Global Step: 3780   Fp16 Grad Scale: 524288   Required: 162 hours
Training: 2025-04-02 14:23:01,789-Speed 63.29 samples/sec   Loss 0.3815   LearningRate 0.000987   Epoch: 2   Global Step: 3790   Fp16 Grad Scale: 262144   Required: 162 hours
Training: 2025-04-02 14:23:22,019-Speed 63.28 samples/sec   Loss 0.3615   LearningRate 0.000987   Epoch: 2   Global Step: 3800   Fp16 Grad Scale: 262144   Required: 162 hours
Training: 2025-04-02 14:23:42,162-Speed 63.55 samples/sec   Loss 0.5882   LearningRate 0.000987   Epoch: 2   Global Step: 3810   Fp16 Grad Scale: 262144   Required: 162 hours
Training: 2025-04-02 14:24:02,377-Speed 63.32 samples/sec   Loss 0.3328   LearningRate 0.000987   Epoch: 2   Global Step: 3820   Fp16 Grad Scale: 262144   Required: 162 hours
Training: 2025-04-02 14:24:22,657-Speed 63.12 samples/sec   Loss 0.4082   LearningRate 0.000987   Epoch: 2   Global Step: 3830   Fp16 Grad Scale: 262144   Required: 162 hours
Training: 2025-04-02 14:24:43,276-Speed 63.15 samples/sec   Loss 0.3471   LearningRate 0.000987   Epoch: 2   Global Step: 3840   Fp16 Grad Scale: 262144   Required: 162 hours
Training: 2025-04-02 14:25:03,440-Speed 63.48 samples/sec   Loss 0.3151   LearningRate 0.000987   Epoch: 2   Global Step: 3850   Fp16 Grad Scale: 262144   Required: 162 hours
Training: 2025-04-02 14:25:23,706-Speed 63.16 samples/sec   Loss 0.3551   LearningRate 0.000986   Epoch: 2   Global Step: 3860   Fp16 Grad Scale: 262144   Required: 162 hours
Training: 2025-04-02 14:25:43,947-Speed 63.24 samples/sec   Loss 0.3284   LearningRate 0.000986   Epoch: 2   Global Step: 3870   Fp16 Grad Scale: 262144   Required: 162 hours
Training: 2025-04-02 14:26:06,176-Speed 57.58 samples/sec   Loss 0.3582   LearningRate 0.000986   Epoch: 2   Global Step: 3880   Fp16 Grad Scale: 262144   Required: 162 hours
Training: 2025-04-02 14:26:26,403-Speed 63.28 samples/sec   Loss 0.2882   LearningRate 0.000986   Epoch: 2   Global Step: 3890   Fp16 Grad Scale: 524288   Required: 162 hours
Training: 2025-04-02 14:26:46,586-Speed 63.42 samples/sec   Loss 0.3753   LearningRate 0.000986   Epoch: 2   Global Step: 3900   Fp16 Grad Scale: 262144   Required: 162 hours
Training: 2025-04-02 14:27:06,796-Speed 63.34 samples/sec   Loss 0.3552   LearningRate 0.000986   Epoch: 2   Global Step: 3910   Fp16 Grad Scale: 262144   Required: 162 hours
Training: 2025-04-02 14:27:27,061-Speed 63.17 samples/sec   Loss 0.3869   LearningRate 0.000986   Epoch: 2   Global Step: 3920   Fp16 Grad Scale: 262144   Required: 162 hours
Training: 2025-04-02 14:27:47,245-Speed 63.42 samples/sec   Loss 0.3162   LearningRate 0.000986   Epoch: 2   Global Step: 3930   Fp16 Grad Scale: 262144   Required: 162 hours
Training: 2025-04-02 14:28:07,510-Speed 63.16 samples/sec   Loss 0.3392   LearningRate 0.000986   Epoch: 2   Global Step: 3940   Fp16 Grad Scale: 262144   Required: 162 hours
Training: 2025-04-02 14:28:27,693-Speed 63.42 samples/sec   Loss 0.4966   LearningRate 0.000986   Epoch: 2   Global Step: 3950   Fp16 Grad Scale: 131072   Required: 162 hours
Training: 2025-04-02 14:28:48,012-Speed 63.00 samples/sec   Loss 0.4394   LearningRate 0.000986   Epoch: 2   Global Step: 3960   Fp16 Grad Scale: 131072   Required: 162 hours
Training: 2025-04-02 14:29:08,241-Speed 63.28 samples/sec   Loss 0.3148   LearningRate 0.000986   Epoch: 2   Global Step: 3970   Fp16 Grad Scale: 131072   Required: 162 hours
Training: 2025-04-02 14:29:28,490-Speed 63.22 samples/sec   Loss 0.3405   LearningRate 0.000986   Epoch: 2   Global Step: 3980   Fp16 Grad Scale: 131072   Required: 162 hours
Training: 2025-04-02 14:29:48,716-Speed 63.29 samples/sec   Loss 0.2713   LearningRate 0.000986   Epoch: 2   Global Step: 3990   Fp16 Grad Scale: 131072   Required: 162 hours
Training: 2025-04-02 14:30:09,065-Speed 62.90 samples/sec   Loss 0.2309   LearningRate 0.000986   Epoch: 2   Global Step: 4000   Fp16 Grad Scale: 131072   Required: 162 hours
net_out.shape: torch.Size([128, 512])
net_out.shape: torch.Size([128, 512])
net_out.shape: torch.Size([128, 512])
net_out.shape: torch.Size([128, 512])
net_out.shape: torch.Size([128, 512])
net_out.shape: torch.Size([128, 512])
net_out.shape: torch.Size([128, 512])
net_out.shape: torch.Size([128, 512])
net_out.shape: torch.Size([128, 512])
net_out.shape: torch.Size([128, 512])
net_out.shape: torch.Size([128, 512])
net_out.shape: torch.Size([128, 512])
net_out.shape: torch.Size([128, 512])
net_out.shape: torch.Size([128, 512])
net_out.shape: torch.Size([128, 512])
net_out.shape: torch.Size([128, 512])
net_out.shape: torch.Size([128, 512])
net_out.shape: torch.Size([128, 512])
net_out.shape: torch.Size([128, 512])
net_out.shape: torch.Size([128, 512])
net_out.shape: torch.Size([128, 512])
net_out.shape: torch.Size([128, 512])
net_out.shape: torch.Size([128, 512])
net_out.shape: torch.Size([128, 512])
net_out.shape: torch.Size([128, 512])
net_out.shape: torch.Size([128, 512])
net_out.shape: torch.Size([128, 512])
net_out.shape: torch.Size([128, 512])
net_out.shape: torch.Size([128, 512])
net_out.shape: torch.Size([128, 512])
net_out.shape: torch.Size([128, 512])
net_out.shape: torch.Size([128, 512])
net_out.shape: torch.Size([128, 512])
net_out.shape: torch.Size([128, 512])
net_out.shape: torch.Size([128, 512])
net_out.shape: torch.Size([128, 512])
net_out.shape: torch.Size([128, 512])
net_out.shape: torch.Size([128, 512])
net_out.shape: torch.Size([128, 512])
net_out.shape: torch.Size([128, 512])
net_out.shape: torch.Size([128, 512])
net_out.shape: torch.Size([128, 512])
net_out.shape: torch.Size([128, 512])
net_out.shape: torch.Size([128, 512])
net_out.shape: torch.Size([128, 512])
net_out.shape: torch.Size([128, 512])
net_out.shape: torch.Size([128, 512])
net_out.shape: torch.Size([128, 512])
net_out.shape: torch.Size([128, 512])
net_out.shape: torch.Size([128, 512])
net_out.shape: torch.Size([128, 512])
net_out.shape: torch.Size([128, 512])
net_out.shape: torch.Size([128, 512])
net_out.shape: torch.Size([128, 512])
net_out.shape: torch.Size([128, 512])
net_out.shape: torch.Size([128, 512])
net_out.shape: torch.Size([128, 512])
net_out.shape: torch.Size([128, 512])
net_out.shape: torch.Size([128, 512])
net_out.shape: torch.Size([128, 512])
net_out.shape: torch.Size([128, 512])
net_out.shape: torch.Size([128, 512])
net_out.shape: torch.Size([128, 512])
net_out.shape: torch.Size([128, 512])
Training: 2025-04-02 14:31:21,402-[val][Global step: 4000] d prime: 6.374380111694336
Model saved with d prime score: 6.374380111694336
Training: 2025-04-02 14:31:43,394-Speed 13.57 samples/sec   Loss 0.3094   LearningRate 0.000986   Epoch: 2   Global Step: 4010   Fp16 Grad Scale: 131072   Required: 163 hours
Training: 2025-04-02 14:32:03,619-Speed 63.29 samples/sec   Loss 0.2836   LearningRate 0.000986   Epoch: 2   Global Step: 4020   Fp16 Grad Scale: 131072   Required: 163 hours
Training: 2025-04-02 14:32:23,833-Speed 63.32 samples/sec   Loss 0.3545   LearningRate 0.000986   Epoch: 2   Global Step: 4030   Fp16 Grad Scale: 131072   Required: 163 hours
Training: 2025-04-02 14:32:44,047-Speed 63.32 samples/sec   Loss 0.4467   LearningRate 0.000986   Epoch: 2   Global Step: 4040   Fp16 Grad Scale: 131072   Required: 163 hours
Training: 2025-04-02 14:33:04,246-Speed 63.37 samples/sec   Loss 0.3526   LearningRate 0.000986   Epoch: 2   Global Step: 4050   Fp16 Grad Scale: 262144   Required: 163 hours
Training: 2025-04-02 14:33:24,456-Speed 63.34 samples/sec   Loss 0.3966   LearningRate 0.000986   Epoch: 2   Global Step: 4060   Fp16 Grad Scale: 262144   Required: 163 hours
Training: 2025-04-02 14:33:44,651-Speed 63.38 samples/sec   Loss 0.4377   LearningRate 0.000986   Epoch: 2   Global Step: 4070   Fp16 Grad Scale: 262144   Required: 163 hours
Training: 2025-04-02 14:34:04,819-Speed 63.47 samples/sec   Loss 0.3632   LearningRate 0.000986   Epoch: 2   Global Step: 4080   Fp16 Grad Scale: 262144   Required: 163 hours
Training: 2025-04-02 14:34:25,012-Speed 63.39 samples/sec   Loss 0.2486   LearningRate 0.000986   Epoch: 2   Global Step: 4090   Fp16 Grad Scale: 262144   Required: 163 hours
Training: 2025-04-02 14:34:45,324-Speed 63.02 samples/sec   Loss 0.5100   LearningRate 0.000986   Epoch: 2   Global Step: 4100   Fp16 Grad Scale: 262144   Required: 163 hours
Training: 2025-04-02 14:35:05,526-Speed 63.36 samples/sec   Loss 0.4232   LearningRate 0.000986   Epoch: 2   Global Step: 4110   Fp16 Grad Scale: 262144   Required: 163 hours
Training: 2025-04-02 14:35:25,743-Speed 63.32 samples/sec   Loss 0.3653   LearningRate 0.000986   Epoch: 2   Global Step: 4120   Fp16 Grad Scale: 262144   Required: 163 hours
Training: 2025-04-02 14:35:45,938-Speed 63.38 samples/sec   Loss 0.4264   LearningRate 0.000986   Epoch: 2   Global Step: 4130   Fp16 Grad Scale: 262144   Required: 163 hours
Training: 2025-04-02 14:36:08,612-Speed 56.45 samples/sec   Loss 0.3642   LearningRate 0.000985   Epoch: 2   Global Step: 4140   Fp16 Grad Scale: 262144   Required: 163 hours
Training: 2025-04-02 14:36:28,842-Speed 63.27 samples/sec   Loss 0.4125   LearningRate 0.000985   Epoch: 2   Global Step: 4150   Fp16 Grad Scale: 524288   Required: 163 hours
Training: 2025-04-02 14:36:49,069-Speed 63.28 samples/sec   Loss 0.3184   LearningRate 0.000985   Epoch: 2   Global Step: 4160   Fp16 Grad Scale: 524288   Required: 163 hours
Training: 2025-04-02 14:37:09,296-Speed 63.28 samples/sec   Loss 0.3015   LearningRate 0.000985   Epoch: 2   Global Step: 4170   Fp16 Grad Scale: 524288   Required: 163 hours
Training: 2025-04-02 14:37:29,648-Speed 62.89 samples/sec   Loss 0.5218   LearningRate 0.000985   Epoch: 2   Global Step: 4180   Fp16 Grad Scale: 524288   Required: 163 hours
Training: 2025-04-02 14:37:49,883-Speed 63.26 samples/sec   Loss 0.3519   LearningRate 0.000985   Epoch: 2   Global Step: 4190   Fp16 Grad Scale: 524288   Required: 163 hours
Training: 2025-04-02 14:38:10,079-Speed 63.38 samples/sec   Loss 0.3853   LearningRate 0.000985   Epoch: 2   Global Step: 4200   Fp16 Grad Scale: 524288   Required: 163 hours
Training: 2025-04-02 14:38:30,426-Speed 62.91 samples/sec   Loss 0.4784   LearningRate 0.000985   Epoch: 2   Global Step: 4210   Fp16 Grad Scale: 524288   Required: 163 hours
Training: 2025-04-02 14:38:50,671-Speed 63.23 samples/sec   Loss 0.2330   LearningRate 0.000985   Epoch: 2   Global Step: 4220   Fp16 Grad Scale: 262144   Required: 163 hours
Training: 2025-04-02 14:39:10,890-Speed 63.31 samples/sec   Loss 0.3541   LearningRate 0.000985   Epoch: 2   Global Step: 4230   Fp16 Grad Scale: 262144   Required: 163 hours
Training: 2025-04-02 14:39:31,194-Speed 63.04 samples/sec   Loss 0.2336   LearningRate 0.000985   Epoch: 2   Global Step: 4240   Fp16 Grad Scale: 262144   Required: 163 hours
Training: 2025-04-02 14:39:51,416-Speed 63.30 samples/sec   Loss 0.3646   LearningRate 0.000985   Epoch: 2   Global Step: 4250   Fp16 Grad Scale: 262144   Required: 163 hours
Training: 2025-04-02 14:40:11,714-Speed 63.06 samples/sec   Loss 0.3223   LearningRate 0.000985   Epoch: 2   Global Step: 4260   Fp16 Grad Scale: 262144   Required: 163 hours
Training: 2025-04-02 14:40:31,582-Speed 64.43 samples/sec   Loss 0.3480   LearningRate 0.000985   Epoch: 2   Global Step: 4270   Fp16 Grad Scale: 262144   Required: 163 hours
Training: 2025-04-02 14:40:54,424-Speed 56.04 samples/sec   Loss 0.2911   LearningRate 0.000985   Epoch: 3   Global Step: 4280   Fp16 Grad Scale: 262144   Required: 163 hours
Training: 2025-04-02 14:41:16,726-Speed 57.40 samples/sec   Loss 0.3054   LearningRate 0.000985   Epoch: 3   Global Step: 4290   Fp16 Grad Scale: 262144   Required: 163 hours
Training: 2025-04-02 14:41:37,029-Speed 63.04 samples/sec   Loss 0.1725   LearningRate 0.000985   Epoch: 3   Global Step: 4300   Fp16 Grad Scale: 262144   Required: 163 hours
Training: 2025-04-02 14:41:57,256-Speed 63.28 samples/sec   Loss 0.2023   LearningRate 0.000985   Epoch: 3   Global Step: 4310   Fp16 Grad Scale: 262144   Required: 163 hours
Training: 2025-04-02 14:42:17,560-Speed 63.04 samples/sec   Loss 0.2932   LearningRate 0.000985   Epoch: 3   Global Step: 4320   Fp16 Grad Scale: 524288   Required: 163 hours
Training: 2025-04-02 14:42:37,798-Speed 63.25 samples/sec   Loss 0.2081   LearningRate 0.000985   Epoch: 3   Global Step: 4330   Fp16 Grad Scale: 524288   Required: 163 hours
Training: 2025-04-02 14:42:58,031-Speed 63.27 samples/sec   Loss 0.3219   LearningRate 0.000985   Epoch: 3   Global Step: 4340   Fp16 Grad Scale: 524288   Required: 163 hours
Training: 2025-04-02 14:43:18,266-Speed 63.26 samples/sec   Loss 0.1448   LearningRate 0.000985   Epoch: 3   Global Step: 4350   Fp16 Grad Scale: 524288   Required: 163 hours
Training: 2025-04-02 14:43:38,510-Speed 63.23 samples/sec   Loss 0.1945   LearningRate 0.000985   Epoch: 3   Global Step: 4360   Fp16 Grad Scale: 524288   Required: 163 hours
Training: 2025-04-02 14:43:58,779-Speed 63.15 samples/sec   Loss 0.2305   LearningRate 0.000985   Epoch: 3   Global Step: 4370   Fp16 Grad Scale: 524288   Required: 163 hours
Training: 2025-04-02 14:44:19,023-Speed 63.23 samples/sec   Loss 0.3887   LearningRate 0.000985   Epoch: 3   Global Step: 4380   Fp16 Grad Scale: 524288   Required: 163 hours
Training: 2025-04-02 14:44:39,216-Speed 63.39 samples/sec   Loss 0.1638   LearningRate 0.000985   Epoch: 3   Global Step: 4390   Fp16 Grad Scale: 524288   Required: 163 hours
Training: 2025-04-02 14:44:59,450-Speed 63.26 samples/sec   Loss 0.1938   LearningRate 0.000985   Epoch: 3   Global Step: 4400   Fp16 Grad Scale: 524288   Required: 163 hours
Training: 2025-04-02 14:45:19,646-Speed 63.38 samples/sec   Loss 0.2096   LearningRate 0.000985   Epoch: 3   Global Step: 4410   Fp16 Grad Scale: 262144   Required: 163 hours
Training: 2025-04-02 14:45:39,884-Speed 63.25 samples/sec   Loss 0.2844   LearningRate 0.000985   Epoch: 3   Global Step: 4420   Fp16 Grad Scale: 262144   Required: 163 hours
Training: 2025-04-02 14:46:00,099-Speed 63.32 samples/sec   Loss 0.2682   LearningRate 0.000984   Epoch: 3   Global Step: 4430   Fp16 Grad Scale: 262144   Required: 163 hours
Training: 2025-04-02 14:46:22,183-Speed 57.96 samples/sec   Loss 0.2528   LearningRate 0.000984   Epoch: 3   Global Step: 4440   Fp16 Grad Scale: 262144   Required: 163 hours
Training: 2025-04-02 14:46:42,359-Speed 63.44 samples/sec   Loss 0.3501   LearningRate 0.000984   Epoch: 3   Global Step: 4450   Fp16 Grad Scale: 262144   Required: 163 hours
Training: 2025-04-02 14:47:02,562-Speed 63.36 samples/sec   Loss 0.2258   LearningRate 0.000984   Epoch: 3   Global Step: 4460   Fp16 Grad Scale: 262144   Required: 163 hours
Training: 2025-04-02 14:47:22,760-Speed 63.37 samples/sec   Loss 0.2962   LearningRate 0.000984   Epoch: 3   Global Step: 4470   Fp16 Grad Scale: 262144   Required: 163 hours
Training: 2025-04-02 14:47:42,999-Speed 63.24 samples/sec   Loss 0.3065   LearningRate 0.000984   Epoch: 3   Global Step: 4480   Fp16 Grad Scale: 262144   Required: 163 hours
Training: 2025-04-02 14:48:03,234-Speed 63.26 samples/sec   Loss 0.2326   LearningRate 0.000984   Epoch: 3   Global Step: 4490   Fp16 Grad Scale: 262144   Required: 163 hours
Training: 2025-04-02 14:48:23,499-Speed 63.17 samples/sec   Loss 0.2835   LearningRate 0.000984   Epoch: 3   Global Step: 4500   Fp16 Grad Scale: 262144   Required: 163 hours
Training: 2025-04-02 14:48:43,744-Speed 63.23 samples/sec   Loss 0.2410   LearningRate 0.000984   Epoch: 3   Global Step: 4510   Fp16 Grad Scale: 524288   Required: 163 hours
Training: 2025-04-02 14:49:03,989-Speed 63.23 samples/sec   Loss 0.3151   LearningRate 0.000984   Epoch: 3   Global Step: 4520   Fp16 Grad Scale: 524288   Required: 163 hours
Training: 2025-04-02 14:49:24,276-Speed 63.10 samples/sec   Loss 0.2037   LearningRate 0.000984   Epoch: 3   Global Step: 4530   Fp16 Grad Scale: 524288   Required: 163 hours
Training: 2025-04-02 14:49:44,509-Speed 63.26 samples/sec   Loss 0.3730   LearningRate 0.000984   Epoch: 3   Global Step: 4540   Fp16 Grad Scale: 524288   Required: 163 hours
Training: 2025-04-02 14:50:04,787-Speed 63.12 samples/sec   Loss 0.2705   LearningRate 0.000984   Epoch: 3   Global Step: 4550   Fp16 Grad Scale: 524288   Required: 163 hours
Training: 2025-04-02 14:50:25,933-Speed 63.10 samples/sec   Loss 0.1577   LearningRate 0.000984   Epoch: 3   Global Step: 4560   Fp16 Grad Scale: 524288   Required: 163 hours
Training: 2025-04-02 14:50:46,173-Speed 63.24 samples/sec   Loss 0.2278   LearningRate 0.000984   Epoch: 3   Global Step: 4570   Fp16 Grad Scale: 524288   Required: 163 hours
Training: 2025-04-02 14:51:06,392-Speed 63.31 samples/sec   Loss 0.1479   LearningRate 0.000984   Epoch: 3   Global Step: 4580   Fp16 Grad Scale: 524288   Required: 163 hours
Training: 2025-04-02 14:51:28,400-Speed 58.16 samples/sec   Loss 0.2112   LearningRate 0.000984   Epoch: 3   Global Step: 4590   Fp16 Grad Scale: 262144   Required: 163 hours
Training: 2025-04-02 14:51:48,604-Speed 63.36 samples/sec   Loss 0.1772   LearningRate 0.000984   Epoch: 3   Global Step: 4600   Fp16 Grad Scale: 262144   Required: 163 hours
Training: 2025-04-02 14:52:08,859-Speed 63.20 samples/sec   Loss 0.2219   LearningRate 0.000984   Epoch: 3   Global Step: 4610   Fp16 Grad Scale: 262144   Required: 162 hours
Training: 2025-04-02 14:52:29,093-Speed 63.26 samples/sec   Loss 0.1934   LearningRate 0.000984   Epoch: 3   Global Step: 4620   Fp16 Grad Scale: 262144   Required: 162 hours
Training: 2025-04-02 14:52:49,438-Speed 62.92 samples/sec   Loss 0.1926   LearningRate 0.000984   Epoch: 3   Global Step: 4630   Fp16 Grad Scale: 262144   Required: 162 hours
Training: 2025-04-02 14:53:09,575-Speed 63.57 samples/sec   Loss 0.2845   LearningRate 0.000984   Epoch: 3   Global Step: 4640   Fp16 Grad Scale: 262144   Required: 162 hours
Training: 2025-04-02 14:53:29,813-Speed 63.25 samples/sec   Loss 0.2131   LearningRate 0.000984   Epoch: 3   Global Step: 4650   Fp16 Grad Scale: 262144   Required: 162 hours
Training: 2025-04-02 14:53:49,992-Speed 63.43 samples/sec   Loss 0.2702   LearningRate 0.000984   Epoch: 3   Global Step: 4660   Fp16 Grad Scale: 262144   Required: 162 hours
Training: 2025-04-02 14:54:10,373-Speed 62.81 samples/sec   Loss 0.2066   LearningRate 0.000984   Epoch: 3   Global Step: 4670   Fp16 Grad Scale: 262144   Required: 162 hours
Training: 2025-04-02 14:54:30,628-Speed 63.20 samples/sec   Loss 0.1711   LearningRate 0.000984   Epoch: 3   Global Step: 4680   Fp16 Grad Scale: 262144   Required: 162 hours
Training: 2025-04-02 14:54:50,848-Speed 63.30 samples/sec   Loss 0.2010   LearningRate 0.000984   Epoch: 3   Global Step: 4690   Fp16 Grad Scale: 524288   Required: 162 hours
Training: 2025-04-02 14:55:11,064-Speed 63.32 samples/sec   Loss 0.2174   LearningRate 0.000984   Epoch: 3   Global Step: 4700   Fp16 Grad Scale: 524288   Required: 162 hours
Training: 2025-04-02 14:55:33,743-Speed 62.96 samples/sec   Loss 0.1561   LearningRate 0.000983   Epoch: 3   Global Step: 4710   Fp16 Grad Scale: 524288   Required: 162 hours
Training: 2025-04-02 14:55:53,920-Speed 63.44 samples/sec   Loss 0.2757   LearningRate 0.000983   Epoch: 3   Global Step: 4720   Fp16 Grad Scale: 524288   Required: 162 hours
Training: 2025-04-02 14:56:14,148-Speed 63.28 samples/sec   Loss 0.2239   LearningRate 0.000983   Epoch: 3   Global Step: 4730   Fp16 Grad Scale: 262144   Required: 162 hours
Training: 2025-04-02 14:56:36,362-Speed 57.62 samples/sec   Loss 0.3043   LearningRate 0.000983   Epoch: 3   Global Step: 4740   Fp16 Grad Scale: 262144   Required: 162 hours
Training: 2025-04-02 14:56:56,595-Speed 63.26 samples/sec   Loss 0.2593   LearningRate 0.000983   Epoch: 3   Global Step: 4750   Fp16 Grad Scale: 262144   Required: 162 hours
Training: 2025-04-02 14:57:16,938-Speed 62.92 samples/sec   Loss 0.2409   LearningRate 0.000983   Epoch: 3   Global Step: 4760   Fp16 Grad Scale: 262144   Required: 162 hours
Training: 2025-04-02 14:57:37,174-Speed 63.26 samples/sec   Loss 0.2297   LearningRate 0.000983   Epoch: 3   Global Step: 4770   Fp16 Grad Scale: 262144   Required: 162 hours
Training: 2025-04-02 14:57:57,356-Speed 63.42 samples/sec   Loss 0.2248   LearningRate 0.000983   Epoch: 3   Global Step: 4780   Fp16 Grad Scale: 262144   Required: 162 hours
Training: 2025-04-02 14:58:17,756-Speed 62.75 samples/sec   Loss 0.2124   LearningRate 0.000983   Epoch: 3   Global Step: 4790   Fp16 Grad Scale: 262144   Required: 162 hours
Training: 2025-04-02 14:58:37,956-Speed 63.37 samples/sec   Loss 0.2456   LearningRate 0.000983   Epoch: 3   Global Step: 4800   Fp16 Grad Scale: 262144   Required: 162 hours
Training: 2025-04-02 14:58:58,262-Speed 63.04 samples/sec   Loss 0.1825   LearningRate 0.000983   Epoch: 3   Global Step: 4810   Fp16 Grad Scale: 262144   Required: 162 hours
Training: 2025-04-02 14:59:18,508-Speed 63.23 samples/sec   Loss 0.3886   LearningRate 0.000983   Epoch: 3   Global Step: 4820   Fp16 Grad Scale: 262144   Required: 162 hours
Training: 2025-04-02 14:59:38,699-Speed 63.40 samples/sec   Loss 0.1329   LearningRate 0.000983   Epoch: 3   Global Step: 4830   Fp16 Grad Scale: 524288   Required: 162 hours
Training: 2025-04-02 14:59:58,934-Speed 63.26 samples/sec   Loss 0.2544   LearningRate 0.000983   Epoch: 3   Global Step: 4840   Fp16 Grad Scale: 524288   Required: 162 hours
Training: 2025-04-02 15:00:19,122-Speed 63.41 samples/sec   Loss 0.2254   LearningRate 0.000983   Epoch: 3   Global Step: 4850   Fp16 Grad Scale: 524288   Required: 162 hours
Training: 2025-04-02 15:00:39,347-Speed 63.29 samples/sec   Loss 0.2029   LearningRate 0.000983   Epoch: 3   Global Step: 4860   Fp16 Grad Scale: 262144   Required: 162 hours
Training: 2025-04-02 15:00:59,583-Speed 63.26 samples/sec   Loss 0.2000   LearningRate 0.000983   Epoch: 3   Global Step: 4870   Fp16 Grad Scale: 262144   Required: 162 hours
Training: 2025-04-02 15:01:20,663-Speed 60.72 samples/sec   Loss 0.1198   LearningRate 0.000983   Epoch: 3   Global Step: 4880   Fp16 Grad Scale: 262144   Required: 162 hours
Training: 2025-04-02 15:01:41,835-Speed 60.46 samples/sec   Loss 0.2858   LearningRate 0.000983   Epoch: 3   Global Step: 4890   Fp16 Grad Scale: 262144   Required: 162 hours
Training: 2025-04-02 15:02:02,062-Speed 63.28 samples/sec   Loss 0.2463   LearningRate 0.000983   Epoch: 3   Global Step: 4900   Fp16 Grad Scale: 262144   Required: 162 hours
Training: 2025-04-02 15:02:22,255-Speed 63.39 samples/sec   Loss 0.2474   LearningRate 0.000983   Epoch: 3   Global Step: 4910   Fp16 Grad Scale: 262144   Required: 162 hours
Training: 2025-04-02 15:02:42,462-Speed 63.35 samples/sec   Loss 0.2703   LearningRate 0.000983   Epoch: 3   Global Step: 4920   Fp16 Grad Scale: 262144   Required: 162 hours
Training: 2025-04-02 15:03:02,685-Speed 63.29 samples/sec   Loss 0.2847   LearningRate 0.000983   Epoch: 3   Global Step: 4930   Fp16 Grad Scale: 262144   Required: 162 hours
Training: 2025-04-02 15:03:22,915-Speed 63.28 samples/sec   Loss 0.1506   LearningRate 0.000983   Epoch: 3   Global Step: 4940   Fp16 Grad Scale: 262144   Required: 162 hours
Training: 2025-04-02 15:03:43,181-Speed 63.16 samples/sec   Loss 0.2539   LearningRate 0.000983   Epoch: 3   Global Step: 4950   Fp16 Grad Scale: 262144   Required: 162 hours
Training: 2025-04-02 15:04:03,395-Speed 63.32 samples/sec   Loss 0.1982   LearningRate 0.000983   Epoch: 3   Global Step: 4960   Fp16 Grad Scale: 524288   Required: 162 hours
Training: 2025-04-02 15:04:23,652-Speed 63.19 samples/sec   Loss 0.2181   LearningRate 0.000983   Epoch: 3   Global Step: 4970   Fp16 Grad Scale: 262144   Required: 162 hours
Training: 2025-04-02 15:04:43,922-Speed 63.15 samples/sec   Loss 0.1764   LearningRate 0.000983   Epoch: 3   Global Step: 4980   Fp16 Grad Scale: 262144   Required: 162 hours
Training: 2025-04-02 15:05:04,124-Speed 63.36 samples/sec   Loss 0.1993   LearningRate 0.000983   Epoch: 3   Global Step: 4990   Fp16 Grad Scale: 262144   Required: 162 hours
Training: 2025-04-02 15:05:24,371-Speed 63.22 samples/sec   Loss 0.2340   LearningRate 0.000982   Epoch: 3   Global Step: 5000   Fp16 Grad Scale: 262144   Required: 162 hours
Training: 2025-04-02 15:05:44,552-Speed 63.43 samples/sec   Loss 0.1488   LearningRate 0.000982   Epoch: 3   Global Step: 5010   Fp16 Grad Scale: 262144   Required: 162 hours
Training: 2025-04-02 15:06:04,821-Speed 63.15 samples/sec   Loss 0.1971   LearningRate 0.000982   Epoch: 3   Global Step: 5020   Fp16 Grad Scale: 262144   Required: 162 hours
Training: 2025-04-02 15:06:26,900-Speed 57.98 samples/sec   Loss 0.1391   LearningRate 0.000982   Epoch: 3   Global Step: 5030   Fp16 Grad Scale: 262144   Required: 162 hours
Training: 2025-04-02 15:06:47,257-Speed 62.88 samples/sec   Loss 0.3637   LearningRate 0.000982   Epoch: 3   Global Step: 5040   Fp16 Grad Scale: 262144   Required: 162 hours
Training: 2025-04-02 15:07:07,486-Speed 63.28 samples/sec   Loss 0.2558   LearningRate 0.000982   Epoch: 3   Global Step: 5050   Fp16 Grad Scale: 262144   Required: 162 hours
Training: 2025-04-02 15:07:27,723-Speed 63.25 samples/sec   Loss 0.2083   LearningRate 0.000982   Epoch: 3   Global Step: 5060   Fp16 Grad Scale: 262144   Required: 162 hours
Training: 2025-04-02 15:07:47,953-Speed 63.27 samples/sec   Loss 0.2605   LearningRate 0.000982   Epoch: 3   Global Step: 5070   Fp16 Grad Scale: 524288   Required: 162 hours
Training: 2025-04-02 15:08:08,197-Speed 63.23 samples/sec   Loss 0.2520   LearningRate 0.000982   Epoch: 3   Global Step: 5080   Fp16 Grad Scale: 524288   Required: 162 hours
Training: 2025-04-02 15:08:28,447-Speed 63.21 samples/sec   Loss 0.2436   LearningRate 0.000982   Epoch: 3   Global Step: 5090   Fp16 Grad Scale: 524288   Required: 162 hours
Training: 2025-04-02 15:08:48,677-Speed 63.28 samples/sec   Loss 0.1775   LearningRate 0.000982   Epoch: 3   Global Step: 5100   Fp16 Grad Scale: 524288   Required: 162 hours
Training: 2025-04-02 15:09:08,913-Speed 63.25 samples/sec   Loss 0.2488   LearningRate 0.000982   Epoch: 3   Global Step: 5110   Fp16 Grad Scale: 524288   Required: 162 hours
Training: 2025-04-02 15:09:29,151-Speed 63.25 samples/sec   Loss 0.1725   LearningRate 0.000982   Epoch: 3   Global Step: 5120   Fp16 Grad Scale: 524288   Required: 162 hours
Training: 2025-04-02 15:09:49,320-Speed 63.47 samples/sec   Loss 0.2908   LearningRate 0.000982   Epoch: 3   Global Step: 5130   Fp16 Grad Scale: 524288   Required: 162 hours
Training: 2025-04-02 15:10:09,655-Speed 62.95 samples/sec   Loss 0.2127   LearningRate 0.000982   Epoch: 3   Global Step: 5140   Fp16 Grad Scale: 524288   Required: 162 hours
Training: 2025-04-02 15:10:29,900-Speed 63.23 samples/sec   Loss 0.2391   LearningRate 0.000982   Epoch: 3   Global Step: 5150   Fp16 Grad Scale: 524288   Required: 162 hours
Training: 2025-04-02 15:10:50,153-Speed 63.20 samples/sec   Loss 0.1834   LearningRate 0.000982   Epoch: 3   Global Step: 5160   Fp16 Grad Scale: 524288   Required: 162 hours
Training: 2025-04-02 15:11:10,356-Speed 63.36 samples/sec   Loss 0.2211   LearningRate 0.000982   Epoch: 3   Global Step: 5170   Fp16 Grad Scale: 524288   Required: 162 hours
Training: 2025-04-02 15:11:32,397-Speed 58.08 samples/sec   Loss 0.2254   LearningRate 0.000982   Epoch: 3   Global Step: 5180   Fp16 Grad Scale: 524288   Required: 162 hours
Training: 2025-04-02 15:11:52,669-Speed 63.14 samples/sec   Loss 0.2279   LearningRate 0.000982   Epoch: 3   Global Step: 5190   Fp16 Grad Scale: 524288   Required: 162 hours
Training: 2025-04-02 15:12:12,971-Speed 63.05 samples/sec   Loss 0.2504   LearningRate 0.000982   Epoch: 3   Global Step: 5200   Fp16 Grad Scale: 524288   Required: 162 hours
Training: 2025-04-02 15:12:33,172-Speed 63.37 samples/sec   Loss 0.2417   LearningRate 0.000982   Epoch: 3   Global Step: 5210   Fp16 Grad Scale: 524288   Required: 162 hours
Training: 2025-04-02 15:12:53,534-Speed 62.86 samples/sec   Loss 0.2214   LearningRate 0.000982   Epoch: 3   Global Step: 5220   Fp16 Grad Scale: 524288   Required: 162 hours
Training: 2025-04-02 15:13:13,779-Speed 63.23 samples/sec   Loss 0.3711   LearningRate 0.000982   Epoch: 3   Global Step: 5230   Fp16 Grad Scale: 524288   Required: 162 hours
Training: 2025-04-02 15:13:34,020-Speed 63.24 samples/sec   Loss 0.1704   LearningRate 0.000982   Epoch: 3   Global Step: 5240   Fp16 Grad Scale: 524288   Required: 162 hours
Training: 2025-04-02 15:13:54,352-Speed 62.96 samples/sec   Loss 0.1970   LearningRate 0.000982   Epoch: 3   Global Step: 5250   Fp16 Grad Scale: 524288   Required: 162 hours
Training: 2025-04-02 15:14:14,587-Speed 63.26 samples/sec   Loss 0.2503   LearningRate 0.000982   Epoch: 3   Global Step: 5260   Fp16 Grad Scale: 262144   Required: 162 hours
Training: 2025-04-02 15:14:34,911-Speed 62.98 samples/sec   Loss 0.2326   LearningRate 0.000982   Epoch: 3   Global Step: 5270   Fp16 Grad Scale: 262144   Required: 162 hours
Training: 2025-04-02 15:14:55,138-Speed 63.29 samples/sec   Loss 0.2444   LearningRate 0.000981   Epoch: 3   Global Step: 5280   Fp16 Grad Scale: 262144   Required: 162 hours
Training: 2025-04-02 15:15:15,372-Speed 63.26 samples/sec   Loss 0.2130   LearningRate 0.000981   Epoch: 3   Global Step: 5290   Fp16 Grad Scale: 262144   Required: 162 hours
Training: 2025-04-02 15:15:35,707-Speed 62.95 samples/sec   Loss 0.3232   LearningRate 0.000981   Epoch: 3   Global Step: 5300   Fp16 Grad Scale: 262144   Required: 162 hours
Training: 2025-04-02 15:15:56,003-Speed 63.07 samples/sec   Loss 0.2264   LearningRate 0.000981   Epoch: 3   Global Step: 5310   Fp16 Grad Scale: 262144   Required: 162 hours
Training: 2025-04-02 15:16:16,283-Speed 63.12 samples/sec   Loss 0.2486   LearningRate 0.000981   Epoch: 3   Global Step: 5320   Fp16 Grad Scale: 262144   Required: 162 hours
Training: 2025-04-02 15:16:38,358-Speed 57.99 samples/sec   Loss 0.2811   LearningRate 0.000981   Epoch: 3   Global Step: 5330   Fp16 Grad Scale: 262144   Required: 162 hours
Training: 2025-04-02 15:16:58,598-Speed 63.24 samples/sec   Loss 0.3083   LearningRate 0.000981   Epoch: 3   Global Step: 5340   Fp16 Grad Scale: 262144   Required: 162 hours
Training: 2025-04-02 15:17:18,887-Speed 63.09 samples/sec   Loss 0.1998   LearningRate 0.000981   Epoch: 3   Global Step: 5350   Fp16 Grad Scale: 262144   Required: 162 hours
Training: 2025-04-02 15:17:39,177-Speed 63.09 samples/sec   Loss 0.2745   LearningRate 0.000981   Epoch: 3   Global Step: 5360   Fp16 Grad Scale: 524288   Required: 162 hours
Training: 2025-04-02 15:17:59,442-Speed 63.17 samples/sec   Loss 0.3382   LearningRate 0.000981   Epoch: 3   Global Step: 5370   Fp16 Grad Scale: 524288   Required: 162 hours
Training: 2025-04-02 15:18:19,645-Speed 63.36 samples/sec   Loss 0.3170   LearningRate 0.000981   Epoch: 3   Global Step: 5380   Fp16 Grad Scale: 262144   Required: 162 hours
Training: 2025-04-02 15:18:39,835-Speed 63.40 samples/sec   Loss 0.3397   LearningRate 0.000981   Epoch: 3   Global Step: 5390   Fp16 Grad Scale: 131072   Required: 162 hours
Training: 2025-04-02 15:19:00,043-Speed 63.34 samples/sec   Loss 0.2528   LearningRate 0.000981   Epoch: 3   Global Step: 5400   Fp16 Grad Scale: 131072   Required: 162 hours
Training: 2025-04-02 15:19:20,270-Speed 63.28 samples/sec   Loss 0.2540   LearningRate 0.000981   Epoch: 3   Global Step: 5410   Fp16 Grad Scale: 131072   Required: 162 hours
Training: 2025-04-02 15:19:40,481-Speed 63.33 samples/sec   Loss 0.4957   LearningRate 0.000981   Epoch: 3   Global Step: 5420   Fp16 Grad Scale: 131072   Required: 161 hours
Training: 2025-04-02 15:20:00,718-Speed 63.25 samples/sec   Loss 0.2589   LearningRate 0.000981   Epoch: 3   Global Step: 5430   Fp16 Grad Scale: 131072   Required: 161 hours
Training: 2025-04-02 15:20:20,974-Speed 63.19 samples/sec   Loss 0.2631   LearningRate 0.000981   Epoch: 3   Global Step: 5440   Fp16 Grad Scale: 131072   Required: 161 hours
Training: 2025-04-02 15:20:41,207-Speed 63.26 samples/sec   Loss 0.2071   LearningRate 0.000981   Epoch: 3   Global Step: 5450   Fp16 Grad Scale: 131072   Required: 161 hours
Training: 2025-04-02 15:21:01,400-Speed 63.39 samples/sec   Loss 0.2715   LearningRate 0.000981   Epoch: 3   Global Step: 5460   Fp16 Grad Scale: 131072   Required: 161 hours
Training: 2025-04-02 15:21:21,584-Speed 63.42 samples/sec   Loss 0.2172   LearningRate 0.000981   Epoch: 3   Global Step: 5470   Fp16 Grad Scale: 131072   Required: 161 hours
Training: 2025-04-02 15:21:43,838-Speed 57.52 samples/sec   Loss 0.1892   LearningRate 0.000981   Epoch: 3   Global Step: 5480   Fp16 Grad Scale: 131072   Required: 161 hours
Training: 2025-04-02 15:22:04,058-Speed 63.30 samples/sec   Loss 0.2722   LearningRate 0.000981   Epoch: 3   Global Step: 5490   Fp16 Grad Scale: 262144   Required: 161 hours
Training: 2025-04-02 15:22:24,305-Speed 63.22 samples/sec   Loss 0.2379   LearningRate 0.000981   Epoch: 3   Global Step: 5500   Fp16 Grad Scale: 262144   Required: 161 hours
Training: 2025-04-02 15:22:44,512-Speed 63.35 samples/sec   Loss 0.3289   LearningRate 0.000981   Epoch: 3   Global Step: 5510   Fp16 Grad Scale: 262144   Required: 161 hours
Training: 2025-04-02 15:23:04,721-Speed 63.34 samples/sec   Loss 0.1786   LearningRate 0.000981   Epoch: 3   Global Step: 5520   Fp16 Grad Scale: 262144   Required: 161 hours
Training: 2025-04-02 15:23:24,950-Speed 63.28 samples/sec   Loss 0.2128   LearningRate 0.000981   Epoch: 3   Global Step: 5530   Fp16 Grad Scale: 262144   Required: 161 hours
Training: 2025-04-02 15:23:45,182-Speed 63.27 samples/sec   Loss 0.2127   LearningRate 0.000981   Epoch: 3   Global Step: 5540   Fp16 Grad Scale: 262144   Required: 161 hours
Training: 2025-04-02 15:24:05,513-Speed 62.96 samples/sec   Loss 0.2318   LearningRate 0.000981   Epoch: 3   Global Step: 5550   Fp16 Grad Scale: 262144   Required: 161 hours
Training: 2025-04-02 15:24:25,754-Speed 63.24 samples/sec   Loss 0.3667   LearningRate 0.000981   Epoch: 3   Global Step: 5560   Fp16 Grad Scale: 262144   Required: 161 hours
Training: 2025-04-02 15:24:45,955-Speed 63.37 samples/sec   Loss 0.2458   LearningRate 0.000980   Epoch: 3   Global Step: 5570   Fp16 Grad Scale: 262144   Required: 161 hours
Training: 2025-04-02 15:25:06,143-Speed 63.40 samples/sec   Loss 0.2503   LearningRate 0.000980   Epoch: 3   Global Step: 5580   Fp16 Grad Scale: 262144   Required: 161 hours
Training: 2025-04-02 15:25:26,349-Speed 63.35 samples/sec   Loss 0.2406   LearningRate 0.000980   Epoch: 3   Global Step: 5590   Fp16 Grad Scale: 524288   Required: 161 hours
Training: 2025-04-02 15:25:46,641-Speed 63.08 samples/sec   Loss 0.2879   LearningRate 0.000980   Epoch: 3   Global Step: 5600   Fp16 Grad Scale: 524288   Required: 161 hours
Training: 2025-04-02 15:26:14,807-Speed 63.30 samples/sec   Loss 0.3390   LearningRate 0.000980   Epoch: 3   Global Step: 5610   Fp16 Grad Scale: 524288   Required: 161 hours
Training: 2025-04-02 15:26:36,066-Speed 60.21 samples/sec   Loss 0.3193   LearningRate 0.000980   Epoch: 3   Global Step: 5620   Fp16 Grad Scale: 524288   Required: 161 hours
Training: 2025-04-02 15:26:57,406-Speed 59.98 samples/sec   Loss 0.2019   LearningRate 0.000980   Epoch: 3   Global Step: 5630   Fp16 Grad Scale: 524288   Required: 161 hours
Training: 2025-04-02 15:27:17,679-Speed 63.14 samples/sec   Loss 0.3302   LearningRate 0.000980   Epoch: 3   Global Step: 5640   Fp16 Grad Scale: 524288   Required: 161 hours
Training: 2025-04-02 15:27:37,968-Speed 63.09 samples/sec   Loss 0.2656   LearningRate 0.000980   Epoch: 3   Global Step: 5650   Fp16 Grad Scale: 524288   Required: 161 hours
Training: 2025-04-02 15:27:58,241-Speed 63.14 samples/sec   Loss 0.2222   LearningRate 0.000980   Epoch: 3   Global Step: 5660   Fp16 Grad Scale: 524288   Required: 161 hours
Training: 2025-04-02 15:28:18,423-Speed 63.43 samples/sec   Loss 0.3869   LearningRate 0.000980   Epoch: 3   Global Step: 5670   Fp16 Grad Scale: 524288   Required: 161 hours
Training: 2025-04-02 15:28:38,602-Speed 63.43 samples/sec   Loss 0.2699   LearningRate 0.000980   Epoch: 3   Global Step: 5680   Fp16 Grad Scale: 524288   Required: 161 hours
Training: 2025-04-02 15:28:58,957-Speed 62.88 samples/sec   Loss 0.2379   LearningRate 0.000980   Epoch: 3   Global Step: 5690   Fp16 Grad Scale: 524288   Required: 161 hours
Training: 2025-04-02 15:29:18,204-Speed 66.51 samples/sec   Loss 0.2324   LearningRate 0.000980   Epoch: 3   Global Step: 5700   Fp16 Grad Scale: 524288   Required: 161 hours
Training: 2025-04-02 15:29:41,573-Speed 54.78 samples/sec   Loss 0.2432   LearningRate 0.000980   Epoch: 4   Global Step: 5710   Fp16 Grad Scale: 524288   Required: 161 hours
Training: 2025-04-02 15:30:01,866-Speed 63.08 samples/sec   Loss 0.1702   LearningRate 0.000980   Epoch: 4   Global Step: 5720   Fp16 Grad Scale: 524288   Required: 161 hours
Training: 2025-04-02 15:30:22,246-Speed 62.81 samples/sec   Loss 0.1386   LearningRate 0.000980   Epoch: 4   Global Step: 5730   Fp16 Grad Scale: 524288   Required: 161 hours
Training: 2025-04-02 15:30:42,462-Speed 63.32 samples/sec   Loss 0.1167   LearningRate 0.000980   Epoch: 4   Global Step: 5740   Fp16 Grad Scale: 524288   Required: 161 hours
Training: 2025-04-02 15:31:02,740-Speed 63.13 samples/sec   Loss 0.1727   LearningRate 0.000980   Epoch: 4   Global Step: 5750   Fp16 Grad Scale: 524288   Required: 161 hours
Training: 2025-04-02 15:31:28,727-Speed 63.34 samples/sec   Loss 0.1998   LearningRate 0.000980   Epoch: 4   Global Step: 5760   Fp16 Grad Scale: 524288   Required: 161 hours
Training: 2025-04-02 15:31:50,993-Speed 57.49 samples/sec   Loss 0.1288   LearningRate 0.000980   Epoch: 4   Global Step: 5770   Fp16 Grad Scale: 524288   Required: 161 hours
Training: 2025-04-02 15:32:11,168-Speed 63.45 samples/sec   Loss 0.1179   LearningRate 0.000980   Epoch: 4   Global Step: 5780   Fp16 Grad Scale: 524288   Required: 161 hours
Training: 2025-04-02 15:32:31,379-Speed 63.33 samples/sec   Loss 0.1668   LearningRate 0.000980   Epoch: 4   Global Step: 5790   Fp16 Grad Scale: 262144   Required: 161 hours
Training: 2025-04-02 15:32:51,713-Speed 62.95 samples/sec   Loss 0.1551   LearningRate 0.000980   Epoch: 4   Global Step: 5800   Fp16 Grad Scale: 262144   Required: 161 hours
Training: 2025-04-02 15:33:11,943-Speed 63.27 samples/sec   Loss 0.1378   LearningRate 0.000980   Epoch: 4   Global Step: 5810   Fp16 Grad Scale: 262144   Required: 161 hours
Training: 2025-04-02 15:33:32,289-Speed 62.92 samples/sec   Loss 0.1256   LearningRate 0.000980   Epoch: 4   Global Step: 5820   Fp16 Grad Scale: 262144   Required: 161 hours
Training: 2025-04-02 15:33:52,557-Speed 63.16 samples/sec   Loss 0.1696   LearningRate 0.000980   Epoch: 4   Global Step: 5830   Fp16 Grad Scale: 262144   Required: 161 hours
Training: 2025-04-02 15:34:12,775-Speed 63.31 samples/sec   Loss 0.1245   LearningRate 0.000980   Epoch: 4   Global Step: 5840   Fp16 Grad Scale: 262144   Required: 161 hours
Training: 2025-04-02 15:34:33,154-Speed 62.81 samples/sec   Loss 0.1636   LearningRate 0.000979   Epoch: 4   Global Step: 5850   Fp16 Grad Scale: 262144   Required: 161 hours
Training: 2025-04-02 15:34:53,366-Speed 63.33 samples/sec   Loss 0.1072   LearningRate 0.000979   Epoch: 4   Global Step: 5860   Fp16 Grad Scale: 262144   Required: 161 hours
Training: 2025-04-02 15:35:13,700-Speed 62.95 samples/sec   Loss 0.1745   LearningRate 0.000979   Epoch: 4   Global Step: 5870   Fp16 Grad Scale: 262144   Required: 161 hours
Training: 2025-04-02 15:35:33,915-Speed 63.32 samples/sec   Loss 0.1509   LearningRate 0.000979   Epoch: 4   Global Step: 5880   Fp16 Grad Scale: 262144   Required: 161 hours
Training: 2025-04-02 15:35:54,109-Speed 63.39 samples/sec   Loss 0.1750   LearningRate 0.000979   Epoch: 4   Global Step: 5890   Fp16 Grad Scale: 524288   Required: 161 hours
Training: 2025-04-02 15:36:14,341-Speed 63.27 samples/sec   Loss 0.1294   LearningRate 0.000979   Epoch: 4   Global Step: 5900   Fp16 Grad Scale: 524288   Required: 161 hours
Training: 2025-04-02 15:36:50,626-Speed 58.34 samples/sec   Loss 0.2448   LearningRate 0.000979   Epoch: 4   Global Step: 5910   Fp16 Grad Scale: 524288   Required: 161 hours
Training: 2025-04-02 15:37:10,796-Speed 63.46 samples/sec   Loss 0.1636   LearningRate 0.000979   Epoch: 4   Global Step: 5920   Fp16 Grad Scale: 524288   Required: 161 hours
Training: 2025-04-02 15:37:31,036-Speed 63.24 samples/sec   Loss 0.2613   LearningRate 0.000979   Epoch: 4   Global Step: 5930   Fp16 Grad Scale: 262144   Required: 161 hours
Training: 2025-04-02 15:37:51,251-Speed 63.32 samples/sec   Loss 0.2199   LearningRate 0.000979   Epoch: 4   Global Step: 5940   Fp16 Grad Scale: 262144   Required: 161 hours
Training: 2025-04-02 15:38:11,484-Speed 63.27 samples/sec   Loss 0.1828   LearningRate 0.000979   Epoch: 4   Global Step: 5950   Fp16 Grad Scale: 262144   Required: 161 hours
Training: 2025-04-02 15:38:31,680-Speed 63.38 samples/sec   Loss 0.1473   LearningRate 0.000979   Epoch: 4   Global Step: 5960   Fp16 Grad Scale: 262144   Required: 161 hours
Training: 2025-04-02 15:38:51,864-Speed 63.42 samples/sec   Loss 0.1437   LearningRate 0.000979   Epoch: 4   Global Step: 5970   Fp16 Grad Scale: 262144   Required: 161 hours
Training: 2025-04-02 15:39:12,068-Speed 63.35 samples/sec   Loss 0.1252   LearningRate 0.000979   Epoch: 4   Global Step: 5980   Fp16 Grad Scale: 262144   Required: 161 hours
Training: 2025-04-02 15:39:32,314-Speed 63.23 samples/sec   Loss 0.1080   LearningRate 0.000979   Epoch: 4   Global Step: 5990   Fp16 Grad Scale: 262144   Required: 161 hours
Training: 2025-04-02 15:39:52,545-Speed 63.27 samples/sec   Loss 0.1315   LearningRate 0.000979   Epoch: 4   Global Step: 6000   Fp16 Grad Scale: 262144   Required: 161 hours
net_out.shape: torch.Size([128, 512])
net_out.shape: torch.Size([128, 512])
net_out.shape: torch.Size([128, 512])
net_out.shape: torch.Size([128, 512])
net_out.shape: torch.Size([128, 512])
net_out.shape: torch.Size([128, 512])
net_out.shape: torch.Size([128, 512])
net_out.shape: torch.Size([128, 512])
net_out.shape: torch.Size([128, 512])
net_out.shape: torch.Size([128, 512])
net_out.shape: torch.Size([128, 512])
net_out.shape: torch.Size([128, 512])
net_out.shape: torch.Size([128, 512])
net_out.shape: torch.Size([128, 512])
net_out.shape: torch.Size([128, 512])
net_out.shape: torch.Size([128, 512])
net_out.shape: torch.Size([128, 512])
net_out.shape: torch.Size([128, 512])
net_out.shape: torch.Size([128, 512])
net_out.shape: torch.Size([128, 512])
net_out.shape: torch.Size([128, 512])
net_out.shape: torch.Size([128, 512])
net_out.shape: torch.Size([128, 512])
net_out.shape: torch.Size([128, 512])
net_out.shape: torch.Size([128, 512])
net_out.shape: torch.Size([128, 512])
net_out.shape: torch.Size([128, 512])
net_out.shape: torch.Size([128, 512])
net_out.shape: torch.Size([128, 512])
net_out.shape: torch.Size([128, 512])
net_out.shape: torch.Size([128, 512])
net_out.shape: torch.Size([128, 512])
net_out.shape: torch.Size([128, 512])
net_out.shape: torch.Size([128, 512])
net_out.shape: torch.Size([128, 512])
net_out.shape: torch.Size([128, 512])
net_out.shape: torch.Size([128, 512])
net_out.shape: torch.Size([128, 512])
net_out.shape: torch.Size([128, 512])
net_out.shape: torch.Size([128, 512])
net_out.shape: torch.Size([128, 512])
net_out.shape: torch.Size([128, 512])
net_out.shape: torch.Size([128, 512])
net_out.shape: torch.Size([128, 512])
net_out.shape: torch.Size([128, 512])
net_out.shape: torch.Size([128, 512])
net_out.shape: torch.Size([128, 512])
net_out.shape: torch.Size([128, 512])
net_out.shape: torch.Size([128, 512])
net_out.shape: torch.Size([128, 512])
net_out.shape: torch.Size([128, 512])
net_out.shape: torch.Size([128, 512])
net_out.shape: torch.Size([128, 512])
net_out.shape: torch.Size([128, 512])
net_out.shape: torch.Size([128, 512])
net_out.shape: torch.Size([128, 512])
net_out.shape: torch.Size([128, 512])
net_out.shape: torch.Size([128, 512])
net_out.shape: torch.Size([128, 512])
net_out.shape: torch.Size([128, 512])
net_out.shape: torch.Size([128, 512])
net_out.shape: torch.Size([128, 512])
net_out.shape: torch.Size([128, 512])
net_out.shape: torch.Size([128, 512])
Training: 2025-04-02 15:41:03,238-[val][Global step: 6000] d prime: 6.7609429359436035
Model saved with d prime score: 6.7609429359436035
Training: 2025-04-02 15:41:25,102-Speed 13.83 samples/sec   Loss 0.1365   LearningRate 0.000979   Epoch: 4   Global Step: 6010   Fp16 Grad Scale: 262144   Required: 162 hours
Training: 2025-04-02 15:41:45,360-Speed 63.19 samples/sec   Loss 0.1282   LearningRate 0.000979   Epoch: 4   Global Step: 6020   Fp16 Grad Scale: 262144   Required: 162 hours
Training: 2025-04-02 15:42:18,419-Speed 62.87 samples/sec   Loss 0.1208   LearningRate 0.000979   Epoch: 4   Global Step: 6030   Fp16 Grad Scale: 524288   Required: 162 hours
Training: 2025-04-02 15:42:38,675-Speed 63.19 samples/sec   Loss 0.1230   LearningRate 0.000979   Epoch: 4   Global Step: 6040   Fp16 Grad Scale: 524288   Required: 162 hours
Training: 2025-04-02 15:42:59,024-Speed 62.90 samples/sec   Loss 0.1915   LearningRate 0.000979   Epoch: 4   Global Step: 6050   Fp16 Grad Scale: 524288   Required: 162 hours
Training: 2025-04-02 15:43:19,260-Speed 63.26 samples/sec   Loss 0.1388   LearningRate 0.000979   Epoch: 4   Global Step: 6060   Fp16 Grad Scale: 524288   Required: 162 hours
Training: 2025-04-02 15:43:39,441-Speed 63.43 samples/sec   Loss 0.1041   LearningRate 0.000979   Epoch: 4   Global Step: 6070   Fp16 Grad Scale: 524288   Required: 162 hours
Training: 2025-04-02 15:43:59,636-Speed 63.38 samples/sec   Loss 0.1702   LearningRate 0.000979   Epoch: 4   Global Step: 6080   Fp16 Grad Scale: 524288   Required: 162 hours
Training: 2025-04-02 15:44:19,869-Speed 63.27 samples/sec   Loss 0.2126   LearningRate 0.000979   Epoch: 4   Global Step: 6090   Fp16 Grad Scale: 524288   Required: 162 hours
Training: 2025-04-02 15:44:40,060-Speed 63.40 samples/sec   Loss 0.1708   LearningRate 0.000979   Epoch: 4   Global Step: 6100   Fp16 Grad Scale: 524288   Required: 162 hours
Training: 2025-04-02 15:45:00,273-Speed 63.33 samples/sec   Loss 0.1131   LearningRate 0.000979   Epoch: 4   Global Step: 6110   Fp16 Grad Scale: 524288   Required: 162 hours
Training: 2025-04-02 15:45:20,468-Speed 63.38 samples/sec   Loss 0.1942   LearningRate 0.000979   Epoch: 4   Global Step: 6120   Fp16 Grad Scale: 524288   Required: 162 hours
Training: 2025-04-02 15:45:40,688-Speed 63.31 samples/sec   Loss 0.1527   LearningRate 0.000979   Epoch: 4   Global Step: 6130   Fp16 Grad Scale: 1048576   Required: 162 hours
Training: 2025-04-02 15:46:00,876-Speed 63.40 samples/sec   Loss 0.1249   LearningRate 0.000978   Epoch: 4   Global Step: 6140   Fp16 Grad Scale: 1048576   Required: 162 hours
Training: 2025-04-02 15:46:21,107-Speed 63.27 samples/sec   Loss 0.2009   LearningRate 0.000978   Epoch: 4   Global Step: 6150   Fp16 Grad Scale: 524288   Required: 162 hours
Training: 2025-04-02 15:46:41,265-Speed 63.50 samples/sec   Loss 0.1660   LearningRate 0.000978   Epoch: 4   Global Step: 6160   Fp16 Grad Scale: 524288   Required: 162 hours
Training: 2025-04-02 15:47:03,516-Speed 57.53 samples/sec   Loss 0.2303   LearningRate 0.000978   Epoch: 4   Global Step: 6170   Fp16 Grad Scale: 262144   Required: 162 hours
Training: 2025-04-02 15:47:36,219-Speed 63.37 samples/sec   Loss 0.1435   LearningRate 0.000978   Epoch: 4   Global Step: 6180   Fp16 Grad Scale: 262144   Required: 162 hours
Training: 2025-04-02 15:47:56,446-Speed 63.28 samples/sec   Loss 0.2305   LearningRate 0.000978   Epoch: 4   Global Step: 6190   Fp16 Grad Scale: 262144   Required: 162 hours
Training: 2025-04-02 15:48:16,688-Speed 63.24 samples/sec   Loss 0.2153   LearningRate 0.000978   Epoch: 4   Global Step: 6200   Fp16 Grad Scale: 262144   Required: 162 hours
Training: 2025-04-02 15:48:36,889-Speed 63.36 samples/sec   Loss 0.1464   LearningRate 0.000978   Epoch: 4   Global Step: 6210   Fp16 Grad Scale: 262144   Required: 162 hours
Training: 2025-04-02 15:48:57,098-Speed 63.34 samples/sec   Loss 0.1688   LearningRate 0.000978   Epoch: 4   Global Step: 6220   Fp16 Grad Scale: 262144   Required: 162 hours
Training: 2025-04-02 15:49:17,313-Speed 63.32 samples/sec   Loss 0.1150   LearningRate 0.000978   Epoch: 4   Global Step: 6230   Fp16 Grad Scale: 262144   Required: 162 hours
Training: 2025-04-02 15:49:37,491-Speed 63.44 samples/sec   Loss 0.1288   LearningRate 0.000978   Epoch: 4   Global Step: 6240   Fp16 Grad Scale: 262144   Required: 162 hours
Training: 2025-04-02 15:49:57,725-Speed 63.26 samples/sec   Loss 0.1461   LearningRate 0.000978   Epoch: 4   Global Step: 6250   Fp16 Grad Scale: 262144   Required: 162 hours
Training: 2025-04-02 15:50:17,984-Speed 63.18 samples/sec   Loss 0.1299   LearningRate 0.000978   Epoch: 4   Global Step: 6260   Fp16 Grad Scale: 262144   Required: 162 hours
Training: 2025-04-02 15:50:38,271-Speed 63.10 samples/sec   Loss 0.2965   LearningRate 0.000978   Epoch: 4   Global Step: 6270   Fp16 Grad Scale: 524288   Required: 162 hours
Training: 2025-04-02 15:50:58,503-Speed 63.27 samples/sec   Loss 0.2096   LearningRate 0.000978   Epoch: 4   Global Step: 6280   Fp16 Grad Scale: 524288   Required: 162 hours
Training: 2025-04-02 15:51:18,756-Speed 63.20 samples/sec   Loss 0.1561   LearningRate 0.000978   Epoch: 4   Global Step: 6290   Fp16 Grad Scale: 524288   Required: 162 hours
Training: 2025-04-02 15:51:39,014-Speed 63.19 samples/sec   Loss 0.1878   LearningRate 0.000978   Epoch: 4   Global Step: 6300   Fp16 Grad Scale: 524288   Required: 162 hours
Training: 2025-04-02 15:52:01,340-Speed 57.33 samples/sec   Loss 0.1304   LearningRate 0.000978   Epoch: 4   Global Step: 6310   Fp16 Grad Scale: 524288   Required: 162 hours
Training: 2025-04-02 15:52:21,610-Speed 63.15 samples/sec   Loss 0.1469   LearningRate 0.000978   Epoch: 4   Global Step: 6320   Fp16 Grad Scale: 524288   Required: 162 hours
Training: 2025-04-02 15:52:48,586-Speed 62.97 samples/sec   Loss 0.1775   LearningRate 0.000978   Epoch: 4   Global Step: 6330   Fp16 Grad Scale: 524288   Required: 162 hours
Training: 2025-04-02 15:53:08,756-Speed 63.46 samples/sec   Loss 0.1083   LearningRate 0.000978   Epoch: 4   Global Step: 6340   Fp16 Grad Scale: 524288   Required: 162 hours
Training: 2025-04-02 15:53:28,970-Speed 63.32 samples/sec   Loss 0.2254   LearningRate 0.000978   Epoch: 4   Global Step: 6350   Fp16 Grad Scale: 524288   Required: 162 hours
Training: 2025-04-02 15:53:49,176-Speed 63.35 samples/sec   Loss 0.2790   LearningRate 0.000978   Epoch: 4   Global Step: 6360   Fp16 Grad Scale: 524288   Required: 162 hours
Training: 2025-04-02 15:54:09,486-Speed 63.03 samples/sec   Loss 0.1736   LearningRate 0.000978   Epoch: 4   Global Step: 6370   Fp16 Grad Scale: 1048576   Required: 162 hours
Training: 2025-04-02 15:54:29,704-Speed 63.31 samples/sec   Loss 0.1606   LearningRate 0.000978   Epoch: 4   Global Step: 6380   Fp16 Grad Scale: 1048576   Required: 162 hours
Training: 2025-04-02 15:54:49,934-Speed 63.27 samples/sec   Loss 0.1194   LearningRate 0.000978   Epoch: 4   Global Step: 6390   Fp16 Grad Scale: 1048576   Required: 162 hours
Training: 2025-04-02 15:55:10,138-Speed 63.36 samples/sec   Loss 0.2245   LearningRate 0.000978   Epoch: 4   Global Step: 6400   Fp16 Grad Scale: 1048576   Required: 162 hours
Training: 2025-04-02 15:55:30,435-Speed 63.07 samples/sec   Loss 0.1036   LearningRate 0.000978   Epoch: 4   Global Step: 6410   Fp16 Grad Scale: 524288   Required: 162 hours
Training: 2025-04-02 15:55:50,692-Speed 63.19 samples/sec   Loss 0.1805   LearningRate 0.000977   Epoch: 4   Global Step: 6420   Fp16 Grad Scale: 524288   Required: 162 hours
Training: 2025-04-02 15:56:10,921-Speed 63.28 samples/sec   Loss 0.1540   LearningRate 0.000977   Epoch: 4   Global Step: 6430   Fp16 Grad Scale: 524288   Required: 162 hours
Training: 2025-04-02 15:56:31,226-Speed 63.04 samples/sec   Loss 0.2714   LearningRate 0.000977   Epoch: 4   Global Step: 6440   Fp16 Grad Scale: 524288   Required: 162 hours
Training: 2025-04-02 15:56:51,384-Speed 63.50 samples/sec   Loss 0.2520   LearningRate 0.000977   Epoch: 4   Global Step: 6450   Fp16 Grad Scale: 524288   Required: 162 hours
Training: 2025-04-02 15:57:13,694-Speed 57.37 samples/sec   Loss 0.1484   LearningRate 0.000977   Epoch: 4   Global Step: 6460   Fp16 Grad Scale: 524288   Required: 162 hours
Training: 2025-04-02 15:57:34,023-Speed 62.97 samples/sec   Loss 0.1040   LearningRate 0.000977   Epoch: 4   Global Step: 6470   Fp16 Grad Scale: 524288   Required: 162 hours
Training: 2025-04-02 15:57:57,252-Speed 63.16 samples/sec   Loss 0.1223   LearningRate 0.000977   Epoch: 4   Global Step: 6480   Fp16 Grad Scale: 524288   Required: 162 hours
Training: 2025-04-02 15:58:17,566-Speed 63.01 samples/sec   Loss 0.2183   LearningRate 0.000977   Epoch: 4   Global Step: 6490   Fp16 Grad Scale: 524288   Required: 162 hours
Training: 2025-04-02 15:58:37,802-Speed 63.26 samples/sec   Loss 0.1381   LearningRate 0.000977   Epoch: 4   Global Step: 6500   Fp16 Grad Scale: 524288   Required: 162 hours
Training: 2025-04-02 15:58:58,104-Speed 63.05 samples/sec   Loss 0.1378   LearningRate 0.000977   Epoch: 4   Global Step: 6510   Fp16 Grad Scale: 262144   Required: 162 hours
Training: 2025-04-02 15:59:18,312-Speed 63.34 samples/sec   Loss 0.1266   LearningRate 0.000977   Epoch: 4   Global Step: 6520   Fp16 Grad Scale: 262144   Required: 162 hours
Training: 2025-04-02 15:59:38,541-Speed 63.28 samples/sec   Loss 0.1643   LearningRate 0.000977   Epoch: 4   Global Step: 6530   Fp16 Grad Scale: 262144   Required: 162 hours
Training: 2025-04-02 15:59:58,773-Speed 63.27 samples/sec   Loss 0.1535   LearningRate 0.000977   Epoch: 4   Global Step: 6540   Fp16 Grad Scale: 262144   Required: 162 hours
Training: 2025-04-02 16:00:19,012-Speed 63.25 samples/sec   Loss 0.1991   LearningRate 0.000977   Epoch: 4   Global Step: 6550   Fp16 Grad Scale: 262144   Required: 162 hours
Training: 2025-04-02 16:00:39,258-Speed 63.22 samples/sec   Loss 0.1635   LearningRate 0.000977   Epoch: 4   Global Step: 6560   Fp16 Grad Scale: 262144   Required: 162 hours
Training: 2025-04-02 16:00:59,517-Speed 63.18 samples/sec   Loss 0.1494   LearningRate 0.000977   Epoch: 4   Global Step: 6570   Fp16 Grad Scale: 262144   Required: 162 hours
Training: 2025-04-02 16:01:19,773-Speed 63.19 samples/sec   Loss 0.1042   LearningRate 0.000977   Epoch: 4   Global Step: 6580   Fp16 Grad Scale: 262144   Required: 162 hours
Training: 2025-04-02 16:01:39,985-Speed 63.33 samples/sec   Loss 0.2109   LearningRate 0.000977   Epoch: 4   Global Step: 6590   Fp16 Grad Scale: 262144   Required: 162 hours
Training: 2025-04-02 16:02:00,219-Speed 63.26 samples/sec   Loss 0.1226   LearningRate 0.000977   Epoch: 4   Global Step: 6600   Fp16 Grad Scale: 262144   Required: 162 hours
Training: 2025-04-02 16:02:22,331-Speed 57.89 samples/sec   Loss 0.2051   LearningRate 0.000977   Epoch: 4   Global Step: 6610   Fp16 Grad Scale: 524288   Required: 162 hours
Training: 2025-04-02 16:02:42,556-Speed 63.29 samples/sec   Loss 0.1185   LearningRate 0.000977   Epoch: 4   Global Step: 6620   Fp16 Grad Scale: 524288   Required: 162 hours
Training: 2025-04-02 16:03:02,807-Speed 63.21 samples/sec   Loss 0.1911   LearningRate 0.000977   Epoch: 4   Global Step: 6630   Fp16 Grad Scale: 524288   Required: 162 hours
Training: 2025-04-02 16:03:22,998-Speed 63.39 samples/sec   Loss 0.1673   LearningRate 0.000977   Epoch: 4   Global Step: 6640   Fp16 Grad Scale: 524288   Required: 162 hours
Training: 2025-04-02 16:03:43,234-Speed 63.26 samples/sec   Loss 0.2342   LearningRate 0.000977   Epoch: 4   Global Step: 6650   Fp16 Grad Scale: 524288   Required: 162 hours
Training: 2025-04-02 16:04:03,462-Speed 63.28 samples/sec   Loss 0.1554   LearningRate 0.000977   Epoch: 4   Global Step: 6660   Fp16 Grad Scale: 524288   Required: 162 hours
Training: 2025-04-02 16:04:23,738-Speed 63.13 samples/sec   Loss 0.1891   LearningRate 0.000977   Epoch: 4   Global Step: 6670   Fp16 Grad Scale: 524288   Required: 162 hours
Training: 2025-04-02 16:04:43,981-Speed 63.30 samples/sec   Loss 0.1691   LearningRate 0.000977   Epoch: 4   Global Step: 6680   Fp16 Grad Scale: 524288   Required: 162 hours
Training: 2025-04-02 16:05:04,216-Speed 63.26 samples/sec   Loss 0.1382   LearningRate 0.000977   Epoch: 4   Global Step: 6690   Fp16 Grad Scale: 524288   Required: 162 hours
Training: 2025-04-02 16:05:24,410-Speed 63.39 samples/sec   Loss 0.1918   LearningRate 0.000977   Epoch: 4   Global Step: 6700   Fp16 Grad Scale: 524288   Required: 162 hours
Training: 2025-04-02 16:05:44,672-Speed 63.18 samples/sec   Loss 0.2123   LearningRate 0.000976   Epoch: 4   Global Step: 6710   Fp16 Grad Scale: 1048576   Required: 162 hours
Training: 2025-04-02 16:06:04,908-Speed 63.25 samples/sec   Loss 0.1979   LearningRate 0.000976   Epoch: 4   Global Step: 6720   Fp16 Grad Scale: 524288   Required: 162 hours
Training: 2025-04-02 16:06:25,168-Speed 63.18 samples/sec   Loss 0.1874   LearningRate 0.000976   Epoch: 4   Global Step: 6730   Fp16 Grad Scale: 524288   Required: 162 hours
Training: 2025-04-02 16:06:45,418-Speed 63.21 samples/sec   Loss 0.2103   LearningRate 0.000976   Epoch: 4   Global Step: 6740   Fp16 Grad Scale: 524288   Required: 162 hours
Training: 2025-04-02 16:07:05,625-Speed 63.35 samples/sec   Loss 0.1404   LearningRate 0.000976   Epoch: 4   Global Step: 6750   Fp16 Grad Scale: 524288   Required: 162 hours
Training: 2025-04-02 16:07:27,755-Speed 57.84 samples/sec   Loss 0.1779   LearningRate 0.000976   Epoch: 4   Global Step: 6760   Fp16 Grad Scale: 524288   Required: 162 hours
Training: 2025-04-02 16:07:47,995-Speed 63.24 samples/sec   Loss 0.1253   LearningRate 0.000976   Epoch: 4   Global Step: 6770   Fp16 Grad Scale: 524288   Required: 162 hours
Training: 2025-04-02 16:08:13,412-Speed 63.13 samples/sec   Loss 0.1953   LearningRate 0.000976   Epoch: 4   Global Step: 6780   Fp16 Grad Scale: 524288   Required: 162 hours
Training: 2025-04-02 16:08:33,657-Speed 63.23 samples/sec   Loss 0.2001   LearningRate 0.000976   Epoch: 4   Global Step: 6790   Fp16 Grad Scale: 524288   Required: 162 hours
Training: 2025-04-02 16:08:53,833-Speed 63.44 samples/sec   Loss 0.1408   LearningRate 0.000976   Epoch: 4   Global Step: 6800   Fp16 Grad Scale: 262144   Required: 162 hours
Training: 2025-04-02 16:09:14,185-Speed 62.90 samples/sec   Loss 0.2306   LearningRate 0.000976   Epoch: 4   Global Step: 6810   Fp16 Grad Scale: 262144   Required: 162 hours
Training: 2025-04-02 16:09:34,381-Speed 63.38 samples/sec   Loss 0.1977   LearningRate 0.000976   Epoch: 4   Global Step: 6820   Fp16 Grad Scale: 262144   Required: 162 hours
Training: 2025-04-02 16:09:54,661-Speed 63.12 samples/sec   Loss 0.2297   LearningRate 0.000976   Epoch: 4   Global Step: 6830   Fp16 Grad Scale: 262144   Required: 162 hours
Training: 2025-04-02 16:10:14,865-Speed 63.35 samples/sec   Loss 0.1582   LearningRate 0.000976   Epoch: 4   Global Step: 6840   Fp16 Grad Scale: 262144   Required: 162 hours
Training: 2025-04-02 16:10:35,053-Speed 63.41 samples/sec   Loss 0.1752   LearningRate 0.000976   Epoch: 4   Global Step: 6850   Fp16 Grad Scale: 262144   Required: 162 hours
Training: 2025-04-02 16:10:55,251-Speed 63.38 samples/sec   Loss 0.1972   LearningRate 0.000976   Epoch: 4   Global Step: 6860   Fp16 Grad Scale: 262144   Required: 162 hours
Training: 2025-04-02 16:11:15,565-Speed 63.01 samples/sec   Loss 0.1801   LearningRate 0.000976   Epoch: 4   Global Step: 6870   Fp16 Grad Scale: 262144   Required: 162 hours
Training: 2025-04-02 16:11:35,820-Speed 63.19 samples/sec   Loss 0.1673   LearningRate 0.000976   Epoch: 4   Global Step: 6880   Fp16 Grad Scale: 262144   Required: 162 hours
Training: 2025-04-02 16:11:56,079-Speed 63.18 samples/sec   Loss 0.2582   LearningRate 0.000976   Epoch: 4   Global Step: 6890   Fp16 Grad Scale: 262144   Required: 162 hours
Training: 2025-04-02 16:12:18,267-Speed 57.69 samples/sec   Loss 0.2125   LearningRate 0.000976   Epoch: 4   Global Step: 6900   Fp16 Grad Scale: 524288   Required: 162 hours
Training: 2025-04-02 16:12:38,574-Speed 63.03 samples/sec   Loss 0.1600   LearningRate 0.000976   Epoch: 4   Global Step: 6910   Fp16 Grad Scale: 524288   Required: 162 hours
Training: 2025-04-02 16:12:58,798-Speed 63.29 samples/sec   Loss 0.3022   LearningRate 0.000976   Epoch: 4   Global Step: 6920   Fp16 Grad Scale: 524288   Required: 162 hours
Training: 2025-04-02 16:13:27,824-Speed 63.31 samples/sec   Loss 0.2091   LearningRate 0.000976   Epoch: 4   Global Step: 6930   Fp16 Grad Scale: 524288   Required: 162 hours
Training: 2025-04-02 16:13:48,011-Speed 63.41 samples/sec   Loss 0.1823   LearningRate 0.000976   Epoch: 4   Global Step: 6940   Fp16 Grad Scale: 524288   Required: 162 hours
Training: 2025-04-02 16:14:08,348-Speed 62.94 samples/sec   Loss 0.1992   LearningRate 0.000976   Epoch: 4   Global Step: 6950   Fp16 Grad Scale: 524288   Required: 162 hours
Training: 2025-04-02 16:14:28,553-Speed 63.35 samples/sec   Loss 0.2244   LearningRate 0.000976   Epoch: 4   Global Step: 6960   Fp16 Grad Scale: 524288   Required: 162 hours
Training: 2025-04-02 16:14:48,794-Speed 63.24 samples/sec   Loss 0.1549   LearningRate 0.000976   Epoch: 4   Global Step: 6970   Fp16 Grad Scale: 524288   Required: 162 hours
Training: 2025-04-02 16:15:09,144-Speed 62.90 samples/sec   Loss 0.1756   LearningRate 0.000976   Epoch: 4   Global Step: 6980   Fp16 Grad Scale: 524288   Required: 162 hours
Training: 2025-04-02 16:15:29,378-Speed 63.26 samples/sec   Loss 0.2334   LearningRate 0.000975   Epoch: 4   Global Step: 6990   Fp16 Grad Scale: 524288   Required: 162 hours
Training: 2025-04-02 16:15:49,595-Speed 63.32 samples/sec   Loss 0.2080   LearningRate 0.000975   Epoch: 4   Global Step: 7000   Fp16 Grad Scale: 524288   Required: 162 hours
Training: 2025-04-02 16:16:09,903-Speed 63.03 samples/sec   Loss 0.1759   LearningRate 0.000975   Epoch: 4   Global Step: 7010   Fp16 Grad Scale: 524288   Required: 162 hours
Training: 2025-04-02 16:16:30,116-Speed 63.33 samples/sec   Loss 0.2123   LearningRate 0.000975   Epoch: 4   Global Step: 7020   Fp16 Grad Scale: 524288   Required: 162 hours
Training: 2025-04-02 16:16:50,418-Speed 63.05 samples/sec   Loss 0.1951   LearningRate 0.000975   Epoch: 4   Global Step: 7030   Fp16 Grad Scale: 524288   Required: 161 hours
Training: 2025-04-02 16:17:10,683-Speed 63.17 samples/sec   Loss 0.1746   LearningRate 0.000975   Epoch: 4   Global Step: 7040   Fp16 Grad Scale: 524288   Required: 161 hours
Training: 2025-04-02 16:17:32,727-Speed 58.07 samples/sec   Loss 0.1694   LearningRate 0.000975   Epoch: 4   Global Step: 7050   Fp16 Grad Scale: 524288   Required: 161 hours
Training: 2025-04-02 16:17:52,961-Speed 63.26 samples/sec   Loss 0.3281   LearningRate 0.000975   Epoch: 4   Global Step: 7060   Fp16 Grad Scale: 524288   Required: 161 hours
Training: 2025-04-02 16:18:13,161-Speed 63.37 samples/sec   Loss 0.1550   LearningRate 0.000975   Epoch: 4   Global Step: 7070   Fp16 Grad Scale: 524288   Required: 161 hours
Training: 2025-04-02 16:18:36,732-Speed 63.27 samples/sec   Loss 0.1784   LearningRate 0.000975   Epoch: 4   Global Step: 7080   Fp16 Grad Scale: 524288   Required: 161 hours
Training: 2025-04-02 16:18:56,871-Speed 63.56 samples/sec   Loss 0.1758   LearningRate 0.000975   Epoch: 4   Global Step: 7090   Fp16 Grad Scale: 524288   Required: 161 hours
Training: 2025-04-02 16:19:17,123-Speed 63.21 samples/sec   Loss 0.1447   LearningRate 0.000975   Epoch: 4   Global Step: 7100   Fp16 Grad Scale: 1048576   Required: 161 hours
Training: 2025-04-02 16:19:37,319-Speed 63.38 samples/sec   Loss 0.3600   LearningRate 0.000975   Epoch: 4   Global Step: 7110   Fp16 Grad Scale: 1048576   Required: 161 hours
Training: 2025-04-02 16:19:57,480-Speed 63.49 samples/sec   Loss 0.2224   LearningRate 0.000975   Epoch: 4   Global Step: 7120   Fp16 Grad Scale: 1048576   Required: 161 hours
Training: 2025-04-02 16:20:15,991-Speed 69.15 samples/sec   Loss 0.2178   LearningRate 0.000975   Epoch: 4   Global Step: 7130   Fp16 Grad Scale: 1048576   Required: 161 hours
Training: 2025-04-02 16:20:40,546-Speed 52.13 samples/sec   Loss 0.1340   LearningRate 0.000975   Epoch: 5   Global Step: 7140   Fp16 Grad Scale: 1048576   Required: 161 hours
Training: 2025-04-02 16:21:00,818-Speed 63.14 samples/sec   Loss 0.0644   LearningRate 0.000975   Epoch: 5   Global Step: 7150   Fp16 Grad Scale: 1048576   Required: 161 hours
Training: 2025-04-02 16:21:21,091-Speed 63.14 samples/sec   Loss 0.0769   LearningRate 0.000975   Epoch: 5   Global Step: 7160   Fp16 Grad Scale: 1048576   Required: 161 hours
Training: 2025-04-02 16:21:41,361-Speed 63.15 samples/sec   Loss 0.0982   LearningRate 0.000975   Epoch: 5   Global Step: 7170   Fp16 Grad Scale: 524288   Required: 161 hours
Training: 2025-04-02 16:22:01,633-Speed 63.14 samples/sec   Loss 0.1185   LearningRate 0.000975   Epoch: 5   Global Step: 7180   Fp16 Grad Scale: 524288   Required: 161 hours
Training: 2025-04-02 16:22:23,527-Speed 58.46 samples/sec   Loss 0.0814   LearningRate 0.000975   Epoch: 5   Global Step: 7190   Fp16 Grad Scale: 524288   Required: 161 hours
Training: 2025-04-02 16:22:43,730-Speed 63.36 samples/sec   Loss 0.1240   LearningRate 0.000975   Epoch: 5   Global Step: 7200   Fp16 Grad Scale: 524288   Required: 161 hours
Training: 2025-04-02 16:23:03,972-Speed 63.24 samples/sec   Loss 0.0662   LearningRate 0.000975   Epoch: 5   Global Step: 7210   Fp16 Grad Scale: 524288   Required: 161 hours
Training: 2025-04-02 16:23:24,162-Speed 63.40 samples/sec   Loss 0.1466   LearningRate 0.000975   Epoch: 5   Global Step: 7220   Fp16 Grad Scale: 524288   Required: 161 hours
Training: 2025-04-02 16:23:48,274-Speed 63.33 samples/sec   Loss 0.0748   LearningRate 0.000975   Epoch: 5   Global Step: 7230   Fp16 Grad Scale: 524288   Required: 161 hours
Training: 2025-04-02 16:24:08,622-Speed 62.91 samples/sec   Loss 0.0735   LearningRate 0.000975   Epoch: 5   Global Step: 7240   Fp16 Grad Scale: 524288   Required: 161 hours
Training: 2025-04-02 16:24:28,831-Speed 63.34 samples/sec   Loss 0.1504   LearningRate 0.000975   Epoch: 5   Global Step: 7250   Fp16 Grad Scale: 524288   Required: 161 hours
Training: 2025-04-02 16:24:49,077-Speed 63.22 samples/sec   Loss 0.0483   LearningRate 0.000975   Epoch: 5   Global Step: 7260   Fp16 Grad Scale: 524288   Required: 161 hours
Training: 2025-04-02 16:25:09,313-Speed 63.25 samples/sec   Loss 0.0816   LearningRate 0.000975   Epoch: 5   Global Step: 7270   Fp16 Grad Scale: 1048576   Required: 161 hours
Training: 2025-04-02 16:25:29,594-Speed 63.12 samples/sec   Loss 0.0729   LearningRate 0.000974   Epoch: 5   Global Step: 7280   Fp16 Grad Scale: 1048576   Required: 161 hours
Training: 2025-04-02 16:25:49,779-Speed 63.42 samples/sec   Loss 0.1227   LearningRate 0.000974   Epoch: 5   Global Step: 7290   Fp16 Grad Scale: 1048576   Required: 161 hours
Training: 2025-04-02 16:26:10,001-Speed 63.30 samples/sec   Loss 0.1000   LearningRate 0.000974   Epoch: 5   Global Step: 7300   Fp16 Grad Scale: 1048576   Required: 161 hours
Training: 2025-04-02 16:26:30,239-Speed 63.25 samples/sec   Loss 0.1090   LearningRate 0.000974   Epoch: 5   Global Step: 7310   Fp16 Grad Scale: 1048576   Required: 161 hours
Training: 2025-04-02 16:26:50,467-Speed 63.28 samples/sec   Loss 0.0834   LearningRate 0.000974   Epoch: 5   Global Step: 7320   Fp16 Grad Scale: 524288   Required: 161 hours
Training: 2025-04-02 16:27:10,677-Speed 63.34 samples/sec   Loss 0.0989   LearningRate 0.000974   Epoch: 5   Global Step: 7330   Fp16 Grad Scale: 524288   Required: 161 hours
Training: 2025-04-02 16:27:32,880-Speed 57.65 samples/sec   Loss 0.1181   LearningRate 0.000974   Epoch: 5   Global Step: 7340   Fp16 Grad Scale: 524288   Required: 161 hours
Training: 2025-04-02 16:27:53,072-Speed 63.40 samples/sec   Loss 0.1374   LearningRate 0.000974   Epoch: 5   Global Step: 7350   Fp16 Grad Scale: 524288   Required: 161 hours
Training: 2025-04-02 16:28:13,297-Speed 63.29 samples/sec   Loss 0.0890   LearningRate 0.000974   Epoch: 5   Global Step: 7360   Fp16 Grad Scale: 524288   Required: 161 hours
Training: 2025-04-02 16:28:33,539-Speed 63.24 samples/sec   Loss 0.0622   LearningRate 0.000974   Epoch: 5   Global Step: 7370   Fp16 Grad Scale: 524288   Required: 161 hours
Training: 2025-04-02 16:28:54,889-Speed 62.94 samples/sec   Loss 0.0678   LearningRate 0.000974   Epoch: 5   Global Step: 7380   Fp16 Grad Scale: 524288   Required: 161 hours
Training: 2025-04-02 16:29:15,135-Speed 63.23 samples/sec   Loss 0.1514   LearningRate 0.000974   Epoch: 5   Global Step: 7390   Fp16 Grad Scale: 524288   Required: 161 hours
Training: 2025-04-02 16:29:35,362-Speed 63.28 samples/sec   Loss 0.1023   LearningRate 0.000974   Epoch: 5   Global Step: 7400   Fp16 Grad Scale: 524288   Required: 161 hours
Training: 2025-04-02 16:29:55,662-Speed 63.06 samples/sec   Loss 0.0811   LearningRate 0.000974   Epoch: 5   Global Step: 7410   Fp16 Grad Scale: 524288   Required: 161 hours
Training: 2025-04-02 16:30:16,034-Speed 62.83 samples/sec   Loss 0.0653   LearningRate 0.000974   Epoch: 5   Global Step: 7420   Fp16 Grad Scale: 1048576   Required: 161 hours
Training: 2025-04-02 16:30:36,205-Speed 63.46 samples/sec   Loss 0.1605   LearningRate 0.000974   Epoch: 5   Global Step: 7430   Fp16 Grad Scale: 524288   Required: 161 hours
Training: 2025-04-02 16:30:56,436-Speed 63.27 samples/sec   Loss 0.1306   LearningRate 0.000974   Epoch: 5   Global Step: 7440   Fp16 Grad Scale: 524288   Required: 161 hours
Training: 2025-04-02 16:31:16,700-Speed 63.17 samples/sec   Loss 0.1228   LearningRate 0.000974   Epoch: 5   Global Step: 7450   Fp16 Grad Scale: 524288   Required: 161 hours
Training: 2025-04-02 16:31:37,071-Speed 62.83 samples/sec   Loss 0.1396   LearningRate 0.000974   Epoch: 5   Global Step: 7460   Fp16 Grad Scale: 524288   Required: 161 hours
Training: 2025-04-02 16:31:57,347-Speed 63.13 samples/sec   Loss 0.0603   LearningRate 0.000974   Epoch: 5   Global Step: 7470   Fp16 Grad Scale: 524288   Required: 161 hours
Training: 2025-04-02 16:32:17,557-Speed 63.34 samples/sec   Loss 0.0948   LearningRate 0.000974   Epoch: 5   Global Step: 7480   Fp16 Grad Scale: 524288   Required: 161 hours
Training: 2025-04-02 16:32:40,010-Speed 57.01 samples/sec   Loss 0.1142   LearningRate 0.000974   Epoch: 5   Global Step: 7490   Fp16 Grad Scale: 524288   Required: 161 hours
Training: 2025-04-02 16:33:00,231-Speed 63.30 samples/sec   Loss 0.0592   LearningRate 0.000974   Epoch: 5   Global Step: 7500   Fp16 Grad Scale: 524288   Required: 161 hours
Training: 2025-04-02 16:33:20,592-Speed 62.87 samples/sec   Loss 0.1557   LearningRate 0.000974   Epoch: 5   Global Step: 7510   Fp16 Grad Scale: 524288   Required: 161 hours
Training: 2025-04-02 16:33:40,794-Speed 63.36 samples/sec   Loss 0.2213   LearningRate 0.000974   Epoch: 5   Global Step: 7520   Fp16 Grad Scale: 524288   Required: 161 hours
Training: 2025-04-02 16:34:03,684-Speed 63.48 samples/sec   Loss 0.1377   LearningRate 0.000974   Epoch: 5   Global Step: 7530   Fp16 Grad Scale: 524288   Required: 161 hours
Training: 2025-04-02 16:34:24,019-Speed 62.95 samples/sec   Loss 0.0938   LearningRate 0.000974   Epoch: 5   Global Step: 7540   Fp16 Grad Scale: 524288   Required: 161 hours
Training: 2025-04-02 16:34:44,286-Speed 63.16 samples/sec   Loss 0.1341   LearningRate 0.000974   Epoch: 5   Global Step: 7550   Fp16 Grad Scale: 524288   Required: 161 hours
Training: 2025-04-02 16:35:04,584-Speed 63.06 samples/sec   Loss 0.1539   LearningRate 0.000973   Epoch: 5   Global Step: 7560   Fp16 Grad Scale: 524288   Required: 161 hours
Training: 2025-04-02 16:35:24,768-Speed 63.42 samples/sec   Loss 0.1549   LearningRate 0.000973   Epoch: 5   Global Step: 7570   Fp16 Grad Scale: 524288   Required: 161 hours
Training: 2025-04-02 16:35:45,006-Speed 63.25 samples/sec   Loss 0.0943   LearningRate 0.000973   Epoch: 5   Global Step: 7580   Fp16 Grad Scale: 524288   Required: 161 hours
Training: 2025-04-02 16:36:05,249-Speed 63.23 samples/sec   Loss 0.0707   LearningRate 0.000973   Epoch: 5   Global Step: 7590   Fp16 Grad Scale: 524288   Required: 161 hours
Training: 2025-04-02 16:36:25,396-Speed 63.53 samples/sec   Loss 0.1234   LearningRate 0.000973   Epoch: 5   Global Step: 7600   Fp16 Grad Scale: 524288   Required: 161 hours
Training: 2025-04-02 16:36:45,574-Speed 63.44 samples/sec   Loss 0.1427   LearningRate 0.000973   Epoch: 5   Global Step: 7610   Fp16 Grad Scale: 524288   Required: 161 hours
Training: 2025-04-02 16:37:05,879-Speed 63.04 samples/sec   Loss 0.1215   LearningRate 0.000973   Epoch: 5   Global Step: 7620   Fp16 Grad Scale: 524288   Required: 161 hours
Training: 2025-04-02 16:37:26,068-Speed 63.40 samples/sec   Loss 0.1316   LearningRate 0.000973   Epoch: 5   Global Step: 7630   Fp16 Grad Scale: 524288   Required: 161 hours
Training: 2025-04-02 16:37:48,131-Speed 58.02 samples/sec   Loss 0.2138   LearningRate 0.000973   Epoch: 5   Global Step: 7640   Fp16 Grad Scale: 524288   Required: 161 hours
Training: 2025-04-02 16:38:08,315-Speed 63.42 samples/sec   Loss 0.1081   LearningRate 0.000973   Epoch: 5   Global Step: 7650   Fp16 Grad Scale: 524288   Required: 161 hours
Training: 2025-04-02 16:38:28,553-Speed 63.25 samples/sec   Loss 0.1429   LearningRate 0.000973   Epoch: 5   Global Step: 7660   Fp16 Grad Scale: 524288   Required: 161 hours
Training: 2025-04-02 16:38:48,760-Speed 63.34 samples/sec   Loss 0.0930   LearningRate 0.000973   Epoch: 5   Global Step: 7670   Fp16 Grad Scale: 524288   Required: 161 hours
Training: 2025-04-02 16:39:19,346-Speed 63.26 samples/sec   Loss 0.0753   LearningRate 0.000973   Epoch: 5   Global Step: 7680   Fp16 Grad Scale: 524288   Required: 161 hours
Training: 2025-04-02 16:39:39,543-Speed 63.38 samples/sec   Loss 0.1603   LearningRate 0.000973   Epoch: 5   Global Step: 7690   Fp16 Grad Scale: 524288   Required: 161 hours
Training: 2025-04-02 16:39:59,740-Speed 63.38 samples/sec   Loss 0.0788   LearningRate 0.000973   Epoch: 5   Global Step: 7700   Fp16 Grad Scale: 524288   Required: 161 hours
Training: 2025-04-02 16:40:19,897-Speed 63.50 samples/sec   Loss 0.1125   LearningRate 0.000973   Epoch: 5   Global Step: 7710   Fp16 Grad Scale: 524288   Required: 161 hours
Training: 2025-04-02 16:40:40,103-Speed 63.35 samples/sec   Loss 0.0853   LearningRate 0.000973   Epoch: 5   Global Step: 7720   Fp16 Grad Scale: 524288   Required: 161 hours
Training: 2025-04-02 16:41:00,337-Speed 63.26 samples/sec   Loss 0.0598   LearningRate 0.000973   Epoch: 5   Global Step: 7730   Fp16 Grad Scale: 1048576   Required: 161 hours
Training: 2025-04-02 16:41:20,576-Speed 63.25 samples/sec   Loss 0.0747   LearningRate 0.000973   Epoch: 5   Global Step: 7740   Fp16 Grad Scale: 1048576   Required: 161 hours
Training: 2025-04-02 16:41:40,756-Speed 63.43 samples/sec   Loss 0.1081   LearningRate 0.000973   Epoch: 5   Global Step: 7750   Fp16 Grad Scale: 524288   Required: 161 hours
Training: 2025-04-02 16:42:00,971-Speed 63.32 samples/sec   Loss 0.1563   LearningRate 0.000973   Epoch: 5   Global Step: 7760   Fp16 Grad Scale: 524288   Required: 161 hours
Training: 2025-04-02 16:42:21,209-Speed 63.25 samples/sec   Loss 0.0819   LearningRate 0.000973   Epoch: 5   Global Step: 7770   Fp16 Grad Scale: 524288   Required: 161 hours
Training: 2025-04-02 16:42:43,365-Speed 57.78 samples/sec   Loss 0.1110   LearningRate 0.000973   Epoch: 5   Global Step: 7780   Fp16 Grad Scale: 524288   Required: 161 hours
Training: 2025-04-02 16:43:03,692-Speed 62.97 samples/sec   Loss 0.0793   LearningRate 0.000973   Epoch: 5   Global Step: 7790   Fp16 Grad Scale: 524288   Required: 161 hours
Training: 2025-04-02 16:43:23,884-Speed 63.39 samples/sec   Loss 0.1499   LearningRate 0.000973   Epoch: 5   Global Step: 7800   Fp16 Grad Scale: 524288   Required: 161 hours
Training: 2025-04-02 16:43:44,075-Speed 63.39 samples/sec   Loss 0.0956   LearningRate 0.000973   Epoch: 5   Global Step: 7810   Fp16 Grad Scale: 524288   Required: 161 hours
Training: 2025-04-02 16:44:04,244-Speed 63.47 samples/sec   Loss 0.1161   LearningRate 0.000973   Epoch: 5   Global Step: 7820   Fp16 Grad Scale: 524288   Required: 161 hours
Training: 2025-04-02 16:44:26,272-Speed 63.24 samples/sec   Loss 0.1117   LearningRate 0.000973   Epoch: 5   Global Step: 7830   Fp16 Grad Scale: 524288   Required: 161 hours
Training: 2025-04-02 16:44:46,492-Speed 63.31 samples/sec   Loss 0.2023   LearningRate 0.000973   Epoch: 5   Global Step: 7840   Fp16 Grad Scale: 524288   Required: 161 hours
Training: 2025-04-02 16:45:06,733-Speed 63.24 samples/sec   Loss 0.1534   LearningRate 0.000972   Epoch: 5   Global Step: 7850   Fp16 Grad Scale: 1048576   Required: 161 hours
Training: 2025-04-02 16:45:26,943-Speed 63.34 samples/sec   Loss 0.1055   LearningRate 0.000972   Epoch: 5   Global Step: 7860   Fp16 Grad Scale: 1048576   Required: 161 hours
Training: 2025-04-02 16:45:47,194-Speed 63.21 samples/sec   Loss 0.0914   LearningRate 0.000972   Epoch: 5   Global Step: 7870   Fp16 Grad Scale: 1048576   Required: 161 hours
Training: 2025-04-02 16:46:07,399-Speed 63.35 samples/sec   Loss 0.1052   LearningRate 0.000972   Epoch: 5   Global Step: 7880   Fp16 Grad Scale: 1048576   Required: 161 hours
Training: 2025-04-02 16:46:27,693-Speed 63.07 samples/sec   Loss 0.1166   LearningRate 0.000972   Epoch: 5   Global Step: 7890   Fp16 Grad Scale: 524288   Required: 161 hours
Training: 2025-04-02 16:46:47,969-Speed 63.13 samples/sec   Loss 0.1330   LearningRate 0.000972   Epoch: 5   Global Step: 7900   Fp16 Grad Scale: 524288   Required: 161 hours
Training: 2025-04-02 16:47:08,246-Speed 63.13 samples/sec   Loss 0.0997   LearningRate 0.000972   Epoch: 5   Global Step: 7910   Fp16 Grad Scale: 524288   Required: 161 hours
Training: 2025-04-02 16:47:28,468-Speed 63.30 samples/sec   Loss 0.1564   LearningRate 0.000972   Epoch: 5   Global Step: 7920   Fp16 Grad Scale: 524288   Required: 161 hours
Training: 2025-04-02 16:47:50,399-Speed 58.37 samples/sec   Loss 0.1278   LearningRate 0.000972   Epoch: 5   Global Step: 7930   Fp16 Grad Scale: 524288   Required: 161 hours
Training: 2025-04-02 16:48:10,661-Speed 63.18 samples/sec   Loss 0.0874   LearningRate 0.000972   Epoch: 5   Global Step: 7940   Fp16 Grad Scale: 524288   Required: 161 hours
Training: 2025-04-02 16:48:30,895-Speed 63.26 samples/sec   Loss 0.1388   LearningRate 0.000972   Epoch: 5   Global Step: 7950   Fp16 Grad Scale: 524288   Required: 161 hours
Training: 2025-04-02 16:48:51,193-Speed 63.06 samples/sec   Loss 0.1448   LearningRate 0.000972   Epoch: 5   Global Step: 7960   Fp16 Grad Scale: 524288   Required: 161 hours
Training: 2025-04-02 16:49:11,499-Speed 63.04 samples/sec   Loss 0.1000   LearningRate 0.000972   Epoch: 5   Global Step: 7970   Fp16 Grad Scale: 524288   Required: 161 hours
Training: 2025-04-02 16:49:37,690-Speed 63.39 samples/sec   Loss 0.2309   LearningRate 0.000972   Epoch: 5   Global Step: 7980   Fp16 Grad Scale: 524288   Required: 161 hours
Training: 2025-04-02 16:49:57,917-Speed 63.28 samples/sec   Loss 0.1286   LearningRate 0.000972   Epoch: 5   Global Step: 7990   Fp16 Grad Scale: 1048576   Required: 161 hours
Training: 2025-04-02 16:50:18,265-Speed 62.91 samples/sec   Loss 0.1253   LearningRate 0.000972   Epoch: 5   Global Step: 8000   Fp16 Grad Scale: 1048576   Required: 161 hours
net_out.shape: torch.Size([128, 512])
net_out.shape: torch.Size([128, 512])
net_out.shape: torch.Size([128, 512])
net_out.shape: torch.Size([128, 512])
net_out.shape: torch.Size([128, 512])
net_out.shape: torch.Size([128, 512])
net_out.shape: torch.Size([128, 512])
net_out.shape: torch.Size([128, 512])
net_out.shape: torch.Size([128, 512])
net_out.shape: torch.Size([128, 512])
net_out.shape: torch.Size([128, 512])
net_out.shape: torch.Size([128, 512])
net_out.shape: torch.Size([128, 512])
net_out.shape: torch.Size([128, 512])
net_out.shape: torch.Size([128, 512])
net_out.shape: torch.Size([128, 512])
net_out.shape: torch.Size([128, 512])
net_out.shape: torch.Size([128, 512])
net_out.shape: torch.Size([128, 512])
net_out.shape: torch.Size([128, 512])
net_out.shape: torch.Size([128, 512])
net_out.shape: torch.Size([128, 512])
net_out.shape: torch.Size([128, 512])
net_out.shape: torch.Size([128, 512])
net_out.shape: torch.Size([128, 512])
net_out.shape: torch.Size([128, 512])
net_out.shape: torch.Size([128, 512])
net_out.shape: torch.Size([128, 512])
net_out.shape: torch.Size([128, 512])
net_out.shape: torch.Size([128, 512])
net_out.shape: torch.Size([128, 512])
net_out.shape: torch.Size([128, 512])
net_out.shape: torch.Size([128, 512])
net_out.shape: torch.Size([128, 512])
net_out.shape: torch.Size([128, 512])
net_out.shape: torch.Size([128, 512])
net_out.shape: torch.Size([128, 512])
net_out.shape: torch.Size([128, 512])
net_out.shape: torch.Size([128, 512])
net_out.shape: torch.Size([128, 512])
net_out.shape: torch.Size([128, 512])
net_out.shape: torch.Size([128, 512])
net_out.shape: torch.Size([128, 512])
net_out.shape: torch.Size([128, 512])
net_out.shape: torch.Size([128, 512])
net_out.shape: torch.Size([128, 512])
net_out.shape: torch.Size([128, 512])
net_out.shape: torch.Size([128, 512])
net_out.shape: torch.Size([128, 512])
net_out.shape: torch.Size([128, 512])
net_out.shape: torch.Size([128, 512])
net_out.shape: torch.Size([128, 512])
net_out.shape: torch.Size([128, 512])
net_out.shape: torch.Size([128, 512])
net_out.shape: torch.Size([128, 512])
net_out.shape: torch.Size([128, 512])
net_out.shape: torch.Size([128, 512])
net_out.shape: torch.Size([128, 512])
net_out.shape: torch.Size([128, 512])
net_out.shape: torch.Size([128, 512])
net_out.shape: torch.Size([128, 512])
net_out.shape: torch.Size([128, 512])
net_out.shape: torch.Size([128, 512])
net_out.shape: torch.Size([128, 512])
Training: 2025-04-02 16:51:28,875-[val][Global step: 8000] d prime: 5.663289546966553
Model saved with d prime score: 6.7609429359436035
Training: 2025-04-02 16:51:51,249-Speed 13.77 samples/sec   Loss 0.1516   LearningRate 0.000972   Epoch: 5   Global Step: 8010   Fp16 Grad Scale: 1048576   Required: 161 hours
Training: 2025-04-02 16:52:11,442-Speed 63.39 samples/sec   Loss 0.0861   LearningRate 0.000972   Epoch: 5   Global Step: 8020   Fp16 Grad Scale: 1048576   Required: 161 hours
Training: 2025-04-02 16:52:31,649-Speed 63.35 samples/sec   Loss 0.1095   LearningRate 0.000972   Epoch: 5   Global Step: 8030   Fp16 Grad Scale: 262144   Required: 161 hours
Training: 2025-04-02 16:52:53,812-Speed 57.75 samples/sec   Loss 0.1076   LearningRate 0.000972   Epoch: 5   Global Step: 8040   Fp16 Grad Scale: 262144   Required: 161 hours
Training: 2025-04-02 16:53:14,155-Speed 62.92 samples/sec   Loss 0.1320   LearningRate 0.000972   Epoch: 5   Global Step: 8050   Fp16 Grad Scale: 262144   Required: 161 hours
Training: 2025-04-02 16:53:34,336-Speed 63.43 samples/sec   Loss 0.1228   LearningRate 0.000972   Epoch: 5   Global Step: 8060   Fp16 Grad Scale: 262144   Required: 161 hours
Training: 2025-04-02 16:53:54,542-Speed 63.35 samples/sec   Loss 0.1439   LearningRate 0.000972   Epoch: 5   Global Step: 8070   Fp16 Grad Scale: 262144   Required: 161 hours
Training: 2025-04-02 16:54:14,745-Speed 63.36 samples/sec   Loss 0.1030   LearningRate 0.000972   Epoch: 5   Global Step: 8080   Fp16 Grad Scale: 262144   Required: 161 hours
Training: 2025-04-02 16:54:34,918-Speed 63.45 samples/sec   Loss 0.1554   LearningRate 0.000972   Epoch: 5   Global Step: 8090   Fp16 Grad Scale: 262144   Required: 161 hours
Training: 2025-04-02 16:54:55,218-Speed 63.06 samples/sec   Loss 0.0712   LearningRate 0.000972   Epoch: 5   Global Step: 8100   Fp16 Grad Scale: 262144   Required: 161 hours
Training: 2025-04-02 16:55:15,385-Speed 63.47 samples/sec   Loss 0.1795   LearningRate 0.000972   Epoch: 5   Global Step: 8110   Fp16 Grad Scale: 262144   Required: 161 hours
Training: 2025-04-02 16:55:35,599-Speed 63.32 samples/sec   Loss 0.1146   LearningRate 0.000972   Epoch: 5   Global Step: 8120   Fp16 Grad Scale: 262144   Required: 161 hours
Training: 2025-04-02 16:55:55,876-Speed 63.13 samples/sec   Loss 0.1364   LearningRate 0.000971   Epoch: 5   Global Step: 8130   Fp16 Grad Scale: 524288   Required: 161 hours
Training: 2025-04-02 16:56:16,078-Speed 63.36 samples/sec   Loss 0.1819   LearningRate 0.000971   Epoch: 5   Global Step: 8140   Fp16 Grad Scale: 524288   Required: 161 hours
Training: 2025-04-02 16:56:36,254-Speed 63.44 samples/sec   Loss 0.1330   LearningRate 0.000971   Epoch: 5   Global Step: 8150   Fp16 Grad Scale: 524288   Required: 161 hours
Training: 2025-04-02 16:56:56,563-Speed 63.03 samples/sec   Loss 0.1257   LearningRate 0.000971   Epoch: 5   Global Step: 8160   Fp16 Grad Scale: 524288   Required: 161 hours
Training: 2025-04-02 16:57:16,745-Speed 63.42 samples/sec   Loss 0.0926   LearningRate 0.000971   Epoch: 5   Global Step: 8170   Fp16 Grad Scale: 524288   Required: 161 hours
Training: 2025-04-02 16:57:36,955-Speed 63.34 samples/sec   Loss 0.1095   LearningRate 0.000971   Epoch: 5   Global Step: 8180   Fp16 Grad Scale: 524288   Required: 161 hours
Training: 2025-04-02 16:57:59,057-Speed 57.92 samples/sec   Loss 0.1098   LearningRate 0.000971   Epoch: 5   Global Step: 8190   Fp16 Grad Scale: 524288   Required: 161 hours
Training: 2025-04-02 16:58:19,229-Speed 63.46 samples/sec   Loss 0.1902   LearningRate 0.000971   Epoch: 5   Global Step: 8200   Fp16 Grad Scale: 524288   Required: 161 hours
Training: 2025-04-02 16:58:39,539-Speed 63.03 samples/sec   Loss 0.1273   LearningRate 0.000971   Epoch: 5   Global Step: 8210   Fp16 Grad Scale: 524288   Required: 161 hours
Training: 2025-04-02 16:58:59,762-Speed 63.29 samples/sec   Loss 0.1904   LearningRate 0.000971   Epoch: 5   Global Step: 8220   Fp16 Grad Scale: 524288   Required: 161 hours
Training: 2025-04-02 16:59:19,996-Speed 63.26 samples/sec   Loss 0.2100   LearningRate 0.000971   Epoch: 5   Global Step: 8230   Fp16 Grad Scale: 1048576   Required: 161 hours
Training: 2025-04-02 16:59:40,192-Speed 63.38 samples/sec   Loss 0.0952   LearningRate 0.000971   Epoch: 5   Global Step: 8240   Fp16 Grad Scale: 524288   Required: 161 hours
Training: 2025-04-02 17:00:00,389-Speed 63.38 samples/sec   Loss 0.1254   LearningRate 0.000971   Epoch: 5   Global Step: 8250   Fp16 Grad Scale: 524288   Required: 161 hours
Training: 2025-04-02 17:00:20,615-Speed 63.29 samples/sec   Loss 0.1741   LearningRate 0.000971   Epoch: 5   Global Step: 8260   Fp16 Grad Scale: 524288   Required: 161 hours
Training: 2025-04-02 17:00:40,817-Speed 63.36 samples/sec   Loss 0.1217   LearningRate 0.000971   Epoch: 5   Global Step: 8270   Fp16 Grad Scale: 524288   Required: 161 hours
Training: 2025-04-02 17:01:00,985-Speed 63.47 samples/sec   Loss 0.1374   LearningRate 0.000971   Epoch: 5   Global Step: 8280   Fp16 Grad Scale: 524288   Required: 161 hours
Training: 2025-04-02 17:01:21,169-Speed 63.42 samples/sec   Loss 0.1210   LearningRate 0.000971   Epoch: 5   Global Step: 8290   Fp16 Grad Scale: 524288   Required: 161 hours
Training: 2025-04-02 17:01:41,423-Speed 63.20 samples/sec   Loss 0.2241   LearningRate 0.000971   Epoch: 5   Global Step: 8300   Fp16 Grad Scale: 524288   Required: 161 hours
Training: 2025-04-02 17:02:01,639-Speed 63.32 samples/sec   Loss 0.1142   LearningRate 0.000971   Epoch: 5   Global Step: 8310   Fp16 Grad Scale: 524288   Required: 161 hours
Training: 2025-04-02 17:02:21,839-Speed 63.37 samples/sec   Loss 0.1184   LearningRate 0.000971   Epoch: 5   Global Step: 8320   Fp16 Grad Scale: 524288   Required: 161 hours
Training: 2025-04-02 17:02:42,044-Speed 63.35 samples/sec   Loss 0.1024   LearningRate 0.000971   Epoch: 5   Global Step: 8330   Fp16 Grad Scale: 524288   Required: 161 hours
Training: 2025-04-02 17:03:04,065-Speed 58.13 samples/sec   Loss 0.1481   LearningRate 0.000971   Epoch: 5   Global Step: 8340   Fp16 Grad Scale: 1048576   Required: 161 hours
Training: 2025-04-02 17:03:24,242-Speed 63.44 samples/sec   Loss 0.2076   LearningRate 0.000971   Epoch: 5   Global Step: 8350   Fp16 Grad Scale: 524288   Required: 161 hours
Training: 2025-04-02 17:03:44,435-Speed 63.39 samples/sec   Loss 0.1298   LearningRate 0.000971   Epoch: 5   Global Step: 8360   Fp16 Grad Scale: 524288   Required: 161 hours
Training: 2025-04-02 17:04:04,663-Speed 63.28 samples/sec   Loss 0.1296   LearningRate 0.000971   Epoch: 5   Global Step: 8370   Fp16 Grad Scale: 524288   Required: 161 hours
Training: 2025-04-02 17:04:24,889-Speed 63.29 samples/sec   Loss 0.1136   LearningRate 0.000971   Epoch: 5   Global Step: 8380   Fp16 Grad Scale: 524288   Required: 161 hours
Training: 2025-04-02 17:04:45,075-Speed 63.41 samples/sec   Loss 0.2064   LearningRate 0.000971   Epoch: 5   Global Step: 8390   Fp16 Grad Scale: 524288   Required: 161 hours
Training: 2025-04-02 17:05:12,273-Speed 63.56 samples/sec   Loss 0.1559   LearningRate 0.000971   Epoch: 5   Global Step: 8400   Fp16 Grad Scale: 262144   Required: 161 hours
Training: 2025-04-02 17:05:32,465-Speed 63.40 samples/sec   Loss 0.0922   LearningRate 0.000971   Epoch: 5   Global Step: 8410   Fp16 Grad Scale: 262144   Required: 161 hours
Training: 2025-04-02 17:05:52,645-Speed 63.43 samples/sec   Loss 0.2408   LearningRate 0.000970   Epoch: 5   Global Step: 8420   Fp16 Grad Scale: 262144   Required: 161 hours
Training: 2025-04-02 17:06:12,830-Speed 63.41 samples/sec   Loss 0.0946   LearningRate 0.000970   Epoch: 5   Global Step: 8430   Fp16 Grad Scale: 262144   Required: 161 hours
Training: 2025-04-02 17:06:33,015-Speed 63.42 samples/sec   Loss 0.2195   LearningRate 0.000970   Epoch: 5   Global Step: 8440   Fp16 Grad Scale: 262144   Required: 161 hours
Training: 2025-04-02 17:06:53,185-Speed 63.46 samples/sec   Loss 0.1291   LearningRate 0.000970   Epoch: 5   Global Step: 8450   Fp16 Grad Scale: 262144   Required: 161 hours
Training: 2025-04-02 17:07:13,364-Speed 63.43 samples/sec   Loss 0.1438   LearningRate 0.000970   Epoch: 5   Global Step: 8460   Fp16 Grad Scale: 262144   Required: 161 hours
Training: 2025-04-02 17:07:33,532-Speed 63.47 samples/sec   Loss 0.1148   LearningRate 0.000970   Epoch: 5   Global Step: 8470   Fp16 Grad Scale: 262144   Required: 161 hours
Training: 2025-04-02 17:07:55,677-Speed 57.80 samples/sec   Loss 0.1107   LearningRate 0.000970   Epoch: 5   Global Step: 8480   Fp16 Grad Scale: 262144   Required: 161 hours
Training: 2025-04-02 17:08:15,918-Speed 63.24 samples/sec   Loss 0.1186   LearningRate 0.000970   Epoch: 5   Global Step: 8490   Fp16 Grad Scale: 262144   Required: 161 hours
Training: 2025-04-02 17:08:36,154-Speed 63.26 samples/sec   Loss 0.2181   LearningRate 0.000970   Epoch: 5   Global Step: 8500   Fp16 Grad Scale: 524288   Required: 161 hours
Training: 2025-04-02 17:08:56,374-Speed 63.31 samples/sec   Loss 0.1305   LearningRate 0.000970   Epoch: 5   Global Step: 8510   Fp16 Grad Scale: 524288   Required: 161 hours
Training: 2025-04-02 17:09:16,567-Speed 63.39 samples/sec   Loss 0.1354   LearningRate 0.000970   Epoch: 5   Global Step: 8520   Fp16 Grad Scale: 524288   Required: 161 hours
Training: 2025-04-02 17:09:36,856-Speed 63.09 samples/sec   Loss 0.1799   LearningRate 0.000970   Epoch: 5   Global Step: 8530   Fp16 Grad Scale: 524288   Required: 161 hours
Training: 2025-04-02 17:09:57,068-Speed 63.33 samples/sec   Loss 0.1341   LearningRate 0.000970   Epoch: 5   Global Step: 8540   Fp16 Grad Scale: 524288   Required: 161 hours
Training: 2025-04-02 17:10:19,026-Speed 65.68 samples/sec   Loss 0.1804   LearningRate 0.000970   Epoch: 5   Global Step: 8550   Fp16 Grad Scale: 262144   Required: 161 hours
Training: 2025-04-02 17:10:42,083-Speed 55.52 samples/sec   Loss 0.1233   LearningRate 0.000970   Epoch: 6   Global Step: 8560   Fp16 Grad Scale: 262144   Required: 161 hours
Training: 2025-04-02 17:11:02,317-Speed 63.26 samples/sec   Loss 0.0883   LearningRate 0.000970   Epoch: 6   Global Step: 8570   Fp16 Grad Scale: 262144   Required: 161 hours
Training: 2025-04-02 17:11:22,567-Speed 63.21 samples/sec   Loss 0.0642   LearningRate 0.000970   Epoch: 6   Global Step: 8580   Fp16 Grad Scale: 262144   Required: 161 hours
Training: 2025-04-02 17:11:42,828-Speed 63.18 samples/sec   Loss 0.1325   LearningRate 0.000970   Epoch: 6   Global Step: 8590   Fp16 Grad Scale: 262144   Required: 161 hours
Training: 2025-04-02 17:12:03,041-Speed 63.33 samples/sec   Loss 0.0912   LearningRate 0.000970   Epoch: 6   Global Step: 8600   Fp16 Grad Scale: 262144   Required: 161 hours
Training: 2025-04-02 17:12:23,310-Speed 63.15 samples/sec   Loss 0.1191   LearningRate 0.000970   Epoch: 6   Global Step: 8610   Fp16 Grad Scale: 262144   Required: 161 hours
Training: 2025-04-02 17:12:43,617-Speed 63.03 samples/sec   Loss 0.0832   LearningRate 0.000970   Epoch: 6   Global Step: 8620   Fp16 Grad Scale: 262144   Required: 161 hours
Training: 2025-04-02 17:13:05,778-Speed 57.76 samples/sec   Loss 0.0490   LearningRate 0.000970   Epoch: 6   Global Step: 8630   Fp16 Grad Scale: 262144   Required: 161 hours
Training: 2025-04-02 17:13:25,987-Speed 63.34 samples/sec   Loss 0.0851   LearningRate 0.000970   Epoch: 6   Global Step: 8640   Fp16 Grad Scale: 262144   Required: 161 hours
Training: 2025-04-02 17:13:46,221-Speed 63.26 samples/sec   Loss 0.0618   LearningRate 0.000970   Epoch: 6   Global Step: 8650   Fp16 Grad Scale: 524288   Required: 161 hours
Training: 2025-04-02 17:14:06,406-Speed 63.42 samples/sec   Loss 0.0590   LearningRate 0.000970   Epoch: 6   Global Step: 8660   Fp16 Grad Scale: 524288   Required: 161 hours
Training: 2025-04-02 17:14:26,644-Speed 63.25 samples/sec   Loss 0.0637   LearningRate 0.000970   Epoch: 6   Global Step: 8670   Fp16 Grad Scale: 524288   Required: 161 hours
Training: 2025-04-02 17:14:46,973-Speed 62.96 samples/sec   Loss 0.0622   LearningRate 0.000970   Epoch: 6   Global Step: 8680   Fp16 Grad Scale: 524288   Required: 161 hours
Training: 2025-04-02 17:15:07,216-Speed 63.23 samples/sec   Loss 0.0513   LearningRate 0.000970   Epoch: 6   Global Step: 8690   Fp16 Grad Scale: 524288   Required: 161 hours
Training: 2025-04-02 17:15:28,184-Speed 63.32 samples/sec   Loss 0.0640   LearningRate 0.000969   Epoch: 6   Global Step: 8700   Fp16 Grad Scale: 524288   Required: 161 hours
Training: 2025-04-02 17:15:48,402-Speed 63.31 samples/sec   Loss 0.0780   LearningRate 0.000969   Epoch: 6   Global Step: 8710   Fp16 Grad Scale: 524288   Required: 161 hours
Training: 2025-04-02 17:16:08,756-Speed 62.89 samples/sec   Loss 0.0858   LearningRate 0.000969   Epoch: 6   Global Step: 8720   Fp16 Grad Scale: 262144   Required: 161 hours
Training: 2025-04-02 17:16:29,017-Speed 63.18 samples/sec   Loss 0.0725   LearningRate 0.000969   Epoch: 6   Global Step: 8730   Fp16 Grad Scale: 262144   Required: 161 hours
Training: 2025-04-02 17:16:49,184-Speed 63.47 samples/sec   Loss 0.0409   LearningRate 0.000969   Epoch: 6   Global Step: 8740   Fp16 Grad Scale: 262144   Required: 161 hours
Training: 2025-04-02 17:17:09,320-Speed 63.57 samples/sec   Loss 0.0561   LearningRate 0.000969   Epoch: 6   Global Step: 8750   Fp16 Grad Scale: 262144   Required: 161 hours
Training: 2025-04-02 17:17:29,628-Speed 63.03 samples/sec   Loss 0.1038   LearningRate 0.000969   Epoch: 6   Global Step: 8760   Fp16 Grad Scale: 262144   Required: 161 hours
Training: 2025-04-02 17:17:49,839-Speed 63.33 samples/sec   Loss 0.0323   LearningRate 0.000969   Epoch: 6   Global Step: 8770   Fp16 Grad Scale: 262144   Required: 161 hours
Training: 2025-04-02 17:18:12,049-Speed 57.63 samples/sec   Loss 0.1300   LearningRate 0.000969   Epoch: 6   Global Step: 8780   Fp16 Grad Scale: 262144   Required: 161 hours
Training: 2025-04-02 17:18:32,392-Speed 62.92 samples/sec   Loss 0.0636   LearningRate 0.000969   Epoch: 6   Global Step: 8790   Fp16 Grad Scale: 262144   Required: 161 hours
Training: 2025-04-02 17:18:52,642-Speed 63.21 samples/sec   Loss 0.0419   LearningRate 0.000969   Epoch: 6   Global Step: 8800   Fp16 Grad Scale: 262144   Required: 161 hours
Training: 2025-04-02 17:19:12,869-Speed 63.28 samples/sec   Loss 0.1384   LearningRate 0.000969   Epoch: 6   Global Step: 8810   Fp16 Grad Scale: 262144   Required: 161 hours
Training: 2025-04-02 17:19:33,141-Speed 63.14 samples/sec   Loss 0.1016   LearningRate 0.000969   Epoch: 6   Global Step: 8820   Fp16 Grad Scale: 524288   Required: 161 hours
Training: 2025-04-02 17:19:53,371-Speed 63.27 samples/sec   Loss 0.0803   LearningRate 0.000969   Epoch: 6   Global Step: 8830   Fp16 Grad Scale: 524288   Required: 161 hours
Training: 2025-04-02 17:20:13,698-Speed 62.97 samples/sec   Loss 0.0804   LearningRate 0.000969   Epoch: 6   Global Step: 8840   Fp16 Grad Scale: 524288   Required: 161 hours
Training: 2025-04-02 17:20:45,400-Speed 63.34 samples/sec   Loss 0.0635   LearningRate 0.000969   Epoch: 6   Global Step: 8850   Fp16 Grad Scale: 524288   Required: 161 hours
Training: 2025-04-02 17:21:05,688-Speed 63.10 samples/sec   Loss 0.0875   LearningRate 0.000969   Epoch: 6   Global Step: 8860   Fp16 Grad Scale: 524288   Required: 161 hours
Training: 2025-04-02 17:21:25,853-Speed 63.48 samples/sec   Loss 0.0689   LearningRate 0.000969   Epoch: 6   Global Step: 8870   Fp16 Grad Scale: 524288   Required: 161 hours
Training: 2025-04-02 17:21:46,066-Speed 63.33 samples/sec   Loss 0.0750   LearningRate 0.000969   Epoch: 6   Global Step: 8880   Fp16 Grad Scale: 524288   Required: 161 hours
Training: 2025-04-02 17:22:06,302-Speed 63.25 samples/sec   Loss 0.1028   LearningRate 0.000969   Epoch: 6   Global Step: 8890   Fp16 Grad Scale: 524288   Required: 161 hours
Training: 2025-04-02 17:22:26,485-Speed 63.42 samples/sec   Loss 0.0810   LearningRate 0.000969   Epoch: 6   Global Step: 8900   Fp16 Grad Scale: 524288   Required: 161 hours
Training: 2025-04-02 17:22:46,665-Speed 63.43 samples/sec   Loss 0.0686   LearningRate 0.000969   Epoch: 6   Global Step: 8910   Fp16 Grad Scale: 524288   Required: 161 hours
Training: 2025-04-02 17:23:08,934-Speed 57.48 samples/sec   Loss 0.1138   LearningRate 0.000969   Epoch: 6   Global Step: 8920   Fp16 Grad Scale: 1048576   Required: 161 hours
Training: 2025-04-02 17:23:29,183-Speed 63.21 samples/sec   Loss 0.0890   LearningRate 0.000969   Epoch: 6   Global Step: 8930   Fp16 Grad Scale: 1048576   Required: 161 hours
Training: 2025-04-02 17:23:49,416-Speed 63.26 samples/sec   Loss 0.0488   LearningRate 0.000969   Epoch: 6   Global Step: 8940   Fp16 Grad Scale: 1048576   Required: 161 hours
Training: 2025-04-02 17:24:09,596-Speed 63.43 samples/sec   Loss 0.0768   LearningRate 0.000969   Epoch: 6   Global Step: 8950   Fp16 Grad Scale: 1048576   Required: 161 hours
Training: 2025-04-02 17:24:29,832-Speed 63.25 samples/sec   Loss 0.0614   LearningRate 0.000969   Epoch: 6   Global Step: 8960   Fp16 Grad Scale: 1048576   Required: 161 hours
Training: 2025-04-02 17:24:50,058-Speed 63.29 samples/sec   Loss 0.1353   LearningRate 0.000969   Epoch: 6   Global Step: 8970   Fp16 Grad Scale: 524288   Required: 161 hours
Training: 2025-04-02 17:25:10,291-Speed 63.27 samples/sec   Loss 0.0411   LearningRate 0.000969   Epoch: 6   Global Step: 8980   Fp16 Grad Scale: 524288   Required: 161 hours
Training: 2025-04-02 17:25:30,496-Speed 63.35 samples/sec   Loss 0.0473   LearningRate 0.000968   Epoch: 6   Global Step: 8990   Fp16 Grad Scale: 524288   Required: 161 hours
Training: 2025-04-02 17:25:55,400-Speed 63.42 samples/sec   Loss 0.0923   LearningRate 0.000968   Epoch: 6   Global Step: 9000   Fp16 Grad Scale: 524288   Required: 161 hours
Training: 2025-04-02 17:26:15,610-Speed 63.34 samples/sec   Loss 0.0820   LearningRate 0.000968   Epoch: 6   Global Step: 9010   Fp16 Grad Scale: 524288   Required: 161 hours
Training: 2025-04-02 17:26:35,812-Speed 63.36 samples/sec   Loss 0.1069   LearningRate 0.000968   Epoch: 6   Global Step: 9020   Fp16 Grad Scale: 524288   Required: 161 hours
Training: 2025-04-02 17:26:56,069-Speed 63.19 samples/sec   Loss 0.1107   LearningRate 0.000968   Epoch: 6   Global Step: 9030   Fp16 Grad Scale: 524288   Required: 161 hours
Training: 2025-04-02 17:27:16,260-Speed 63.40 samples/sec   Loss 0.0372   LearningRate 0.000968   Epoch: 6   Global Step: 9040   Fp16 Grad Scale: 524288   Required: 161 hours
Training: 2025-04-02 17:27:36,451-Speed 63.40 samples/sec   Loss 0.0571   LearningRate 0.000968   Epoch: 6   Global Step: 9050   Fp16 Grad Scale: 524288   Required: 161 hours
Training: 2025-04-02 17:27:56,636-Speed 63.41 samples/sec   Loss 0.0872   LearningRate 0.000968   Epoch: 6   Global Step: 9060   Fp16 Grad Scale: 524288   Required: 161 hours
Training: 2025-04-02 17:28:18,483-Speed 58.59 samples/sec   Loss 0.0484   LearningRate 0.000968   Epoch: 6   Global Step: 9070   Fp16 Grad Scale: 1048576   Required: 161 hours
Training: 2025-04-02 17:28:38,697-Speed 63.32 samples/sec   Loss 0.0925   LearningRate 0.000968   Epoch: 6   Global Step: 9080   Fp16 Grad Scale: 1048576   Required: 161 hours
Training: 2025-04-02 17:28:58,959-Speed 63.17 samples/sec   Loss 0.0714   LearningRate 0.000968   Epoch: 6   Global Step: 9090   Fp16 Grad Scale: 1048576   Required: 160 hours
Training: 2025-04-02 17:29:19,160-Speed 63.36 samples/sec   Loss 0.0860   LearningRate 0.000968   Epoch: 6   Global Step: 9100   Fp16 Grad Scale: 1048576   Required: 160 hours
Training: 2025-04-02 17:29:39,344-Speed 63.42 samples/sec   Loss 0.0493   LearningRate 0.000968   Epoch: 6   Global Step: 9110   Fp16 Grad Scale: 1048576   Required: 160 hours
Training: 2025-04-02 17:29:59,518-Speed 63.45 samples/sec   Loss 0.1008   LearningRate 0.000968   Epoch: 6   Global Step: 9120   Fp16 Grad Scale: 1048576   Required: 160 hours
Training: 2025-04-02 17:30:19,761-Speed 63.23 samples/sec   Loss 0.0493   LearningRate 0.000968   Epoch: 6   Global Step: 9130   Fp16 Grad Scale: 1048576   Required: 160 hours
Training: 2025-04-02 17:30:40,049-Speed 63.09 samples/sec   Loss 0.1115   LearningRate 0.000968   Epoch: 6   Global Step: 9140   Fp16 Grad Scale: 1048576   Required: 160 hours
Training: 2025-04-02 17:31:20,122-Speed 63.24 samples/sec   Loss 0.0433   LearningRate 0.000968   Epoch: 6   Global Step: 9150   Fp16 Grad Scale: 1048576   Required: 161 hours
Training: 2025-04-02 17:31:40,236-Speed 63.64 samples/sec   Loss 0.0472   LearningRate 0.000968   Epoch: 6   Global Step: 9160   Fp16 Grad Scale: 1048576   Required: 161 hours
Training: 2025-04-02 17:32:00,389-Speed 63.52 samples/sec   Loss 0.0714   LearningRate 0.000968   Epoch: 6   Global Step: 9170   Fp16 Grad Scale: 524288   Required: 161 hours
Training: 2025-04-02 17:32:20,558-Speed 63.47 samples/sec   Loss 0.0457   LearningRate 0.000968   Epoch: 6   Global Step: 9180   Fp16 Grad Scale: 524288   Required: 161 hours
Training: 2025-04-02 17:32:40,810-Speed 63.21 samples/sec   Loss 0.0826   LearningRate 0.000968   Epoch: 6   Global Step: 9190   Fp16 Grad Scale: 524288   Required: 161 hours
Training: 2025-04-02 17:33:00,991-Speed 63.43 samples/sec   Loss 0.0311   LearningRate 0.000968   Epoch: 6   Global Step: 9200   Fp16 Grad Scale: 524288   Required: 161 hours
Training: 2025-04-02 17:33:23,127-Speed 57.83 samples/sec   Loss 0.0571   LearningRate 0.000968   Epoch: 6   Global Step: 9210   Fp16 Grad Scale: 524288   Required: 161 hours
Training: 2025-04-02 17:33:43,387-Speed 63.18 samples/sec   Loss 0.0546   LearningRate 0.000968   Epoch: 6   Global Step: 9220   Fp16 Grad Scale: 262144   Required: 161 hours
Training: 2025-04-02 17:34:03,599-Speed 63.33 samples/sec   Loss 0.0499   LearningRate 0.000968   Epoch: 6   Global Step: 9230   Fp16 Grad Scale: 262144   Required: 161 hours
Training: 2025-04-02 17:34:23,823-Speed 63.29 samples/sec   Loss 0.2179   LearningRate 0.000968   Epoch: 6   Global Step: 9240   Fp16 Grad Scale: 131072   Required: 160 hours
Training: 2025-04-02 17:34:44,122-Speed 63.06 samples/sec   Loss 0.1167   LearningRate 0.000968   Epoch: 6   Global Step: 9250   Fp16 Grad Scale: 131072   Required: 160 hours
Training: 2025-04-02 17:35:04,271-Speed 63.53 samples/sec   Loss 0.0794   LearningRate 0.000968   Epoch: 6   Global Step: 9260   Fp16 Grad Scale: 131072   Required: 160 hours
Training: 2025-04-02 17:35:24,445-Speed 63.45 samples/sec   Loss 0.0878   LearningRate 0.000967   Epoch: 6   Global Step: 9270   Fp16 Grad Scale: 131072   Required: 160 hours
Training: 2025-04-02 17:35:44,771-Speed 62.98 samples/sec   Loss 0.1111   LearningRate 0.000967   Epoch: 6   Global Step: 9280   Fp16 Grad Scale: 131072   Required: 160 hours
Training: 2025-04-02 17:36:04,978-Speed 63.34 samples/sec   Loss 0.0859   LearningRate 0.000967   Epoch: 6   Global Step: 9290   Fp16 Grad Scale: 131072   Required: 160 hours
Training: 2025-04-02 17:36:41,639-Speed 63.00 samples/sec   Loss 0.0553   LearningRate 0.000967   Epoch: 6   Global Step: 9300   Fp16 Grad Scale: 131072   Required: 161 hours
Training: 2025-04-02 17:37:01,881-Speed 63.24 samples/sec   Loss 0.0324   LearningRate 0.000967   Epoch: 6   Global Step: 9310   Fp16 Grad Scale: 131072   Required: 161 hours
Training: 2025-04-02 17:37:22,087-Speed 63.35 samples/sec   Loss 0.0779   LearningRate 0.000967   Epoch: 6   Global Step: 9320   Fp16 Grad Scale: 131072   Required: 161 hours
Training: 2025-04-02 17:37:42,374-Speed 63.10 samples/sec   Loss 0.0503   LearningRate 0.000967   Epoch: 6   Global Step: 9330   Fp16 Grad Scale: 131072   Required: 161 hours
Training: 2025-04-02 17:38:02,558-Speed 63.42 samples/sec   Loss 0.0968   LearningRate 0.000967   Epoch: 6   Global Step: 9340   Fp16 Grad Scale: 262144   Required: 161 hours
Training: 2025-04-02 17:38:24,422-Speed 58.55 samples/sec   Loss 0.1279   LearningRate 0.000967   Epoch: 6   Global Step: 9350   Fp16 Grad Scale: 262144   Required: 161 hours
Training: 2025-04-02 17:38:44,639-Speed 63.32 samples/sec   Loss 0.0611   LearningRate 0.000967   Epoch: 6   Global Step: 9360   Fp16 Grad Scale: 262144   Required: 161 hours
Training: 2025-04-02 17:39:04,868-Speed 63.28 samples/sec   Loss 0.2526   LearningRate 0.000967   Epoch: 6   Global Step: 9370   Fp16 Grad Scale: 262144   Required: 160 hours
Training: 2025-04-02 17:39:25,047-Speed 63.44 samples/sec   Loss 0.0958   LearningRate 0.000967   Epoch: 6   Global Step: 9380   Fp16 Grad Scale: 262144   Required: 160 hours
Training: 2025-04-02 17:39:45,231-Speed 63.42 samples/sec   Loss 0.1592   LearningRate 0.000967   Epoch: 6   Global Step: 9390   Fp16 Grad Scale: 262144   Required: 160 hours
Training: 2025-04-02 17:40:05,472-Speed 63.24 samples/sec   Loss 0.1159   LearningRate 0.000967   Epoch: 6   Global Step: 9400   Fp16 Grad Scale: 262144   Required: 160 hours
Training: 2025-04-02 17:40:25,637-Speed 63.48 samples/sec   Loss 0.0764   LearningRate 0.000967   Epoch: 6   Global Step: 9410   Fp16 Grad Scale: 262144   Required: 160 hours
Training: 2025-04-02 17:40:45,883-Speed 63.22 samples/sec   Loss 0.0751   LearningRate 0.000967   Epoch: 6   Global Step: 9420   Fp16 Grad Scale: 262144   Required: 160 hours
Training: 2025-04-02 17:41:06,072-Speed 63.41 samples/sec   Loss 0.0500   LearningRate 0.000967   Epoch: 6   Global Step: 9430   Fp16 Grad Scale: 262144   Required: 160 hours
Training: 2025-04-02 17:41:26,275-Speed 63.36 samples/sec   Loss 0.0404   LearningRate 0.000967   Epoch: 6   Global Step: 9440   Fp16 Grad Scale: 524288   Required: 160 hours
Training: 2025-04-02 17:41:49,645-Speed 63.22 samples/sec   Loss 0.0822   LearningRate 0.000967   Epoch: 6   Global Step: 9450   Fp16 Grad Scale: 524288   Required: 160 hours
Training: 2025-04-02 17:42:09,805-Speed 63.49 samples/sec   Loss 0.0423   LearningRate 0.000967   Epoch: 6   Global Step: 9460   Fp16 Grad Scale: 524288   Required: 160 hours
Training: 2025-04-02 17:42:29,990-Speed 63.42 samples/sec   Loss 0.0937   LearningRate 0.000967   Epoch: 6   Global Step: 9470   Fp16 Grad Scale: 524288   Required: 160 hours
Training: 2025-04-02 17:42:50,196-Speed 63.35 samples/sec   Loss 0.0945   LearningRate 0.000967   Epoch: 6   Global Step: 9480   Fp16 Grad Scale: 524288   Required: 160 hours
Training: 2025-04-02 17:43:10,397-Speed 63.36 samples/sec   Loss 0.1129   LearningRate 0.000967   Epoch: 6   Global Step: 9490   Fp16 Grad Scale: 524288   Required: 160 hours
Training: 2025-04-02 17:43:32,305-Speed 58.43 samples/sec   Loss 0.0688   LearningRate 0.000967   Epoch: 6   Global Step: 9500   Fp16 Grad Scale: 524288   Required: 160 hours
Training: 2025-04-02 17:43:52,532-Speed 63.28 samples/sec   Loss 0.0812   LearningRate 0.000967   Epoch: 6   Global Step: 9510   Fp16 Grad Scale: 524288   Required: 160 hours
Training: 2025-04-02 17:44:12,770-Speed 63.25 samples/sec   Loss 0.0949   LearningRate 0.000967   Epoch: 6   Global Step: 9520   Fp16 Grad Scale: 524288   Required: 160 hours
Training: 2025-04-02 17:44:32,937-Speed 63.47 samples/sec   Loss 0.0650   LearningRate 0.000967   Epoch: 6   Global Step: 9530   Fp16 Grad Scale: 524288   Required: 160 hours
Training: 2025-04-02 17:44:53,137-Speed 63.37 samples/sec   Loss 0.0693   LearningRate 0.000967   Epoch: 6   Global Step: 9540   Fp16 Grad Scale: 1048576   Required: 160 hours
Training: 2025-04-02 17:45:13,318-Speed 63.43 samples/sec   Loss 0.1333   LearningRate 0.000967   Epoch: 6   Global Step: 9550   Fp16 Grad Scale: 1048576   Required: 160 hours
Training: 2025-04-02 17:45:33,517-Speed 63.37 samples/sec   Loss 0.1019   LearningRate 0.000966   Epoch: 6   Global Step: 9560   Fp16 Grad Scale: 1048576   Required: 160 hours
Training: 2025-04-02 17:45:53,680-Speed 63.48 samples/sec   Loss 0.1533   LearningRate 0.000966   Epoch: 6   Global Step: 9570   Fp16 Grad Scale: 524288   Required: 160 hours
Training: 2025-04-02 17:46:13,906-Speed 63.29 samples/sec   Loss 0.0946   LearningRate 0.000966   Epoch: 6   Global Step: 9580   Fp16 Grad Scale: 524288   Required: 160 hours
Training: 2025-04-02 17:46:34,150-Speed 63.23 samples/sec   Loss 0.1241   LearningRate 0.000966   Epoch: 6   Global Step: 9590   Fp16 Grad Scale: 524288   Required: 160 hours
Training: 2025-04-02 17:46:54,411-Speed 63.18 samples/sec   Loss 0.0997   LearningRate 0.000966   Epoch: 6   Global Step: 9600   Fp16 Grad Scale: 524288   Required: 160 hours
Training: 2025-04-02 17:47:14,640-Speed 63.28 samples/sec   Loss 0.1815   LearningRate 0.000966   Epoch: 6   Global Step: 9610   Fp16 Grad Scale: 524288   Required: 160 hours
Training: 2025-04-02 17:47:34,892-Speed 63.21 samples/sec   Loss 0.1252   LearningRate 0.000966   Epoch: 6   Global Step: 9620   Fp16 Grad Scale: 524288   Required: 160 hours
Training: 2025-04-02 17:47:55,248-Speed 62.88 samples/sec   Loss 0.0892   LearningRate 0.000966   Epoch: 6   Global Step: 9630   Fp16 Grad Scale: 524288   Required: 160 hours
Training: 2025-04-02 17:48:15,470-Speed 63.30 samples/sec   Loss 0.1298   LearningRate 0.000966   Epoch: 6   Global Step: 9640   Fp16 Grad Scale: 524288   Required: 160 hours
Training: 2025-04-02 17:48:37,547-Speed 57.98 samples/sec   Loss 0.0936   LearningRate 0.000966   Epoch: 6   Global Step: 9650   Fp16 Grad Scale: 524288   Required: 160 hours
Training: 2025-04-02 17:48:57,748-Speed 63.37 samples/sec   Loss 0.1155   LearningRate 0.000966   Epoch: 6   Global Step: 9660   Fp16 Grad Scale: 262144   Required: 160 hours
Training: 2025-04-02 17:49:18,000-Speed 63.21 samples/sec   Loss 0.0975   LearningRate 0.000966   Epoch: 6   Global Step: 9670   Fp16 Grad Scale: 262144   Required: 160 hours
Training: 2025-04-02 17:49:38,289-Speed 63.09 samples/sec   Loss 0.0434   LearningRate 0.000966   Epoch: 6   Global Step: 9680   Fp16 Grad Scale: 262144   Required: 160 hours
Training: 2025-04-02 17:49:58,449-Speed 63.49 samples/sec   Loss 0.0701   LearningRate 0.000966   Epoch: 6   Global Step: 9690   Fp16 Grad Scale: 262144   Required: 160 hours
Training: 2025-04-02 17:50:18,640-Speed 63.40 samples/sec   Loss 0.0903   LearningRate 0.000966   Epoch: 6   Global Step: 9700   Fp16 Grad Scale: 262144   Required: 160 hours
Training: 2025-04-02 17:50:38,833-Speed 63.39 samples/sec   Loss 0.0933   LearningRate 0.000966   Epoch: 6   Global Step: 9710   Fp16 Grad Scale: 262144   Required: 160 hours
Training: 2025-04-02 17:50:59,029-Speed 63.38 samples/sec   Loss 0.0960   LearningRate 0.000966   Epoch: 6   Global Step: 9720   Fp16 Grad Scale: 262144   Required: 160 hours
Training: 2025-04-02 17:51:19,346-Speed 63.01 samples/sec   Loss 0.1050   LearningRate 0.000966   Epoch: 6   Global Step: 9730   Fp16 Grad Scale: 262144   Required: 160 hours
Training: 2025-04-02 17:51:39,549-Speed 63.36 samples/sec   Loss 0.0620   LearningRate 0.000966   Epoch: 6   Global Step: 9740   Fp16 Grad Scale: 262144   Required: 160 hours
Training: 2025-04-02 17:51:59,727-Speed 63.44 samples/sec   Loss 0.1717   LearningRate 0.000966   Epoch: 6   Global Step: 9750   Fp16 Grad Scale: 262144   Required: 160 hours
Training: 2025-04-02 17:52:20,009-Speed 63.11 samples/sec   Loss 0.0623   LearningRate 0.000966   Epoch: 6   Global Step: 9760   Fp16 Grad Scale: 524288   Required: 160 hours
Training: 2025-04-02 17:52:40,250-Speed 63.24 samples/sec   Loss 0.1158   LearningRate 0.000966   Epoch: 6   Global Step: 9770   Fp16 Grad Scale: 524288   Required: 160 hours
Training: 2025-04-02 17:53:00,345-Speed 63.70 samples/sec   Loss 0.1370   LearningRate 0.000966   Epoch: 6   Global Step: 9780   Fp16 Grad Scale: 262144   Required: 160 hours
Training: 2025-04-02 17:53:20,647-Speed 63.05 samples/sec   Loss 0.1875   LearningRate 0.000966   Epoch: 6   Global Step: 9790   Fp16 Grad Scale: 262144   Required: 160 hours
Training: 2025-04-02 17:53:42,810-Speed 57.76 samples/sec   Loss 0.1002   LearningRate 0.000966   Epoch: 6   Global Step: 9800   Fp16 Grad Scale: 262144   Required: 160 hours
Training: 2025-04-02 17:54:03,003-Speed 63.39 samples/sec   Loss 0.1693   LearningRate 0.000966   Epoch: 6   Global Step: 9810   Fp16 Grad Scale: 262144   Required: 160 hours
Training: 2025-04-02 17:54:23,292-Speed 63.09 samples/sec   Loss 0.1470   LearningRate 0.000966   Epoch: 6   Global Step: 9820   Fp16 Grad Scale: 262144   Required: 160 hours
Training: 2025-04-02 17:54:43,402-Speed 63.65 samples/sec   Loss 0.0889   LearningRate 0.000966   Epoch: 6   Global Step: 9830   Fp16 Grad Scale: 262144   Required: 160 hours
Training: 2025-04-02 17:55:03,593-Speed 63.40 samples/sec   Loss 0.1811   LearningRate 0.000965   Epoch: 6   Global Step: 9840   Fp16 Grad Scale: 262144   Required: 160 hours
Training: 2025-04-02 17:55:23,911-Speed 63.00 samples/sec   Loss 0.1181   LearningRate 0.000965   Epoch: 6   Global Step: 9850   Fp16 Grad Scale: 262144   Required: 160 hours
Training: 2025-04-02 17:55:44,155-Speed 63.23 samples/sec   Loss 0.1050   LearningRate 0.000965   Epoch: 6   Global Step: 9860   Fp16 Grad Scale: 262144   Required: 160 hours
Training: 2025-04-02 17:56:04,412-Speed 63.19 samples/sec   Loss 0.1180   LearningRate 0.000965   Epoch: 6   Global Step: 9870   Fp16 Grad Scale: 262144   Required: 160 hours
Training: 2025-04-02 17:56:24,577-Speed 63.48 samples/sec   Loss 0.1380   LearningRate 0.000965   Epoch: 6   Global Step: 9880   Fp16 Grad Scale: 524288   Required: 160 hours
Training: 2025-04-02 17:56:44,694-Speed 63.63 samples/sec   Loss 0.0865   LearningRate 0.000965   Epoch: 6   Global Step: 9890   Fp16 Grad Scale: 524288   Required: 160 hours
Training: 2025-04-02 17:57:04,862-Speed 63.47 samples/sec   Loss 0.1944   LearningRate 0.000965   Epoch: 6   Global Step: 9900   Fp16 Grad Scale: 524288   Required: 160 hours
Training: 2025-04-02 17:57:25,081-Speed 63.31 samples/sec   Loss 0.1109   LearningRate 0.000965   Epoch: 6   Global Step: 9910   Fp16 Grad Scale: 524288   Required: 160 hours
Training: 2025-04-02 17:57:45,293-Speed 63.33 samples/sec   Loss 0.0690   LearningRate 0.000965   Epoch: 6   Global Step: 9920   Fp16 Grad Scale: 524288   Required: 160 hours
Training: 2025-04-02 17:58:05,510-Speed 63.31 samples/sec   Loss 0.0908   LearningRate 0.000965   Epoch: 6   Global Step: 9930   Fp16 Grad Scale: 524288   Required: 160 hours
Training: 2025-04-02 17:58:25,763-Speed 63.20 samples/sec   Loss 0.1111   LearningRate 0.000965   Epoch: 6   Global Step: 9940   Fp16 Grad Scale: 524288   Required: 160 hours
Training: 2025-04-02 17:58:47,699-Speed 58.35 samples/sec   Loss 0.1161   LearningRate 0.000965   Epoch: 6   Global Step: 9950   Fp16 Grad Scale: 524288   Required: 160 hours
Training: 2025-04-02 17:59:07,846-Speed 63.53 samples/sec   Loss 0.1114   LearningRate 0.000965   Epoch: 6   Global Step: 9960   Fp16 Grad Scale: 524288   Required: 160 hours
Training: 2025-04-02 17:59:28,052-Speed 63.35 samples/sec   Loss 0.0729   LearningRate 0.000965   Epoch: 6   Global Step: 9970   Fp16 Grad Scale: 524288   Required: 160 hours
Training: 2025-04-02 17:59:46,809-Speed 68.24 samples/sec   Loss 0.0953   LearningRate 0.000965   Epoch: 6   Global Step: 9980   Fp16 Grad Scale: 1048576   Required: 160 hours
Training: 2025-04-02 18:00:10,446-Speed 54.16 samples/sec   Loss 0.0497   LearningRate 0.000965   Epoch: 7   Global Step: 9990   Fp16 Grad Scale: 1048576   Required: 160 hours
Training: 2025-04-02 18:00:30,657-Speed 63.33 samples/sec   Loss 0.0386   LearningRate 0.000965   Epoch: 7   Global Step: 10000   Fp16 Grad Scale: 1048576   Required: 160 hours
net_out.shape: torch.Size([128, 512])
net_out.shape: torch.Size([128, 512])
net_out.shape: torch.Size([128, 512])
net_out.shape: torch.Size([128, 512])
net_out.shape: torch.Size([128, 512])
net_out.shape: torch.Size([128, 512])
net_out.shape: torch.Size([128, 512])
net_out.shape: torch.Size([128, 512])
net_out.shape: torch.Size([128, 512])
net_out.shape: torch.Size([128, 512])
net_out.shape: torch.Size([128, 512])
net_out.shape: torch.Size([128, 512])
net_out.shape: torch.Size([128, 512])
net_out.shape: torch.Size([128, 512])
net_out.shape: torch.Size([128, 512])
net_out.shape: torch.Size([128, 512])
net_out.shape: torch.Size([128, 512])
net_out.shape: torch.Size([128, 512])
net_out.shape: torch.Size([128, 512])
net_out.shape: torch.Size([128, 512])
net_out.shape: torch.Size([128, 512])
net_out.shape: torch.Size([128, 512])
net_out.shape: torch.Size([128, 512])
net_out.shape: torch.Size([128, 512])
net_out.shape: torch.Size([128, 512])
net_out.shape: torch.Size([128, 512])
net_out.shape: torch.Size([128, 512])
net_out.shape: torch.Size([128, 512])
net_out.shape: torch.Size([128, 512])
net_out.shape: torch.Size([128, 512])
net_out.shape: torch.Size([128, 512])
net_out.shape: torch.Size([128, 512])
net_out.shape: torch.Size([128, 512])
net_out.shape: torch.Size([128, 512])
net_out.shape: torch.Size([128, 512])
net_out.shape: torch.Size([128, 512])
net_out.shape: torch.Size([128, 512])
net_out.shape: torch.Size([128, 512])
net_out.shape: torch.Size([128, 512])
net_out.shape: torch.Size([128, 512])
net_out.shape: torch.Size([128, 512])
net_out.shape: torch.Size([128, 512])
net_out.shape: torch.Size([128, 512])
net_out.shape: torch.Size([128, 512])
net_out.shape: torch.Size([128, 512])
net_out.shape: torch.Size([128, 512])
net_out.shape: torch.Size([128, 512])
net_out.shape: torch.Size([128, 512])
net_out.shape: torch.Size([128, 512])
net_out.shape: torch.Size([128, 512])
net_out.shape: torch.Size([128, 512])
net_out.shape: torch.Size([128, 512])
net_out.shape: torch.Size([128, 512])
net_out.shape: torch.Size([128, 512])
net_out.shape: torch.Size([128, 512])
net_out.shape: torch.Size([128, 512])
net_out.shape: torch.Size([128, 512])
net_out.shape: torch.Size([128, 512])
net_out.shape: torch.Size([128, 512])
net_out.shape: torch.Size([128, 512])
net_out.shape: torch.Size([128, 512])
net_out.shape: torch.Size([128, 512])
net_out.shape: torch.Size([128, 512])
net_out.shape: torch.Size([128, 512])
Training: 2025-04-02 18:01:41,225-[val][Global step: 10000] d prime: 6.828874588012695
Model saved with d prime score: 6.828874588012695
Training: 2025-04-02 18:02:03,267-Speed 13.82 samples/sec   Loss 0.0215   LearningRate 0.000965   Epoch: 7   Global Step: 10010   Fp16 Grad Scale: 1048576   Required: 160 hours
Training: 2025-04-02 18:02:23,456-Speed 63.40 samples/sec   Loss 0.0745   LearningRate 0.000965   Epoch: 7   Global Step: 10020   Fp16 Grad Scale: 1048576   Required: 160 hours
Training: 2025-04-02 18:02:43,798-Speed 62.93 samples/sec   Loss 0.0333   LearningRate 0.000965   Epoch: 7   Global Step: 10030   Fp16 Grad Scale: 1048576   Required: 160 hours
Training: 2025-04-02 18:03:04,074-Speed 63.13 samples/sec   Loss 0.0859   LearningRate 0.000965   Epoch: 7   Global Step: 10040   Fp16 Grad Scale: 1048576   Required: 160 hours
Training: 2025-04-02 18:03:24,349-Speed 63.13 samples/sec   Loss 0.0280   LearningRate 0.000965   Epoch: 7   Global Step: 10050   Fp16 Grad Scale: 1048576   Required: 160 hours
Training: 2025-04-02 18:03:46,318-Speed 58.27 samples/sec   Loss 0.0831   LearningRate 0.000965   Epoch: 7   Global Step: 10060   Fp16 Grad Scale: 1048576   Required: 160 hours
Training: 2025-04-02 18:04:06,601-Speed 63.11 samples/sec   Loss 0.0207   LearningRate 0.000965   Epoch: 7   Global Step: 10070   Fp16 Grad Scale: 1048576   Required: 160 hours
Training: 2025-04-02 18:04:26,762-Speed 63.49 samples/sec   Loss 0.0260   LearningRate 0.000965   Epoch: 7   Global Step: 10080   Fp16 Grad Scale: 1048576   Required: 160 hours
Training: 2025-04-02 18:04:46,960-Speed 63.38 samples/sec   Loss 0.0193   LearningRate 0.000965   Epoch: 7   Global Step: 10090   Fp16 Grad Scale: 1048576   Required: 160 hours
Training: 2025-04-02 18:05:07,181-Speed 63.30 samples/sec   Loss 0.0337   LearningRate 0.000965   Epoch: 7   Global Step: 10100   Fp16 Grad Scale: 1048576   Required: 160 hours
Training: 2025-04-02 18:05:27,337-Speed 63.51 samples/sec   Loss 0.0454   LearningRate 0.000965   Epoch: 7   Global Step: 10110   Fp16 Grad Scale: 1048576   Required: 160 hours
Training: 2025-04-02 18:05:47,512-Speed 63.45 samples/sec   Loss 0.0329   LearningRate 0.000965   Epoch: 7   Global Step: 10120   Fp16 Grad Scale: 1048576   Required: 160 hours
Training: 2025-04-02 18:06:07,694-Speed 63.42 samples/sec   Loss 0.0218   LearningRate 0.000964   Epoch: 7   Global Step: 10130   Fp16 Grad Scale: 1048576   Required: 160 hours
Training: 2025-04-02 18:06:27,839-Speed 63.54 samples/sec   Loss 0.0245   LearningRate 0.000964   Epoch: 7   Global Step: 10140   Fp16 Grad Scale: 1048576   Required: 160 hours
Training: 2025-04-02 18:06:48,059-Speed 63.31 samples/sec   Loss 0.0651   LearningRate 0.000964   Epoch: 7   Global Step: 10150   Fp16 Grad Scale: 1048576   Required: 160 hours
Training: 2025-04-02 18:07:08,252-Speed 63.39 samples/sec   Loss 0.0861   LearningRate 0.000964   Epoch: 7   Global Step: 10160   Fp16 Grad Scale: 1048576   Required: 160 hours
Training: 2025-04-02 18:07:28,489-Speed 63.25 samples/sec   Loss 0.0277   LearningRate 0.000964   Epoch: 7   Global Step: 10170   Fp16 Grad Scale: 1048576   Required: 160 hours
Training: 2025-04-02 18:07:48,685-Speed 63.38 samples/sec   Loss 0.1125   LearningRate 0.000964   Epoch: 7   Global Step: 10180   Fp16 Grad Scale: 2097152   Required: 160 hours
Training: 2025-04-02 18:08:08,917-Speed 63.27 samples/sec   Loss 0.0923   LearningRate 0.000964   Epoch: 7   Global Step: 10190   Fp16 Grad Scale: 2097152   Required: 160 hours
Training: 2025-04-02 18:08:29,149-Speed 63.27 samples/sec   Loss 0.0743   LearningRate 0.000964   Epoch: 7   Global Step: 10200   Fp16 Grad Scale: 1048576   Required: 160 hours
Training: 2025-04-02 18:08:51,396-Speed 57.54 samples/sec   Loss 0.0303   LearningRate 0.000964   Epoch: 7   Global Step: 10210   Fp16 Grad Scale: 1048576   Required: 160 hours
Training: 2025-04-02 18:09:11,633-Speed 63.25 samples/sec   Loss 0.0611   LearningRate 0.000964   Epoch: 7   Global Step: 10220   Fp16 Grad Scale: 1048576   Required: 160 hours
Training: 2025-04-02 18:09:31,873-Speed 63.24 samples/sec   Loss 0.0406   LearningRate 0.000964   Epoch: 7   Global Step: 10230   Fp16 Grad Scale: 1048576   Required: 160 hours
Training: 2025-04-02 18:09:52,109-Speed 63.25 samples/sec   Loss 0.0479   LearningRate 0.000964   Epoch: 7   Global Step: 10240   Fp16 Grad Scale: 1048576   Required: 160 hours
Training: 2025-04-02 18:10:12,302-Speed 63.39 samples/sec   Loss 0.0297   LearningRate 0.000964   Epoch: 7   Global Step: 10250   Fp16 Grad Scale: 1048576   Required: 160 hours
Training: 2025-04-02 18:10:32,529-Speed 63.28 samples/sec   Loss 0.0459   LearningRate 0.000964   Epoch: 7   Global Step: 10260   Fp16 Grad Scale: 1048576   Required: 160 hours
Training: 2025-04-02 18:10:52,720-Speed 63.40 samples/sec   Loss 0.0509   LearningRate 0.000964   Epoch: 7   Global Step: 10270   Fp16 Grad Scale: 1048576   Required: 160 hours
Training: 2025-04-02 18:11:12,905-Speed 63.42 samples/sec   Loss 0.0485   LearningRate 0.000964   Epoch: 7   Global Step: 10280   Fp16 Grad Scale: 524288   Required: 160 hours
Training: 2025-04-02 18:11:33,088-Speed 63.42 samples/sec   Loss 0.0476   LearningRate 0.000964   Epoch: 7   Global Step: 10290   Fp16 Grad Scale: 524288   Required: 160 hours
Training: 2025-04-02 18:11:53,360-Speed 63.14 samples/sec   Loss 0.0355   LearningRate 0.000964   Epoch: 7   Global Step: 10300   Fp16 Grad Scale: 524288   Required: 160 hours
Training: 2025-04-02 18:12:13,489-Speed 63.59 samples/sec   Loss 0.0453   LearningRate 0.000964   Epoch: 7   Global Step: 10310   Fp16 Grad Scale: 524288   Required: 160 hours
Training: 2025-04-02 18:12:33,681-Speed 63.39 samples/sec   Loss 0.0572   LearningRate 0.000964   Epoch: 7   Global Step: 10320   Fp16 Grad Scale: 524288   Required: 160 hours
Training: 2025-04-02 18:12:53,896-Speed 63.32 samples/sec   Loss 0.0750   LearningRate 0.000964   Epoch: 7   Global Step: 10330   Fp16 Grad Scale: 524288   Required: 160 hours
Training: 2025-04-02 18:13:14,128-Speed 63.27 samples/sec   Loss 0.0683   LearningRate 0.000964   Epoch: 7   Global Step: 10340   Fp16 Grad Scale: 524288   Required: 160 hours
Training: 2025-04-02 18:13:34,327-Speed 63.37 samples/sec   Loss 0.1023   LearningRate 0.000964   Epoch: 7   Global Step: 10350   Fp16 Grad Scale: 524288   Required: 160 hours
Training: 2025-04-02 18:13:56,625-Speed 57.41 samples/sec   Loss 0.0467   LearningRate 0.000964   Epoch: 7   Global Step: 10360   Fp16 Grad Scale: 524288   Required: 160 hours
Training: 2025-04-02 18:14:16,863-Speed 63.25 samples/sec   Loss 0.0631   LearningRate 0.000964   Epoch: 7   Global Step: 10370   Fp16 Grad Scale: 524288   Required: 160 hours
Training: 2025-04-02 18:14:37,088-Speed 63.29 samples/sec   Loss 0.0862   LearningRate 0.000964   Epoch: 7   Global Step: 10380   Fp16 Grad Scale: 1048576   Required: 160 hours
Training: 2025-04-02 18:14:57,389-Speed 63.06 samples/sec   Loss 0.0611   LearningRate 0.000964   Epoch: 7   Global Step: 10390   Fp16 Grad Scale: 1048576   Required: 160 hours
Training: 2025-04-02 18:15:17,543-Speed 63.51 samples/sec   Loss 0.0409   LearningRate 0.000964   Epoch: 7   Global Step: 10400   Fp16 Grad Scale: 1048576   Required: 160 hours
Training: 2025-04-02 18:15:37,743-Speed 63.37 samples/sec   Loss 0.0535   LearningRate 0.000963   Epoch: 7   Global Step: 10410   Fp16 Grad Scale: 1048576   Required: 160 hours
Training: 2025-04-02 18:15:57,883-Speed 63.56 samples/sec   Loss 0.0540   LearningRate 0.000963   Epoch: 7   Global Step: 10420   Fp16 Grad Scale: 524288   Required: 160 hours
Training: 2025-04-02 18:16:18,246-Speed 62.86 samples/sec   Loss 0.0391   LearningRate 0.000963   Epoch: 7   Global Step: 10430   Fp16 Grad Scale: 524288   Required: 160 hours
Training: 2025-04-02 18:16:38,488-Speed 63.24 samples/sec   Loss 0.0285   LearningRate 0.000963   Epoch: 7   Global Step: 10440   Fp16 Grad Scale: 524288   Required: 160 hours
Training: 2025-04-02 18:16:58,678-Speed 63.40 samples/sec   Loss 0.0249   LearningRate 0.000963   Epoch: 7   Global Step: 10450   Fp16 Grad Scale: 524288   Required: 160 hours
Training: 2025-04-02 18:17:18,889-Speed 63.33 samples/sec   Loss 0.0970   LearningRate 0.000963   Epoch: 7   Global Step: 10460   Fp16 Grad Scale: 524288   Required: 160 hours
Training: 2025-04-02 18:17:39,160-Speed 63.15 samples/sec   Loss 0.0373   LearningRate 0.000963   Epoch: 7   Global Step: 10470   Fp16 Grad Scale: 524288   Required: 160 hours
Training: 2025-04-02 18:17:59,383-Speed 63.29 samples/sec   Loss 0.0607   LearningRate 0.000963   Epoch: 7   Global Step: 10480   Fp16 Grad Scale: 524288   Required: 160 hours
Training: 2025-04-02 18:18:19,570-Speed 63.41 samples/sec   Loss 0.0944   LearningRate 0.000963   Epoch: 7   Global Step: 10490   Fp16 Grad Scale: 524288   Required: 160 hours
Training: 2025-04-02 18:18:39,874-Speed 63.04 samples/sec   Loss 0.0567   LearningRate 0.000963   Epoch: 7   Global Step: 10500   Fp16 Grad Scale: 524288   Required: 160 hours
Training: 2025-04-02 18:19:01,951-Speed 57.98 samples/sec   Loss 0.0726   LearningRate 0.000963   Epoch: 7   Global Step: 10510   Fp16 Grad Scale: 524288   Required: 160 hours
Training: 2025-04-02 18:19:22,111-Speed 63.49 samples/sec   Loss 0.0704   LearningRate 0.000963   Epoch: 7   Global Step: 10520   Fp16 Grad Scale: 524288   Required: 160 hours
Training: 2025-04-02 18:19:42,343-Speed 63.27 samples/sec   Loss 0.0663   LearningRate 0.000963   Epoch: 7   Global Step: 10530   Fp16 Grad Scale: 524288   Required: 160 hours
Training: 2025-04-02 18:20:02,552-Speed 63.34 samples/sec   Loss 0.0449   LearningRate 0.000963   Epoch: 7   Global Step: 10540   Fp16 Grad Scale: 524288   Required: 160 hours
Training: 2025-04-02 18:20:22,848-Speed 63.07 samples/sec   Loss 0.0670   LearningRate 0.000963   Epoch: 7   Global Step: 10550   Fp16 Grad Scale: 524288   Required: 160 hours
Training: 2025-04-02 18:20:43,069-Speed 63.30 samples/sec   Loss 0.0929   LearningRate 0.000963   Epoch: 7   Global Step: 10560   Fp16 Grad Scale: 524288   Required: 160 hours
Training: 2025-04-02 18:21:03,345-Speed 63.13 samples/sec   Loss 0.0620   LearningRate 0.000963   Epoch: 7   Global Step: 10570   Fp16 Grad Scale: 524288   Required: 160 hours
Training: 2025-04-02 18:21:23,537-Speed 63.40 samples/sec   Loss 0.0927   LearningRate 0.000963   Epoch: 7   Global Step: 10580   Fp16 Grad Scale: 524288   Required: 160 hours
Training: 2025-04-02 18:21:43,728-Speed 63.39 samples/sec   Loss 0.1082   LearningRate 0.000963   Epoch: 7   Global Step: 10590   Fp16 Grad Scale: 524288   Required: 160 hours
Training: 2025-04-02 18:22:03,943-Speed 63.32 samples/sec   Loss 0.0903   LearningRate 0.000963   Epoch: 7   Global Step: 10600   Fp16 Grad Scale: 524288   Required: 160 hours
Training: 2025-04-02 18:22:24,169-Speed 63.29 samples/sec   Loss 0.0480   LearningRate 0.000963   Epoch: 7   Global Step: 10610   Fp16 Grad Scale: 524288   Required: 160 hours
Training: 2025-04-02 18:22:44,352-Speed 63.42 samples/sec   Loss 0.0783   LearningRate 0.000963   Epoch: 7   Global Step: 10620   Fp16 Grad Scale: 1048576   Required: 160 hours
Training: 2025-04-02 18:23:04,509-Speed 63.50 samples/sec   Loss 0.0512   LearningRate 0.000963   Epoch: 7   Global Step: 10630   Fp16 Grad Scale: 1048576   Required: 160 hours
Training: 2025-04-02 18:23:24,748-Speed 63.25 samples/sec   Loss 0.0363   LearningRate 0.000963   Epoch: 7   Global Step: 10640   Fp16 Grad Scale: 1048576   Required: 160 hours
Training: 2025-04-02 18:23:44,960-Speed 63.33 samples/sec   Loss 0.0538   LearningRate 0.000963   Epoch: 7   Global Step: 10650   Fp16 Grad Scale: 1048576   Required: 160 hours
Training: 2025-04-02 18:24:06,829-Speed 58.53 samples/sec   Loss 0.0549   LearningRate 0.000963   Epoch: 7   Global Step: 10660   Fp16 Grad Scale: 1048576   Required: 160 hours
Training: 2025-04-02 18:24:27,016-Speed 63.41 samples/sec   Loss 0.1123   LearningRate 0.000963   Epoch: 7   Global Step: 10670   Fp16 Grad Scale: 1048576   Required: 160 hours
Training: 2025-04-02 18:24:47,230-Speed 63.33 samples/sec   Loss 0.0936   LearningRate 0.000963   Epoch: 7   Global Step: 10680   Fp16 Grad Scale: 1048576   Required: 160 hours
Training: 2025-04-02 18:25:07,449-Speed 63.31 samples/sec   Loss 0.0533   LearningRate 0.000963   Epoch: 7   Global Step: 10690   Fp16 Grad Scale: 1048576   Required: 160 hours
Training: 2025-04-02 18:25:27,669-Speed 63.30 samples/sec   Loss 0.0362   LearningRate 0.000962   Epoch: 7   Global Step: 10700   Fp16 Grad Scale: 1048576   Required: 160 hours
Training: 2025-04-02 18:25:47,928-Speed 63.18 samples/sec   Loss 0.1572   LearningRate 0.000962   Epoch: 7   Global Step: 10710   Fp16 Grad Scale: 1048576   Required: 160 hours
Training: 2025-04-02 18:26:08,147-Speed 63.31 samples/sec   Loss 0.0524   LearningRate 0.000962   Epoch: 7   Global Step: 10720   Fp16 Grad Scale: 2097152   Required: 160 hours
Training: 2025-04-02 18:26:28,392-Speed 63.23 samples/sec   Loss 0.0453   LearningRate 0.000962   Epoch: 7   Global Step: 10730   Fp16 Grad Scale: 2097152   Required: 160 hours
Training: 2025-04-02 18:26:48,590-Speed 63.37 samples/sec   Loss 0.0412   LearningRate 0.000962   Epoch: 7   Global Step: 10740   Fp16 Grad Scale: 1048576   Required: 160 hours
Training: 2025-04-02 18:27:08,762-Speed 63.46 samples/sec   Loss 0.0644   LearningRate 0.000962   Epoch: 7   Global Step: 10750   Fp16 Grad Scale: 1048576   Required: 160 hours
Training: 2025-04-02 18:27:28,937-Speed 63.45 samples/sec   Loss 0.0439   LearningRate 0.000962   Epoch: 7   Global Step: 10760   Fp16 Grad Scale: 1048576   Required: 160 hours
Training: 2025-04-02 18:27:49,105-Speed 63.47 samples/sec   Loss 0.0422   LearningRate 0.000962   Epoch: 7   Global Step: 10770   Fp16 Grad Scale: 1048576   Required: 160 hours
Training: 2025-04-02 18:28:12,948-Speed 63.24 samples/sec   Loss 0.0826   LearningRate 0.000962   Epoch: 7   Global Step: 10780   Fp16 Grad Scale: 1048576   Required: 160 hours
Training: 2025-04-02 18:28:33,154-Speed 63.35 samples/sec   Loss 0.0762   LearningRate 0.000962   Epoch: 7   Global Step: 10790   Fp16 Grad Scale: 1048576   Required: 160 hours
Training: 2025-04-02 18:28:55,308-Speed 57.78 samples/sec   Loss 0.0384   LearningRate 0.000962   Epoch: 7   Global Step: 10800   Fp16 Grad Scale: 1048576   Required: 160 hours
Training: 2025-04-02 18:29:15,507-Speed 63.37 samples/sec   Loss 0.1501   LearningRate 0.000962   Epoch: 7   Global Step: 10810   Fp16 Grad Scale: 1048576   Required: 160 hours
Training: 2025-04-02 18:29:35,713-Speed 63.35 samples/sec   Loss 0.0485   LearningRate 0.000962   Epoch: 7   Global Step: 10820   Fp16 Grad Scale: 1048576   Required: 160 hours
Training: 2025-04-02 18:29:55,886-Speed 63.45 samples/sec   Loss 0.0373   LearningRate 0.000962   Epoch: 7   Global Step: 10830   Fp16 Grad Scale: 1048576   Required: 160 hours
Training: 2025-04-02 18:30:16,065-Speed 63.44 samples/sec   Loss 0.0949   LearningRate 0.000962   Epoch: 7   Global Step: 10840   Fp16 Grad Scale: 1048576   Required: 160 hours
Training: 2025-04-02 18:30:36,262-Speed 63.38 samples/sec   Loss 0.0616   LearningRate 0.000962   Epoch: 7   Global Step: 10850   Fp16 Grad Scale: 1048576   Required: 160 hours
Training: 2025-04-02 18:30:56,420-Speed 63.50 samples/sec   Loss 0.0575   LearningRate 0.000962   Epoch: 7   Global Step: 10860   Fp16 Grad Scale: 1048576   Required: 160 hours
Training: 2025-04-02 18:31:16,637-Speed 63.31 samples/sec   Loss 0.0697   LearningRate 0.000962   Epoch: 7   Global Step: 10870   Fp16 Grad Scale: 1048576   Required: 160 hours
Training: 2025-04-02 18:31:36,852-Speed 63.32 samples/sec   Loss 0.0357   LearningRate 0.000962   Epoch: 7   Global Step: 10880   Fp16 Grad Scale: 1048576   Required: 160 hours
Training: 2025-04-02 18:31:56,998-Speed 63.54 samples/sec   Loss 0.0637   LearningRate 0.000962   Epoch: 7   Global Step: 10890   Fp16 Grad Scale: 1048576   Required: 160 hours
Training: 2025-04-02 18:32:17,322-Speed 62.98 samples/sec   Loss 0.0205   LearningRate 0.000962   Epoch: 7   Global Step: 10900   Fp16 Grad Scale: 1048576   Required: 160 hours
Training: 2025-04-02 18:32:37,521-Speed 63.37 samples/sec   Loss 0.0694   LearningRate 0.000962   Epoch: 7   Global Step: 10910   Fp16 Grad Scale: 1048576   Required: 160 hours
Training: 2025-04-02 18:32:57,671-Speed 63.52 samples/sec   Loss 0.1006   LearningRate 0.000962   Epoch: 7   Global Step: 10920   Fp16 Grad Scale: 524288   Required: 159 hours
Training: 2025-04-02 18:33:30,606-Speed 63.41 samples/sec   Loss 0.1103   LearningRate 0.000962   Epoch: 7   Global Step: 10930   Fp16 Grad Scale: 524288   Required: 160 hours
Training: 2025-04-02 18:33:50,926-Speed 62.99 samples/sec   Loss 0.0485   LearningRate 0.000962   Epoch: 7   Global Step: 10940   Fp16 Grad Scale: 524288   Required: 160 hours
Training: 2025-04-02 18:34:12,917-Speed 58.21 samples/sec   Loss 0.0752   LearningRate 0.000962   Epoch: 7   Global Step: 10950   Fp16 Grad Scale: 524288   Required: 160 hours
Training: 2025-04-02 18:34:33,118-Speed 63.37 samples/sec   Loss 0.0941   LearningRate 0.000962   Epoch: 7   Global Step: 10960   Fp16 Grad Scale: 524288   Required: 160 hours
Training: 2025-04-02 18:34:53,347-Speed 63.28 samples/sec   Loss 0.0368   LearningRate 0.000962   Epoch: 7   Global Step: 10970   Fp16 Grad Scale: 524288   Required: 160 hours
Training: 2025-04-02 18:35:13,666-Speed 63.00 samples/sec   Loss 0.0889   LearningRate 0.000962   Epoch: 7   Global Step: 10980   Fp16 Grad Scale: 524288   Required: 160 hours
Training: 2025-04-02 18:35:33,874-Speed 63.34 samples/sec   Loss 0.1038   LearningRate 0.000961   Epoch: 7   Global Step: 10990   Fp16 Grad Scale: 524288   Required: 160 hours
Training: 2025-04-02 18:35:54,063-Speed 63.40 samples/sec   Loss 0.0640   LearningRate 0.000961   Epoch: 7   Global Step: 11000   Fp16 Grad Scale: 524288   Required: 160 hours
Training: 2025-04-02 18:36:14,334-Speed 63.15 samples/sec   Loss 0.0503   LearningRate 0.000961   Epoch: 7   Global Step: 11010   Fp16 Grad Scale: 524288   Required: 160 hours
Training: 2025-04-02 18:36:34,601-Speed 63.16 samples/sec   Loss 0.0362   LearningRate 0.000961   Epoch: 7   Global Step: 11020   Fp16 Grad Scale: 1048576   Required: 159 hours
Training: 2025-04-02 18:36:54,938-Speed 62.94 samples/sec   Loss 0.0537   LearningRate 0.000961   Epoch: 7   Global Step: 11030   Fp16 Grad Scale: 1048576   Required: 159 hours
Training: 2025-04-02 18:37:15,109-Speed 63.46 samples/sec   Loss 0.1079   LearningRate 0.000961   Epoch: 7   Global Step: 11040   Fp16 Grad Scale: 1048576   Required: 159 hours
Training: 2025-04-02 18:37:35,282-Speed 63.45 samples/sec   Loss 0.0655   LearningRate 0.000961   Epoch: 7   Global Step: 11050   Fp16 Grad Scale: 1048576   Required: 159 hours
Training: 2025-04-02 18:37:55,558-Speed 63.13 samples/sec   Loss 0.0558   LearningRate 0.000961   Epoch: 7   Global Step: 11060   Fp16 Grad Scale: 1048576   Required: 159 hours
Training: 2025-04-02 18:38:15,738-Speed 63.43 samples/sec   Loss 0.0575   LearningRate 0.000961   Epoch: 7   Global Step: 11070   Fp16 Grad Scale: 1048576   Required: 159 hours
Training: 2025-04-02 18:38:37,765-Speed 63.02 samples/sec   Loss 0.1001   LearningRate 0.000961   Epoch: 7   Global Step: 11080   Fp16 Grad Scale: 1048576   Required: 159 hours
Training: 2025-04-02 18:38:57,945-Speed 63.43 samples/sec   Loss 0.1196   LearningRate 0.000961   Epoch: 7   Global Step: 11090   Fp16 Grad Scale: 524288   Required: 159 hours
Training: 2025-04-02 18:39:20,028-Speed 57.96 samples/sec   Loss 0.1155   LearningRate 0.000961   Epoch: 7   Global Step: 11100   Fp16 Grad Scale: 524288   Required: 159 hours
Training: 2025-04-02 18:39:40,171-Speed 63.55 samples/sec   Loss 0.0696   LearningRate 0.000961   Epoch: 7   Global Step: 11110   Fp16 Grad Scale: 524288   Required: 159 hours
Training: 2025-04-02 18:40:00,414-Speed 63.23 samples/sec   Loss 0.1177   LearningRate 0.000961   Epoch: 7   Global Step: 11120   Fp16 Grad Scale: 524288   Required: 159 hours
Training: 2025-04-02 18:40:20,584-Speed 63.46 samples/sec   Loss 0.0679   LearningRate 0.000961   Epoch: 7   Global Step: 11130   Fp16 Grad Scale: 524288   Required: 159 hours
Training: 2025-04-02 18:40:40,792-Speed 63.34 samples/sec   Loss 0.1002   LearningRate 0.000961   Epoch: 7   Global Step: 11140   Fp16 Grad Scale: 524288   Required: 159 hours
Training: 2025-04-02 18:41:00,964-Speed 63.45 samples/sec   Loss 0.0578   LearningRate 0.000961   Epoch: 7   Global Step: 11150   Fp16 Grad Scale: 524288   Required: 159 hours
Training: 2025-04-02 18:41:21,135-Speed 63.46 samples/sec   Loss 0.1710   LearningRate 0.000961   Epoch: 7   Global Step: 11160   Fp16 Grad Scale: 524288   Required: 159 hours
Training: 2025-04-02 18:41:41,344-Speed 63.34 samples/sec   Loss 0.0860   LearningRate 0.000961   Epoch: 7   Global Step: 11170   Fp16 Grad Scale: 524288   Required: 159 hours
Training: 2025-04-02 18:42:01,536-Speed 63.39 samples/sec   Loss 0.0890   LearningRate 0.000961   Epoch: 7   Global Step: 11180   Fp16 Grad Scale: 524288   Required: 159 hours
Training: 2025-04-02 18:42:21,684-Speed 63.53 samples/sec   Loss 0.0437   LearningRate 0.000961   Epoch: 7   Global Step: 11190   Fp16 Grad Scale: 1048576   Required: 159 hours
Training: 2025-04-02 18:42:41,890-Speed 63.35 samples/sec   Loss 0.0462   LearningRate 0.000961   Epoch: 7   Global Step: 11200   Fp16 Grad Scale: 1048576   Required: 159 hours
Training: 2025-04-02 18:43:02,074-Speed 63.42 samples/sec   Loss 0.1042   LearningRate 0.000961   Epoch: 7   Global Step: 11210   Fp16 Grad Scale: 1048576   Required: 159 hours
Training: 2025-04-02 18:43:22,227-Speed 63.51 samples/sec   Loss 0.0462   LearningRate 0.000961   Epoch: 7   Global Step: 11220   Fp16 Grad Scale: 1048576   Required: 159 hours
Training: 2025-04-02 18:44:04,513-Speed 60.63 samples/sec   Loss 0.1136   LearningRate 0.000961   Epoch: 7   Global Step: 11230   Fp16 Grad Scale: 1048576   Required: 159 hours
Training: 2025-04-02 18:44:25,661-Speed 60.53 samples/sec   Loss 0.1014   LearningRate 0.000961   Epoch: 7   Global Step: 11240   Fp16 Grad Scale: 524288   Required: 159 hours
Training: 2025-04-02 18:44:45,861-Speed 63.37 samples/sec   Loss 0.1030   LearningRate 0.000961   Epoch: 7   Global Step: 11250   Fp16 Grad Scale: 524288   Required: 159 hours
Training: 2025-04-02 18:45:06,052-Speed 63.40 samples/sec   Loss 0.1319   LearningRate 0.000961   Epoch: 7   Global Step: 11260   Fp16 Grad Scale: 524288   Required: 159 hours
Training: 2025-04-02 18:45:26,231-Speed 63.43 samples/sec   Loss 0.1011   LearningRate 0.000960   Epoch: 7   Global Step: 11270   Fp16 Grad Scale: 262144   Required: 159 hours
Training: 2025-04-02 18:45:46,375-Speed 63.54 samples/sec   Loss 0.0971   LearningRate 0.000960   Epoch: 7   Global Step: 11280   Fp16 Grad Scale: 262144   Required: 159 hours
Training: 2025-04-02 18:46:06,550-Speed 63.45 samples/sec   Loss 0.0816   LearningRate 0.000960   Epoch: 7   Global Step: 11290   Fp16 Grad Scale: 262144   Required: 159 hours
Training: 2025-04-02 18:46:26,705-Speed 63.51 samples/sec   Loss 0.0709   LearningRate 0.000960   Epoch: 7   Global Step: 11300   Fp16 Grad Scale: 262144   Required: 159 hours
Training: 2025-04-02 18:46:46,984-Speed 63.12 samples/sec   Loss 0.0861   LearningRate 0.000960   Epoch: 7   Global Step: 11310   Fp16 Grad Scale: 262144   Required: 159 hours
Training: 2025-04-02 18:47:07,161-Speed 63.44 samples/sec   Loss 0.1228   LearningRate 0.000960   Epoch: 7   Global Step: 11320   Fp16 Grad Scale: 262144   Required: 159 hours
Training: 2025-04-02 18:47:27,370-Speed 63.34 samples/sec   Loss 0.0905   LearningRate 0.000960   Epoch: 7   Global Step: 11330   Fp16 Grad Scale: 262144   Required: 159 hours
Training: 2025-04-02 18:47:47,557-Speed 63.41 samples/sec   Loss 0.0552   LearningRate 0.000960   Epoch: 7   Global Step: 11340   Fp16 Grad Scale: 262144   Required: 159 hours
Training: 2025-04-02 18:48:07,739-Speed 63.42 samples/sec   Loss 0.1026   LearningRate 0.000960   Epoch: 7   Global Step: 11350   Fp16 Grad Scale: 262144   Required: 159 hours
Training: 2025-04-02 18:48:27,950-Speed 63.34 samples/sec   Loss 0.0549   LearningRate 0.000960   Epoch: 7   Global Step: 11360   Fp16 Grad Scale: 262144   Required: 159 hours
Training: 2025-04-02 18:48:48,184-Speed 63.26 samples/sec   Loss 0.0588   LearningRate 0.000960   Epoch: 7   Global Step: 11370   Fp16 Grad Scale: 524288   Required: 159 hours
Training: 2025-04-02 18:49:16,023-Speed 57.58 samples/sec   Loss 0.0265   LearningRate 0.000960   Epoch: 7   Global Step: 11380   Fp16 Grad Scale: 524288   Required: 159 hours
Training: 2025-04-02 18:49:36,236-Speed 63.33 samples/sec   Loss 0.0504   LearningRate 0.000960   Epoch: 7   Global Step: 11390   Fp16 Grad Scale: 524288   Required: 159 hours
Training: 2025-04-02 18:49:56,100-Speed 64.44 samples/sec   Loss 0.0805   LearningRate 0.000960   Epoch: 7   Global Step: 11400   Fp16 Grad Scale: 524288   Required: 159 hours
Training: 2025-04-02 18:50:18,759-Speed 56.49 samples/sec   Loss 0.0796   LearningRate 0.000960   Epoch: 8   Global Step: 11410   Fp16 Grad Scale: 524288   Required: 159 hours
Training: 2025-04-02 18:50:39,007-Speed 63.22 samples/sec   Loss 0.0458   LearningRate 0.000960   Epoch: 8   Global Step: 11420   Fp16 Grad Scale: 524288   Required: 159 hours
Training: 2025-04-02 18:50:59,226-Speed 63.31 samples/sec   Loss 0.0280   LearningRate 0.000960   Epoch: 8   Global Step: 11430   Fp16 Grad Scale: 524288   Required: 159 hours
Training: 2025-04-02 18:51:19,405-Speed 63.43 samples/sec   Loss 0.0182   LearningRate 0.000960   Epoch: 8   Global Step: 11440   Fp16 Grad Scale: 524288   Required: 159 hours
Training: 2025-04-02 18:51:39,666-Speed 63.18 samples/sec   Loss 0.0617   LearningRate 0.000960   Epoch: 8   Global Step: 11450   Fp16 Grad Scale: 524288   Required: 159 hours
Training: 2025-04-02 18:52:00,008-Speed 62.92 samples/sec   Loss 0.0416   LearningRate 0.000960   Epoch: 8   Global Step: 11460   Fp16 Grad Scale: 524288   Required: 159 hours
Training: 2025-04-02 18:52:20,217-Speed 63.34 samples/sec   Loss 0.0396   LearningRate 0.000960   Epoch: 8   Global Step: 11470   Fp16 Grad Scale: 1048576   Required: 159 hours
Training: 2025-04-02 18:52:40,478-Speed 63.18 samples/sec   Loss 0.0583   LearningRate 0.000960   Epoch: 8   Global Step: 11480   Fp16 Grad Scale: 524288   Required: 159 hours
Training: 2025-04-02 18:53:00,750-Speed 63.14 samples/sec   Loss 0.0342   LearningRate 0.000960   Epoch: 8   Global Step: 11490   Fp16 Grad Scale: 524288   Required: 159 hours
Training: 2025-04-02 18:53:20,954-Speed 63.36 samples/sec   Loss 0.0424   LearningRate 0.000960   Epoch: 8   Global Step: 11500   Fp16 Grad Scale: 524288   Required: 159 hours
Training: 2025-04-02 18:53:41,290-Speed 62.95 samples/sec   Loss 0.0228   LearningRate 0.000960   Epoch: 8   Global Step: 11510   Fp16 Grad Scale: 524288   Required: 159 hours
Training: 2025-04-02 18:54:01,431-Speed 63.55 samples/sec   Loss 0.0453   LearningRate 0.000960   Epoch: 8   Global Step: 11520   Fp16 Grad Scale: 524288   Required: 159 hours
Training: 2025-04-02 18:54:23,619-Speed 57.69 samples/sec   Loss 0.0235   LearningRate 0.000960   Epoch: 8   Global Step: 11530   Fp16 Grad Scale: 524288   Required: 159 hours
Training: 2025-04-02 18:54:43,894-Speed 63.14 samples/sec   Loss 0.0394   LearningRate 0.000960   Epoch: 8   Global Step: 11540   Fp16 Grad Scale: 524288   Required: 159 hours
Training: 2025-04-02 18:55:04,059-Speed 63.48 samples/sec   Loss 0.0224   LearningRate 0.000960   Epoch: 8   Global Step: 11550   Fp16 Grad Scale: 524288   Required: 159 hours
Training: 2025-04-02 18:55:24,278-Speed 63.31 samples/sec   Loss 0.0455   LearningRate 0.000959   Epoch: 8   Global Step: 11560   Fp16 Grad Scale: 524288   Required: 159 hours
Training: 2025-04-02 18:55:44,557-Speed 63.12 samples/sec   Loss 0.0171   LearningRate 0.000959   Epoch: 8   Global Step: 11570   Fp16 Grad Scale: 524288   Required: 159 hours
Training: 2025-04-02 18:56:04,791-Speed 63.26 samples/sec   Loss 0.0109   LearningRate 0.000959   Epoch: 8   Global Step: 11580   Fp16 Grad Scale: 1048576   Required: 159 hours
Training: 2025-04-02 18:56:24,997-Speed 63.35 samples/sec   Loss 0.0450   LearningRate 0.000959   Epoch: 8   Global Step: 11590   Fp16 Grad Scale: 1048576   Required: 159 hours
Training: 2025-04-02 18:56:45,277-Speed 63.12 samples/sec   Loss 0.0245   LearningRate 0.000959   Epoch: 8   Global Step: 11600   Fp16 Grad Scale: 1048576   Required: 159 hours
Training: 2025-04-02 18:57:05,478-Speed 63.36 samples/sec   Loss 0.0402   LearningRate 0.000959   Epoch: 8   Global Step: 11610   Fp16 Grad Scale: 1048576   Required: 159 hours
Training: 2025-04-02 18:57:25,813-Speed 62.95 samples/sec   Loss 0.0336   LearningRate 0.000959   Epoch: 8   Global Step: 11620   Fp16 Grad Scale: 1048576   Required: 159 hours
Training: 2025-04-02 18:57:46,009-Speed 63.38 samples/sec   Loss 0.0462   LearningRate 0.000959   Epoch: 8   Global Step: 11630   Fp16 Grad Scale: 524288   Required: 159 hours
Training: 2025-04-02 18:58:06,241-Speed 63.27 samples/sec   Loss 0.1108   LearningRate 0.000959   Epoch: 8   Global Step: 11640   Fp16 Grad Scale: 524288   Required: 159 hours
Training: 2025-04-02 18:58:26,465-Speed 63.29 samples/sec   Loss 0.0343   LearningRate 0.000959   Epoch: 8   Global Step: 11650   Fp16 Grad Scale: 524288   Required: 159 hours
Training: 2025-04-02 18:58:46,627-Speed 63.49 samples/sec   Loss 0.0281   LearningRate 0.000959   Epoch: 8   Global Step: 11660   Fp16 Grad Scale: 524288   Required: 159 hours
Training: 2025-04-02 18:59:06,839-Speed 63.33 samples/sec   Loss 0.0357   LearningRate 0.000959   Epoch: 8   Global Step: 11670   Fp16 Grad Scale: 524288   Required: 159 hours
Training: 2025-04-02 18:59:32,411-Speed 58.22 samples/sec   Loss 0.0106   LearningRate 0.000959   Epoch: 8   Global Step: 11680   Fp16 Grad Scale: 524288   Required: 159 hours
Training: 2025-04-02 18:59:52,603-Speed 63.39 samples/sec   Loss 0.0195   LearningRate 0.000959   Epoch: 8   Global Step: 11690   Fp16 Grad Scale: 524288   Required: 159 hours
Training: 2025-04-02 19:00:12,835-Speed 63.27 samples/sec   Loss 0.1108   LearningRate 0.000959   Epoch: 8   Global Step: 11700   Fp16 Grad Scale: 524288   Required: 159 hours
Training: 2025-04-02 19:00:33,082-Speed 63.22 samples/sec   Loss 0.0510   LearningRate 0.000959   Epoch: 8   Global Step: 11710   Fp16 Grad Scale: 524288   Required: 159 hours
Training: 2025-04-02 19:00:53,229-Speed 63.53 samples/sec   Loss 0.0652   LearningRate 0.000959   Epoch: 8   Global Step: 11720   Fp16 Grad Scale: 524288   Required: 159 hours
Training: 2025-04-02 19:01:13,377-Speed 63.53 samples/sec   Loss 0.0396   LearningRate 0.000959   Epoch: 8   Global Step: 11730   Fp16 Grad Scale: 1048576   Required: 159 hours
Training: 2025-04-02 19:01:33,560-Speed 63.42 samples/sec   Loss 0.0295   LearningRate 0.000959   Epoch: 8   Global Step: 11740   Fp16 Grad Scale: 1048576   Required: 159 hours
Training: 2025-04-02 19:01:53,739-Speed 63.43 samples/sec   Loss 0.0264   LearningRate 0.000959   Epoch: 8   Global Step: 11750   Fp16 Grad Scale: 1048576   Required: 159 hours
Training: 2025-04-02 19:02:13,880-Speed 63.55 samples/sec   Loss 0.0317   LearningRate 0.000959   Epoch: 8   Global Step: 11760   Fp16 Grad Scale: 1048576   Required: 159 hours
Training: 2025-04-02 19:02:34,062-Speed 63.43 samples/sec   Loss 0.0227   LearningRate 0.000959   Epoch: 8   Global Step: 11770   Fp16 Grad Scale: 1048576   Required: 159 hours
Training: 2025-04-02 19:02:54,232-Speed 63.46 samples/sec   Loss 0.0308   LearningRate 0.000959   Epoch: 8   Global Step: 11780   Fp16 Grad Scale: 1048576   Required: 159 hours
Training: 2025-04-02 19:03:14,379-Speed 63.54 samples/sec   Loss 0.0420   LearningRate 0.000959   Epoch: 8   Global Step: 11790   Fp16 Grad Scale: 524288   Required: 159 hours
Training: 2025-04-02 19:03:34,488-Speed 63.65 samples/sec   Loss 0.0502   LearningRate 0.000959   Epoch: 8   Global Step: 11800   Fp16 Grad Scale: 524288   Required: 159 hours
Training: 2025-04-02 19:03:54,592-Speed 63.67 samples/sec   Loss 0.0164   LearningRate 0.000959   Epoch: 8   Global Step: 11810   Fp16 Grad Scale: 524288   Required: 159 hours
Training: 2025-04-02 19:04:14,759-Speed 63.47 samples/sec   Loss 0.0283   LearningRate 0.000959   Epoch: 8   Global Step: 11820   Fp16 Grad Scale: 524288   Required: 159 hours
Training: 2025-04-02 19:04:42,282-Speed 61.24 samples/sec   Loss 0.0465   LearningRate 0.000959   Epoch: 8   Global Step: 11830   Fp16 Grad Scale: 524288   Required: 159 hours
Training: 2025-04-02 19:05:02,430-Speed 63.53 samples/sec   Loss 0.0660   LearningRate 0.000958   Epoch: 8   Global Step: 11840   Fp16 Grad Scale: 524288   Required: 159 hours
Training: 2025-04-02 19:05:22,603-Speed 63.45 samples/sec   Loss 0.0480   LearningRate 0.000958   Epoch: 8   Global Step: 11850   Fp16 Grad Scale: 524288   Required: 159 hours
Training: 2025-04-02 19:05:42,742-Speed 63.56 samples/sec   Loss 0.0571   LearningRate 0.000958   Epoch: 8   Global Step: 11860   Fp16 Grad Scale: 524288   Required: 159 hours
Training: 2025-04-02 19:06:02,947-Speed 63.35 samples/sec   Loss 0.0800   LearningRate 0.000958   Epoch: 8   Global Step: 11870   Fp16 Grad Scale: 524288   Required: 159 hours
Training: 2025-04-02 19:06:23,132-Speed 63.42 samples/sec   Loss 0.0384   LearningRate 0.000958   Epoch: 8   Global Step: 11880   Fp16 Grad Scale: 524288   Required: 159 hours
Training: 2025-04-02 19:06:43,409-Speed 63.13 samples/sec   Loss 0.0202   LearningRate 0.000958   Epoch: 8   Global Step: 11890   Fp16 Grad Scale: 1048576   Required: 159 hours
Training: 2025-04-02 19:07:03,590-Speed 63.43 samples/sec   Loss 0.0486   LearningRate 0.000958   Epoch: 8   Global Step: 11900   Fp16 Grad Scale: 524288   Required: 159 hours
Training: 2025-04-02 19:07:23,812-Speed 63.30 samples/sec   Loss 0.0275   LearningRate 0.000958   Epoch: 8   Global Step: 11910   Fp16 Grad Scale: 524288   Required: 159 hours
Training: 2025-04-02 19:07:43,874-Speed 63.80 samples/sec   Loss 0.0487   LearningRate 0.000958   Epoch: 8   Global Step: 11920   Fp16 Grad Scale: 524288   Required: 159 hours
Training: 2025-04-02 19:08:04,049-Speed 63.45 samples/sec   Loss 0.0543   LearningRate 0.000958   Epoch: 8   Global Step: 11930   Fp16 Grad Scale: 524288   Required: 159 hours
Training: 2025-04-02 19:08:24,226-Speed 63.44 samples/sec   Loss 0.0540   LearningRate 0.000958   Epoch: 8   Global Step: 11940   Fp16 Grad Scale: 524288   Required: 159 hours
Training: 2025-04-02 19:08:44,376-Speed 63.52 samples/sec   Loss 0.0545   LearningRate 0.000958   Epoch: 8   Global Step: 11950   Fp16 Grad Scale: 524288   Required: 159 hours
Training: 2025-04-02 19:09:04,513-Speed 63.57 samples/sec   Loss 0.0626   LearningRate 0.000958   Epoch: 8   Global Step: 11960   Fp16 Grad Scale: 524288   Required: 159 hours
Training: 2025-04-02 19:09:26,776-Speed 57.50 samples/sec   Loss 0.0311   LearningRate 0.000958   Epoch: 8   Global Step: 11970   Fp16 Grad Scale: 524288   Required: 159 hours
Training: 2025-04-02 19:09:49,775-Speed 63.05 samples/sec   Loss 0.0264   LearningRate 0.000958   Epoch: 8   Global Step: 11980   Fp16 Grad Scale: 524288   Required: 159 hours
Training: 2025-04-02 19:10:09,916-Speed 63.55 samples/sec   Loss 0.0605   LearningRate 0.000958   Epoch: 8   Global Step: 11990   Fp16 Grad Scale: 524288   Required: 159 hours
Training: 2025-04-02 19:10:30,099-Speed 63.42 samples/sec   Loss 0.0394   LearningRate 0.000958   Epoch: 8   Global Step: 12000   Fp16 Grad Scale: 1048576   Required: 159 hours
net_out.shape: torch.Size([128, 512])
net_out.shape: torch.Size([128, 512])
net_out.shape: torch.Size([128, 512])
net_out.shape: torch.Size([128, 512])
net_out.shape: torch.Size([128, 512])
net_out.shape: torch.Size([128, 512])
net_out.shape: torch.Size([128, 512])
net_out.shape: torch.Size([128, 512])
net_out.shape: torch.Size([128, 512])
net_out.shape: torch.Size([128, 512])
net_out.shape: torch.Size([128, 512])
net_out.shape: torch.Size([128, 512])
net_out.shape: torch.Size([128, 512])
net_out.shape: torch.Size([128, 512])
net_out.shape: torch.Size([128, 512])
net_out.shape: torch.Size([128, 512])
net_out.shape: torch.Size([128, 512])
net_out.shape: torch.Size([128, 512])
net_out.shape: torch.Size([128, 512])
net_out.shape: torch.Size([128, 512])
net_out.shape: torch.Size([128, 512])
net_out.shape: torch.Size([128, 512])
net_out.shape: torch.Size([128, 512])
net_out.shape: torch.Size([128, 512])
net_out.shape: torch.Size([128, 512])
net_out.shape: torch.Size([128, 512])
net_out.shape: torch.Size([128, 512])
net_out.shape: torch.Size([128, 512])
net_out.shape: torch.Size([128, 512])
net_out.shape: torch.Size([128, 512])
net_out.shape: torch.Size([128, 512])
net_out.shape: torch.Size([128, 512])
net_out.shape: torch.Size([128, 512])
net_out.shape: torch.Size([128, 512])
net_out.shape: torch.Size([128, 512])
net_out.shape: torch.Size([128, 512])
net_out.shape: torch.Size([128, 512])
net_out.shape: torch.Size([128, 512])
net_out.shape: torch.Size([128, 512])
net_out.shape: torch.Size([128, 512])
net_out.shape: torch.Size([128, 512])
net_out.shape: torch.Size([128, 512])
net_out.shape: torch.Size([128, 512])
net_out.shape: torch.Size([128, 512])
net_out.shape: torch.Size([128, 512])
net_out.shape: torch.Size([128, 512])
net_out.shape: torch.Size([128, 512])
net_out.shape: torch.Size([128, 512])
net_out.shape: torch.Size([128, 512])
net_out.shape: torch.Size([128, 512])
net_out.shape: torch.Size([128, 512])
net_out.shape: torch.Size([128, 512])
net_out.shape: torch.Size([128, 512])
net_out.shape: torch.Size([128, 512])
net_out.shape: torch.Size([128, 512])
net_out.shape: torch.Size([128, 512])
net_out.shape: torch.Size([128, 512])
net_out.shape: torch.Size([128, 512])
net_out.shape: torch.Size([128, 512])
net_out.shape: torch.Size([128, 512])
net_out.shape: torch.Size([128, 512])
net_out.shape: torch.Size([128, 512])
net_out.shape: torch.Size([128, 512])
net_out.shape: torch.Size([128, 512])
Training: 2025-04-02 19:11:40,485-[val][Global step: 12000] d prime: 6.786735534667969
Model saved with d prime score: 6.828874588012695
Training: 2025-04-02 19:12:02,796-Speed 13.81 samples/sec   Loss 0.0358   LearningRate 0.000958   Epoch: 8   Global Step: 12010   Fp16 Grad Scale: 1048576   Required: 159 hours
Training: 2025-04-02 19:12:23,070-Speed 63.14 samples/sec   Loss 0.0592   LearningRate 0.000958   Epoch: 8   Global Step: 12020   Fp16 Grad Scale: 1048576   Required: 159 hours
Training: 2025-04-02 19:12:43,324-Speed 63.20 samples/sec   Loss 0.0512   LearningRate 0.000958   Epoch: 8   Global Step: 12030   Fp16 Grad Scale: 1048576   Required: 159 hours
Training: 2025-04-02 19:13:03,507-Speed 63.42 samples/sec   Loss 0.0410   LearningRate 0.000958   Epoch: 8   Global Step: 12040   Fp16 Grad Scale: 1048576   Required: 159 hours
Training: 2025-04-02 19:13:23,715-Speed 63.34 samples/sec   Loss 0.0556   LearningRate 0.000958   Epoch: 8   Global Step: 12050   Fp16 Grad Scale: 1048576   Required: 159 hours
Training: 2025-04-02 19:13:43,947-Speed 63.27 samples/sec   Loss 0.0919   LearningRate 0.000958   Epoch: 8   Global Step: 12060   Fp16 Grad Scale: 1048576   Required: 159 hours
Training: 2025-04-02 19:14:04,126-Speed 63.44 samples/sec   Loss 0.0784   LearningRate 0.000958   Epoch: 8   Global Step: 12070   Fp16 Grad Scale: 1048576   Required: 159 hours
Training: 2025-04-02 19:14:24,327-Speed 63.36 samples/sec   Loss 0.0492   LearningRate 0.000958   Epoch: 8   Global Step: 12080   Fp16 Grad Scale: 1048576   Required: 159 hours
Training: 2025-04-02 19:14:46,367-Speed 58.08 samples/sec   Loss 0.0333   LearningRate 0.000958   Epoch: 8   Global Step: 12090   Fp16 Grad Scale: 1048576   Required: 159 hours
Training: 2025-04-02 19:15:06,584-Speed 63.32 samples/sec   Loss 0.0406   LearningRate 0.000958   Epoch: 8   Global Step: 12100   Fp16 Grad Scale: 2097152   Required: 159 hours
Training: 2025-04-02 19:15:26,794-Speed 63.34 samples/sec   Loss 0.0350   LearningRate 0.000958   Epoch: 8   Global Step: 12110   Fp16 Grad Scale: 1048576   Required: 159 hours
Training: 2025-04-02 19:15:47,057-Speed 63.17 samples/sec   Loss 0.0257   LearningRate 0.000958   Epoch: 8   Global Step: 12120   Fp16 Grad Scale: 1048576   Required: 159 hours
Training: 2025-04-02 19:16:07,273-Speed 63.32 samples/sec   Loss 0.0357   LearningRate 0.000957   Epoch: 8   Global Step: 12130   Fp16 Grad Scale: 1048576   Required: 159 hours
Training: 2025-04-02 19:16:27,489-Speed 63.32 samples/sec   Loss 0.0393   LearningRate 0.000957   Epoch: 8   Global Step: 12140   Fp16 Grad Scale: 1048576   Required: 159 hours
Training: 2025-04-02 19:16:47,689-Speed 63.37 samples/sec   Loss 0.0347   LearningRate 0.000957   Epoch: 8   Global Step: 12150   Fp16 Grad Scale: 1048576   Required: 159 hours
Training: 2025-04-02 19:17:07,897-Speed 63.34 samples/sec   Loss 0.0638   LearningRate 0.000957   Epoch: 8   Global Step: 12160   Fp16 Grad Scale: 1048576   Required: 159 hours
Training: 2025-04-02 19:17:28,126-Speed 63.28 samples/sec   Loss 0.0601   LearningRate 0.000957   Epoch: 8   Global Step: 12170   Fp16 Grad Scale: 1048576   Required: 159 hours
Training: 2025-04-02 19:17:48,316-Speed 63.40 samples/sec   Loss 0.0726   LearningRate 0.000957   Epoch: 8   Global Step: 12180   Fp16 Grad Scale: 1048576   Required: 159 hours
Training: 2025-04-02 19:18:08,557-Speed 63.24 samples/sec   Loss 0.0473   LearningRate 0.000957   Epoch: 8   Global Step: 12190   Fp16 Grad Scale: 1048576   Required: 159 hours
Training: 2025-04-02 19:18:28,729-Speed 63.46 samples/sec   Loss 0.0476   LearningRate 0.000957   Epoch: 8   Global Step: 12200   Fp16 Grad Scale: 1048576   Required: 159 hours
Training: 2025-04-02 19:18:48,912-Speed 63.42 samples/sec   Loss 0.0522   LearningRate 0.000957   Epoch: 8   Global Step: 12210   Fp16 Grad Scale: 524288   Required: 159 hours
Training: 2025-04-02 19:19:09,092-Speed 63.43 samples/sec   Loss 0.0341   LearningRate 0.000957   Epoch: 8   Global Step: 12220   Fp16 Grad Scale: 524288   Required: 159 hours
Training: 2025-04-02 19:19:29,323-Speed 63.27 samples/sec   Loss 0.0792   LearningRate 0.000957   Epoch: 8   Global Step: 12230   Fp16 Grad Scale: 524288   Required: 159 hours
Training: 2025-04-02 19:19:51,218-Speed 58.46 samples/sec   Loss 0.0435   LearningRate 0.000957   Epoch: 8   Global Step: 12240   Fp16 Grad Scale: 524288   Required: 159 hours
Training: 2025-04-02 19:20:11,389-Speed 63.46 samples/sec   Loss 0.0548   LearningRate 0.000957   Epoch: 8   Global Step: 12250   Fp16 Grad Scale: 524288   Required: 159 hours
Training: 2025-04-02 19:20:31,585-Speed 63.38 samples/sec   Loss 0.1160   LearningRate 0.000957   Epoch: 8   Global Step: 12260   Fp16 Grad Scale: 524288   Required: 159 hours
Training: 2025-04-02 19:20:51,761-Speed 63.44 samples/sec   Loss 0.0228   LearningRate 0.000957   Epoch: 8   Global Step: 12270   Fp16 Grad Scale: 524288   Required: 159 hours
Training: 2025-04-02 19:21:11,955-Speed 63.39 samples/sec   Loss 0.0814   LearningRate 0.000957   Epoch: 8   Global Step: 12280   Fp16 Grad Scale: 524288   Required: 159 hours
Training: 2025-04-02 19:21:32,228-Speed 63.14 samples/sec   Loss 0.1135   LearningRate 0.000957   Epoch: 8   Global Step: 12290   Fp16 Grad Scale: 524288   Required: 159 hours
Training: 2025-04-02 19:21:52,404-Speed 63.44 samples/sec   Loss 0.0334   LearningRate 0.000957   Epoch: 8   Global Step: 12300   Fp16 Grad Scale: 524288   Required: 159 hours
Training: 2025-04-02 19:22:12,597-Speed 63.39 samples/sec   Loss 0.0571   LearningRate 0.000957   Epoch: 8   Global Step: 12310   Fp16 Grad Scale: 1048576   Required: 159 hours
Training: 2025-04-02 19:22:32,794-Speed 63.38 samples/sec   Loss 0.0408   LearningRate 0.000957   Epoch: 8   Global Step: 12320   Fp16 Grad Scale: 1048576   Required: 159 hours
Training: 2025-04-02 19:22:53,066-Speed 63.14 samples/sec   Loss 0.0398   LearningRate 0.000957   Epoch: 8   Global Step: 12330   Fp16 Grad Scale: 1048576   Required: 159 hours
Training: 2025-04-02 19:23:13,262-Speed 63.38 samples/sec   Loss 0.0469   LearningRate 0.000957   Epoch: 8   Global Step: 12340   Fp16 Grad Scale: 1048576   Required: 159 hours
Training: 2025-04-02 19:23:33,408-Speed 63.54 samples/sec   Loss 0.0240   LearningRate 0.000957   Epoch: 8   Global Step: 12350   Fp16 Grad Scale: 1048576   Required: 159 hours
Training: 2025-04-02 19:23:53,645-Speed 63.25 samples/sec   Loss 0.0649   LearningRate 0.000957   Epoch: 8   Global Step: 12360   Fp16 Grad Scale: 1048576   Required: 159 hours
Training: 2025-04-02 19:24:13,959-Speed 63.01 samples/sec   Loss 0.0363   LearningRate 0.000957   Epoch: 8   Global Step: 12370   Fp16 Grad Scale: 1048576   Required: 159 hours
Training: 2025-04-02 19:24:34,213-Speed 63.20 samples/sec   Loss 0.0300   LearningRate 0.000957   Epoch: 8   Global Step: 12380   Fp16 Grad Scale: 1048576   Required: 159 hours
Training: 2025-04-02 19:24:56,539-Speed 57.33 samples/sec   Loss 0.0242   LearningRate 0.000957   Epoch: 8   Global Step: 12390   Fp16 Grad Scale: 1048576   Required: 159 hours
Training: 2025-04-02 19:25:16,824-Speed 63.10 samples/sec   Loss 0.1012   LearningRate 0.000957   Epoch: 8   Global Step: 12400   Fp16 Grad Scale: 1048576   Required: 159 hours
Training: 2025-04-02 19:25:37,036-Speed 63.33 samples/sec   Loss 0.0186   LearningRate 0.000956   Epoch: 8   Global Step: 12410   Fp16 Grad Scale: 2097152   Required: 159 hours
Training: 2025-04-02 19:25:57,292-Speed 63.19 samples/sec   Loss 0.1104   LearningRate 0.000956   Epoch: 8   Global Step: 12420   Fp16 Grad Scale: 1048576   Required: 159 hours
Training: 2025-04-02 19:26:17,483-Speed 63.40 samples/sec   Loss 0.0441   LearningRate 0.000956   Epoch: 8   Global Step: 12430   Fp16 Grad Scale: 1048576   Required: 159 hours
Training: 2025-04-02 19:26:37,735-Speed 63.21 samples/sec   Loss 0.1066   LearningRate 0.000956   Epoch: 8   Global Step: 12440   Fp16 Grad Scale: 1048576   Required: 159 hours
Training: 2025-04-02 19:26:58,046-Speed 63.02 samples/sec   Loss 0.0347   LearningRate 0.000956   Epoch: 8   Global Step: 12450   Fp16 Grad Scale: 1048576   Required: 159 hours
Training: 2025-04-02 19:27:18,241-Speed 63.38 samples/sec   Loss 0.0971   LearningRate 0.000956   Epoch: 8   Global Step: 12460   Fp16 Grad Scale: 1048576   Required: 159 hours
Training: 2025-04-02 19:27:38,513-Speed 63.14 samples/sec   Loss 0.0596   LearningRate 0.000956   Epoch: 8   Global Step: 12470   Fp16 Grad Scale: 1048576   Required: 159 hours
Training: 2025-04-02 19:27:58,768-Speed 63.20 samples/sec   Loss 0.1025   LearningRate 0.000956   Epoch: 8   Global Step: 12480   Fp16 Grad Scale: 1048576   Required: 159 hours
Training: 2025-04-02 19:28:19,008-Speed 63.24 samples/sec   Loss 0.0728   LearningRate 0.000956   Epoch: 8   Global Step: 12490   Fp16 Grad Scale: 1048576   Required: 159 hours
Training: 2025-04-02 19:28:39,253-Speed 63.23 samples/sec   Loss 0.0683   LearningRate 0.000956   Epoch: 8   Global Step: 12500   Fp16 Grad Scale: 1048576   Required: 159 hours
Training: 2025-04-02 19:28:59,452-Speed 63.37 samples/sec   Loss 0.0737   LearningRate 0.000956   Epoch: 8   Global Step: 12510   Fp16 Grad Scale: 1048576   Required: 159 hours
Training: 2025-04-02 19:29:19,645-Speed 63.39 samples/sec   Loss 0.0783   LearningRate 0.000956   Epoch: 8   Global Step: 12520   Fp16 Grad Scale: 2097152   Required: 159 hours
Training: 2025-04-02 19:29:41,729-Speed 57.96 samples/sec   Loss 0.0727   LearningRate 0.000956   Epoch: 8   Global Step: 12530   Fp16 Grad Scale: 1048576   Required: 159 hours
Training: 2025-04-02 19:30:01,948-Speed 63.31 samples/sec   Loss 0.0820   LearningRate 0.000956   Epoch: 8   Global Step: 12540   Fp16 Grad Scale: 524288   Required: 159 hours
Training: 2025-04-02 19:30:22,208-Speed 63.18 samples/sec   Loss 0.0432   LearningRate 0.000956   Epoch: 8   Global Step: 12550   Fp16 Grad Scale: 524288   Required: 159 hours
Training: 2025-04-02 19:30:42,398-Speed 63.40 samples/sec   Loss 0.0172   LearningRate 0.000956   Epoch: 8   Global Step: 12560   Fp16 Grad Scale: 524288   Required: 159 hours
Training: 2025-04-02 19:31:02,603-Speed 63.35 samples/sec   Loss 0.0474   LearningRate 0.000956   Epoch: 8   Global Step: 12570   Fp16 Grad Scale: 524288   Required: 159 hours
Training: 2025-04-02 19:31:22,799-Speed 63.38 samples/sec   Loss 0.0369   LearningRate 0.000956   Epoch: 8   Global Step: 12580   Fp16 Grad Scale: 524288   Required: 159 hours
Training: 2025-04-02 19:31:43,067-Speed 63.15 samples/sec   Loss 0.0401   LearningRate 0.000956   Epoch: 8   Global Step: 12590   Fp16 Grad Scale: 524288   Required: 159 hours
Training: 2025-04-02 19:32:03,267-Speed 63.37 samples/sec   Loss 0.0962   LearningRate 0.000956   Epoch: 8   Global Step: 12600   Fp16 Grad Scale: 524288   Required: 159 hours
Training: 2025-04-02 19:32:23,434-Speed 63.47 samples/sec   Loss 0.0484   LearningRate 0.000956   Epoch: 8   Global Step: 12610   Fp16 Grad Scale: 524288   Required: 159 hours
Training: 2025-04-02 19:32:43,648-Speed 63.33 samples/sec   Loss 0.0719   LearningRate 0.000956   Epoch: 8   Global Step: 12620   Fp16 Grad Scale: 524288   Required: 159 hours
Training: 2025-04-02 19:33:03,866-Speed 63.31 samples/sec   Loss 0.0479   LearningRate 0.000956   Epoch: 8   Global Step: 12630   Fp16 Grad Scale: 524288   Required: 159 hours
Training: 2025-04-02 19:33:24,098-Speed 63.27 samples/sec   Loss 0.0499   LearningRate 0.000956   Epoch: 8   Global Step: 12640   Fp16 Grad Scale: 1048576   Required: 159 hours
Training: 2025-04-02 19:33:44,312-Speed 63.33 samples/sec   Loss 0.1141   LearningRate 0.000956   Epoch: 8   Global Step: 12650   Fp16 Grad Scale: 1048576   Required: 159 hours
Training: 2025-04-02 19:34:04,488-Speed 63.44 samples/sec   Loss 0.0419   LearningRate 0.000956   Epoch: 8   Global Step: 12660   Fp16 Grad Scale: 1048576   Required: 159 hours
Training: 2025-04-02 19:34:24,722-Speed 63.26 samples/sec   Loss 0.0576   LearningRate 0.000956   Epoch: 8   Global Step: 12670   Fp16 Grad Scale: 1048576   Required: 159 hours
Training: 2025-04-02 19:34:46,660-Speed 58.35 samples/sec   Loss 0.0962   LearningRate 0.000956   Epoch: 8   Global Step: 12680   Fp16 Grad Scale: 1048576   Required: 159 hours
Training: 2025-04-02 19:35:06,910-Speed 63.21 samples/sec   Loss 0.0470   LearningRate 0.000956   Epoch: 8   Global Step: 12690   Fp16 Grad Scale: 1048576   Required: 159 hours
Training: 2025-04-02 19:35:27,096-Speed 63.41 samples/sec   Loss 0.0563   LearningRate 0.000955   Epoch: 8   Global Step: 12700   Fp16 Grad Scale: 1048576   Required: 159 hours
Training: 2025-04-02 19:35:47,301-Speed 63.36 samples/sec   Loss 0.0378   LearningRate 0.000955   Epoch: 8   Global Step: 12710   Fp16 Grad Scale: 1048576   Required: 159 hours
Training: 2025-04-02 19:36:07,509-Speed 63.34 samples/sec   Loss 0.0321   LearningRate 0.000955   Epoch: 8   Global Step: 12720   Fp16 Grad Scale: 1048576   Required: 159 hours
Training: 2025-04-02 19:36:27,669-Speed 63.49 samples/sec   Loss 0.0350   LearningRate 0.000955   Epoch: 8   Global Step: 12730   Fp16 Grad Scale: 1048576   Required: 159 hours
Training: 2025-04-02 19:36:47,840-Speed 63.46 samples/sec   Loss 0.0767   LearningRate 0.000955   Epoch: 8   Global Step: 12740   Fp16 Grad Scale: 1048576   Required: 159 hours
Training: 2025-04-02 19:37:08,030-Speed 63.40 samples/sec   Loss 0.0500   LearningRate 0.000955   Epoch: 8   Global Step: 12750   Fp16 Grad Scale: 1048576   Required: 159 hours
Training: 2025-04-02 19:37:28,238-Speed 63.34 samples/sec   Loss 0.1136   LearningRate 0.000955   Epoch: 8   Global Step: 12760   Fp16 Grad Scale: 524288   Required: 159 hours
Training: 2025-04-02 19:37:48,548-Speed 63.02 samples/sec   Loss 0.0792   LearningRate 0.000955   Epoch: 8   Global Step: 12770   Fp16 Grad Scale: 524288   Required: 159 hours
Training: 2025-04-02 19:38:08,797-Speed 63.21 samples/sec   Loss 0.0675   LearningRate 0.000955   Epoch: 8   Global Step: 12780   Fp16 Grad Scale: 524288   Required: 159 hours
Training: 2025-04-02 19:38:28,959-Speed 63.49 samples/sec   Loss 0.1016   LearningRate 0.000955   Epoch: 8   Global Step: 12790   Fp16 Grad Scale: 524288   Required: 159 hours
Training: 2025-04-02 19:38:49,093-Speed 63.58 samples/sec   Loss 0.0345   LearningRate 0.000955   Epoch: 8   Global Step: 12800   Fp16 Grad Scale: 524288   Required: 158 hours
Training: 2025-04-02 19:39:09,314-Speed 63.30 samples/sec   Loss 0.0392   LearningRate 0.000955   Epoch: 8   Global Step: 12810   Fp16 Grad Scale: 524288   Required: 158 hours
Training: 2025-04-02 19:39:29,478-Speed 63.48 samples/sec   Loss 0.0918   LearningRate 0.000955   Epoch: 8   Global Step: 12820   Fp16 Grad Scale: 524288   Required: 158 hours
Training: 2025-04-02 19:39:50,767-Speed 60.13 samples/sec   Loss 0.0589   LearningRate 0.000955   Epoch: 8   Global Step: 12830   Fp16 Grad Scale: 524288   Required: 158 hours
Training: 2025-04-02 19:40:14,326-Speed 54.33 samples/sec   Loss 0.0337   LearningRate 0.000955   Epoch: 9   Global Step: 12840   Fp16 Grad Scale: 524288   Required: 158 hours
Training: 2025-04-02 19:40:34,528-Speed 63.36 samples/sec   Loss 0.0189   LearningRate 0.000955   Epoch: 9   Global Step: 12850   Fp16 Grad Scale: 524288   Required: 158 hours
Training: 2025-04-02 19:40:54,823-Speed 63.07 samples/sec   Loss 0.0153   LearningRate 0.000955   Epoch: 9   Global Step: 12860   Fp16 Grad Scale: 1048576   Required: 158 hours
Training: 2025-04-02 19:41:15,120-Speed 63.07 samples/sec   Loss 0.0244   LearningRate 0.000955   Epoch: 9   Global Step: 12870   Fp16 Grad Scale: 1048576   Required: 158 hours
Training: 2025-04-02 19:41:35,493-Speed 62.83 samples/sec   Loss 0.0329   LearningRate 0.000955   Epoch: 9   Global Step: 12880   Fp16 Grad Scale: 1048576   Required: 158 hours
Training: 2025-04-02 19:41:55,750-Speed 63.19 samples/sec   Loss 0.0280   LearningRate 0.000955   Epoch: 9   Global Step: 12890   Fp16 Grad Scale: 1048576   Required: 158 hours
Training: 2025-04-02 19:42:15,943-Speed 63.39 samples/sec   Loss 0.0203   LearningRate 0.000955   Epoch: 9   Global Step: 12900   Fp16 Grad Scale: 1048576   Required: 158 hours
Training: 2025-04-02 19:42:36,207-Speed 63.17 samples/sec   Loss 0.0324   LearningRate 0.000955   Epoch: 9   Global Step: 12910   Fp16 Grad Scale: 1048576   Required: 158 hours
Training: 2025-04-02 19:42:56,551-Speed 62.92 samples/sec   Loss 0.0213   LearningRate 0.000955   Epoch: 9   Global Step: 12920   Fp16 Grad Scale: 1048576   Required: 158 hours
Training: 2025-04-02 19:43:16,757-Speed 63.35 samples/sec   Loss 0.0159   LearningRate 0.000955   Epoch: 9   Global Step: 12930   Fp16 Grad Scale: 1048576   Required: 158 hours
Training: 2025-04-02 19:43:37,026-Speed 63.15 samples/sec   Loss 0.0959   LearningRate 0.000955   Epoch: 9   Global Step: 12940   Fp16 Grad Scale: 1048576   Required: 158 hours
Training: 2025-04-02 19:43:57,270-Speed 63.23 samples/sec   Loss 0.0272   LearningRate 0.000955   Epoch: 9   Global Step: 12950   Fp16 Grad Scale: 1048576   Required: 158 hours
Training: 2025-04-02 19:44:17,599-Speed 62.97 samples/sec   Loss 0.0316   LearningRate 0.000955   Epoch: 9   Global Step: 12960   Fp16 Grad Scale: 1048576   Required: 158 hours
Training: 2025-04-02 19:44:37,871-Speed 63.14 samples/sec   Loss 0.0212   LearningRate 0.000955   Epoch: 9   Global Step: 12970   Fp16 Grad Scale: 1048576   Required: 158 hours
Training: 2025-04-02 19:45:00,098-Speed 57.59 samples/sec   Loss 0.0402   LearningRate 0.000954   Epoch: 9   Global Step: 12980   Fp16 Grad Scale: 1048576   Required: 158 hours
Training: 2025-04-02 19:45:20,428-Speed 62.96 samples/sec   Loss 0.0169   LearningRate 0.000954   Epoch: 9   Global Step: 12990   Fp16 Grad Scale: 1048576   Required: 158 hours
Training: 2025-04-02 19:45:40,626-Speed 63.37 samples/sec   Loss 0.0257   LearningRate 0.000954   Epoch: 9   Global Step: 13000   Fp16 Grad Scale: 1048576   Required: 158 hours
Training: 2025-04-02 19:46:00,840-Speed 63.32 samples/sec   Loss 0.0298   LearningRate 0.000954   Epoch: 9   Global Step: 13010   Fp16 Grad Scale: 1048576   Required: 158 hours
Training: 2025-04-02 19:46:21,182-Speed 62.93 samples/sec   Loss 0.0144   LearningRate 0.000954   Epoch: 9   Global Step: 13020   Fp16 Grad Scale: 1048576   Required: 158 hours
Training: 2025-04-02 19:46:41,393-Speed 63.33 samples/sec   Loss 0.0202   LearningRate 0.000954   Epoch: 9   Global Step: 13030   Fp16 Grad Scale: 1048576   Required: 158 hours
Training: 2025-04-02 19:47:01,805-Speed 62.71 samples/sec   Loss 0.0115   LearningRate 0.000954   Epoch: 9   Global Step: 13040   Fp16 Grad Scale: 1048576   Required: 158 hours
Training: 2025-04-02 19:47:22,023-Speed 63.31 samples/sec   Loss 0.0266   LearningRate 0.000954   Epoch: 9   Global Step: 13050   Fp16 Grad Scale: 524288   Required: 158 hours
Training: 2025-04-02 19:47:42,372-Speed 62.90 samples/sec   Loss 0.0301   LearningRate 0.000954   Epoch: 9   Global Step: 13060   Fp16 Grad Scale: 524288   Required: 158 hours
Training: 2025-04-02 19:48:02,575-Speed 63.36 samples/sec   Loss 0.1114   LearningRate 0.000954   Epoch: 9   Global Step: 13070   Fp16 Grad Scale: 524288   Required: 158 hours
Training: 2025-04-02 19:48:22,815-Speed 63.24 samples/sec   Loss 0.0781   LearningRate 0.000954   Epoch: 9   Global Step: 13080   Fp16 Grad Scale: 524288   Required: 158 hours
Training: 2025-04-02 19:48:43,017-Speed 63.36 samples/sec   Loss 0.0408   LearningRate 0.000954   Epoch: 9   Global Step: 13090   Fp16 Grad Scale: 524288   Required: 158 hours
Training: 2025-04-02 19:49:03,227-Speed 63.34 samples/sec   Loss 0.0281   LearningRate 0.000954   Epoch: 9   Global Step: 13100   Fp16 Grad Scale: 524288   Required: 158 hours
Training: 2025-04-02 19:49:23,431-Speed 63.36 samples/sec   Loss 0.1550   LearningRate 0.000954   Epoch: 9   Global Step: 13110   Fp16 Grad Scale: 524288   Required: 158 hours
Training: 2025-04-02 19:49:43,694-Speed 63.17 samples/sec   Loss 0.0663   LearningRate 0.000954   Epoch: 9   Global Step: 13120   Fp16 Grad Scale: 524288   Required: 158 hours
Training: 2025-04-02 19:50:05,747-Speed 58.04 samples/sec   Loss 0.0548   LearningRate 0.000954   Epoch: 9   Global Step: 13130   Fp16 Grad Scale: 524288   Required: 158 hours
Training: 2025-04-02 19:50:25,957-Speed 63.34 samples/sec   Loss 0.0325   LearningRate 0.000954   Epoch: 9   Global Step: 13140   Fp16 Grad Scale: 524288   Required: 158 hours
Training: 2025-04-02 19:50:46,197-Speed 63.24 samples/sec   Loss 0.1011   LearningRate 0.000954   Epoch: 9   Global Step: 13150   Fp16 Grad Scale: 1048576   Required: 158 hours
Training: 2025-04-02 19:51:06,462-Speed 63.16 samples/sec   Loss 0.0252   LearningRate 0.000954   Epoch: 9   Global Step: 13160   Fp16 Grad Scale: 1048576   Required: 158 hours
Training: 2025-04-02 19:51:26,667-Speed 63.35 samples/sec   Loss 0.0279   LearningRate 0.000954   Epoch: 9   Global Step: 13170   Fp16 Grad Scale: 1048576   Required: 158 hours
Training: 2025-04-02 19:51:46,869-Speed 63.36 samples/sec   Loss 0.0204   LearningRate 0.000954   Epoch: 9   Global Step: 13180   Fp16 Grad Scale: 1048576   Required: 158 hours
Training: 2025-04-02 19:52:07,085-Speed 63.32 samples/sec   Loss 0.0303   LearningRate 0.000954   Epoch: 9   Global Step: 13190   Fp16 Grad Scale: 1048576   Required: 158 hours
Training: 2025-04-02 19:52:27,246-Speed 63.49 samples/sec   Loss 0.1004   LearningRate 0.000954   Epoch: 9   Global Step: 13200   Fp16 Grad Scale: 1048576   Required: 158 hours
Training: 2025-04-02 19:52:47,471-Speed 63.29 samples/sec   Loss 0.0255   LearningRate 0.000954   Epoch: 9   Global Step: 13210   Fp16 Grad Scale: 1048576   Required: 158 hours
Training: 2025-04-02 19:53:07,652-Speed 63.43 samples/sec   Loss 0.0218   LearningRate 0.000954   Epoch: 9   Global Step: 13220   Fp16 Grad Scale: 1048576   Required: 158 hours
Training: 2025-04-02 19:53:27,897-Speed 63.23 samples/sec   Loss 0.0264   LearningRate 0.000954   Epoch: 9   Global Step: 13230   Fp16 Grad Scale: 1048576   Required: 158 hours
Training: 2025-04-02 19:53:48,088-Speed 63.40 samples/sec   Loss 0.0276   LearningRate 0.000954   Epoch: 9   Global Step: 13240   Fp16 Grad Scale: 1048576   Required: 158 hours
Training: 2025-04-02 19:54:08,291-Speed 63.36 samples/sec   Loss 0.0265   LearningRate 0.000954   Epoch: 9   Global Step: 13250   Fp16 Grad Scale: 2097152   Required: 158 hours
Training: 2025-04-02 19:54:28,460-Speed 63.46 samples/sec   Loss 0.0154   LearningRate 0.000954   Epoch: 9   Global Step: 13260   Fp16 Grad Scale: 2097152   Required: 158 hours
Training: 2025-04-02 19:54:48,676-Speed 63.32 samples/sec   Loss 0.0622   LearningRate 0.000953   Epoch: 9   Global Step: 13270   Fp16 Grad Scale: 2097152   Required: 158 hours
Training: 2025-04-02 19:55:10,622-Speed 58.33 samples/sec   Loss 0.0202   LearningRate 0.000953   Epoch: 9   Global Step: 13280   Fp16 Grad Scale: 2097152   Required: 158 hours
Training: 2025-04-02 19:55:30,818-Speed 63.38 samples/sec   Loss 0.0204   LearningRate 0.000953   Epoch: 9   Global Step: 13290   Fp16 Grad Scale: 2097152   Required: 158 hours
Training: 2025-04-02 19:55:51,036-Speed 63.31 samples/sec   Loss 0.0512   LearningRate 0.000953   Epoch: 9   Global Step: 13300   Fp16 Grad Scale: 1048576   Required: 158 hours
Training: 2025-04-02 19:56:11,210-Speed 63.45 samples/sec   Loss 0.0356   LearningRate 0.000953   Epoch: 9   Global Step: 13310   Fp16 Grad Scale: 1048576   Required: 158 hours
Training: 2025-04-02 19:56:31,399-Speed 63.40 samples/sec   Loss 0.0484   LearningRate 0.000953   Epoch: 9   Global Step: 13320   Fp16 Grad Scale: 1048576   Required: 158 hours
Training: 2025-04-02 19:56:51,653-Speed 63.20 samples/sec   Loss 0.0333   LearningRate 0.000953   Epoch: 9   Global Step: 13330   Fp16 Grad Scale: 1048576   Required: 158 hours
Training: 2025-04-02 19:57:11,854-Speed 63.36 samples/sec   Loss 0.0611   LearningRate 0.000953   Epoch: 9   Global Step: 13340   Fp16 Grad Scale: 1048576   Required: 158 hours
Training: 2025-04-02 19:57:32,052-Speed 63.40 samples/sec   Loss 0.0159   LearningRate 0.000953   Epoch: 9   Global Step: 13350   Fp16 Grad Scale: 1048576   Required: 158 hours
Training: 2025-04-02 19:57:52,253-Speed 63.36 samples/sec   Loss 0.0651   LearningRate 0.000953   Epoch: 9   Global Step: 13360   Fp16 Grad Scale: 1048576   Required: 158 hours
Training: 2025-04-02 19:58:12,514-Speed 63.18 samples/sec   Loss 0.0267   LearningRate 0.000953   Epoch: 9   Global Step: 13370   Fp16 Grad Scale: 1048576   Required: 158 hours
Training: 2025-04-02 19:58:32,726-Speed 63.33 samples/sec   Loss 0.0516   LearningRate 0.000953   Epoch: 9   Global Step: 13380   Fp16 Grad Scale: 1048576   Required: 158 hours
Training: 2025-04-02 19:58:53,004-Speed 63.12 samples/sec   Loss 0.0416   LearningRate 0.000953   Epoch: 9   Global Step: 13390   Fp16 Grad Scale: 1048576   Required: 158 hours
Training: 2025-04-02 19:59:13,236-Speed 63.27 samples/sec   Loss 0.0315   LearningRate 0.000953   Epoch: 9   Global Step: 13400   Fp16 Grad Scale: 2097152   Required: 158 hours
Training: 2025-04-02 19:59:33,415-Speed 63.43 samples/sec   Loss 0.0220   LearningRate 0.000953   Epoch: 9   Global Step: 13410   Fp16 Grad Scale: 2097152   Required: 158 hours
Training: 2025-04-02 19:59:53,655-Speed 63.24 samples/sec   Loss 0.0387   LearningRate 0.000953   Epoch: 9   Global Step: 13420   Fp16 Grad Scale: 2097152   Required: 158 hours
Training: 2025-04-02 20:00:15,518-Speed 58.55 samples/sec   Loss 0.0860   LearningRate 0.000953   Epoch: 9   Global Step: 13430   Fp16 Grad Scale: 2097152   Required: 158 hours
Training: 2025-04-02 20:00:38,439-Speed 63.22 samples/sec   Loss 0.0171   LearningRate 0.000953   Epoch: 9   Global Step: 13440   Fp16 Grad Scale: 2097152   Required: 158 hours
Training: 2025-04-02 20:00:58,719-Speed 63.12 samples/sec   Loss 0.0232   LearningRate 0.000953   Epoch: 9   Global Step: 13450   Fp16 Grad Scale: 2097152   Required: 158 hours
Training: 2025-04-02 20:01:18,930-Speed 63.34 samples/sec   Loss 0.0220   LearningRate 0.000953   Epoch: 9   Global Step: 13460   Fp16 Grad Scale: 2097152   Required: 158 hours
Training: 2025-04-02 20:01:39,264-Speed 62.95 samples/sec   Loss 0.0407   LearningRate 0.000953   Epoch: 9   Global Step: 13470   Fp16 Grad Scale: 2097152   Required: 158 hours
Training: 2025-04-02 20:01:59,468-Speed 63.36 samples/sec   Loss 0.0195   LearningRate 0.000953   Epoch: 9   Global Step: 13480   Fp16 Grad Scale: 2097152   Required: 158 hours
Training: 2025-04-02 20:02:19,711-Speed 63.23 samples/sec   Loss 0.0591   LearningRate 0.000953   Epoch: 9   Global Step: 13490   Fp16 Grad Scale: 1048576   Required: 158 hours
Training: 2025-04-02 20:02:40,070-Speed 62.87 samples/sec   Loss 0.0263   LearningRate 0.000953   Epoch: 9   Global Step: 13500   Fp16 Grad Scale: 1048576   Required: 158 hours
Training: 2025-04-02 20:03:00,268-Speed 63.38 samples/sec   Loss 0.0197   LearningRate 0.000953   Epoch: 9   Global Step: 13510   Fp16 Grad Scale: 1048576   Required: 158 hours
Training: 2025-04-02 20:03:20,461-Speed 63.39 samples/sec   Loss 0.0118   LearningRate 0.000953   Epoch: 9   Global Step: 13520   Fp16 Grad Scale: 1048576   Required: 158 hours
Training: 2025-04-02 20:03:40,775-Speed 63.01 samples/sec   Loss 0.0350   LearningRate 0.000953   Epoch: 9   Global Step: 13530   Fp16 Grad Scale: 1048576   Required: 158 hours
Training: 2025-04-02 20:04:00,969-Speed 63.39 samples/sec   Loss 0.0232   LearningRate 0.000953   Epoch: 9   Global Step: 13540   Fp16 Grad Scale: 1048576   Required: 158 hours
Training: 2025-04-02 20:04:21,289-Speed 63.00 samples/sec   Loss 0.0402   LearningRate 0.000952   Epoch: 9   Global Step: 13550   Fp16 Grad Scale: 1048576   Required: 158 hours
Training: 2025-04-02 20:04:41,466-Speed 63.44 samples/sec   Loss 0.0204   LearningRate 0.000952   Epoch: 9   Global Step: 13560   Fp16 Grad Scale: 1048576   Required: 158 hours
Training: 2025-04-02 20:05:03,467-Speed 58.18 samples/sec   Loss 0.0315   LearningRate 0.000952   Epoch: 9   Global Step: 13570   Fp16 Grad Scale: 1048576   Required: 158 hours
Training: 2025-04-02 20:05:23,664-Speed 63.38 samples/sec   Loss 0.0155   LearningRate 0.000952   Epoch: 9   Global Step: 13580   Fp16 Grad Scale: 1048576   Required: 158 hours
Training: 2025-04-02 20:05:43,861-Speed 63.38 samples/sec   Loss 0.1002   LearningRate 0.000952   Epoch: 9   Global Step: 13590   Fp16 Grad Scale: 2097152   Required: 158 hours
Training: 2025-04-02 20:06:04,091-Speed 63.27 samples/sec   Loss 0.0519   LearningRate 0.000952   Epoch: 9   Global Step: 13600   Fp16 Grad Scale: 2097152   Required: 158 hours
Training: 2025-04-02 20:06:24,274-Speed 63.42 samples/sec   Loss 0.0373   LearningRate 0.000952   Epoch: 9   Global Step: 13610   Fp16 Grad Scale: 1048576   Required: 158 hours
Training: 2025-04-02 20:06:44,463-Speed 63.40 samples/sec   Loss 0.0168   LearningRate 0.000952   Epoch: 9   Global Step: 13620   Fp16 Grad Scale: 1048576   Required: 158 hours
Training: 2025-04-02 20:07:04,636-Speed 63.45 samples/sec   Loss 0.0315   LearningRate 0.000952   Epoch: 9   Global Step: 13630   Fp16 Grad Scale: 1048576   Required: 158 hours
Training: 2025-04-02 20:07:24,852-Speed 63.32 samples/sec   Loss 0.0376   LearningRate 0.000952   Epoch: 9   Global Step: 13640   Fp16 Grad Scale: 524288   Required: 158 hours
Training: 2025-04-02 20:07:45,048-Speed 63.38 samples/sec   Loss 0.0339   LearningRate 0.000952   Epoch: 9   Global Step: 13650   Fp16 Grad Scale: 524288   Required: 158 hours
Training: 2025-04-02 20:08:05,239-Speed 63.40 samples/sec   Loss 0.0583   LearningRate 0.000952   Epoch: 9   Global Step: 13660   Fp16 Grad Scale: 524288   Required: 158 hours
Training: 2025-04-02 20:08:25,463-Speed 63.29 samples/sec   Loss 0.0423   LearningRate 0.000952   Epoch: 9   Global Step: 13670   Fp16 Grad Scale: 524288   Required: 158 hours
Training: 2025-04-02 20:08:45,681-Speed 63.31 samples/sec   Loss 0.0805   LearningRate 0.000952   Epoch: 9   Global Step: 13680   Fp16 Grad Scale: 524288   Required: 158 hours
Training: 2025-04-02 20:09:05,917-Speed 63.26 samples/sec   Loss 0.0397   LearningRate 0.000952   Epoch: 9   Global Step: 13690   Fp16 Grad Scale: 524288   Required: 158 hours
Training: 2025-04-02 20:09:26,163-Speed 63.22 samples/sec   Loss 0.0452   LearningRate 0.000952   Epoch: 9   Global Step: 13700   Fp16 Grad Scale: 524288   Required: 158 hours
Training: 2025-04-02 20:09:46,379-Speed 63.32 samples/sec   Loss 0.0499   LearningRate 0.000952   Epoch: 9   Global Step: 13710   Fp16 Grad Scale: 524288   Required: 158 hours
Training: 2025-04-02 20:10:08,282-Speed 58.44 samples/sec   Loss 0.0304   LearningRate 0.000952   Epoch: 9   Global Step: 13720   Fp16 Grad Scale: 524288   Required: 158 hours
Training: 2025-04-02 20:10:28,463-Speed 63.43 samples/sec   Loss 0.0402   LearningRate 0.000952   Epoch: 9   Global Step: 13730   Fp16 Grad Scale: 524288   Required: 158 hours
Training: 2025-04-02 20:11:04,419-Speed 63.22 samples/sec   Loss 0.1618   LearningRate 0.000952   Epoch: 9   Global Step: 13740   Fp16 Grad Scale: 1048576   Required: 158 hours
Training: 2025-04-02 20:11:24,620-Speed 63.36 samples/sec   Loss 0.0283   LearningRate 0.000952   Epoch: 9   Global Step: 13750   Fp16 Grad Scale: 1048576   Required: 158 hours
Training: 2025-04-02 20:11:44,841-Speed 63.30 samples/sec   Loss 0.0222   LearningRate 0.000952   Epoch: 9   Global Step: 13760   Fp16 Grad Scale: 1048576   Required: 158 hours
Training: 2025-04-02 20:12:05,045-Speed 63.36 samples/sec   Loss 0.0370   LearningRate 0.000952   Epoch: 9   Global Step: 13770   Fp16 Grad Scale: 1048576   Required: 158 hours
Training: 2025-04-02 20:12:25,234-Speed 63.40 samples/sec   Loss 0.0415   LearningRate 0.000952   Epoch: 9   Global Step: 13780   Fp16 Grad Scale: 1048576   Required: 158 hours
Training: 2025-04-02 20:12:45,430-Speed 63.38 samples/sec   Loss 0.0521   LearningRate 0.000952   Epoch: 9   Global Step: 13790   Fp16 Grad Scale: 1048576   Required: 158 hours
Training: 2025-04-02 20:13:05,642-Speed 63.33 samples/sec   Loss 0.1059   LearningRate 0.000952   Epoch: 9   Global Step: 13800   Fp16 Grad Scale: 1048576   Required: 158 hours
Training: 2025-04-02 20:13:25,891-Speed 63.21 samples/sec   Loss 0.0350   LearningRate 0.000952   Epoch: 9   Global Step: 13810   Fp16 Grad Scale: 1048576   Required: 158 hours
Training: 2025-04-02 20:13:46,125-Speed 63.26 samples/sec   Loss 0.0951   LearningRate 0.000952   Epoch: 9   Global Step: 13820   Fp16 Grad Scale: 1048576   Required: 158 hours
Training: 2025-04-02 20:14:06,352-Speed 63.28 samples/sec   Loss 0.0183   LearningRate 0.000952   Epoch: 9   Global Step: 13830   Fp16 Grad Scale: 1048576   Required: 158 hours
Training: 2025-04-02 20:14:26,546-Speed 63.39 samples/sec   Loss 0.0282   LearningRate 0.000951   Epoch: 9   Global Step: 13840   Fp16 Grad Scale: 1048576   Required: 158 hours
Training: 2025-04-02 20:14:46,761-Speed 63.32 samples/sec   Loss 0.0398   LearningRate 0.000951   Epoch: 9   Global Step: 13850   Fp16 Grad Scale: 1048576   Required: 158 hours
Training: 2025-04-02 20:15:08,599-Speed 58.62 samples/sec   Loss 0.0478   LearningRate 0.000951   Epoch: 9   Global Step: 13860   Fp16 Grad Scale: 1048576   Required: 158 hours
Training: 2025-04-02 20:15:28,807-Speed 63.34 samples/sec   Loss 0.0559   LearningRate 0.000951   Epoch: 9   Global Step: 13870   Fp16 Grad Scale: 1048576   Required: 158 hours
Training: 2025-04-02 20:15:49,010-Speed 63.36 samples/sec   Loss 0.0626   LearningRate 0.000951   Epoch: 9   Global Step: 13880   Fp16 Grad Scale: 1048576   Required: 158 hours
Training: 2025-04-02 20:16:12,268-Speed 63.58 samples/sec   Loss 0.0277   LearningRate 0.000951   Epoch: 9   Global Step: 13890   Fp16 Grad Scale: 1048576   Required: 158 hours
Training: 2025-04-02 20:16:32,585-Speed 63.00 samples/sec   Loss 0.0374   LearningRate 0.000951   Epoch: 9   Global Step: 13900   Fp16 Grad Scale: 1048576   Required: 158 hours
Training: 2025-04-02 20:16:52,840-Speed 63.20 samples/sec   Loss 0.0675   LearningRate 0.000951   Epoch: 9   Global Step: 13910   Fp16 Grad Scale: 1048576   Required: 158 hours
Training: 2025-04-02 20:17:13,042-Speed 63.36 samples/sec   Loss 0.0278   LearningRate 0.000951   Epoch: 9   Global Step: 13920   Fp16 Grad Scale: 1048576   Required: 158 hours
Training: 2025-04-02 20:17:33,313-Speed 63.15 samples/sec   Loss 0.0362   LearningRate 0.000951   Epoch: 9   Global Step: 13930   Fp16 Grad Scale: 1048576   Required: 158 hours
Training: 2025-04-02 20:17:53,555-Speed 63.24 samples/sec   Loss 0.0430   LearningRate 0.000951   Epoch: 9   Global Step: 13940   Fp16 Grad Scale: 2097152   Required: 158 hours
Training: 2025-04-02 20:18:13,879-Speed 62.98 samples/sec   Loss 0.0560   LearningRate 0.000951   Epoch: 9   Global Step: 13950   Fp16 Grad Scale: 1048576   Required: 158 hours
Training: 2025-04-02 20:18:34,071-Speed 63.40 samples/sec   Loss 0.0473   LearningRate 0.000951   Epoch: 9   Global Step: 13960   Fp16 Grad Scale: 1048576   Required: 158 hours
Training: 2025-04-02 20:18:54,322-Speed 63.21 samples/sec   Loss 0.0847   LearningRate 0.000951   Epoch: 9   Global Step: 13970   Fp16 Grad Scale: 1048576   Required: 158 hours
Training: 2025-04-02 20:19:14,614-Speed 63.08 samples/sec   Loss 0.0483   LearningRate 0.000951   Epoch: 9   Global Step: 13980   Fp16 Grad Scale: 1048576   Required: 158 hours
Training: 2025-04-02 20:19:34,841-Speed 63.28 samples/sec   Loss 0.0648   LearningRate 0.000951   Epoch: 9   Global Step: 13990   Fp16 Grad Scale: 1048576   Required: 158 hours
Training: 2025-04-02 20:19:55,085-Speed 63.23 samples/sec   Loss 0.0333   LearningRate 0.000951   Epoch: 9   Global Step: 14000   Fp16 Grad Scale: 1048576   Required: 158 hours
net_out.shape: torch.Size([128, 512])
net_out.shape: torch.Size([128, 512])
net_out.shape: torch.Size([128, 512])
net_out.shape: torch.Size([128, 512])
net_out.shape: torch.Size([128, 512])
net_out.shape: torch.Size([128, 512])
net_out.shape: torch.Size([128, 512])
net_out.shape: torch.Size([128, 512])
net_out.shape: torch.Size([128, 512])
net_out.shape: torch.Size([128, 512])
net_out.shape: torch.Size([128, 512])
net_out.shape: torch.Size([128, 512])
net_out.shape: torch.Size([128, 512])
net_out.shape: torch.Size([128, 512])
net_out.shape: torch.Size([128, 512])
net_out.shape: torch.Size([128, 512])
net_out.shape: torch.Size([128, 512])
net_out.shape: torch.Size([128, 512])
net_out.shape: torch.Size([128, 512])
net_out.shape: torch.Size([128, 512])
net_out.shape: torch.Size([128, 512])
net_out.shape: torch.Size([128, 512])
net_out.shape: torch.Size([128, 512])
net_out.shape: torch.Size([128, 512])
net_out.shape: torch.Size([128, 512])
net_out.shape: torch.Size([128, 512])
net_out.shape: torch.Size([128, 512])
net_out.shape: torch.Size([128, 512])
net_out.shape: torch.Size([128, 512])
net_out.shape: torch.Size([128, 512])
net_out.shape: torch.Size([128, 512])
net_out.shape: torch.Size([128, 512])
net_out.shape: torch.Size([128, 512])
net_out.shape: torch.Size([128, 512])
net_out.shape: torch.Size([128, 512])
net_out.shape: torch.Size([128, 512])
net_out.shape: torch.Size([128, 512])
net_out.shape: torch.Size([128, 512])
net_out.shape: torch.Size([128, 512])
net_out.shape: torch.Size([128, 512])
net_out.shape: torch.Size([128, 512])
net_out.shape: torch.Size([128, 512])
net_out.shape: torch.Size([128, 512])
net_out.shape: torch.Size([128, 512])
net_out.shape: torch.Size([128, 512])
net_out.shape: torch.Size([128, 512])
net_out.shape: torch.Size([128, 512])
net_out.shape: torch.Size([128, 512])
net_out.shape: torch.Size([128, 512])
net_out.shape: torch.Size([128, 512])
net_out.shape: torch.Size([128, 512])
net_out.shape: torch.Size([128, 512])
net_out.shape: torch.Size([128, 512])
net_out.shape: torch.Size([128, 512])
net_out.shape: torch.Size([128, 512])
net_out.shape: torch.Size([128, 512])
net_out.shape: torch.Size([128, 512])
net_out.shape: torch.Size([128, 512])
net_out.shape: torch.Size([128, 512])
net_out.shape: torch.Size([128, 512])
net_out.shape: torch.Size([128, 512])
net_out.shape: torch.Size([128, 512])
net_out.shape: torch.Size([128, 512])
net_out.shape: torch.Size([128, 512])
Training: 2025-04-02 20:21:07,307-[val][Global step: 14000] d prime: 6.361789703369141
Model saved with d prime score: 6.828874588012695
Training: 2025-04-02 20:21:29,497-Speed 13.56 samples/sec   Loss 0.0298   LearningRate 0.000951   Epoch: 9   Global Step: 14010   Fp16 Grad Scale: 1048576   Required: 158 hours
Training: 2025-04-02 20:21:49,665-Speed 63.47 samples/sec   Loss 0.0738   LearningRate 0.000951   Epoch: 9   Global Step: 14020   Fp16 Grad Scale: 524288   Required: 158 hours
Training: 2025-04-02 20:22:09,864-Speed 63.37 samples/sec   Loss 0.0475   LearningRate 0.000951   Epoch: 9   Global Step: 14030   Fp16 Grad Scale: 524288   Required: 158 hours
Training: 2025-04-02 20:22:30,102-Speed 63.25 samples/sec   Loss 0.0474   LearningRate 0.000951   Epoch: 9   Global Step: 14040   Fp16 Grad Scale: 524288   Required: 158 hours
Training: 2025-04-02 20:22:50,398-Speed 63.07 samples/sec   Loss 0.0413   LearningRate 0.000951   Epoch: 9   Global Step: 14050   Fp16 Grad Scale: 524288   Required: 158 hours
Training: 2025-04-02 20:23:10,526-Speed 63.59 samples/sec   Loss 0.0870   LearningRate 0.000951   Epoch: 9   Global Step: 14060   Fp16 Grad Scale: 524288   Required: 158 hours
Training: 2025-04-02 20:23:30,716-Speed 63.40 samples/sec   Loss 0.0536   LearningRate 0.000951   Epoch: 9   Global Step: 14070   Fp16 Grad Scale: 524288   Required: 158 hours
Training: 2025-04-02 20:23:50,867-Speed 63.52 samples/sec   Loss 0.0273   LearningRate 0.000951   Epoch: 9   Global Step: 14080   Fp16 Grad Scale: 524288   Required: 158 hours
Training: 2025-04-02 20:24:11,056-Speed 63.40 samples/sec   Loss 0.0347   LearningRate 0.000951   Epoch: 9   Global Step: 14090   Fp16 Grad Scale: 524288   Required: 158 hours
Training: 2025-04-02 20:24:31,375-Speed 63.00 samples/sec   Loss 0.1002   LearningRate 0.000951   Epoch: 9   Global Step: 14100   Fp16 Grad Scale: 524288   Required: 158 hours
Training: 2025-04-02 20:24:51,532-Speed 63.50 samples/sec   Loss 0.0492   LearningRate 0.000951   Epoch: 9   Global Step: 14110   Fp16 Grad Scale: 524288   Required: 158 hours
Training: 2025-04-02 20:25:13,460-Speed 58.38 samples/sec   Loss 0.0527   LearningRate 0.000950   Epoch: 9   Global Step: 14120   Fp16 Grad Scale: 1048576   Required: 158 hours
Training: 2025-04-02 20:25:33,627-Speed 63.47 samples/sec   Loss 0.0654   LearningRate 0.000950   Epoch: 9   Global Step: 14130   Fp16 Grad Scale: 1048576   Required: 158 hours
Training: 2025-04-02 20:25:53,835-Speed 63.34 samples/sec   Loss 0.0177   LearningRate 0.000950   Epoch: 9   Global Step: 14140   Fp16 Grad Scale: 1048576   Required: 158 hours
Training: 2025-04-02 20:26:14,125-Speed 63.09 samples/sec   Loss 0.0397   LearningRate 0.000950   Epoch: 9   Global Step: 14150   Fp16 Grad Scale: 1048576   Required: 158 hours
Training: 2025-04-02 20:26:34,316-Speed 63.40 samples/sec   Loss 0.0180   LearningRate 0.000950   Epoch: 9   Global Step: 14160   Fp16 Grad Scale: 1048576   Required: 158 hours
Training: 2025-04-02 20:26:54,470-Speed 63.51 samples/sec   Loss 0.0422   LearningRate 0.000950   Epoch: 9   Global Step: 14170   Fp16 Grad Scale: 1048576   Required: 158 hours
Training: 2025-04-02 20:27:14,727-Speed 63.19 samples/sec   Loss 0.0392   LearningRate 0.000950   Epoch: 9   Global Step: 14180   Fp16 Grad Scale: 1048576   Required: 158 hours
Training: 2025-04-02 20:27:34,921-Speed 63.39 samples/sec   Loss 0.0328   LearningRate 0.000950   Epoch: 9   Global Step: 14190   Fp16 Grad Scale: 1048576   Required: 158 hours
Training: 2025-04-02 20:27:55,096-Speed 63.44 samples/sec   Loss 0.0484   LearningRate 0.000950   Epoch: 9   Global Step: 14200   Fp16 Grad Scale: 1048576   Required: 158 hours
Training: 2025-04-02 20:28:15,290-Speed 63.39 samples/sec   Loss 0.0328   LearningRate 0.000950   Epoch: 9   Global Step: 14210   Fp16 Grad Scale: 1048576   Required: 158 hours
Training: 2025-04-02 20:28:35,570-Speed 63.12 samples/sec   Loss 0.1041   LearningRate 0.000950   Epoch: 9   Global Step: 14220   Fp16 Grad Scale: 2097152   Required: 158 hours
Training: 2025-04-02 20:28:55,771-Speed 63.36 samples/sec   Loss 0.0828   LearningRate 0.000950   Epoch: 9   Global Step: 14230   Fp16 Grad Scale: 1048576   Required: 158 hours
Training: 2025-04-02 20:29:16,129-Speed 62.87 samples/sec   Loss 0.0387   LearningRate 0.000950   Epoch: 9   Global Step: 14240   Fp16 Grad Scale: 1048576   Required: 158 hours
Training: 2025-04-02 20:29:36,331-Speed 63.36 samples/sec   Loss 0.0466   LearningRate 0.000950   Epoch: 9   Global Step: 14250   Fp16 Grad Scale: 1048576   Required: 158 hours
Training: 2025-04-02 20:29:54,806-Speed 69.29 samples/sec   Loss 0.0183   LearningRate 0.000950   Epoch: 9   Global Step: 14260   Fp16 Grad Scale: 1048576   Required: 158 hours
Training: 2025-04-02 20:30:20,702-Speed 49.43 samples/sec   Loss 0.0147   LearningRate 0.000950   Epoch: 10   Global Step: 14270   Fp16 Grad Scale: 1048576   Required: 158 hours
Training: 2025-04-02 20:30:40,926-Speed 63.29 samples/sec   Loss 0.0109   LearningRate 0.000950   Epoch: 10   Global Step: 14280   Fp16 Grad Scale: 1048576   Required: 158 hours
Training: 2025-04-02 20:31:01,275-Speed 62.90 samples/sec   Loss 0.0238   LearningRate 0.000950   Epoch: 10   Global Step: 14290   Fp16 Grad Scale: 1048576   Required: 158 hours
Training: 2025-04-02 20:31:21,767-Speed 63.30 samples/sec   Loss 0.0093   LearningRate 0.000950   Epoch: 10   Global Step: 14300   Fp16 Grad Scale: 1048576   Required: 158 hours
Training: 2025-04-02 20:31:42,108-Speed 62.93 samples/sec   Loss 0.0240   LearningRate 0.000950   Epoch: 10   Global Step: 14310   Fp16 Grad Scale: 1048576   Required: 158 hours
Training: 2025-04-02 20:32:02,249-Speed 63.55 samples/sec   Loss 0.0105   LearningRate 0.000950   Epoch: 10   Global Step: 14320   Fp16 Grad Scale: 1048576   Required: 158 hours
Training: 2025-04-02 20:32:22,473-Speed 63.29 samples/sec   Loss 0.0251   LearningRate 0.000950   Epoch: 10   Global Step: 14330   Fp16 Grad Scale: 2097152   Required: 158 hours
Training: 2025-04-02 20:32:42,725-Speed 63.20 samples/sec   Loss 0.0216   LearningRate 0.000950   Epoch: 10   Global Step: 14340   Fp16 Grad Scale: 2097152   Required: 158 hours
Training: 2025-04-02 20:33:02,985-Speed 63.18 samples/sec   Loss 0.0195   LearningRate 0.000950   Epoch: 10   Global Step: 14350   Fp16 Grad Scale: 2097152   Required: 158 hours
Training: 2025-04-02 20:33:23,228-Speed 63.23 samples/sec   Loss 0.0263   LearningRate 0.000950   Epoch: 10   Global Step: 14360   Fp16 Grad Scale: 2097152   Required: 158 hours
Training: 2025-04-02 20:33:43,423-Speed 63.38 samples/sec   Loss 0.0272   LearningRate 0.000950   Epoch: 10   Global Step: 14370   Fp16 Grad Scale: 2097152   Required: 158 hours
Training: 2025-04-02 20:34:03,627-Speed 63.36 samples/sec   Loss 0.0650   LearningRate 0.000950   Epoch: 10   Global Step: 14380   Fp16 Grad Scale: 2097152   Required: 158 hours
Training: 2025-04-02 20:34:23,820-Speed 63.39 samples/sec   Loss 0.0131   LearningRate 0.000950   Epoch: 10   Global Step: 14390   Fp16 Grad Scale: 2097152   Required: 158 hours
Training: 2025-04-02 20:34:44,024-Speed 63.35 samples/sec   Loss 0.0127   LearningRate 0.000950   Epoch: 10   Global Step: 14400   Fp16 Grad Scale: 2097152   Required: 158 hours
Training: 2025-04-02 20:35:04,196-Speed 63.46 samples/sec   Loss 0.0082   LearningRate 0.000949   Epoch: 10   Global Step: 14410   Fp16 Grad Scale: 2097152   Required: 158 hours
Training: 2025-04-02 20:35:26,429-Speed 57.57 samples/sec   Loss 0.0214   LearningRate 0.000949   Epoch: 10   Global Step: 14420   Fp16 Grad Scale: 2097152   Required: 158 hours
Training: 2025-04-02 20:35:46,548-Speed 63.62 samples/sec   Loss 0.0471   LearningRate 0.000949   Epoch: 10   Global Step: 14430   Fp16 Grad Scale: 4194304   Required: 158 hours
Training: 2025-04-02 20:36:06,753-Speed 63.35 samples/sec   Loss 0.0215   LearningRate 0.000949   Epoch: 10   Global Step: 14440   Fp16 Grad Scale: 2097152   Required: 158 hours
Training: 2025-04-02 20:36:26,991-Speed 63.25 samples/sec   Loss 0.0428   LearningRate 0.000949   Epoch: 10   Global Step: 14450   Fp16 Grad Scale: 2097152   Required: 158 hours
Training: 2025-04-02 20:36:47,146-Speed 63.51 samples/sec   Loss 0.0404   LearningRate 0.000949   Epoch: 10   Global Step: 14460   Fp16 Grad Scale: 1048576   Required: 158 hours
Training: 2025-04-02 20:37:07,305-Speed 63.50 samples/sec   Loss 0.0217   LearningRate 0.000949   Epoch: 10   Global Step: 14470   Fp16 Grad Scale: 1048576   Required: 158 hours
Training: 2025-04-02 20:37:27,496-Speed 63.39 samples/sec   Loss 0.0267   LearningRate 0.000949   Epoch: 10   Global Step: 14480   Fp16 Grad Scale: 524288   Required: 158 hours
Training: 2025-04-02 20:37:47,667-Speed 63.46 samples/sec   Loss 0.0315   LearningRate 0.000949   Epoch: 10   Global Step: 14490   Fp16 Grad Scale: 524288   Required: 158 hours
Training: 2025-04-02 20:38:07,773-Speed 63.66 samples/sec   Loss 0.0334   LearningRate 0.000949   Epoch: 10   Global Step: 14500   Fp16 Grad Scale: 262144   Required: 157 hours
Training: 2025-04-02 20:38:27,979-Speed 63.35 samples/sec   Loss 0.0411   LearningRate 0.000949   Epoch: 10   Global Step: 14510   Fp16 Grad Scale: 262144   Required: 157 hours
Training: 2025-04-02 20:38:48,163-Speed 63.42 samples/sec   Loss 0.0309   LearningRate 0.000949   Epoch: 10   Global Step: 14520   Fp16 Grad Scale: 262144   Required: 157 hours
Training: 2025-04-02 20:39:08,432-Speed 63.15 samples/sec   Loss 0.0353   LearningRate 0.000949   Epoch: 10   Global Step: 14530   Fp16 Grad Scale: 262144   Required: 157 hours
Training: 2025-04-02 20:39:28,606-Speed 63.45 samples/sec   Loss 0.0255   LearningRate 0.000949   Epoch: 10   Global Step: 14540   Fp16 Grad Scale: 262144   Required: 157 hours
Training: 2025-04-02 20:39:48,797-Speed 63.40 samples/sec   Loss 0.0426   LearningRate 0.000949   Epoch: 10   Global Step: 14550   Fp16 Grad Scale: 262144   Required: 157 hours
Training: 2025-04-02 20:40:08,980-Speed 63.42 samples/sec   Loss 0.0302   LearningRate 0.000949   Epoch: 10   Global Step: 14560   Fp16 Grad Scale: 262144   Required: 157 hours
Training: 2025-04-02 20:40:30,918-Speed 58.35 samples/sec   Loss 0.0150   LearningRate 0.000949   Epoch: 10   Global Step: 14570   Fp16 Grad Scale: 262144   Required: 157 hours
Training: 2025-04-02 20:40:51,095-Speed 63.44 samples/sec   Loss 0.0163   LearningRate 0.000949   Epoch: 10   Global Step: 14580   Fp16 Grad Scale: 262144   Required: 157 hours
Training: 2025-04-02 20:41:11,379-Speed 63.10 samples/sec   Loss 0.0195   LearningRate 0.000949   Epoch: 10   Global Step: 14590   Fp16 Grad Scale: 262144   Required: 157 hours
Training: 2025-04-02 20:41:32,970-Speed 63.53 samples/sec   Loss 0.0117   LearningRate 0.000949   Epoch: 10   Global Step: 14600   Fp16 Grad Scale: 524288   Required: 157 hours
Training: 2025-04-02 20:41:53,164-Speed 63.39 samples/sec   Loss 0.0854   LearningRate 0.000949   Epoch: 10   Global Step: 14610   Fp16 Grad Scale: 524288   Required: 157 hours
Training: 2025-04-02 20:42:13,333-Speed 63.46 samples/sec   Loss 0.0271   LearningRate 0.000949   Epoch: 10   Global Step: 14620   Fp16 Grad Scale: 524288   Required: 157 hours
Training: 2025-04-02 20:42:33,610-Speed 63.13 samples/sec   Loss 0.0165   LearningRate 0.000949   Epoch: 10   Global Step: 14630   Fp16 Grad Scale: 524288   Required: 157 hours
Training: 2025-04-02 20:42:53,880-Speed 63.15 samples/sec   Loss 0.0146   LearningRate 0.000949   Epoch: 10   Global Step: 14640   Fp16 Grad Scale: 524288   Required: 157 hours
Training: 2025-04-02 20:43:14,092-Speed 63.33 samples/sec   Loss 0.0580   LearningRate 0.000949   Epoch: 10   Global Step: 14650   Fp16 Grad Scale: 524288   Required: 157 hours
Training: 2025-04-02 20:43:34,284-Speed 63.39 samples/sec   Loss 0.0464   LearningRate 0.000949   Epoch: 10   Global Step: 14660   Fp16 Grad Scale: 524288   Required: 157 hours
Training: 2025-04-02 20:43:54,539-Speed 63.20 samples/sec   Loss 0.0244   LearningRate 0.000949   Epoch: 10   Global Step: 14670   Fp16 Grad Scale: 524288   Required: 157 hours
Training: 2025-04-02 20:44:14,821-Speed 63.11 samples/sec   Loss 0.0623   LearningRate 0.000949   Epoch: 10   Global Step: 14680   Fp16 Grad Scale: 524288   Required: 157 hours
Training: 2025-04-02 20:44:35,016-Speed 63.38 samples/sec   Loss 0.0212   LearningRate 0.000948   Epoch: 10   Global Step: 14690   Fp16 Grad Scale: 524288   Required: 157 hours
Training: 2025-04-02 20:44:55,282-Speed 63.16 samples/sec   Loss 0.0110   LearningRate 0.000948   Epoch: 10   Global Step: 14700   Fp16 Grad Scale: 1048576   Required: 157 hours
Training: 2025-04-02 20:45:15,471-Speed 63.40 samples/sec   Loss 0.0160   LearningRate 0.000948   Epoch: 10   Global Step: 14710   Fp16 Grad Scale: 1048576   Required: 157 hours
Training: 2025-04-02 20:45:37,654-Speed 57.70 samples/sec   Loss 0.0189   LearningRate 0.000948   Epoch: 10   Global Step: 14720   Fp16 Grad Scale: 1048576   Required: 157 hours
Training: 2025-04-02 20:45:57,963-Speed 63.03 samples/sec   Loss 0.0118   LearningRate 0.000948   Epoch: 10   Global Step: 14730   Fp16 Grad Scale: 1048576   Required: 157 hours
Training: 2025-04-02 20:46:18,145-Speed 63.43 samples/sec   Loss 0.0213   LearningRate 0.000948   Epoch: 10   Global Step: 14740   Fp16 Grad Scale: 1048576   Required: 157 hours
Training: 2025-04-02 20:46:38,463-Speed 63.00 samples/sec   Loss 0.0243   LearningRate 0.000948   Epoch: 10   Global Step: 14750   Fp16 Grad Scale: 1048576   Required: 157 hours
Training: 2025-04-02 20:46:58,655-Speed 63.39 samples/sec   Loss 0.0622   LearningRate 0.000948   Epoch: 10   Global Step: 14760   Fp16 Grad Scale: 524288   Required: 157 hours
Training: 2025-04-02 20:47:18,944-Speed 63.09 samples/sec   Loss 0.0168   LearningRate 0.000948   Epoch: 10   Global Step: 14770   Fp16 Grad Scale: 524288   Required: 157 hours
Training: 2025-04-02 20:47:39,111-Speed 63.47 samples/sec   Loss 0.0172   LearningRate 0.000948   Epoch: 10   Global Step: 14780   Fp16 Grad Scale: 524288   Required: 157 hours
Training: 2025-04-02 20:47:59,306-Speed 63.38 samples/sec   Loss 0.0359   LearningRate 0.000948   Epoch: 10   Global Step: 14790   Fp16 Grad Scale: 524288   Required: 157 hours
Training: 2025-04-02 20:48:19,423-Speed 63.63 samples/sec   Loss 0.0054   LearningRate 0.000948   Epoch: 10   Global Step: 14800   Fp16 Grad Scale: 524288   Required: 157 hours
Training: 2025-04-02 20:48:39,629-Speed 63.35 samples/sec   Loss 0.0182   LearningRate 0.000948   Epoch: 10   Global Step: 14810   Fp16 Grad Scale: 524288   Required: 157 hours
Training: 2025-04-02 20:48:59,786-Speed 63.50 samples/sec   Loss 0.0815   LearningRate 0.000948   Epoch: 10   Global Step: 14820   Fp16 Grad Scale: 524288   Required: 157 hours
Training: 2025-04-02 20:49:19,973-Speed 63.41 samples/sec   Loss 0.0180   LearningRate 0.000948   Epoch: 10   Global Step: 14830   Fp16 Grad Scale: 524288   Required: 157 hours
Training: 2025-04-02 20:49:40,104-Speed 63.59 samples/sec   Loss 0.0248   LearningRate 0.000948   Epoch: 10   Global Step: 14840   Fp16 Grad Scale: 524288   Required: 157 hours
Training: 2025-04-02 20:50:00,270-Speed 63.48 samples/sec   Loss 0.0617   LearningRate 0.000948   Epoch: 10   Global Step: 14850   Fp16 Grad Scale: 524288   Required: 157 hours
Training: 2025-04-02 20:50:20,410-Speed 63.56 samples/sec   Loss 0.0348   LearningRate 0.000948   Epoch: 10   Global Step: 14860   Fp16 Grad Scale: 1048576   Required: 157 hours
Training: 2025-04-02 20:50:42,501-Speed 57.94 samples/sec   Loss 0.0925   LearningRate 0.000948   Epoch: 10   Global Step: 14870   Fp16 Grad Scale: 1048576   Required: 157 hours
Training: 2025-04-02 20:51:02,608-Speed 63.66 samples/sec   Loss 0.0523   LearningRate 0.000948   Epoch: 10   Global Step: 14880   Fp16 Grad Scale: 1048576   Required: 157 hours
Training: 2025-04-02 20:51:22,810-Speed 63.36 samples/sec   Loss 0.0356   LearningRate 0.000948   Epoch: 10   Global Step: 14890   Fp16 Grad Scale: 1048576   Required: 157 hours
Training: 2025-04-02 20:51:50,045-Speed 63.47 samples/sec   Loss 0.1134   LearningRate 0.000948   Epoch: 10   Global Step: 14900   Fp16 Grad Scale: 1048576   Required: 157 hours
Training: 2025-04-02 20:52:10,208-Speed 63.48 samples/sec   Loss 0.0397   LearningRate 0.000948   Epoch: 10   Global Step: 14910   Fp16 Grad Scale: 1048576   Required: 157 hours
Training: 2025-04-02 20:52:30,340-Speed 63.58 samples/sec   Loss 0.0528   LearningRate 0.000948   Epoch: 10   Global Step: 14920   Fp16 Grad Scale: 1048576   Required: 157 hours
Training: 2025-04-02 20:52:50,504-Speed 63.48 samples/sec   Loss 0.0706   LearningRate 0.000948   Epoch: 10   Global Step: 14930   Fp16 Grad Scale: 1048576   Required: 157 hours
Training: 2025-04-02 20:53:10,623-Speed 63.62 samples/sec   Loss 0.0458   LearningRate 0.000948   Epoch: 10   Global Step: 14940   Fp16 Grad Scale: 524288   Required: 157 hours
Training: 2025-04-02 20:53:30,753-Speed 63.59 samples/sec   Loss 0.0314   LearningRate 0.000948   Epoch: 10   Global Step: 14950   Fp16 Grad Scale: 524288   Required: 157 hours
Training: 2025-04-02 20:53:50,852-Speed 63.69 samples/sec   Loss 0.0134   LearningRate 0.000948   Epoch: 10   Global Step: 14960   Fp16 Grad Scale: 524288   Required: 157 hours
Training: 2025-04-02 20:54:11,009-Speed 63.51 samples/sec   Loss 0.0685   LearningRate 0.000948   Epoch: 10   Global Step: 14970   Fp16 Grad Scale: 524288   Required: 157 hours
Training: 2025-04-02 20:54:31,176-Speed 63.47 samples/sec   Loss 0.0279   LearningRate 0.000947   Epoch: 10   Global Step: 14980   Fp16 Grad Scale: 524288   Required: 157 hours
Training: 2025-04-02 20:54:51,333-Speed 63.50 samples/sec   Loss 0.0280   LearningRate 0.000947   Epoch: 10   Global Step: 14990   Fp16 Grad Scale: 524288   Required: 157 hours
Training: 2025-04-02 20:55:11,539-Speed 63.35 samples/sec   Loss 0.0448   LearningRate 0.000947   Epoch: 10   Global Step: 15000   Fp16 Grad Scale: 524288   Required: 157 hours
Training: 2025-04-02 20:55:31,682-Speed 63.55 samples/sec   Loss 0.0515   LearningRate 0.000947   Epoch: 10   Global Step: 15010   Fp16 Grad Scale: 524288   Required: 157 hours
Training: 2025-04-02 20:55:53,914-Speed 57.58 samples/sec   Loss 0.0452   LearningRate 0.000947   Epoch: 10   Global Step: 15020   Fp16 Grad Scale: 524288   Required: 157 hours
Training: 2025-04-02 20:56:14,062-Speed 63.53 samples/sec   Loss 0.0720   LearningRate 0.000947   Epoch: 10   Global Step: 15030   Fp16 Grad Scale: 524288   Required: 157 hours
Training: 2025-04-02 20:56:34,252-Speed 63.40 samples/sec   Loss 0.0264   LearningRate 0.000947   Epoch: 10   Global Step: 15040   Fp16 Grad Scale: 1048576   Required: 157 hours
Training: 2025-04-02 20:56:56,435-Speed 63.37 samples/sec   Loss 0.0837   LearningRate 0.000947   Epoch: 10   Global Step: 15050   Fp16 Grad Scale: 1048576   Required: 157 hours
Training: 2025-04-02 20:57:16,619-Speed 63.42 samples/sec   Loss 0.0301   LearningRate 0.000947   Epoch: 10   Global Step: 15060   Fp16 Grad Scale: 1048576   Required: 157 hours
Training: 2025-04-02 20:57:36,887-Speed 63.15 samples/sec   Loss 0.0209   LearningRate 0.000947   Epoch: 10   Global Step: 15070   Fp16 Grad Scale: 1048576   Required: 157 hours
Training: 2025-04-02 20:57:57,035-Speed 63.53 samples/sec   Loss 0.0218   LearningRate 0.000947   Epoch: 10   Global Step: 15080   Fp16 Grad Scale: 1048576   Required: 157 hours
Training: 2025-04-02 20:58:17,173-Speed 63.56 samples/sec   Loss 0.0242   LearningRate 0.000947   Epoch: 10   Global Step: 15090   Fp16 Grad Scale: 1048576   Required: 157 hours
Training: 2025-04-02 20:58:37,392-Speed 63.31 samples/sec   Loss 0.0230   LearningRate 0.000947   Epoch: 10   Global Step: 15100   Fp16 Grad Scale: 1048576   Required: 157 hours
Training: 2025-04-02 20:58:57,584-Speed 63.39 samples/sec   Loss 0.1099   LearningRate 0.000947   Epoch: 10   Global Step: 15110   Fp16 Grad Scale: 1048576   Required: 157 hours
Training: 2025-04-02 20:59:17,791-Speed 63.35 samples/sec   Loss 0.0192   LearningRate 0.000947   Epoch: 10   Global Step: 15120   Fp16 Grad Scale: 1048576   Required: 157 hours
Training: 2025-04-02 20:59:38,128-Speed 62.94 samples/sec   Loss 0.0283   LearningRate 0.000947   Epoch: 10   Global Step: 15130   Fp16 Grad Scale: 1048576   Required: 157 hours
Training: 2025-04-02 20:59:58,330-Speed 63.36 samples/sec   Loss 0.0721   LearningRate 0.000947   Epoch: 10   Global Step: 15140   Fp16 Grad Scale: 1048576   Required: 157 hours
Training: 2025-04-02 21:00:18,484-Speed 63.51 samples/sec   Loss 0.0414   LearningRate 0.000947   Epoch: 10   Global Step: 15150   Fp16 Grad Scale: 1048576   Required: 157 hours
Training: 2025-04-02 21:00:39,660-Speed 60.45 samples/sec   Loss 0.0270   LearningRate 0.000947   Epoch: 10   Global Step: 15160   Fp16 Grad Scale: 1048576   Required: 157 hours
Training: 2025-04-02 21:01:00,939-Speed 60.16 samples/sec   Loss 0.0240   LearningRate 0.000947   Epoch: 10   Global Step: 15170   Fp16 Grad Scale: 1048576   Required: 157 hours
Training: 2025-04-02 21:01:21,146-Speed 63.35 samples/sec   Loss 0.0354   LearningRate 0.000947   Epoch: 10   Global Step: 15180   Fp16 Grad Scale: 1048576   Required: 157 hours
Training: 2025-04-02 21:01:41,312-Speed 63.47 samples/sec   Loss 0.0387   LearningRate 0.000947   Epoch: 10   Global Step: 15190   Fp16 Grad Scale: 1048576   Required: 157 hours
Training: 2025-04-02 21:02:01,426-Speed 63.64 samples/sec   Loss 0.0337   LearningRate 0.000947   Epoch: 10   Global Step: 15200   Fp16 Grad Scale: 1048576   Required: 157 hours
Training: 2025-04-02 21:02:21,679-Speed 63.20 samples/sec   Loss 0.1075   LearningRate 0.000947   Epoch: 10   Global Step: 15210   Fp16 Grad Scale: 1048576   Required: 157 hours
Training: 2025-04-02 21:02:41,868-Speed 63.40 samples/sec   Loss 0.0285   LearningRate 0.000947   Epoch: 10   Global Step: 15220   Fp16 Grad Scale: 1048576   Required: 157 hours
Training: 2025-04-02 21:03:02,055-Speed 63.41 samples/sec   Loss 0.0883   LearningRate 0.000947   Epoch: 10   Global Step: 15230   Fp16 Grad Scale: 1048576   Required: 157 hours
Training: 2025-04-02 21:03:22,300-Speed 63.23 samples/sec   Loss 0.1028   LearningRate 0.000947   Epoch: 10   Global Step: 15240   Fp16 Grad Scale: 1048576   Required: 157 hours
Training: 2025-04-02 21:03:42,499-Speed 63.37 samples/sec   Loss 0.0178   LearningRate 0.000947   Epoch: 10   Global Step: 15250   Fp16 Grad Scale: 1048576   Required: 157 hours
Training: 2025-04-02 21:04:02,654-Speed 63.51 samples/sec   Loss 0.0265   LearningRate 0.000946   Epoch: 10   Global Step: 15260   Fp16 Grad Scale: 1048576   Required: 157 hours
Training: 2025-04-02 21:04:22,872-Speed 63.31 samples/sec   Loss 0.0318   LearningRate 0.000946   Epoch: 10   Global Step: 15270   Fp16 Grad Scale: 1048576   Required: 157 hours
Training: 2025-04-02 21:04:42,986-Speed 63.64 samples/sec   Loss 0.0363   LearningRate 0.000946   Epoch: 10   Global Step: 15280   Fp16 Grad Scale: 1048576   Required: 157 hours
Training: 2025-04-02 21:05:03,305-Speed 63.00 samples/sec   Loss 0.0568   LearningRate 0.000946   Epoch: 10   Global Step: 15290   Fp16 Grad Scale: 1048576   Required: 157 hours
Training: 2025-04-02 21:05:23,516-Speed 63.33 samples/sec   Loss 0.0776   LearningRate 0.000946   Epoch: 10   Global Step: 15300   Fp16 Grad Scale: 1048576   Required: 157 hours
Training: 2025-04-02 21:05:45,940-Speed 57.09 samples/sec   Loss 0.0291   LearningRate 0.000946   Epoch: 10   Global Step: 15310   Fp16 Grad Scale: 1048576   Required: 157 hours
Training: 2025-04-02 21:06:06,117-Speed 63.44 samples/sec   Loss 0.0208   LearningRate 0.000946   Epoch: 10   Global Step: 15320   Fp16 Grad Scale: 1048576   Required: 157 hours
Training: 2025-04-02 21:06:26,250-Speed 63.58 samples/sec   Loss 0.0231   LearningRate 0.000946   Epoch: 10   Global Step: 15330   Fp16 Grad Scale: 1048576   Required: 157 hours
Training: 2025-04-02 21:06:46,383-Speed 63.58 samples/sec   Loss 0.0542   LearningRate 0.000946   Epoch: 10   Global Step: 15340   Fp16 Grad Scale: 2097152   Required: 157 hours
Training: 2025-04-02 21:07:06,611-Speed 63.34 samples/sec   Loss 0.0453   LearningRate 0.000946   Epoch: 10   Global Step: 15350   Fp16 Grad Scale: 2097152   Required: 157 hours
Training: 2025-04-02 21:07:26,783-Speed 63.46 samples/sec   Loss 0.0331   LearningRate 0.000946   Epoch: 10   Global Step: 15360   Fp16 Grad Scale: 2097152   Required: 157 hours
Training: 2025-04-02 21:07:46,998-Speed 63.32 samples/sec   Loss 0.0277   LearningRate 0.000946   Epoch: 10   Global Step: 15370   Fp16 Grad Scale: 2097152   Required: 157 hours
Training: 2025-04-02 21:08:07,166-Speed 63.47 samples/sec   Loss 0.0316   LearningRate 0.000946   Epoch: 10   Global Step: 15380   Fp16 Grad Scale: 2097152   Required: 157 hours
Training: 2025-04-02 21:08:27,310-Speed 63.55 samples/sec   Loss 0.0118   LearningRate 0.000946   Epoch: 10   Global Step: 15390   Fp16 Grad Scale: 2097152   Required: 157 hours
Training: 2025-04-02 21:08:47,509-Speed 63.37 samples/sec   Loss 0.0147   LearningRate 0.000946   Epoch: 10   Global Step: 15400   Fp16 Grad Scale: 2097152   Required: 157 hours
Training: 2025-04-02 21:09:07,652-Speed 63.55 samples/sec   Loss 0.0874   LearningRate 0.000946   Epoch: 10   Global Step: 15410   Fp16 Grad Scale: 2097152   Required: 157 hours
Training: 2025-04-02 21:09:27,787-Speed 63.58 samples/sec   Loss 0.0553   LearningRate 0.000946   Epoch: 10   Global Step: 15420   Fp16 Grad Scale: 2097152   Required: 157 hours
Training: 2025-04-02 21:09:47,921-Speed 63.57 samples/sec   Loss 0.0458   LearningRate 0.000946   Epoch: 10   Global Step: 15430   Fp16 Grad Scale: 1048576   Required: 157 hours
Training: 2025-04-02 21:10:08,109-Speed 63.41 samples/sec   Loss 0.0245   LearningRate 0.000946   Epoch: 10   Global Step: 15440   Fp16 Grad Scale: 1048576   Required: 157 hours
Training: 2025-04-02 21:10:28,317-Speed 63.34 samples/sec   Loss 0.0199   LearningRate 0.000946   Epoch: 10   Global Step: 15450   Fp16 Grad Scale: 1048576   Required: 157 hours
Training: 2025-04-02 21:10:50,338-Speed 58.13 samples/sec   Loss 0.0524   LearningRate 0.000946   Epoch: 10   Global Step: 15460   Fp16 Grad Scale: 1048576   Required: 157 hours
Training: 2025-04-02 21:11:10,454-Speed 63.63 samples/sec   Loss 0.0188   LearningRate 0.000946   Epoch: 10   Global Step: 15470   Fp16 Grad Scale: 1048576   Required: 157 hours
Training: 2025-04-02 21:11:30,615-Speed 63.49 samples/sec   Loss 0.0202   LearningRate 0.000946   Epoch: 10   Global Step: 15480   Fp16 Grad Scale: 1048576   Required: 157 hours
Training: 2025-04-02 21:11:50,785-Speed 63.46 samples/sec   Loss 0.0274   LearningRate 0.000946   Epoch: 10   Global Step: 15490   Fp16 Grad Scale: 1048576   Required: 157 hours
Training: 2025-04-02 21:12:10,971-Speed 63.41 samples/sec   Loss 0.0288   LearningRate 0.000946   Epoch: 10   Global Step: 15500   Fp16 Grad Scale: 1048576   Required: 157 hours
Training: 2025-04-02 21:12:31,162-Speed 63.40 samples/sec   Loss 0.0180   LearningRate 0.000946   Epoch: 10   Global Step: 15510   Fp16 Grad Scale: 1048576   Required: 157 hours
Training: 2025-04-02 21:12:51,300-Speed 63.57 samples/sec   Loss 0.0255   LearningRate 0.000946   Epoch: 10   Global Step: 15520   Fp16 Grad Scale: 524288   Required: 157 hours
Training: 2025-04-02 21:13:11,458-Speed 63.50 samples/sec   Loss 0.0436   LearningRate 0.000946   Epoch: 10   Global Step: 15530   Fp16 Grad Scale: 524288   Required: 157 hours
Training: 2025-04-02 21:13:31,726-Speed 63.16 samples/sec   Loss 0.0234   LearningRate 0.000946   Epoch: 10   Global Step: 15540   Fp16 Grad Scale: 524288   Required: 157 hours
Training: 2025-04-02 21:13:51,953-Speed 63.28 samples/sec   Loss 0.0267   LearningRate 0.000945   Epoch: 10   Global Step: 15550   Fp16 Grad Scale: 524288   Required: 157 hours
Training: 2025-04-02 21:14:12,109-Speed 63.51 samples/sec   Loss 0.0223   LearningRate 0.000945   Epoch: 10   Global Step: 15560   Fp16 Grad Scale: 524288   Required: 157 hours
Training: 2025-04-02 21:14:32,320-Speed 63.33 samples/sec   Loss 0.0263   LearningRate 0.000945   Epoch: 10   Global Step: 15570   Fp16 Grad Scale: 524288   Required: 157 hours
Training: 2025-04-02 21:14:52,515-Speed 63.38 samples/sec   Loss 0.0439   LearningRate 0.000945   Epoch: 10   Global Step: 15580   Fp16 Grad Scale: 524288   Required: 157 hours
Training: 2025-04-02 21:15:12,672-Speed 63.50 samples/sec   Loss 0.0484   LearningRate 0.000945   Epoch: 10   Global Step: 15590   Fp16 Grad Scale: 524288   Required: 157 hours
Training: 2025-04-02 21:15:32,806-Speed 63.58 samples/sec   Loss 0.0464   LearningRate 0.000945   Epoch: 10   Global Step: 15600   Fp16 Grad Scale: 524288   Required: 157 hours
Training: 2025-04-02 21:15:54,987-Speed 57.71 samples/sec   Loss 0.0241   LearningRate 0.000945   Epoch: 10   Global Step: 15610   Fp16 Grad Scale: 524288   Required: 157 hours
Training: 2025-04-02 21:16:15,191-Speed 63.35 samples/sec   Loss 0.0154   LearningRate 0.000945   Epoch: 10   Global Step: 15620   Fp16 Grad Scale: 1048576   Required: 157 hours
Training: 2025-04-02 21:16:35,453-Speed 63.18 samples/sec   Loss 0.0249   LearningRate 0.000945   Epoch: 10   Global Step: 15630   Fp16 Grad Scale: 1048576   Required: 157 hours
Training: 2025-04-02 21:16:55,636-Speed 63.42 samples/sec   Loss 0.0167   LearningRate 0.000945   Epoch: 10   Global Step: 15640   Fp16 Grad Scale: 1048576   Required: 157 hours
Training: 2025-04-02 21:17:15,796-Speed 63.49 samples/sec   Loss 0.0350   LearningRate 0.000945   Epoch: 10   Global Step: 15650   Fp16 Grad Scale: 1048576   Required: 157 hours
Training: 2025-04-02 21:17:35,957-Speed 63.49 samples/sec   Loss 0.0684   LearningRate 0.000945   Epoch: 10   Global Step: 15660   Fp16 Grad Scale: 1048576   Required: 157 hours
Training: 2025-04-02 21:17:56,174-Speed 63.31 samples/sec   Loss 0.0358   LearningRate 0.000945   Epoch: 10   Global Step: 15670   Fp16 Grad Scale: 1048576   Required: 157 hours
Training: 2025-04-02 21:18:15,804-Speed 65.21 samples/sec   Loss 0.0240   LearningRate 0.000945   Epoch: 10   Global Step: 15680   Fp16 Grad Scale: 1048576   Required: 157 hours
Training: 2025-04-02 21:18:38,959-Speed 55.28 samples/sec   Loss 0.0288   LearningRate 0.000945   Epoch: 11   Global Step: 15690   Fp16 Grad Scale: 1048576   Required: 157 hours
Training: 2025-04-02 21:18:59,198-Speed 63.24 samples/sec   Loss 0.0131   LearningRate 0.000945   Epoch: 11   Global Step: 15700   Fp16 Grad Scale: 1048576   Required: 157 hours
Training: 2025-04-02 21:19:19,519-Speed 62.99 samples/sec   Loss 0.0107   LearningRate 0.000945   Epoch: 11   Global Step: 15710   Fp16 Grad Scale: 1048576   Required: 156 hours
Training: 2025-04-02 21:19:39,838-Speed 63.00 samples/sec   Loss 0.0199   LearningRate 0.000945   Epoch: 11   Global Step: 15720   Fp16 Grad Scale: 2097152   Required: 156 hours
Training: 2025-04-02 21:20:00,037-Speed 63.37 samples/sec   Loss 0.0113   LearningRate 0.000945   Epoch: 11   Global Step: 15730   Fp16 Grad Scale: 2097152   Required: 156 hours
Training: 2025-04-02 21:20:20,269-Speed 63.27 samples/sec   Loss 0.0222   LearningRate 0.000945   Epoch: 11   Global Step: 15740   Fp16 Grad Scale: 2097152   Required: 156 hours
Training: 2025-04-02 21:20:40,583-Speed 63.01 samples/sec   Loss 0.0089   LearningRate 0.000945   Epoch: 11   Global Step: 15750   Fp16 Grad Scale: 2097152   Required: 156 hours
Training: 2025-04-02 21:21:02,756-Speed 57.73 samples/sec   Loss 0.0162   LearningRate 0.000945   Epoch: 11   Global Step: 15760   Fp16 Grad Scale: 2097152   Required: 156 hours
Training: 2025-04-02 21:21:23,011-Speed 63.19 samples/sec   Loss 0.0576   LearningRate 0.000945   Epoch: 11   Global Step: 15770   Fp16 Grad Scale: 1048576   Required: 156 hours
Training: 2025-04-02 21:21:43,248-Speed 63.25 samples/sec   Loss 0.0063   LearningRate 0.000945   Epoch: 11   Global Step: 15780   Fp16 Grad Scale: 1048576   Required: 156 hours
Training: 2025-04-02 21:22:03,605-Speed 62.88 samples/sec   Loss 0.0619   LearningRate 0.000945   Epoch: 11   Global Step: 15790   Fp16 Grad Scale: 1048576   Required: 156 hours
Training: 2025-04-02 21:22:45,341-Speed 63.25 samples/sec   Loss 0.0055   LearningRate 0.000945   Epoch: 11   Global Step: 15800   Fp16 Grad Scale: 1048576   Required: 157 hours
Training: 2025-04-02 21:23:05,706-Speed 62.86 samples/sec   Loss 0.0302   LearningRate 0.000945   Epoch: 11   Global Step: 15810   Fp16 Grad Scale: 1048576   Required: 157 hours
Training: 2025-04-02 21:23:25,950-Speed 63.23 samples/sec   Loss 0.0104   LearningRate 0.000945   Epoch: 11   Global Step: 15820   Fp16 Grad Scale: 1048576   Required: 157 hours
Training: 2025-04-02 21:23:46,190-Speed 63.24 samples/sec   Loss 0.0113   LearningRate 0.000944   Epoch: 11   Global Step: 15830   Fp16 Grad Scale: 1048576   Required: 156 hours
Training: 2025-04-02 21:24:06,487-Speed 63.06 samples/sec   Loss 0.0067   LearningRate 0.000944   Epoch: 11   Global Step: 15840   Fp16 Grad Scale: 1048576   Required: 156 hours
Training: 2025-04-02 21:24:26,686-Speed 63.37 samples/sec   Loss 0.0060   LearningRate 0.000944   Epoch: 11   Global Step: 15850   Fp16 Grad Scale: 1048576   Required: 156 hours
Training: 2025-04-02 21:24:46,958-Speed 63.14 samples/sec   Loss 0.0052   LearningRate 0.000944   Epoch: 11   Global Step: 15860   Fp16 Grad Scale: 1048576   Required: 156 hours
Training: 2025-04-02 21:25:07,146-Speed 63.41 samples/sec   Loss 0.0088   LearningRate 0.000944   Epoch: 11   Global Step: 15870   Fp16 Grad Scale: 2097152   Required: 156 hours
Training: 2025-04-02 21:25:27,430-Speed 63.11 samples/sec   Loss 0.0054   LearningRate 0.000944   Epoch: 11   Global Step: 15880   Fp16 Grad Scale: 2097152   Required: 156 hours
Training: 2025-04-02 21:25:47,661-Speed 63.27 samples/sec   Loss 0.0109   LearningRate 0.000944   Epoch: 11   Global Step: 15890   Fp16 Grad Scale: 2097152   Required: 156 hours
Training: 2025-04-02 21:26:09,689-Speed 58.11 samples/sec   Loss 0.0600   LearningRate 0.000944   Epoch: 11   Global Step: 15900   Fp16 Grad Scale: 1048576   Required: 156 hours
Training: 2025-04-02 21:26:29,872-Speed 63.42 samples/sec   Loss 0.0114   LearningRate 0.000944   Epoch: 11   Global Step: 15910   Fp16 Grad Scale: 1048576   Required: 156 hours
Training: 2025-04-02 21:26:50,068-Speed 63.38 samples/sec   Loss 0.0114   LearningRate 0.000944   Epoch: 11   Global Step: 15920   Fp16 Grad Scale: 1048576   Required: 156 hours
Training: 2025-04-02 21:27:10,330-Speed 63.18 samples/sec   Loss 0.0164   LearningRate 0.000944   Epoch: 11   Global Step: 15930   Fp16 Grad Scale: 1048576   Required: 156 hours
Training: 2025-04-02 21:27:30,493-Speed 63.48 samples/sec   Loss 0.0304   LearningRate 0.000944   Epoch: 11   Global Step: 15940   Fp16 Grad Scale: 1048576   Required: 156 hours
Training: 2025-04-02 21:27:50,693-Speed 63.37 samples/sec   Loss 0.0136   LearningRate 0.000944   Epoch: 11   Global Step: 15950   Fp16 Grad Scale: 1048576   Required: 156 hours
Training: 2025-04-02 21:28:10,858-Speed 63.48 samples/sec   Loss 0.0163   LearningRate 0.000944   Epoch: 11   Global Step: 15960   Fp16 Grad Scale: 1048576   Required: 156 hours
Training: 2025-04-02 21:28:31,073-Speed 63.32 samples/sec   Loss 0.0175   LearningRate 0.000944   Epoch: 11   Global Step: 15970   Fp16 Grad Scale: 1048576   Required: 156 hours
Training: 2025-04-02 21:28:51,243-Speed 63.46 samples/sec   Loss 0.0346   LearningRate 0.000944   Epoch: 11   Global Step: 15980   Fp16 Grad Scale: 1048576   Required: 156 hours
Training: 2025-04-02 21:29:11,464-Speed 63.30 samples/sec   Loss 0.0262   LearningRate 0.000944   Epoch: 11   Global Step: 15990   Fp16 Grad Scale: 1048576   Required: 156 hours
Training: 2025-04-02 21:29:31,695-Speed 63.27 samples/sec   Loss 0.0152   LearningRate 0.000944   Epoch: 11   Global Step: 16000   Fp16 Grad Scale: 2097152   Required: 156 hours
net_out.shape: torch.Size([128, 512])
net_out.shape: torch.Size([128, 512])
net_out.shape: torch.Size([128, 512])
net_out.shape: torch.Size([128, 512])
net_out.shape: torch.Size([128, 512])
net_out.shape: torch.Size([128, 512])
net_out.shape: torch.Size([128, 512])
net_out.shape: torch.Size([128, 512])
net_out.shape: torch.Size([128, 512])
net_out.shape: torch.Size([128, 512])
net_out.shape: torch.Size([128, 512])
net_out.shape: torch.Size([128, 512])
net_out.shape: torch.Size([128, 512])
net_out.shape: torch.Size([128, 512])
net_out.shape: torch.Size([128, 512])
net_out.shape: torch.Size([128, 512])
net_out.shape: torch.Size([128, 512])
net_out.shape: torch.Size([128, 512])
net_out.shape: torch.Size([128, 512])
net_out.shape: torch.Size([128, 512])
net_out.shape: torch.Size([128, 512])
net_out.shape: torch.Size([128, 512])
net_out.shape: torch.Size([128, 512])
net_out.shape: torch.Size([128, 512])
net_out.shape: torch.Size([128, 512])
net_out.shape: torch.Size([128, 512])
net_out.shape: torch.Size([128, 512])
net_out.shape: torch.Size([128, 512])
net_out.shape: torch.Size([128, 512])
net_out.shape: torch.Size([128, 512])
net_out.shape: torch.Size([128, 512])
net_out.shape: torch.Size([128, 512])
net_out.shape: torch.Size([128, 512])
net_out.shape: torch.Size([128, 512])
net_out.shape: torch.Size([128, 512])
net_out.shape: torch.Size([128, 512])
net_out.shape: torch.Size([128, 512])
net_out.shape: torch.Size([128, 512])
net_out.shape: torch.Size([128, 512])
net_out.shape: torch.Size([128, 512])
net_out.shape: torch.Size([128, 512])
net_out.shape: torch.Size([128, 512])
net_out.shape: torch.Size([128, 512])
net_out.shape: torch.Size([128, 512])
net_out.shape: torch.Size([128, 512])
net_out.shape: torch.Size([128, 512])
net_out.shape: torch.Size([128, 512])
net_out.shape: torch.Size([128, 512])
net_out.shape: torch.Size([128, 512])
net_out.shape: torch.Size([128, 512])
net_out.shape: torch.Size([128, 512])
net_out.shape: torch.Size([128, 512])
net_out.shape: torch.Size([128, 512])
net_out.shape: torch.Size([128, 512])
net_out.shape: torch.Size([128, 512])
net_out.shape: torch.Size([128, 512])
net_out.shape: torch.Size([128, 512])
net_out.shape: torch.Size([128, 512])
net_out.shape: torch.Size([128, 512])
net_out.shape: torch.Size([128, 512])
net_out.shape: torch.Size([128, 512])
net_out.shape: torch.Size([128, 512])
net_out.shape: torch.Size([128, 512])
net_out.shape: torch.Size([128, 512])
Training: 2025-04-02 21:30:42,089-[val][Global step: 16000] d prime: 6.447534084320068
Model saved with d prime score: 6.828874588012695
Training: 2025-04-02 21:31:06,154-Speed 13.55 samples/sec   Loss 0.0221   LearningRate 0.000944   Epoch: 11   Global Step: 16010   Fp16 Grad Scale: 2097152   Required: 157 hours
Training: 2025-04-02 21:31:26,405-Speed 63.21 samples/sec   Loss 0.0151   LearningRate 0.000944   Epoch: 11   Global Step: 16020   Fp16 Grad Scale: 2097152   Required: 157 hours
Training: 2025-04-02 21:31:46,585-Speed 63.43 samples/sec   Loss 0.0837   LearningRate 0.000944   Epoch: 11   Global Step: 16030   Fp16 Grad Scale: 1048576   Required: 157 hours
Training: 2025-04-02 21:32:06,881-Speed 63.07 samples/sec   Loss 0.0276   LearningRate 0.000944   Epoch: 11   Global Step: 16040   Fp16 Grad Scale: 1048576   Required: 157 hours
Training: 2025-04-02 21:32:27,086-Speed 63.35 samples/sec   Loss 0.0149   LearningRate 0.000944   Epoch: 11   Global Step: 16050   Fp16 Grad Scale: 1048576   Required: 157 hours
Training: 2025-04-02 21:32:47,324-Speed 63.25 samples/sec   Loss 0.0476   LearningRate 0.000944   Epoch: 11   Global Step: 16060   Fp16 Grad Scale: 1048576   Required: 157 hours
Training: 2025-04-02 21:33:07,524-Speed 63.37 samples/sec   Loss 0.0264   LearningRate 0.000944   Epoch: 11   Global Step: 16070   Fp16 Grad Scale: 1048576   Required: 157 hours
Training: 2025-04-02 21:33:27,729-Speed 63.35 samples/sec   Loss 0.0236   LearningRate 0.000944   Epoch: 11   Global Step: 16080   Fp16 Grad Scale: 1048576   Required: 157 hours
Training: 2025-04-02 21:33:47,972-Speed 63.23 samples/sec   Loss 0.0116   LearningRate 0.000944   Epoch: 11   Global Step: 16090   Fp16 Grad Scale: 1048576   Required: 157 hours
Training: 2025-04-02 21:34:08,162-Speed 63.40 samples/sec   Loss 0.0044   LearningRate 0.000944   Epoch: 11   Global Step: 16100   Fp16 Grad Scale: 1048576   Required: 157 hours
Training: 2025-04-02 21:34:28,339-Speed 63.44 samples/sec   Loss 0.0164   LearningRate 0.000944   Epoch: 11   Global Step: 16110   Fp16 Grad Scale: 1048576   Required: 157 hours
Training: 2025-04-02 21:34:48,532-Speed 63.39 samples/sec   Loss 0.0101   LearningRate 0.000943   Epoch: 11   Global Step: 16120   Fp16 Grad Scale: 1048576   Required: 157 hours
Training: 2025-04-02 21:35:08,729-Speed 63.38 samples/sec   Loss 0.0199   LearningRate 0.000943   Epoch: 11   Global Step: 16130   Fp16 Grad Scale: 2097152   Required: 157 hours
Training: 2025-04-02 21:35:28,930-Speed 63.37 samples/sec   Loss 0.0040   LearningRate 0.000943   Epoch: 11   Global Step: 16140   Fp16 Grad Scale: 2097152   Required: 157 hours
Training: 2025-04-02 21:35:49,117-Speed 63.41 samples/sec   Loss 0.0191   LearningRate 0.000943   Epoch: 11   Global Step: 16150   Fp16 Grad Scale: 2097152   Required: 157 hours
Training: 2025-04-02 21:36:10,978-Speed 58.55 samples/sec   Loss 0.0138   LearningRate 0.000943   Epoch: 11   Global Step: 16160   Fp16 Grad Scale: 1048576   Required: 157 hours
Training: 2025-04-02 21:36:31,066-Speed 63.72 samples/sec   Loss 0.0193   LearningRate 0.000943   Epoch: 11   Global Step: 16170   Fp16 Grad Scale: 1048576   Required: 157 hours
Training: 2025-04-02 21:36:51,267-Speed 63.37 samples/sec   Loss 0.0298   LearningRate 0.000943   Epoch: 11   Global Step: 16180   Fp16 Grad Scale: 1048576   Required: 157 hours
Training: 2025-04-02 21:37:11,419-Speed 63.52 samples/sec   Loss 0.0231   LearningRate 0.000943   Epoch: 11   Global Step: 16190   Fp16 Grad Scale: 1048576   Required: 157 hours
Training: 2025-04-02 21:37:31,600-Speed 63.43 samples/sec   Loss 0.0179   LearningRate 0.000943   Epoch: 11   Global Step: 16200   Fp16 Grad Scale: 1048576   Required: 157 hours
Training: 2025-04-02 21:37:51,799-Speed 63.37 samples/sec   Loss 0.0095   LearningRate 0.000943   Epoch: 11   Global Step: 16210   Fp16 Grad Scale: 1048576   Required: 157 hours
Training: 2025-04-02 21:38:11,991-Speed 63.39 samples/sec   Loss 0.0210   LearningRate 0.000943   Epoch: 11   Global Step: 16220   Fp16 Grad Scale: 1048576   Required: 156 hours
Training: 2025-04-02 21:38:32,167-Speed 63.44 samples/sec   Loss 0.0157   LearningRate 0.000943   Epoch: 11   Global Step: 16230   Fp16 Grad Scale: 1048576   Required: 156 hours
Training: 2025-04-02 21:38:52,297-Speed 63.59 samples/sec   Loss 0.0194   LearningRate 0.000943   Epoch: 11   Global Step: 16240   Fp16 Grad Scale: 524288   Required: 156 hours
Training: 2025-04-02 21:39:12,486-Speed 63.40 samples/sec   Loss 0.0146   LearningRate 0.000943   Epoch: 11   Global Step: 16250   Fp16 Grad Scale: 524288   Required: 156 hours
Training: 2025-04-02 21:39:32,661-Speed 63.45 samples/sec   Loss 0.0134   LearningRate 0.000943   Epoch: 11   Global Step: 16260   Fp16 Grad Scale: 524288   Required: 156 hours
Training: 2025-04-02 21:39:52,887-Speed 63.28 samples/sec   Loss 0.0621   LearningRate 0.000943   Epoch: 11   Global Step: 16270   Fp16 Grad Scale: 524288   Required: 156 hours
Training: 2025-04-02 21:40:13,140-Speed 63.20 samples/sec   Loss 0.0117   LearningRate 0.000943   Epoch: 11   Global Step: 16280   Fp16 Grad Scale: 524288   Required: 156 hours
Training: 2025-04-02 21:40:33,342-Speed 63.36 samples/sec   Loss 0.0324   LearningRate 0.000943   Epoch: 11   Global Step: 16290   Fp16 Grad Scale: 524288   Required: 156 hours
Training: 2025-04-02 21:40:53,553-Speed 63.33 samples/sec   Loss 0.0186   LearningRate 0.000943   Epoch: 11   Global Step: 16300   Fp16 Grad Scale: 524288   Required: 156 hours
Training: 2025-04-02 21:41:15,782-Speed 57.58 samples/sec   Loss 0.0268   LearningRate 0.000943   Epoch: 11   Global Step: 16310   Fp16 Grad Scale: 524288   Required: 156 hours
Training: 2025-04-02 21:41:35,957-Speed 63.45 samples/sec   Loss 0.0151   LearningRate 0.000943   Epoch: 11   Global Step: 16320   Fp16 Grad Scale: 524288   Required: 156 hours
Training: 2025-04-02 21:41:56,135-Speed 63.44 samples/sec   Loss 0.0201   LearningRate 0.000943   Epoch: 11   Global Step: 16330   Fp16 Grad Scale: 524288   Required: 156 hours
Training: 2025-04-02 21:42:16,420-Speed 63.10 samples/sec   Loss 0.0264   LearningRate 0.000943   Epoch: 11   Global Step: 16340   Fp16 Grad Scale: 1048576   Required: 156 hours
Training: 2025-04-02 21:42:36,562-Speed 63.55 samples/sec   Loss 0.0327   LearningRate 0.000943   Epoch: 11   Global Step: 16350   Fp16 Grad Scale: 524288   Required: 156 hours
Training: 2025-04-02 21:42:56,776-Speed 63.32 samples/sec   Loss 0.0184   LearningRate 0.000943   Epoch: 11   Global Step: 16360   Fp16 Grad Scale: 524288   Required: 156 hours
Training: 2025-04-02 21:43:20,798-Speed 63.40 samples/sec   Loss 0.0179   LearningRate 0.000943   Epoch: 11   Global Step: 16370   Fp16 Grad Scale: 524288   Required: 156 hours
Training: 2025-04-02 21:43:40,992-Speed 63.39 samples/sec   Loss 0.0272   LearningRate 0.000943   Epoch: 11   Global Step: 16380   Fp16 Grad Scale: 524288   Required: 156 hours
Training: 2025-04-02 21:44:01,212-Speed 63.31 samples/sec   Loss 0.0330   LearningRate 0.000943   Epoch: 11   Global Step: 16390   Fp16 Grad Scale: 524288   Required: 156 hours
Training: 2025-04-02 21:44:21,439-Speed 63.28 samples/sec   Loss 0.0136   LearningRate 0.000942   Epoch: 11   Global Step: 16400   Fp16 Grad Scale: 524288   Required: 156 hours
Training: 2025-04-02 21:44:41,670-Speed 63.27 samples/sec   Loss 0.0205   LearningRate 0.000942   Epoch: 11   Global Step: 16410   Fp16 Grad Scale: 524288   Required: 156 hours
Training: 2025-04-02 21:45:01,799-Speed 63.59 samples/sec   Loss 0.0338   LearningRate 0.000942   Epoch: 11   Global Step: 16420   Fp16 Grad Scale: 524288   Required: 156 hours
Training: 2025-04-02 21:45:21,956-Speed 63.50 samples/sec   Loss 0.0315   LearningRate 0.000942   Epoch: 11   Global Step: 16430   Fp16 Grad Scale: 524288   Required: 156 hours
Training: 2025-04-02 21:45:42,148-Speed 63.39 samples/sec   Loss 0.0737   LearningRate 0.000942   Epoch: 11   Global Step: 16440   Fp16 Grad Scale: 524288   Required: 156 hours
Training: 2025-04-02 21:46:02,463-Speed 63.01 samples/sec   Loss 0.0215   LearningRate 0.000942   Epoch: 11   Global Step: 16450   Fp16 Grad Scale: 1048576   Required: 156 hours
Training: 2025-04-02 21:46:24,681-Speed 57.61 samples/sec   Loss 0.0477   LearningRate 0.000942   Epoch: 11   Global Step: 16460   Fp16 Grad Scale: 1048576   Required: 156 hours
Training: 2025-04-02 21:46:44,856-Speed 63.45 samples/sec   Loss 0.0301   LearningRate 0.000942   Epoch: 11   Global Step: 16470   Fp16 Grad Scale: 1048576   Required: 156 hours
Training: 2025-04-02 21:47:05,123-Speed 63.16 samples/sec   Loss 0.0251   LearningRate 0.000942   Epoch: 11   Global Step: 16480   Fp16 Grad Scale: 1048576   Required: 156 hours
Training: 2025-04-02 21:47:25,297-Speed 63.45 samples/sec   Loss 0.0208   LearningRate 0.000942   Epoch: 11   Global Step: 16490   Fp16 Grad Scale: 1048576   Required: 156 hours
Training: 2025-04-02 21:47:45,541-Speed 63.23 samples/sec   Loss 0.0142   LearningRate 0.000942   Epoch: 11   Global Step: 16500   Fp16 Grad Scale: 1048576   Required: 156 hours
Training: 2025-04-02 21:48:05,821-Speed 63.12 samples/sec   Loss 0.0089   LearningRate 0.000942   Epoch: 11   Global Step: 16510   Fp16 Grad Scale: 1048576   Required: 156 hours
Training: 2025-04-02 21:48:26,015-Speed 63.39 samples/sec   Loss 0.0270   LearningRate 0.000942   Epoch: 11   Global Step: 16520   Fp16 Grad Scale: 1048576   Required: 156 hours
Training: 2025-04-02 21:48:46,199-Speed 63.42 samples/sec   Loss 0.0370   LearningRate 0.000942   Epoch: 11   Global Step: 16530   Fp16 Grad Scale: 1048576   Required: 156 hours
Training: 2025-04-02 21:49:06,502-Speed 63.05 samples/sec   Loss 0.0248   LearningRate 0.000942   Epoch: 11   Global Step: 16540   Fp16 Grad Scale: 1048576   Required: 156 hours
Training: 2025-04-02 21:49:26,668-Speed 63.47 samples/sec   Loss 0.0159   LearningRate 0.000942   Epoch: 11   Global Step: 16550   Fp16 Grad Scale: 2097152   Required: 156 hours
Training: 2025-04-02 21:49:47,049-Speed 62.81 samples/sec   Loss 0.0088   LearningRate 0.000942   Epoch: 11   Global Step: 16560   Fp16 Grad Scale: 2097152   Required: 156 hours
Training: 2025-04-02 21:50:07,199-Speed 63.52 samples/sec   Loss 0.0641   LearningRate 0.000942   Epoch: 11   Global Step: 16570   Fp16 Grad Scale: 1048576   Required: 156 hours
Training: 2025-04-02 21:50:27,492-Speed 63.08 samples/sec   Loss 0.0208   LearningRate 0.000942   Epoch: 11   Global Step: 16580   Fp16 Grad Scale: 1048576   Required: 156 hours
Training: 2025-04-02 21:50:47,717-Speed 63.29 samples/sec   Loss 0.0158   LearningRate 0.000942   Epoch: 11   Global Step: 16590   Fp16 Grad Scale: 1048576   Required: 156 hours
Training: 2025-04-02 21:51:07,918-Speed 63.37 samples/sec   Loss 0.0155   LearningRate 0.000942   Epoch: 11   Global Step: 16600   Fp16 Grad Scale: 1048576   Required: 156 hours
Training: 2025-04-02 21:51:29,843-Speed 58.38 samples/sec   Loss 0.0560   LearningRate 0.000942   Epoch: 11   Global Step: 16610   Fp16 Grad Scale: 1048576   Required: 156 hours
Training: 2025-04-02 21:51:50,057-Speed 63.32 samples/sec   Loss 0.0411   LearningRate 0.000942   Epoch: 11   Global Step: 16620   Fp16 Grad Scale: 1048576   Required: 156 hours
Training: 2025-04-02 21:52:10,250-Speed 63.39 samples/sec   Loss 0.0265   LearningRate 0.000942   Epoch: 11   Global Step: 16630   Fp16 Grad Scale: 1048576   Required: 156 hours
Training: 2025-04-02 21:52:30,458-Speed 63.34 samples/sec   Loss 0.0221   LearningRate 0.000942   Epoch: 11   Global Step: 16640   Fp16 Grad Scale: 1048576   Required: 156 hours
Training: 2025-04-02 21:52:50,648-Speed 63.40 samples/sec   Loss 0.1075   LearningRate 0.000942   Epoch: 11   Global Step: 16650   Fp16 Grad Scale: 1048576   Required: 156 hours
Training: 2025-04-02 21:53:10,818-Speed 63.46 samples/sec   Loss 0.0385   LearningRate 0.000942   Epoch: 11   Global Step: 16660   Fp16 Grad Scale: 1048576   Required: 156 hours
Training: 2025-04-02 21:53:31,062-Speed 63.23 samples/sec   Loss 0.1366   LearningRate 0.000942   Epoch: 11   Global Step: 16670   Fp16 Grad Scale: 2097152   Required: 156 hours
Training: 2025-04-02 21:53:51,195-Speed 63.58 samples/sec   Loss 0.0738   LearningRate 0.000942   Epoch: 11   Global Step: 16680   Fp16 Grad Scale: 2097152   Required: 156 hours
Training: 2025-04-02 21:54:11,401-Speed 63.35 samples/sec   Loss 0.0212   LearningRate 0.000941   Epoch: 11   Global Step: 16690   Fp16 Grad Scale: 2097152   Required: 156 hours
Training: 2025-04-02 21:54:31,603-Speed 63.36 samples/sec   Loss 0.0234   LearningRate 0.000941   Epoch: 11   Global Step: 16700   Fp16 Grad Scale: 2097152   Required: 156 hours
Training: 2025-04-02 21:54:51,777-Speed 63.45 samples/sec   Loss 0.0533   LearningRate 0.000941   Epoch: 11   Global Step: 16710   Fp16 Grad Scale: 1048576   Required: 156 hours
Training: 2025-04-02 21:55:11,951-Speed 63.45 samples/sec   Loss 0.0238   LearningRate 0.000941   Epoch: 11   Global Step: 16720   Fp16 Grad Scale: 1048576   Required: 156 hours
Training: 2025-04-02 21:55:32,173-Speed 63.30 samples/sec   Loss 0.0613   LearningRate 0.000941   Epoch: 11   Global Step: 16730   Fp16 Grad Scale: 1048576   Required: 156 hours
Training: 2025-04-02 21:55:52,336-Speed 63.49 samples/sec   Loss 0.0293   LearningRate 0.000941   Epoch: 11   Global Step: 16740   Fp16 Grad Scale: 1048576   Required: 156 hours
Training: 2025-04-02 21:56:12,503-Speed 63.47 samples/sec   Loss 0.0259   LearningRate 0.000941   Epoch: 11   Global Step: 16750   Fp16 Grad Scale: 1048576   Required: 156 hours
Training: 2025-04-02 21:56:34,493-Speed 58.21 samples/sec   Loss 0.0258   LearningRate 0.000941   Epoch: 11   Global Step: 16760   Fp16 Grad Scale: 1048576   Required: 156 hours
Training: 2025-04-02 21:56:54,710-Speed 63.32 samples/sec   Loss 0.0766   LearningRate 0.000941   Epoch: 11   Global Step: 16770   Fp16 Grad Scale: 1048576   Required: 156 hours
Training: 2025-04-02 21:57:14,928-Speed 63.31 samples/sec   Loss 0.0439   LearningRate 0.000941   Epoch: 11   Global Step: 16780   Fp16 Grad Scale: 524288   Required: 156 hours
Training: 2025-04-02 21:57:35,089-Speed 63.49 samples/sec   Loss 0.0275   LearningRate 0.000941   Epoch: 11   Global Step: 16790   Fp16 Grad Scale: 524288   Required: 156 hours
Training: 2025-04-02 21:57:55,331-Speed 63.24 samples/sec   Loss 0.0226   LearningRate 0.000941   Epoch: 11   Global Step: 16800   Fp16 Grad Scale: 524288   Required: 156 hours
Training: 2025-04-02 21:58:15,470-Speed 63.56 samples/sec   Loss 0.0263   LearningRate 0.000941   Epoch: 11   Global Step: 16810   Fp16 Grad Scale: 524288   Required: 156 hours
Training: 2025-04-02 21:58:35,763-Speed 63.08 samples/sec   Loss 0.0497   LearningRate 0.000941   Epoch: 11   Global Step: 16820   Fp16 Grad Scale: 524288   Required: 156 hours
Training: 2025-04-02 21:58:55,917-Speed 63.51 samples/sec   Loss 0.0228   LearningRate 0.000941   Epoch: 11   Global Step: 16830   Fp16 Grad Scale: 524288   Required: 156 hours
Training: 2025-04-02 21:59:16,133-Speed 63.32 samples/sec   Loss 0.0477   LearningRate 0.000941   Epoch: 11   Global Step: 16840   Fp16 Grad Scale: 524288   Required: 156 hours
Training: 2025-04-02 21:59:36,290-Speed 63.50 samples/sec   Loss 0.0089   LearningRate 0.000941   Epoch: 11   Global Step: 16850   Fp16 Grad Scale: 524288   Required: 156 hours
Training: 2025-04-02 21:59:56,501-Speed 63.33 samples/sec   Loss 0.0141   LearningRate 0.000941   Epoch: 11   Global Step: 16860   Fp16 Grad Scale: 524288   Required: 156 hours
Training: 2025-04-02 22:00:16,657-Speed 63.51 samples/sec   Loss 0.0752   LearningRate 0.000941   Epoch: 11   Global Step: 16870   Fp16 Grad Scale: 524288   Required: 156 hours
Training: 2025-04-02 22:00:36,772-Speed 63.64 samples/sec   Loss 0.0555   LearningRate 0.000941   Epoch: 11   Global Step: 16880   Fp16 Grad Scale: 524288   Required: 156 hours
Training: 2025-04-02 22:00:56,946-Speed 63.45 samples/sec   Loss 0.1149   LearningRate 0.000941   Epoch: 11   Global Step: 16890   Fp16 Grad Scale: 524288   Required: 156 hours
Training: 2025-04-02 22:01:17,162-Speed 63.32 samples/sec   Loss 0.0251   LearningRate 0.000941   Epoch: 11   Global Step: 16900   Fp16 Grad Scale: 524288   Required: 156 hours
Training: 2025-04-02 22:01:39,362-Speed 57.66 samples/sec   Loss 0.0619   LearningRate 0.000941   Epoch: 11   Global Step: 16910   Fp16 Grad Scale: 524288   Required: 156 hours
Training: 2025-04-02 22:01:59,573-Speed 63.33 samples/sec   Loss 0.0287   LearningRate 0.000941   Epoch: 11   Global Step: 16920   Fp16 Grad Scale: 524288   Required: 156 hours
Training: 2025-04-02 22:02:19,781-Speed 63.34 samples/sec   Loss 0.0627   LearningRate 0.000941   Epoch: 11   Global Step: 16930   Fp16 Grad Scale: 524288   Required: 156 hours
Training: 2025-04-02 22:02:39,967-Speed 63.41 samples/sec   Loss 0.0546   LearningRate 0.000941   Epoch: 11   Global Step: 16940   Fp16 Grad Scale: 524288   Required: 156 hours
Training: 2025-04-02 22:03:00,182-Speed 63.32 samples/sec   Loss 0.0382   LearningRate 0.000941   Epoch: 11   Global Step: 16950   Fp16 Grad Scale: 524288   Required: 156 hours
Training: 2025-04-02 22:03:20,478-Speed 63.07 samples/sec   Loss 0.0306   LearningRate 0.000941   Epoch: 11   Global Step: 16960   Fp16 Grad Scale: 524288   Required: 156 hours
Training: 2025-04-02 22:03:40,660-Speed 63.42 samples/sec   Loss 0.0687   LearningRate 0.000940   Epoch: 11   Global Step: 16970   Fp16 Grad Scale: 524288   Required: 156 hours
Training: 2025-04-02 22:04:00,876-Speed 63.32 samples/sec   Loss 0.0323   LearningRate 0.000940   Epoch: 11   Global Step: 16980   Fp16 Grad Scale: 1048576   Required: 156 hours
Training: 2025-04-02 22:04:21,164-Speed 63.09 samples/sec   Loss 0.0227   LearningRate 0.000940   Epoch: 11   Global Step: 16990   Fp16 Grad Scale: 1048576   Required: 156 hours
Training: 2025-04-02 22:04:41,340-Speed 63.44 samples/sec   Loss 0.0372   LearningRate 0.000940   Epoch: 11   Global Step: 17000   Fp16 Grad Scale: 1048576   Required: 156 hours
Training: 2025-04-02 22:05:01,528-Speed 63.41 samples/sec   Loss 0.0247   LearningRate 0.000940   Epoch: 11   Global Step: 17010   Fp16 Grad Scale: 1048576   Required: 156 hours
Training: 2025-04-02 22:05:21,822-Speed 63.08 samples/sec   Loss 0.0527   LearningRate 0.000940   Epoch: 11   Global Step: 17020   Fp16 Grad Scale: 1048576   Required: 156 hours
Training: 2025-04-02 22:05:42,021-Speed 63.37 samples/sec   Loss 0.0196   LearningRate 0.000940   Epoch: 11   Global Step: 17030   Fp16 Grad Scale: 1048576   Required: 156 hours
Training: 2025-04-02 22:06:02,262-Speed 63.24 samples/sec   Loss 0.0280   LearningRate 0.000940   Epoch: 11   Global Step: 17040   Fp16 Grad Scale: 1048576   Required: 156 hours
Training: 2025-04-02 22:06:22,524-Speed 63.17 samples/sec   Loss 0.0319   LearningRate 0.000940   Epoch: 11   Global Step: 17050   Fp16 Grad Scale: 1048576   Required: 156 hours
Training: 2025-04-02 22:06:44,545-Speed 58.13 samples/sec   Loss 0.0616   LearningRate 0.000940   Epoch: 11   Global Step: 17060   Fp16 Grad Scale: 1048576   Required: 156 hours
Training: 2025-04-02 22:07:04,778-Speed 63.27 samples/sec   Loss 0.0418   LearningRate 0.000940   Epoch: 11   Global Step: 17070   Fp16 Grad Scale: 1048576   Required: 156 hours
Training: 2025-04-02 22:07:24,983-Speed 63.35 samples/sec   Loss 0.0410   LearningRate 0.000940   Epoch: 11   Global Step: 17080   Fp16 Grad Scale: 2097152   Required: 156 hours
Training: 2025-04-02 22:07:45,210-Speed 63.28 samples/sec   Loss 0.0923   LearningRate 0.000940   Epoch: 11   Global Step: 17090   Fp16 Grad Scale: 2097152   Required: 156 hours
Training: 2025-04-02 22:08:05,485-Speed 63.14 samples/sec   Loss 0.0324   LearningRate 0.000940   Epoch: 11   Global Step: 17100   Fp16 Grad Scale: 1048576   Required: 156 hours
Training: 2025-04-02 22:08:24,271-Speed 68.14 samples/sec   Loss 0.0172   LearningRate 0.000940   Epoch: 11   Global Step: 17110   Fp16 Grad Scale: 1048576   Required: 156 hours
Training: 2025-04-02 22:08:47,977-Speed 54.00 samples/sec   Loss 0.0191   LearningRate 0.000940   Epoch: 12   Global Step: 17120   Fp16 Grad Scale: 1048576   Required: 156 hours
Training: 2025-04-02 22:09:08,201-Speed 63.29 samples/sec   Loss 0.0162   LearningRate 0.000940   Epoch: 12   Global Step: 17130   Fp16 Grad Scale: 1048576   Required: 156 hours
Training: 2025-04-02 22:09:28,431-Speed 63.28 samples/sec   Loss 0.0134   LearningRate 0.000940   Epoch: 12   Global Step: 17140   Fp16 Grad Scale: 524288   Required: 156 hours
Training: 2025-04-02 22:09:48,702-Speed 63.15 samples/sec   Loss 0.0037   LearningRate 0.000940   Epoch: 12   Global Step: 17150   Fp16 Grad Scale: 524288   Required: 156 hours
Training: 2025-04-02 22:10:08,945-Speed 63.23 samples/sec   Loss 0.0111   LearningRate 0.000940   Epoch: 12   Global Step: 17160   Fp16 Grad Scale: 524288   Required: 156 hours
Training: 2025-04-02 22:10:29,183-Speed 63.25 samples/sec   Loss 0.0182   LearningRate 0.000940   Epoch: 12   Global Step: 17170   Fp16 Grad Scale: 524288   Required: 156 hours
Training: 2025-04-02 22:10:49,424-Speed 63.24 samples/sec   Loss 0.0125   LearningRate 0.000940   Epoch: 12   Global Step: 17180   Fp16 Grad Scale: 524288   Required: 156 hours
Training: 2025-04-02 22:11:09,658-Speed 63.26 samples/sec   Loss 0.0157   LearningRate 0.000940   Epoch: 12   Global Step: 17190   Fp16 Grad Scale: 524288   Required: 156 hours
Training: 2025-04-02 22:11:31,643-Speed 58.22 samples/sec   Loss 0.0492   LearningRate 0.000940   Epoch: 12   Global Step: 17200   Fp16 Grad Scale: 524288   Required: 156 hours
Training: 2025-04-02 22:11:51,827-Speed 63.42 samples/sec   Loss 0.0039   LearningRate 0.000940   Epoch: 12   Global Step: 17210   Fp16 Grad Scale: 524288   Required: 156 hours
Training: 2025-04-02 22:12:12,110-Speed 63.11 samples/sec   Loss 0.0192   LearningRate 0.000940   Epoch: 12   Global Step: 17220   Fp16 Grad Scale: 524288   Required: 156 hours
Training: 2025-04-02 22:12:32,342-Speed 63.27 samples/sec   Loss 0.0075   LearningRate 0.000940   Epoch: 12   Global Step: 17230   Fp16 Grad Scale: 524288   Required: 156 hours
Training: 2025-04-02 22:12:52,571-Speed 63.28 samples/sec   Loss 0.0122   LearningRate 0.000940   Epoch: 12   Global Step: 17240   Fp16 Grad Scale: 1048576   Required: 156 hours
Training: 2025-04-02 22:13:12,766-Speed 63.38 samples/sec   Loss 0.0055   LearningRate 0.000940   Epoch: 12   Global Step: 17250   Fp16 Grad Scale: 1048576   Required: 156 hours
Training: 2025-04-02 22:13:32,934-Speed 63.47 samples/sec   Loss 0.0453   LearningRate 0.000939   Epoch: 12   Global Step: 17260   Fp16 Grad Scale: 1048576   Required: 156 hours
Training: 2025-04-02 22:13:53,136-Speed 63.36 samples/sec   Loss 0.0225   LearningRate 0.000939   Epoch: 12   Global Step: 17270   Fp16 Grad Scale: 1048576   Required: 156 hours
Training: 2025-04-02 22:14:13,345-Speed 63.34 samples/sec   Loss 0.0426   LearningRate 0.000939   Epoch: 12   Global Step: 17280   Fp16 Grad Scale: 1048576   Required: 156 hours
Training: 2025-04-02 22:14:33,558-Speed 63.32 samples/sec   Loss 0.0274   LearningRate 0.000939   Epoch: 12   Global Step: 17290   Fp16 Grad Scale: 524288   Required: 156 hours
Training: 2025-04-02 22:14:53,711-Speed 63.52 samples/sec   Loss 0.0226   LearningRate 0.000939   Epoch: 12   Global Step: 17300   Fp16 Grad Scale: 524288   Required: 156 hours
Training: 2025-04-02 22:15:13,844-Speed 63.58 samples/sec   Loss 0.0101   LearningRate 0.000939   Epoch: 12   Global Step: 17310   Fp16 Grad Scale: 524288   Required: 156 hours
Training: 2025-04-02 22:15:34,073-Speed 63.28 samples/sec   Loss 0.0260   LearningRate 0.000939   Epoch: 12   Global Step: 17320   Fp16 Grad Scale: 524288   Required: 156 hours
Training: 2025-04-02 22:15:54,274-Speed 63.36 samples/sec   Loss 0.0108   LearningRate 0.000939   Epoch: 12   Global Step: 17330   Fp16 Grad Scale: 524288   Required: 156 hours
Training: 2025-04-02 22:16:14,574-Speed 63.06 samples/sec   Loss 0.0096   LearningRate 0.000939   Epoch: 12   Global Step: 17340   Fp16 Grad Scale: 524288   Required: 156 hours
Training: 2025-04-02 22:16:36,609-Speed 58.09 samples/sec   Loss 0.0148   LearningRate 0.000939   Epoch: 12   Global Step: 17350   Fp16 Grad Scale: 524288   Required: 156 hours
Training: 2025-04-02 22:16:56,792-Speed 63.42 samples/sec   Loss 0.0089   LearningRate 0.000939   Epoch: 12   Global Step: 17360   Fp16 Grad Scale: 524288   Required: 156 hours
Training: 2025-04-02 22:17:16,989-Speed 63.38 samples/sec   Loss 0.0248   LearningRate 0.000939   Epoch: 12   Global Step: 17370   Fp16 Grad Scale: 524288   Required: 156 hours
Training: 2025-04-02 22:17:37,178-Speed 63.40 samples/sec   Loss 0.0064   LearningRate 0.000939   Epoch: 12   Global Step: 17380   Fp16 Grad Scale: 524288   Required: 156 hours
Training: 2025-04-02 22:17:57,354-Speed 63.44 samples/sec   Loss 0.0071   LearningRate 0.000939   Epoch: 12   Global Step: 17390   Fp16 Grad Scale: 1048576   Required: 156 hours
Training: 2025-04-02 22:18:17,726-Speed 62.83 samples/sec   Loss 0.0125   LearningRate 0.000939   Epoch: 12   Global Step: 17400   Fp16 Grad Scale: 1048576   Required: 156 hours
Training: 2025-04-02 22:18:37,908-Speed 63.43 samples/sec   Loss 0.0189   LearningRate 0.000939   Epoch: 12   Global Step: 17410   Fp16 Grad Scale: 1048576   Required: 156 hours
Training: 2025-04-02 22:18:58,134-Speed 63.28 samples/sec   Loss 0.0105   LearningRate 0.000939   Epoch: 12   Global Step: 17420   Fp16 Grad Scale: 1048576   Required: 156 hours
Training: 2025-04-02 22:19:18,333-Speed 63.37 samples/sec   Loss 0.0131   LearningRate 0.000939   Epoch: 12   Global Step: 17430   Fp16 Grad Scale: 1048576   Required: 156 hours
Training: 2025-04-02 22:19:38,606-Speed 63.14 samples/sec   Loss 0.0175   LearningRate 0.000939   Epoch: 12   Global Step: 17440   Fp16 Grad Scale: 1048576   Required: 155 hours
Training: 2025-04-02 22:19:58,867-Speed 63.18 samples/sec   Loss 0.0079   LearningRate 0.000939   Epoch: 12   Global Step: 17450   Fp16 Grad Scale: 1048576   Required: 155 hours
Training: 2025-04-02 22:20:19,017-Speed 63.52 samples/sec   Loss 0.0075   LearningRate 0.000939   Epoch: 12   Global Step: 17460   Fp16 Grad Scale: 1048576   Required: 155 hours
Training: 2025-04-02 22:20:39,207-Speed 63.40 samples/sec   Loss 0.0227   LearningRate 0.000939   Epoch: 12   Global Step: 17470   Fp16 Grad Scale: 1048576   Required: 155 hours
Training: 2025-04-02 22:20:59,486-Speed 63.12 samples/sec   Loss 0.0165   LearningRate 0.000939   Epoch: 12   Global Step: 17480   Fp16 Grad Scale: 1048576   Required: 155 hours
Training: 2025-04-02 22:21:19,644-Speed 63.50 samples/sec   Loss 0.0095   LearningRate 0.000939   Epoch: 12   Global Step: 17490   Fp16 Grad Scale: 2097152   Required: 155 hours
Training: 2025-04-02 22:21:41,639-Speed 58.20 samples/sec   Loss 0.0097   LearningRate 0.000939   Epoch: 12   Global Step: 17500   Fp16 Grad Scale: 2097152   Required: 155 hours
Training: 2025-04-02 22:22:01,928-Speed 63.09 samples/sec   Loss 0.0080   LearningRate 0.000939   Epoch: 12   Global Step: 17510   Fp16 Grad Scale: 2097152   Required: 155 hours
Training: 2025-04-02 22:22:22,119-Speed 63.40 samples/sec   Loss 0.0145   LearningRate 0.000939   Epoch: 12   Global Step: 17520   Fp16 Grad Scale: 2097152   Required: 155 hours
Training: 2025-04-02 22:22:42,329-Speed 63.34 samples/sec   Loss 0.0054   LearningRate 0.000939   Epoch: 12   Global Step: 17530   Fp16 Grad Scale: 2097152   Required: 155 hours
Training: 2025-04-02 22:23:02,622-Speed 63.08 samples/sec   Loss 0.0584   LearningRate 0.000938   Epoch: 12   Global Step: 17540   Fp16 Grad Scale: 1048576   Required: 155 hours
Training: 2025-04-02 22:23:22,828-Speed 63.35 samples/sec   Loss 0.0121   LearningRate 0.000938   Epoch: 12   Global Step: 17550   Fp16 Grad Scale: 1048576   Required: 155 hours
Training: 2025-04-02 22:23:43,085-Speed 63.19 samples/sec   Loss 0.0251   LearningRate 0.000938   Epoch: 12   Global Step: 17560   Fp16 Grad Scale: 1048576   Required: 155 hours
Training: 2025-04-02 22:24:03,269-Speed 63.42 samples/sec   Loss 0.0199   LearningRate 0.000938   Epoch: 12   Global Step: 17570   Fp16 Grad Scale: 1048576   Required: 155 hours
Training: 2025-04-02 22:24:23,592-Speed 62.98 samples/sec   Loss 0.0058   LearningRate 0.000938   Epoch: 12   Global Step: 17580   Fp16 Grad Scale: 1048576   Required: 155 hours
Training: 2025-04-02 22:24:43,765-Speed 63.45 samples/sec   Loss 0.0238   LearningRate 0.000938   Epoch: 12   Global Step: 17590   Fp16 Grad Scale: 1048576   Required: 155 hours
Training: 2025-04-02 22:25:03,930-Speed 63.48 samples/sec   Loss 0.0662   LearningRate 0.000938   Epoch: 12   Global Step: 17600   Fp16 Grad Scale: 1048576   Required: 155 hours
Training: 2025-04-02 22:25:24,123-Speed 63.39 samples/sec   Loss 0.0339   LearningRate 0.000938   Epoch: 12   Global Step: 17610   Fp16 Grad Scale: 1048576   Required: 155 hours
Training: 2025-04-02 22:25:44,303-Speed 63.43 samples/sec   Loss 0.0551   LearningRate 0.000938   Epoch: 12   Global Step: 17620   Fp16 Grad Scale: 524288   Required: 155 hours
Training: 2025-04-02 22:26:04,453-Speed 63.53 samples/sec   Loss 0.0061   LearningRate 0.000938   Epoch: 12   Global Step: 17630   Fp16 Grad Scale: 524288   Required: 155 hours
Training: 2025-04-02 22:26:24,662-Speed 63.34 samples/sec   Loss 0.0060   LearningRate 0.000938   Epoch: 12   Global Step: 17640   Fp16 Grad Scale: 524288   Required: 155 hours
Training: 2025-04-02 22:26:46,488-Speed 58.65 samples/sec   Loss 0.0073   LearningRate 0.000938   Epoch: 12   Global Step: 17650   Fp16 Grad Scale: 524288   Required: 155 hours
Training: 2025-04-02 22:27:06,660-Speed 63.45 samples/sec   Loss 0.0530   LearningRate 0.000938   Epoch: 12   Global Step: 17660   Fp16 Grad Scale: 524288   Required: 155 hours
Training: 2025-04-02 22:27:26,826-Speed 63.48 samples/sec   Loss 0.0337   LearningRate 0.000938   Epoch: 12   Global Step: 17670   Fp16 Grad Scale: 524288   Required: 155 hours
Training: 2025-04-02 22:27:47,006-Speed 63.43 samples/sec   Loss 0.0141   LearningRate 0.000938   Epoch: 12   Global Step: 17680   Fp16 Grad Scale: 524288   Required: 155 hours
Training: 2025-04-02 22:28:07,219-Speed 63.33 samples/sec   Loss 0.0161   LearningRate 0.000938   Epoch: 12   Global Step: 17690   Fp16 Grad Scale: 524288   Required: 155 hours
Training: 2025-04-02 22:28:27,376-Speed 63.50 samples/sec   Loss 0.0096   LearningRate 0.000938   Epoch: 12   Global Step: 17700   Fp16 Grad Scale: 524288   Required: 155 hours
Training: 2025-04-02 22:28:47,999-Speed 63.43 samples/sec   Loss 0.0094   LearningRate 0.000938   Epoch: 12   Global Step: 17710   Fp16 Grad Scale: 524288   Required: 155 hours
Training: 2025-04-02 22:29:08,195-Speed 63.38 samples/sec   Loss 0.0863   LearningRate 0.000938   Epoch: 12   Global Step: 17720   Fp16 Grad Scale: 1048576   Required: 155 hours
Training: 2025-04-02 22:29:28,371-Speed 63.44 samples/sec   Loss 0.0159   LearningRate 0.000938   Epoch: 12   Global Step: 17730   Fp16 Grad Scale: 1048576   Required: 155 hours
Training: 2025-04-02 22:29:48,578-Speed 63.35 samples/sec   Loss 0.0106   LearningRate 0.000938   Epoch: 12   Global Step: 17740   Fp16 Grad Scale: 1048576   Required: 155 hours
Training: 2025-04-02 22:30:08,733-Speed 63.51 samples/sec   Loss 0.0521   LearningRate 0.000938   Epoch: 12   Global Step: 17750   Fp16 Grad Scale: 1048576   Required: 155 hours
Training: 2025-04-02 22:30:28,916-Speed 63.42 samples/sec   Loss 0.0080   LearningRate 0.000938   Epoch: 12   Global Step: 17760   Fp16 Grad Scale: 1048576   Required: 155 hours
Training: 2025-04-02 22:30:49,095-Speed 63.43 samples/sec   Loss 0.0119   LearningRate 0.000938   Epoch: 12   Global Step: 17770   Fp16 Grad Scale: 524288   Required: 155 hours
Training: 2025-04-02 22:31:09,315-Speed 63.31 samples/sec   Loss 0.0142   LearningRate 0.000938   Epoch: 12   Global Step: 17780   Fp16 Grad Scale: 524288   Required: 155 hours
Training: 2025-04-02 22:31:29,476-Speed 63.49 samples/sec   Loss 0.0451   LearningRate 0.000938   Epoch: 12   Global Step: 17790   Fp16 Grad Scale: 524288   Required: 155 hours
Training: 2025-04-02 22:31:51,607-Speed 57.84 samples/sec   Loss 0.0202   LearningRate 0.000938   Epoch: 12   Global Step: 17800   Fp16 Grad Scale: 524288   Required: 155 hours
Training: 2025-04-02 22:32:11,738-Speed 63.58 samples/sec   Loss 0.0279   LearningRate 0.000938   Epoch: 12   Global Step: 17810   Fp16 Grad Scale: 524288   Required: 155 hours
Training: 2025-04-02 22:32:31,955-Speed 63.32 samples/sec   Loss 0.0362   LearningRate 0.000938   Epoch: 12   Global Step: 17820   Fp16 Grad Scale: 524288   Required: 155 hours
Training: 2025-04-02 22:32:52,162-Speed 63.35 samples/sec   Loss 0.0209   LearningRate 0.000937   Epoch: 12   Global Step: 17830   Fp16 Grad Scale: 524288   Required: 155 hours
Training: 2025-04-02 22:33:12,329-Speed 63.47 samples/sec   Loss 0.0070   LearningRate 0.000937   Epoch: 12   Global Step: 17840   Fp16 Grad Scale: 524288   Required: 155 hours
Training: 2025-04-02 22:33:32,506-Speed 63.44 samples/sec   Loss 0.0275   LearningRate 0.000937   Epoch: 12   Global Step: 17850   Fp16 Grad Scale: 524288   Required: 155 hours
Training: 2025-04-02 22:33:52,674-Speed 63.47 samples/sec   Loss 0.0169   LearningRate 0.000937   Epoch: 12   Global Step: 17860   Fp16 Grad Scale: 524288   Required: 155 hours
Training: 2025-04-02 22:34:12,891-Speed 63.32 samples/sec   Loss 0.0348   LearningRate 0.000937   Epoch: 12   Global Step: 17870   Fp16 Grad Scale: 1048576   Required: 155 hours
Training: 2025-04-02 22:34:33,113-Speed 63.30 samples/sec   Loss 0.0122   LearningRate 0.000937   Epoch: 12   Global Step: 17880   Fp16 Grad Scale: 1048576   Required: 155 hours
Training: 2025-04-02 22:34:53,313-Speed 63.37 samples/sec   Loss 0.0133   LearningRate 0.000937   Epoch: 12   Global Step: 17890   Fp16 Grad Scale: 1048576   Required: 155 hours
Training: 2025-04-02 22:35:13,452-Speed 63.56 samples/sec   Loss 0.0616   LearningRate 0.000937   Epoch: 12   Global Step: 17900   Fp16 Grad Scale: 524288   Required: 155 hours
Training: 2025-04-02 22:35:33,601-Speed 63.53 samples/sec   Loss 0.0223   LearningRate 0.000937   Epoch: 12   Global Step: 17910   Fp16 Grad Scale: 524288   Required: 155 hours
Training: 2025-04-02 22:35:53,836-Speed 63.26 samples/sec   Loss 0.0605   LearningRate 0.000937   Epoch: 12   Global Step: 17920   Fp16 Grad Scale: 524288   Required: 155 hours
Training: 2025-04-02 22:36:14,062-Speed 63.29 samples/sec   Loss 0.0130   LearningRate 0.000937   Epoch: 12   Global Step: 17930   Fp16 Grad Scale: 524288   Required: 155 hours
Training: 2025-04-02 22:36:34,357-Speed 63.07 samples/sec   Loss 0.0156   LearningRate 0.000937   Epoch: 12   Global Step: 17940   Fp16 Grad Scale: 524288   Required: 155 hours
Training: 2025-04-02 22:36:56,042-Speed 59.03 samples/sec   Loss 0.0173   LearningRate 0.000937   Epoch: 12   Global Step: 17950   Fp16 Grad Scale: 524288   Required: 155 hours
Training: 2025-04-02 22:37:16,204-Speed 63.49 samples/sec   Loss 0.0233   LearningRate 0.000937   Epoch: 12   Global Step: 17960   Fp16 Grad Scale: 524288   Required: 155 hours
Training: 2025-04-02 22:37:36,370-Speed 63.47 samples/sec   Loss 0.0348   LearningRate 0.000937   Epoch: 12   Global Step: 17970   Fp16 Grad Scale: 524288   Required: 155 hours
Training: 2025-04-02 22:37:56,648-Speed 63.12 samples/sec   Loss 0.1140   LearningRate 0.000937   Epoch: 12   Global Step: 17980   Fp16 Grad Scale: 524288   Required: 155 hours
Training: 2025-04-02 22:38:16,847-Speed 63.37 samples/sec   Loss 0.1023   LearningRate 0.000937   Epoch: 12   Global Step: 17990   Fp16 Grad Scale: 524288   Required: 155 hours
Training: 2025-04-02 22:38:37,044-Speed 63.38 samples/sec   Loss 0.0547   LearningRate 0.000937   Epoch: 12   Global Step: 18000   Fp16 Grad Scale: 1048576   Required: 155 hours
net_out.shape: torch.Size([128, 512])
net_out.shape: torch.Size([128, 512])
net_out.shape: torch.Size([128, 512])
net_out.shape: torch.Size([128, 512])
net_out.shape: torch.Size([128, 512])
net_out.shape: torch.Size([128, 512])
net_out.shape: torch.Size([128, 512])
net_out.shape: torch.Size([128, 512])
net_out.shape: torch.Size([128, 512])
net_out.shape: torch.Size([128, 512])
net_out.shape: torch.Size([128, 512])
net_out.shape: torch.Size([128, 512])
net_out.shape: torch.Size([128, 512])
net_out.shape: torch.Size([128, 512])
net_out.shape: torch.Size([128, 512])
net_out.shape: torch.Size([128, 512])
net_out.shape: torch.Size([128, 512])
net_out.shape: torch.Size([128, 512])
net_out.shape: torch.Size([128, 512])
net_out.shape: torch.Size([128, 512])
net_out.shape: torch.Size([128, 512])
net_out.shape: torch.Size([128, 512])
net_out.shape: torch.Size([128, 512])
net_out.shape: torch.Size([128, 512])
net_out.shape: torch.Size([128, 512])
net_out.shape: torch.Size([128, 512])
net_out.shape: torch.Size([128, 512])
net_out.shape: torch.Size([128, 512])
net_out.shape: torch.Size([128, 512])
net_out.shape: torch.Size([128, 512])
net_out.shape: torch.Size([128, 512])
net_out.shape: torch.Size([128, 512])
net_out.shape: torch.Size([128, 512])
net_out.shape: torch.Size([128, 512])
net_out.shape: torch.Size([128, 512])
net_out.shape: torch.Size([128, 512])
net_out.shape: torch.Size([128, 512])
net_out.shape: torch.Size([128, 512])
net_out.shape: torch.Size([128, 512])
net_out.shape: torch.Size([128, 512])
net_out.shape: torch.Size([128, 512])
net_out.shape: torch.Size([128, 512])
net_out.shape: torch.Size([128, 512])
net_out.shape: torch.Size([128, 512])
net_out.shape: torch.Size([128, 512])
net_out.shape: torch.Size([128, 512])
net_out.shape: torch.Size([128, 512])
net_out.shape: torch.Size([128, 512])
net_out.shape: torch.Size([128, 512])
net_out.shape: torch.Size([128, 512])
net_out.shape: torch.Size([128, 512])
net_out.shape: torch.Size([128, 512])
net_out.shape: torch.Size([128, 512])
net_out.shape: torch.Size([128, 512])
net_out.shape: torch.Size([128, 512])
net_out.shape: torch.Size([128, 512])
net_out.shape: torch.Size([128, 512])
net_out.shape: torch.Size([128, 512])
net_out.shape: torch.Size([128, 512])
net_out.shape: torch.Size([128, 512])
net_out.shape: torch.Size([128, 512])
net_out.shape: torch.Size([128, 512])
net_out.shape: torch.Size([128, 512])
net_out.shape: torch.Size([128, 512])
Training: 2025-04-02 22:39:47,767-[val][Global step: 18000] d prime: 5.56325101852417
Model saved with d prime score: 6.828874588012695
Training: 2025-04-02 22:40:09,860-Speed 13.79 samples/sec   Loss 0.0235   LearningRate 0.000937   Epoch: 12   Global Step: 18010   Fp16 Grad Scale: 1048576   Required: 155 hours
Training: 2025-04-02 22:40:30,039-Speed 63.44 samples/sec   Loss 0.0237   LearningRate 0.000937   Epoch: 12   Global Step: 18020   Fp16 Grad Scale: 1048576   Required: 155 hours
Training: 2025-04-02 22:40:50,217-Speed 63.43 samples/sec   Loss 0.0354   LearningRate 0.000937   Epoch: 12   Global Step: 18030   Fp16 Grad Scale: 1048576   Required: 155 hours
Training: 2025-04-02 22:41:10,412-Speed 63.39 samples/sec   Loss 0.0261   LearningRate 0.000937   Epoch: 12   Global Step: 18040   Fp16 Grad Scale: 1048576   Required: 155 hours
Training: 2025-04-02 22:41:30,681-Speed 63.15 samples/sec   Loss 0.0757   LearningRate 0.000937   Epoch: 12   Global Step: 18050   Fp16 Grad Scale: 1048576   Required: 155 hours
Training: 2025-04-02 22:41:50,818-Speed 63.57 samples/sec   Loss 0.0181   LearningRate 0.000937   Epoch: 12   Global Step: 18060   Fp16 Grad Scale: 1048576   Required: 155 hours
Training: 2025-04-02 22:42:12,729-Speed 58.42 samples/sec   Loss 0.0279   LearningRate 0.000937   Epoch: 12   Global Step: 18070   Fp16 Grad Scale: 1048576   Required: 155 hours
Training: 2025-04-02 22:42:32,863-Speed 63.57 samples/sec   Loss 0.0206   LearningRate 0.000937   Epoch: 12   Global Step: 18080   Fp16 Grad Scale: 1048576   Required: 155 hours
Training: 2025-04-02 22:42:53,071-Speed 63.35 samples/sec   Loss 0.0317   LearningRate 0.000937   Epoch: 12   Global Step: 18090   Fp16 Grad Scale: 1048576   Required: 155 hours
Training: 2025-04-02 22:43:13,206-Speed 63.57 samples/sec   Loss 0.0238   LearningRate 0.000937   Epoch: 12   Global Step: 18100   Fp16 Grad Scale: 2097152   Required: 155 hours
Training: 2025-04-02 22:43:33,399-Speed 63.39 samples/sec   Loss 0.0134   LearningRate 0.000937   Epoch: 12   Global Step: 18110   Fp16 Grad Scale: 2097152   Required: 155 hours
Training: 2025-04-02 22:43:53,549-Speed 63.53 samples/sec   Loss 0.0320   LearningRate 0.000936   Epoch: 12   Global Step: 18120   Fp16 Grad Scale: 2097152   Required: 155 hours
Training: 2025-04-02 22:44:13,722-Speed 63.45 samples/sec   Loss 0.0112   LearningRate 0.000936   Epoch: 12   Global Step: 18130   Fp16 Grad Scale: 2097152   Required: 155 hours
Training: 2025-04-02 22:44:33,935-Speed 63.33 samples/sec   Loss 0.0257   LearningRate 0.000936   Epoch: 12   Global Step: 18140   Fp16 Grad Scale: 2097152   Required: 155 hours
Training: 2025-04-02 22:44:54,085-Speed 63.52 samples/sec   Loss 0.0211   LearningRate 0.000936   Epoch: 12   Global Step: 18150   Fp16 Grad Scale: 2097152   Required: 155 hours
Training: 2025-04-02 22:45:14,392-Speed 63.03 samples/sec   Loss 0.0220   LearningRate 0.000936   Epoch: 12   Global Step: 18160   Fp16 Grad Scale: 2097152   Required: 155 hours
Training: 2025-04-02 22:45:34,572-Speed 63.43 samples/sec   Loss 0.0258   LearningRate 0.000936   Epoch: 12   Global Step: 18170   Fp16 Grad Scale: 2097152   Required: 155 hours
Training: 2025-04-02 22:45:54,783-Speed 63.33 samples/sec   Loss 0.0475   LearningRate 0.000936   Epoch: 12   Global Step: 18180   Fp16 Grad Scale: 1048576   Required: 155 hours
Training: 2025-04-02 22:46:14,937-Speed 63.51 samples/sec   Loss 0.0221   LearningRate 0.000936   Epoch: 12   Global Step: 18190   Fp16 Grad Scale: 1048576   Required: 155 hours
Training: 2025-04-02 22:46:35,127-Speed 63.40 samples/sec   Loss 0.0215   LearningRate 0.000936   Epoch: 12   Global Step: 18200   Fp16 Grad Scale: 1048576   Required: 155 hours
Training: 2025-04-02 22:46:56,152-Speed 60.88 samples/sec   Loss 0.0226   LearningRate 0.000936   Epoch: 12   Global Step: 18210   Fp16 Grad Scale: 1048576   Required: 155 hours
Training: 2025-04-02 22:47:17,400-Speed 60.24 samples/sec   Loss 0.0178   LearningRate 0.000936   Epoch: 12   Global Step: 18220   Fp16 Grad Scale: 1048576   Required: 155 hours
Training: 2025-04-02 22:47:37,554-Speed 63.51 samples/sec   Loss 0.0189   LearningRate 0.000936   Epoch: 12   Global Step: 18230   Fp16 Grad Scale: 1048576   Required: 155 hours
Training: 2025-04-02 22:47:57,737-Speed 63.42 samples/sec   Loss 0.0181   LearningRate 0.000936   Epoch: 12   Global Step: 18240   Fp16 Grad Scale: 1048576   Required: 155 hours
Training: 2025-04-02 22:48:17,942-Speed 63.35 samples/sec   Loss 0.0240   LearningRate 0.000936   Epoch: 12   Global Step: 18250   Fp16 Grad Scale: 1048576   Required: 155 hours
Training: 2025-04-02 22:48:38,178-Speed 63.25 samples/sec   Loss 0.0213   LearningRate 0.000936   Epoch: 12   Global Step: 18260   Fp16 Grad Scale: 1048576   Required: 155 hours
Training: 2025-04-02 22:48:58,382-Speed 63.36 samples/sec   Loss 0.0179   LearningRate 0.000936   Epoch: 12   Global Step: 18270   Fp16 Grad Scale: 1048576   Required: 155 hours
Training: 2025-04-02 22:49:18,592-Speed 63.34 samples/sec   Loss 0.0272   LearningRate 0.000936   Epoch: 12   Global Step: 18280   Fp16 Grad Scale: 2097152   Required: 155 hours
Training: 2025-04-02 22:49:38,798-Speed 63.35 samples/sec   Loss 0.0746   LearningRate 0.000936   Epoch: 12   Global Step: 18290   Fp16 Grad Scale: 1048576   Required: 155 hours
Training: 2025-04-02 22:49:59,095-Speed 63.07 samples/sec   Loss 0.0228   LearningRate 0.000936   Epoch: 12   Global Step: 18300   Fp16 Grad Scale: 1048576   Required: 155 hours
Training: 2025-04-02 22:50:19,293-Speed 63.37 samples/sec   Loss 0.0137   LearningRate 0.000936   Epoch: 12   Global Step: 18310   Fp16 Grad Scale: 1048576   Required: 155 hours
Training: 2025-04-02 22:50:39,521-Speed 63.28 samples/sec   Loss 0.0242   LearningRate 0.000936   Epoch: 12   Global Step: 18320   Fp16 Grad Scale: 1048576   Required: 155 hours
Training: 2025-04-02 22:50:59,809-Speed 63.09 samples/sec   Loss 0.0190   LearningRate 0.000936   Epoch: 12   Global Step: 18330   Fp16 Grad Scale: 1048576   Required: 155 hours
Training: 2025-04-02 22:51:20,011-Speed 63.36 samples/sec   Loss 0.0228   LearningRate 0.000936   Epoch: 12   Global Step: 18340   Fp16 Grad Scale: 1048576   Required: 155 hours
Training: 2025-04-02 22:51:40,211-Speed 63.37 samples/sec   Loss 0.0142   LearningRate 0.000936   Epoch: 12   Global Step: 18350   Fp16 Grad Scale: 1048576   Required: 155 hours
Training: 2025-04-02 22:52:02,237-Speed 58.12 samples/sec   Loss 0.0196   LearningRate 0.000936   Epoch: 12   Global Step: 18360   Fp16 Grad Scale: 1048576   Required: 155 hours
Training: 2025-04-02 22:52:22,431-Speed 63.39 samples/sec   Loss 0.0252   LearningRate 0.000936   Epoch: 12   Global Step: 18370   Fp16 Grad Scale: 1048576   Required: 155 hours
Training: 2025-04-02 22:52:42,708-Speed 63.13 samples/sec   Loss 0.0195   LearningRate 0.000936   Epoch: 12   Global Step: 18380   Fp16 Grad Scale: 1048576   Required: 155 hours
Training: 2025-04-02 22:53:02,908-Speed 63.37 samples/sec   Loss 0.0124   LearningRate 0.000936   Epoch: 12   Global Step: 18390   Fp16 Grad Scale: 2097152   Required: 155 hours
Training: 2025-04-02 22:53:23,239-Speed 62.96 samples/sec   Loss 0.0695   LearningRate 0.000935   Epoch: 12   Global Step: 18400   Fp16 Grad Scale: 2097152   Required: 155 hours
Training: 2025-04-02 22:53:43,391-Speed 63.52 samples/sec   Loss 0.0218   LearningRate 0.000935   Epoch: 12   Global Step: 18410   Fp16 Grad Scale: 2097152   Required: 155 hours
Training: 2025-04-02 22:54:03,559-Speed 63.47 samples/sec   Loss 0.0098   LearningRate 0.000935   Epoch: 12   Global Step: 18420   Fp16 Grad Scale: 2097152   Required: 155 hours
Training: 2025-04-02 22:54:23,761-Speed 63.36 samples/sec   Loss 0.0144   LearningRate 0.000935   Epoch: 12   Global Step: 18430   Fp16 Grad Scale: 2097152   Required: 155 hours
Training: 2025-04-02 22:54:43,925-Speed 63.48 samples/sec   Loss 0.0786   LearningRate 0.000935   Epoch: 12   Global Step: 18440   Fp16 Grad Scale: 2097152   Required: 155 hours
Training: 2025-04-02 22:55:04,053-Speed 63.59 samples/sec   Loss 0.0436   LearningRate 0.000935   Epoch: 12   Global Step: 18450   Fp16 Grad Scale: 2097152   Required: 155 hours
Training: 2025-04-02 22:55:24,246-Speed 63.39 samples/sec   Loss 0.0289   LearningRate 0.000935   Epoch: 12   Global Step: 18460   Fp16 Grad Scale: 2097152   Required: 155 hours
Training: 2025-04-02 22:55:44,424-Speed 63.44 samples/sec   Loss 0.0123   LearningRate 0.000935   Epoch: 12   Global Step: 18470   Fp16 Grad Scale: 2097152   Required: 155 hours
Training: 2025-04-02 22:56:04,580-Speed 63.51 samples/sec   Loss 0.0564   LearningRate 0.000935   Epoch: 12   Global Step: 18480   Fp16 Grad Scale: 2097152   Required: 155 hours
Training: 2025-04-02 22:56:24,747-Speed 63.47 samples/sec   Loss 0.0308   LearningRate 0.000935   Epoch: 12   Global Step: 18490   Fp16 Grad Scale: 4194304   Required: 155 hours
Training: 2025-04-02 22:56:44,883-Speed 63.57 samples/sec   Loss 0.0302   LearningRate 0.000935   Epoch: 12   Global Step: 18500   Fp16 Grad Scale: 2097152   Required: 155 hours
Training: 2025-04-02 22:57:06,875-Speed 58.21 samples/sec   Loss 0.0158   LearningRate 0.000935   Epoch: 12   Global Step: 18510   Fp16 Grad Scale: 2097152   Required: 155 hours
Training: 2025-04-02 22:57:27,107-Speed 63.27 samples/sec   Loss 0.0155   LearningRate 0.000935   Epoch: 12   Global Step: 18520   Fp16 Grad Scale: 2097152   Required: 155 hours
Training: 2025-04-02 22:57:46,922-Speed 64.60 samples/sec   Loss 0.0189   LearningRate 0.000935   Epoch: 12   Global Step: 18530   Fp16 Grad Scale: 2097152   Required: 155 hours
Training: 2025-04-02 22:58:09,561-Speed 56.54 samples/sec   Loss 0.0553   LearningRate 0.000935   Epoch: 13   Global Step: 18540   Fp16 Grad Scale: 2097152   Required: 155 hours
Training: 2025-04-02 22:58:29,777-Speed 63.32 samples/sec   Loss 0.0281   LearningRate 0.000935   Epoch: 13   Global Step: 18550   Fp16 Grad Scale: 2097152   Required: 155 hours
Training: 2025-04-02 22:58:50,040-Speed 63.17 samples/sec   Loss 0.0195   LearningRate 0.000935   Epoch: 13   Global Step: 18560   Fp16 Grad Scale: 2097152   Required: 155 hours
Training: 2025-04-02 22:59:10,319-Speed 63.12 samples/sec   Loss 0.0211   LearningRate 0.000935   Epoch: 13   Global Step: 18570   Fp16 Grad Scale: 2097152   Required: 155 hours
Training: 2025-04-02 22:59:30,531-Speed 63.33 samples/sec   Loss 0.0119   LearningRate 0.000935   Epoch: 13   Global Step: 18580   Fp16 Grad Scale: 2097152   Required: 155 hours
Training: 2025-04-02 22:59:50,738-Speed 63.35 samples/sec   Loss 0.0061   LearningRate 0.000935   Epoch: 13   Global Step: 18590   Fp16 Grad Scale: 2097152   Required: 155 hours
Training: 2025-04-02 23:00:10,984-Speed 63.22 samples/sec   Loss 0.0154   LearningRate 0.000935   Epoch: 13   Global Step: 18600   Fp16 Grad Scale: 4194304   Required: 155 hours
Training: 2025-04-02 23:00:31,173-Speed 63.40 samples/sec   Loss 0.0174   LearningRate 0.000935   Epoch: 13   Global Step: 18610   Fp16 Grad Scale: 2097152   Required: 155 hours
Training: 2025-04-02 23:00:51,390-Speed 63.31 samples/sec   Loss 0.0095   LearningRate 0.000935   Epoch: 13   Global Step: 18620   Fp16 Grad Scale: 2097152   Required: 155 hours
Training: 2025-04-02 23:01:11,616-Speed 63.29 samples/sec   Loss 0.0079   LearningRate 0.000935   Epoch: 13   Global Step: 18630   Fp16 Grad Scale: 2097152   Required: 155 hours
Training: 2025-04-02 23:01:31,819-Speed 63.36 samples/sec   Loss 0.0064   LearningRate 0.000935   Epoch: 13   Global Step: 18640   Fp16 Grad Scale: 2097152   Required: 155 hours
Training: 2025-04-02 23:01:52,029-Speed 63.34 samples/sec   Loss 0.0112   LearningRate 0.000935   Epoch: 13   Global Step: 18650   Fp16 Grad Scale: 2097152   Required: 155 hours
Training: 2025-04-02 23:02:14,046-Speed 58.14 samples/sec   Loss 0.0308   LearningRate 0.000935   Epoch: 13   Global Step: 18660   Fp16 Grad Scale: 2097152   Required: 155 hours
Training: 2025-04-02 23:02:34,275-Speed 63.28 samples/sec   Loss 0.0066   LearningRate 0.000935   Epoch: 13   Global Step: 18670   Fp16 Grad Scale: 2097152   Required: 155 hours
Training: 2025-04-02 23:02:54,513-Speed 63.25 samples/sec   Loss 0.0128   LearningRate 0.000935   Epoch: 13   Global Step: 18680   Fp16 Grad Scale: 2097152   Required: 155 hours
Training: 2025-04-02 23:03:14,815-Speed 63.05 samples/sec   Loss 0.0226   LearningRate 0.000934   Epoch: 13   Global Step: 18690   Fp16 Grad Scale: 2097152   Required: 155 hours
Training: 2025-04-02 23:03:35,026-Speed 63.34 samples/sec   Loss 0.0139   LearningRate 0.000934   Epoch: 13   Global Step: 18700   Fp16 Grad Scale: 2097152   Required: 155 hours
Training: 2025-04-02 23:03:55,232-Speed 63.35 samples/sec   Loss 0.0147   LearningRate 0.000934   Epoch: 13   Global Step: 18710   Fp16 Grad Scale: 2097152   Required: 155 hours
Training: 2025-04-02 23:04:15,420-Speed 63.41 samples/sec   Loss 0.0071   LearningRate 0.000934   Epoch: 13   Global Step: 18720   Fp16 Grad Scale: 2097152   Required: 155 hours
Training: 2025-04-02 23:04:35,651-Speed 63.27 samples/sec   Loss 0.0205   LearningRate 0.000934   Epoch: 13   Global Step: 18730   Fp16 Grad Scale: 1048576   Required: 155 hours
Training: 2025-04-02 23:04:55,862-Speed 63.33 samples/sec   Loss 0.0273   LearningRate 0.000934   Epoch: 13   Global Step: 18740   Fp16 Grad Scale: 1048576   Required: 155 hours
Training: 2025-04-02 23:05:16,176-Speed 63.01 samples/sec   Loss 0.0132   LearningRate 0.000934   Epoch: 13   Global Step: 18750   Fp16 Grad Scale: 1048576   Required: 155 hours
Training: 2025-04-02 23:05:36,417-Speed 63.24 samples/sec   Loss 0.0133   LearningRate 0.000934   Epoch: 13   Global Step: 18760   Fp16 Grad Scale: 1048576   Required: 155 hours
Training: 2025-04-02 23:05:56,653-Speed 63.25 samples/sec   Loss 0.0631   LearningRate 0.000934   Epoch: 13   Global Step: 18770   Fp16 Grad Scale: 1048576   Required: 155 hours
Training: 2025-04-02 23:06:16,894-Speed 63.24 samples/sec   Loss 0.0119   LearningRate 0.000934   Epoch: 13   Global Step: 18780   Fp16 Grad Scale: 1048576   Required: 155 hours
Training: 2025-04-02 23:06:37,213-Speed 63.00 samples/sec   Loss 0.0107   LearningRate 0.000934   Epoch: 13   Global Step: 18790   Fp16 Grad Scale: 1048576   Required: 155 hours
Training: 2025-04-02 23:06:57,431-Speed 63.31 samples/sec   Loss 0.0574   LearningRate 0.000934   Epoch: 13   Global Step: 18800   Fp16 Grad Scale: 1048576   Required: 155 hours
Training: 2025-04-02 23:07:19,558-Speed 57.85 samples/sec   Loss 0.0275   LearningRate 0.000934   Epoch: 13   Global Step: 18810   Fp16 Grad Scale: 1048576   Required: 155 hours
Training: 2025-04-02 23:07:39,784-Speed 63.29 samples/sec   Loss 0.0098   LearningRate 0.000934   Epoch: 13   Global Step: 18820   Fp16 Grad Scale: 1048576   Required: 155 hours
Training: 2025-04-02 23:08:00,087-Speed 63.05 samples/sec   Loss 0.0067   LearningRate 0.000934   Epoch: 13   Global Step: 18830   Fp16 Grad Scale: 2097152   Required: 155 hours
Training: 2025-04-02 23:08:20,166-Speed 63.75 samples/sec   Loss 0.0216   LearningRate 0.000934   Epoch: 13   Global Step: 18840   Fp16 Grad Scale: 1048576   Required: 155 hours
Training: 2025-04-02 23:08:40,351-Speed 63.41 samples/sec   Loss 0.0132   LearningRate 0.000934   Epoch: 13   Global Step: 18850   Fp16 Grad Scale: 1048576   Required: 155 hours
Training: 2025-04-02 23:09:00,656-Speed 63.04 samples/sec   Loss 0.0167   LearningRate 0.000934   Epoch: 13   Global Step: 18860   Fp16 Grad Scale: 1048576   Required: 155 hours
Training: 2025-04-02 23:09:20,853-Speed 63.38 samples/sec   Loss 0.0049   LearningRate 0.000934   Epoch: 13   Global Step: 18870   Fp16 Grad Scale: 1048576   Required: 155 hours
Training: 2025-04-02 23:09:41,042-Speed 63.40 samples/sec   Loss 0.0336   LearningRate 0.000934   Epoch: 13   Global Step: 18880   Fp16 Grad Scale: 1048576   Required: 155 hours
Training: 2025-04-02 23:10:01,339-Speed 63.07 samples/sec   Loss 0.0118   LearningRate 0.000934   Epoch: 13   Global Step: 18890   Fp16 Grad Scale: 1048576   Required: 155 hours
Training: 2025-04-02 23:10:21,599-Speed 63.18 samples/sec   Loss 0.0078   LearningRate 0.000934   Epoch: 13   Global Step: 18900   Fp16 Grad Scale: 1048576   Required: 155 hours
Training: 2025-04-02 23:10:41,914-Speed 63.01 samples/sec   Loss 0.0287   LearningRate 0.000934   Epoch: 13   Global Step: 18910   Fp16 Grad Scale: 1048576   Required: 155 hours
Training: 2025-04-02 23:11:02,099-Speed 63.41 samples/sec   Loss 0.0464   LearningRate 0.000934   Epoch: 13   Global Step: 18920   Fp16 Grad Scale: 524288   Required: 155 hours
Training: 2025-04-02 23:11:22,444-Speed 62.92 samples/sec   Loss 0.0232   LearningRate 0.000934   Epoch: 13   Global Step: 18930   Fp16 Grad Scale: 524288   Required: 155 hours
Training: 2025-04-02 23:11:42,657-Speed 63.33 samples/sec   Loss 0.0227   LearningRate 0.000934   Epoch: 13   Global Step: 18940   Fp16 Grad Scale: 524288   Required: 155 hours
Training: 2025-04-02 23:12:02,886-Speed 63.28 samples/sec   Loss 0.0128   LearningRate 0.000934   Epoch: 13   Global Step: 18950   Fp16 Grad Scale: 524288   Required: 155 hours
Training: 2025-04-02 23:12:24,840-Speed 58.30 samples/sec   Loss 0.0103   LearningRate 0.000934   Epoch: 13   Global Step: 18960   Fp16 Grad Scale: 524288   Required: 155 hours
Training: 2025-04-02 23:12:45,059-Speed 63.31 samples/sec   Loss 0.0191   LearningRate 0.000933   Epoch: 13   Global Step: 18970   Fp16 Grad Scale: 524288   Required: 155 hours
Training: 2025-04-02 23:13:05,282-Speed 63.30 samples/sec   Loss 0.0781   LearningRate 0.000933   Epoch: 13   Global Step: 18980   Fp16 Grad Scale: 524288   Required: 155 hours
Training: 2025-04-02 23:13:25,445-Speed 63.49 samples/sec   Loss 0.0251   LearningRate 0.000933   Epoch: 13   Global Step: 18990   Fp16 Grad Scale: 524288   Required: 155 hours
Training: 2025-04-02 23:13:45,640-Speed 63.38 samples/sec   Loss 0.0265   LearningRate 0.000933   Epoch: 13   Global Step: 19000   Fp16 Grad Scale: 524288   Required: 155 hours
Training: 2025-04-02 23:14:05,856-Speed 63.32 samples/sec   Loss 0.0209   LearningRate 0.000933   Epoch: 13   Global Step: 19010   Fp16 Grad Scale: 524288   Required: 155 hours
Training: 2025-04-02 23:14:26,029-Speed 63.45 samples/sec   Loss 0.0100   LearningRate 0.000933   Epoch: 13   Global Step: 19020   Fp16 Grad Scale: 1048576   Required: 155 hours
Training: 2025-04-02 23:14:46,230-Speed 63.36 samples/sec   Loss 0.0078   LearningRate 0.000933   Epoch: 13   Global Step: 19030   Fp16 Grad Scale: 1048576   Required: 155 hours
Training: 2025-04-02 23:15:06,453-Speed 63.30 samples/sec   Loss 0.0859   LearningRate 0.000933   Epoch: 13   Global Step: 19040   Fp16 Grad Scale: 1048576   Required: 155 hours
Training: 2025-04-02 23:15:26,655-Speed 63.36 samples/sec   Loss 0.0116   LearningRate 0.000933   Epoch: 13   Global Step: 19050   Fp16 Grad Scale: 1048576   Required: 154 hours
Training: 2025-04-02 23:15:46,882-Speed 63.28 samples/sec   Loss 0.0193   LearningRate 0.000933   Epoch: 13   Global Step: 19060   Fp16 Grad Scale: 1048576   Required: 154 hours
Training: 2025-04-02 23:16:07,061-Speed 63.43 samples/sec   Loss 0.0058   LearningRate 0.000933   Epoch: 13   Global Step: 19070   Fp16 Grad Scale: 1048576   Required: 154 hours
Training: 2025-04-02 23:16:27,230-Speed 63.47 samples/sec   Loss 0.0136   LearningRate 0.000933   Epoch: 13   Global Step: 19080   Fp16 Grad Scale: 1048576   Required: 154 hours
Training: 2025-04-02 23:16:47,462-Speed 63.27 samples/sec   Loss 0.0438   LearningRate 0.000933   Epoch: 13   Global Step: 19090   Fp16 Grad Scale: 1048576   Required: 154 hours
Training: 2025-04-02 23:17:07,655-Speed 63.39 samples/sec   Loss 0.0135   LearningRate 0.000933   Epoch: 13   Global Step: 19100   Fp16 Grad Scale: 1048576   Required: 154 hours
Training: 2025-04-02 23:17:29,625-Speed 58.26 samples/sec   Loss 0.0097   LearningRate 0.000933   Epoch: 13   Global Step: 19110   Fp16 Grad Scale: 1048576   Required: 154 hours
Training: 2025-04-02 23:17:49,773-Speed 63.53 samples/sec   Loss 0.0146   LearningRate 0.000933   Epoch: 13   Global Step: 19120   Fp16 Grad Scale: 2097152   Required: 154 hours
Training: 2025-04-02 23:18:09,983-Speed 63.34 samples/sec   Loss 0.1521   LearningRate 0.000933   Epoch: 13   Global Step: 19130   Fp16 Grad Scale: 2097152   Required: 154 hours
Training: 2025-04-02 23:18:30,216-Speed 63.26 samples/sec   Loss 0.0170   LearningRate 0.000933   Epoch: 13   Global Step: 19140   Fp16 Grad Scale: 2097152   Required: 154 hours
Training: 2025-04-02 23:18:50,399-Speed 63.42 samples/sec   Loss 0.0218   LearningRate 0.000933   Epoch: 13   Global Step: 19150   Fp16 Grad Scale: 2097152   Required: 154 hours
Training: 2025-04-02 23:19:10,592-Speed 63.39 samples/sec   Loss 0.0290   LearningRate 0.000933   Epoch: 13   Global Step: 19160   Fp16 Grad Scale: 2097152   Required: 154 hours
Training: 2025-04-02 23:19:30,768-Speed 63.44 samples/sec   Loss 0.0152   LearningRate 0.000933   Epoch: 13   Global Step: 19170   Fp16 Grad Scale: 2097152   Required: 154 hours
Training: 2025-04-02 23:19:50,938-Speed 63.46 samples/sec   Loss 0.0077   LearningRate 0.000933   Epoch: 13   Global Step: 19180   Fp16 Grad Scale: 2097152   Required: 154 hours
Training: 2025-04-02 23:20:11,129-Speed 63.40 samples/sec   Loss 0.0049   LearningRate 0.000933   Epoch: 13   Global Step: 19190   Fp16 Grad Scale: 2097152   Required: 154 hours
Training: 2025-04-02 23:20:31,309-Speed 63.43 samples/sec   Loss 0.0119   LearningRate 0.000933   Epoch: 13   Global Step: 19200   Fp16 Grad Scale: 2097152   Required: 154 hours
Training: 2025-04-02 23:20:51,439-Speed 63.59 samples/sec   Loss 0.0116   LearningRate 0.000933   Epoch: 13   Global Step: 19210   Fp16 Grad Scale: 2097152   Required: 154 hours
Training: 2025-04-02 23:21:11,604-Speed 63.48 samples/sec   Loss 0.0108   LearningRate 0.000933   Epoch: 13   Global Step: 19220   Fp16 Grad Scale: 4194304   Required: 154 hours
Training: 2025-04-02 23:21:31,883-Speed 63.12 samples/sec   Loss 0.0104   LearningRate 0.000933   Epoch: 13   Global Step: 19230   Fp16 Grad Scale: 4194304   Required: 154 hours
Training: 2025-04-02 23:21:52,081-Speed 63.37 samples/sec   Loss 0.0088   LearningRate 0.000933   Epoch: 13   Global Step: 19240   Fp16 Grad Scale: 4194304   Required: 154 hours
Training: 2025-04-02 23:22:12,271-Speed 63.40 samples/sec   Loss 0.0373   LearningRate 0.000933   Epoch: 13   Global Step: 19250   Fp16 Grad Scale: 2097152   Required: 154 hours
Training: 2025-04-02 23:22:34,438-Speed 57.74 samples/sec   Loss 0.0090   LearningRate 0.000932   Epoch: 13   Global Step: 19260   Fp16 Grad Scale: 2097152   Required: 154 hours
Training: 2025-04-02 23:22:54,591-Speed 63.52 samples/sec   Loss 0.0170   LearningRate 0.000932   Epoch: 13   Global Step: 19270   Fp16 Grad Scale: 2097152   Required: 154 hours
Training: 2025-04-02 23:23:14,787-Speed 63.38 samples/sec   Loss 0.0566   LearningRate 0.000932   Epoch: 13   Global Step: 19280   Fp16 Grad Scale: 2097152   Required: 154 hours
Training: 2025-04-02 23:23:35,066-Speed 63.12 samples/sec   Loss 0.0443   LearningRate 0.000932   Epoch: 13   Global Step: 19290   Fp16 Grad Scale: 2097152   Required: 154 hours
Training: 2025-04-02 23:23:55,238-Speed 63.46 samples/sec   Loss 0.0154   LearningRate 0.000932   Epoch: 13   Global Step: 19300   Fp16 Grad Scale: 2097152   Required: 154 hours
Training: 2025-04-02 23:24:15,399-Speed 63.49 samples/sec   Loss 0.0216   LearningRate 0.000932   Epoch: 13   Global Step: 19310   Fp16 Grad Scale: 1048576   Required: 154 hours
Training: 2025-04-02 23:24:35,622-Speed 63.30 samples/sec   Loss 0.0222   LearningRate 0.000932   Epoch: 13   Global Step: 19320   Fp16 Grad Scale: 1048576   Required: 154 hours
Training: 2025-04-02 23:24:55,929-Speed 63.04 samples/sec   Loss 0.0484   LearningRate 0.000932   Epoch: 13   Global Step: 19330   Fp16 Grad Scale: 1048576   Required: 154 hours
Training: 2025-04-02 23:25:16,169-Speed 63.24 samples/sec   Loss 0.0193   LearningRate 0.000932   Epoch: 13   Global Step: 19340   Fp16 Grad Scale: 1048576   Required: 154 hours
Training: 2025-04-02 23:25:36,328-Speed 63.50 samples/sec   Loss 0.0304   LearningRate 0.000932   Epoch: 13   Global Step: 19350   Fp16 Grad Scale: 1048576   Required: 154 hours
Training: 2025-04-02 23:25:56,561-Speed 63.27 samples/sec   Loss 0.0144   LearningRate 0.000932   Epoch: 13   Global Step: 19360   Fp16 Grad Scale: 1048576   Required: 154 hours
Training: 2025-04-02 23:26:16,834-Speed 63.14 samples/sec   Loss 0.0247   LearningRate 0.000932   Epoch: 13   Global Step: 19370   Fp16 Grad Scale: 1048576   Required: 154 hours
Training: 2025-04-02 23:26:36,981-Speed 63.54 samples/sec   Loss 0.0283   LearningRate 0.000932   Epoch: 13   Global Step: 19380   Fp16 Grad Scale: 1048576   Required: 154 hours
Training: 2025-04-02 23:26:57,167-Speed 63.41 samples/sec   Loss 0.0641   LearningRate 0.000932   Epoch: 13   Global Step: 19390   Fp16 Grad Scale: 1048576   Required: 154 hours
Training: 2025-04-02 23:27:17,464-Speed 63.07 samples/sec   Loss 0.0130   LearningRate 0.000932   Epoch: 13   Global Step: 19400   Fp16 Grad Scale: 1048576   Required: 154 hours
Training: 2025-04-02 23:27:39,369-Speed 58.44 samples/sec   Loss 0.0390   LearningRate 0.000932   Epoch: 13   Global Step: 19410   Fp16 Grad Scale: 2097152   Required: 154 hours
Training: 2025-04-02 23:27:59,572-Speed 63.36 samples/sec   Loss 0.0150   LearningRate 0.000932   Epoch: 13   Global Step: 19420   Fp16 Grad Scale: 2097152   Required: 154 hours
Training: 2025-04-02 23:28:19,875-Speed 63.05 samples/sec   Loss 0.0141   LearningRate 0.000932   Epoch: 13   Global Step: 19430   Fp16 Grad Scale: 2097152   Required: 154 hours
Training: 2025-04-02 23:28:40,033-Speed 63.50 samples/sec   Loss 0.0090   LearningRate 0.000932   Epoch: 13   Global Step: 19440   Fp16 Grad Scale: 1048576   Required: 154 hours
Training: 2025-04-02 23:29:00,359-Speed 62.97 samples/sec   Loss 0.0560   LearningRate 0.000932   Epoch: 13   Global Step: 19450   Fp16 Grad Scale: 1048576   Required: 154 hours
Training: 2025-04-02 23:29:20,505-Speed 63.54 samples/sec   Loss 0.0093   LearningRate 0.000932   Epoch: 13   Global Step: 19460   Fp16 Grad Scale: 524288   Required: 154 hours
Training: 2025-04-02 23:29:40,755-Speed 63.21 samples/sec   Loss 0.0673   LearningRate 0.000932   Epoch: 13   Global Step: 19470   Fp16 Grad Scale: 524288   Required: 154 hours
Training: 2025-04-02 23:30:00,968-Speed 63.33 samples/sec   Loss 0.0191   LearningRate 0.000932   Epoch: 13   Global Step: 19480   Fp16 Grad Scale: 524288   Required: 154 hours
Training: 2025-04-02 23:30:21,135-Speed 63.47 samples/sec   Loss 0.0212   LearningRate 0.000932   Epoch: 13   Global Step: 19490   Fp16 Grad Scale: 524288   Required: 154 hours
Training: 2025-04-02 23:30:41,359-Speed 63.29 samples/sec   Loss 0.0316   LearningRate 0.000932   Epoch: 13   Global Step: 19500   Fp16 Grad Scale: 524288   Required: 154 hours
Training: 2025-04-02 23:31:01,580-Speed 63.30 samples/sec   Loss 0.0504   LearningRate 0.000932   Epoch: 13   Global Step: 19510   Fp16 Grad Scale: 524288   Required: 154 hours
Training: 2025-04-02 23:31:21,769-Speed 63.40 samples/sec   Loss 0.0121   LearningRate 0.000932   Epoch: 13   Global Step: 19520   Fp16 Grad Scale: 524288   Required: 154 hours
Training: 2025-04-02 23:31:41,953-Speed 63.42 samples/sec   Loss 0.0062   LearningRate 0.000932   Epoch: 13   Global Step: 19530   Fp16 Grad Scale: 524288   Required: 154 hours
Training: 2025-04-02 23:32:02,154-Speed 63.37 samples/sec   Loss 0.0199   LearningRate 0.000931   Epoch: 13   Global Step: 19540   Fp16 Grad Scale: 524288   Required: 154 hours
Training: 2025-04-02 23:32:22,305-Speed 63.52 samples/sec   Loss 0.0246   LearningRate 0.000931   Epoch: 13   Global Step: 19550   Fp16 Grad Scale: 524288   Required: 154 hours
Training: 2025-04-02 23:32:44,435-Speed 57.84 samples/sec   Loss 0.0167   LearningRate 0.000931   Epoch: 13   Global Step: 19560   Fp16 Grad Scale: 1048576   Required: 154 hours
Training: 2025-04-02 23:33:04,619-Speed 63.42 samples/sec   Loss 0.0144   LearningRate 0.000931   Epoch: 13   Global Step: 19570   Fp16 Grad Scale: 1048576   Required: 154 hours
Training: 2025-04-02 23:33:24,841-Speed 63.30 samples/sec   Loss 0.0114   LearningRate 0.000931   Epoch: 13   Global Step: 19580   Fp16 Grad Scale: 1048576   Required: 154 hours
Training: 2025-04-02 23:33:45,032-Speed 63.39 samples/sec   Loss 0.0252   LearningRate 0.000931   Epoch: 13   Global Step: 19590   Fp16 Grad Scale: 1048576   Required: 154 hours
Training: 2025-04-02 23:34:05,209-Speed 63.44 samples/sec   Loss 0.0159   LearningRate 0.000931   Epoch: 13   Global Step: 19600   Fp16 Grad Scale: 1048576   Required: 154 hours
Training: 2025-04-02 23:34:25,430-Speed 63.30 samples/sec   Loss 0.0124   LearningRate 0.000931   Epoch: 13   Global Step: 19610   Fp16 Grad Scale: 1048576   Required: 154 hours
Training: 2025-04-02 23:34:45,601-Speed 63.46 samples/sec   Loss 0.0124   LearningRate 0.000931   Epoch: 13   Global Step: 19620   Fp16 Grad Scale: 1048576   Required: 154 hours
Training: 2025-04-02 23:35:05,805-Speed 63.36 samples/sec   Loss 0.0082   LearningRate 0.000931   Epoch: 13   Global Step: 19630   Fp16 Grad Scale: 1048576   Required: 154 hours
Training: 2025-04-02 23:35:26,035-Speed 63.27 samples/sec   Loss 0.0094   LearningRate 0.000931   Epoch: 13   Global Step: 19640   Fp16 Grad Scale: 1048576   Required: 154 hours
Training: 2025-04-02 23:35:46,235-Speed 63.37 samples/sec   Loss 0.0432   LearningRate 0.000931   Epoch: 13   Global Step: 19650   Fp16 Grad Scale: 1048576   Required: 154 hours
Training: 2025-04-02 23:36:06,351-Speed 63.63 samples/sec   Loss 0.0749   LearningRate 0.000931   Epoch: 13   Global Step: 19660   Fp16 Grad Scale: 1048576   Required: 154 hours
Training: 2025-04-02 23:36:26,578-Speed 63.28 samples/sec   Loss 0.0341   LearningRate 0.000931   Epoch: 13   Global Step: 19670   Fp16 Grad Scale: 1048576   Required: 154 hours
Training: 2025-04-02 23:36:46,737-Speed 63.50 samples/sec   Loss 0.0195   LearningRate 0.000931   Epoch: 13   Global Step: 19680   Fp16 Grad Scale: 1048576   Required: 154 hours
Training: 2025-04-02 23:37:06,909-Speed 63.45 samples/sec   Loss 0.1275   LearningRate 0.000931   Epoch: 13   Global Step: 19690   Fp16 Grad Scale: 1048576   Required: 154 hours
Training: 2025-04-02 23:37:27,218-Speed 63.03 samples/sec   Loss 0.0292   LearningRate 0.000931   Epoch: 13   Global Step: 19700   Fp16 Grad Scale: 1048576   Required: 154 hours
Training: 2025-04-02 23:37:49,025-Speed 58.70 samples/sec   Loss 0.0376   LearningRate 0.000931   Epoch: 13   Global Step: 19710   Fp16 Grad Scale: 1048576   Required: 154 hours
Training: 2025-04-02 23:38:09,176-Speed 63.52 samples/sec   Loss 0.0510   LearningRate 0.000931   Epoch: 13   Global Step: 19720   Fp16 Grad Scale: 1048576   Required: 154 hours
Training: 2025-04-02 23:38:29,374-Speed 63.37 samples/sec   Loss 0.0177   LearningRate 0.000931   Epoch: 13   Global Step: 19730   Fp16 Grad Scale: 1048576   Required: 154 hours
Training: 2025-04-02 23:38:49,569-Speed 63.39 samples/sec   Loss 0.0375   LearningRate 0.000931   Epoch: 13   Global Step: 19740   Fp16 Grad Scale: 1048576   Required: 154 hours
Training: 2025-04-02 23:39:09,752-Speed 63.42 samples/sec   Loss 0.0200   LearningRate 0.000931   Epoch: 13   Global Step: 19750   Fp16 Grad Scale: 1048576   Required: 154 hours
Training: 2025-04-02 23:39:29,987-Speed 63.26 samples/sec   Loss 0.0181   LearningRate 0.000931   Epoch: 13   Global Step: 19760   Fp16 Grad Scale: 2097152   Required: 154 hours
Training: 2025-04-02 23:39:50,181-Speed 63.39 samples/sec   Loss 0.0547   LearningRate 0.000931   Epoch: 13   Global Step: 19770   Fp16 Grad Scale: 1048576   Required: 154 hours
Training: 2025-04-02 23:40:10,372-Speed 63.40 samples/sec   Loss 0.0162   LearningRate 0.000931   Epoch: 13   Global Step: 19780   Fp16 Grad Scale: 1048576   Required: 154 hours
Training: 2025-04-02 23:40:30,614-Speed 63.24 samples/sec   Loss 0.0115   LearningRate 0.000931   Epoch: 13   Global Step: 19790   Fp16 Grad Scale: 1048576   Required: 154 hours
Training: 2025-04-02 23:40:50,829-Speed 63.32 samples/sec   Loss 0.0397   LearningRate 0.000931   Epoch: 13   Global Step: 19800   Fp16 Grad Scale: 524288   Required: 154 hours
Training: 2025-04-02 23:41:11,011-Speed 63.43 samples/sec   Loss 0.0274   LearningRate 0.000931   Epoch: 13   Global Step: 19810   Fp16 Grad Scale: 524288   Required: 154 hours
Training: 2025-04-02 23:41:31,208-Speed 63.38 samples/sec   Loss 0.0191   LearningRate 0.000931   Epoch: 13   Global Step: 19820   Fp16 Grad Scale: 524288   Required: 154 hours
Training: 2025-04-02 23:41:51,387-Speed 63.44 samples/sec   Loss 0.0212   LearningRate 0.000930   Epoch: 13   Global Step: 19830   Fp16 Grad Scale: 524288   Required: 154 hours
Training: 2025-04-02 23:42:11,666-Speed 63.12 samples/sec   Loss 0.0348   LearningRate 0.000930   Epoch: 13   Global Step: 19840   Fp16 Grad Scale: 524288   Required: 154 hours
Training: 2025-04-02 23:42:31,896-Speed 63.28 samples/sec   Loss 0.0153   LearningRate 0.000930   Epoch: 13   Global Step: 19850   Fp16 Grad Scale: 524288   Required: 154 hours
Training: 2025-04-02 23:42:53,942-Speed 58.06 samples/sec   Loss 0.0153   LearningRate 0.000930   Epoch: 13   Global Step: 19860   Fp16 Grad Scale: 524288   Required: 154 hours
Training: 2025-04-02 23:43:14,240-Speed 63.06 samples/sec   Loss 0.0131   LearningRate 0.000930   Epoch: 13   Global Step: 19870   Fp16 Grad Scale: 524288   Required: 154 hours
Training: 2025-04-02 23:43:34,426-Speed 63.41 samples/sec   Loss 0.0088   LearningRate 0.000930   Epoch: 13   Global Step: 19880   Fp16 Grad Scale: 524288   Required: 154 hours
Training: 2025-04-02 23:43:54,623-Speed 63.38 samples/sec   Loss 0.0162   LearningRate 0.000930   Epoch: 13   Global Step: 19890   Fp16 Grad Scale: 524288   Required: 154 hours
Training: 2025-04-02 23:44:15,579-Speed 63.50 samples/sec   Loss 0.0150   LearningRate 0.000930   Epoch: 13   Global Step: 19900   Fp16 Grad Scale: 1048576   Required: 154 hours
Training: 2025-04-02 23:44:35,893-Speed 63.01 samples/sec   Loss 0.0188   LearningRate 0.000930   Epoch: 13   Global Step: 19910   Fp16 Grad Scale: 1048576   Required: 154 hours
Training: 2025-04-02 23:44:56,080-Speed 63.41 samples/sec   Loss 0.0251   LearningRate 0.000930   Epoch: 13   Global Step: 19920   Fp16 Grad Scale: 1048576   Required: 154 hours
Training: 2025-04-02 23:45:16,381-Speed 63.05 samples/sec   Loss 0.0091   LearningRate 0.000930   Epoch: 13   Global Step: 19930   Fp16 Grad Scale: 1048576   Required: 154 hours
Training: 2025-04-02 23:45:36,589-Speed 63.34 samples/sec   Loss 0.0473   LearningRate 0.000930   Epoch: 13   Global Step: 19940   Fp16 Grad Scale: 1048576   Required: 154 hours
Training: 2025-04-02 23:45:56,813-Speed 63.29 samples/sec   Loss 0.0143   LearningRate 0.000930   Epoch: 13   Global Step: 19950   Fp16 Grad Scale: 1048576   Required: 154 hours
Training: 2025-04-02 23:46:16,107-Speed 66.35 samples/sec   Loss 0.0358   LearningRate 0.000930   Epoch: 13   Global Step: 19960   Fp16 Grad Scale: 1048576   Required: 154 hours
Training: 2025-04-02 23:46:39,190-Speed 55.45 samples/sec   Loss 0.0079   LearningRate 0.000930   Epoch: 14   Global Step: 19970   Fp16 Grad Scale: 1048576   Required: 154 hours
Training: 2025-04-02 23:46:59,535-Speed 62.92 samples/sec   Loss 0.0224   LearningRate 0.000930   Epoch: 14   Global Step: 19980   Fp16 Grad Scale: 1048576   Required: 154 hours
Training: 2025-04-02 23:47:19,806-Speed 63.15 samples/sec   Loss 0.0089   LearningRate 0.000930   Epoch: 14   Global Step: 19990   Fp16 Grad Scale: 1048576   Required: 154 hours
Training: 2025-04-02 23:47:40,133-Speed 62.97 samples/sec   Loss 0.0144   LearningRate 0.000930   Epoch: 14   Global Step: 20000   Fp16 Grad Scale: 2097152   Required: 154 hours
net_out.shape: torch.Size([128, 512])
net_out.shape: torch.Size([128, 512])
net_out.shape: torch.Size([128, 512])
net_out.shape: torch.Size([128, 512])
net_out.shape: torch.Size([128, 512])
net_out.shape: torch.Size([128, 512])
net_out.shape: torch.Size([128, 512])
net_out.shape: torch.Size([128, 512])
net_out.shape: torch.Size([128, 512])
net_out.shape: torch.Size([128, 512])
net_out.shape: torch.Size([128, 512])
net_out.shape: torch.Size([128, 512])
net_out.shape: torch.Size([128, 512])
net_out.shape: torch.Size([128, 512])
net_out.shape: torch.Size([128, 512])
net_out.shape: torch.Size([128, 512])
net_out.shape: torch.Size([128, 512])
net_out.shape: torch.Size([128, 512])
net_out.shape: torch.Size([128, 512])
net_out.shape: torch.Size([128, 512])
net_out.shape: torch.Size([128, 512])
net_out.shape: torch.Size([128, 512])
net_out.shape: torch.Size([128, 512])
net_out.shape: torch.Size([128, 512])
net_out.shape: torch.Size([128, 512])
net_out.shape: torch.Size([128, 512])
net_out.shape: torch.Size([128, 512])
net_out.shape: torch.Size([128, 512])
net_out.shape: torch.Size([128, 512])
net_out.shape: torch.Size([128, 512])
net_out.shape: torch.Size([128, 512])
net_out.shape: torch.Size([128, 512])
net_out.shape: torch.Size([128, 512])
net_out.shape: torch.Size([128, 512])
net_out.shape: torch.Size([128, 512])
net_out.shape: torch.Size([128, 512])
net_out.shape: torch.Size([128, 512])
net_out.shape: torch.Size([128, 512])
net_out.shape: torch.Size([128, 512])
net_out.shape: torch.Size([128, 512])
net_out.shape: torch.Size([128, 512])
net_out.shape: torch.Size([128, 512])
net_out.shape: torch.Size([128, 512])
net_out.shape: torch.Size([128, 512])
net_out.shape: torch.Size([128, 512])
net_out.shape: torch.Size([128, 512])
net_out.shape: torch.Size([128, 512])
net_out.shape: torch.Size([128, 512])
net_out.shape: torch.Size([128, 512])
net_out.shape: torch.Size([128, 512])
net_out.shape: torch.Size([128, 512])
net_out.shape: torch.Size([128, 512])
net_out.shape: torch.Size([128, 512])
net_out.shape: torch.Size([128, 512])
net_out.shape: torch.Size([128, 512])
net_out.shape: torch.Size([128, 512])
net_out.shape: torch.Size([128, 512])
net_out.shape: torch.Size([128, 512])
net_out.shape: torch.Size([128, 512])
net_out.shape: torch.Size([128, 512])
net_out.shape: torch.Size([128, 512])
net_out.shape: torch.Size([128, 512])
net_out.shape: torch.Size([128, 512])
net_out.shape: torch.Size([128, 512])
Training: 2025-04-02 23:48:52,472-[val][Global step: 20000] d prime: 7.1721720695495605
Model saved with d prime score: 7.1721720695495605
Training: 2025-04-02 23:49:14,232-Speed 13.60 samples/sec   Loss 0.0213   LearningRate 0.000930   Epoch: 14   Global Step: 20010   Fp16 Grad Scale: 2097152   Required: 154 hours
Training: 2025-04-02 23:49:34,422-Speed 63.40 samples/sec   Loss 0.0377   LearningRate 0.000930   Epoch: 14   Global Step: 20020   Fp16 Grad Scale: 1048576   Required: 154 hours
Training: 2025-04-02 23:49:54,763-Speed 62.93 samples/sec   Loss 0.0078   LearningRate 0.000930   Epoch: 14   Global Step: 20030   Fp16 Grad Scale: 1048576   Required: 154 hours
Training: 2025-04-02 23:50:14,969-Speed 63.35 samples/sec   Loss 0.0071   LearningRate 0.000930   Epoch: 14   Global Step: 20040   Fp16 Grad Scale: 1048576   Required: 154 hours
Training: 2025-04-02 23:50:35,274-Speed 63.04 samples/sec   Loss 0.0093   LearningRate 0.000930   Epoch: 14   Global Step: 20050   Fp16 Grad Scale: 1048576   Required: 154 hours
Training: 2025-04-02 23:50:55,508-Speed 63.26 samples/sec   Loss 0.0054   LearningRate 0.000930   Epoch: 14   Global Step: 20060   Fp16 Grad Scale: 1048576   Required: 154 hours
Training: 2025-04-02 23:51:15,671-Speed 63.49 samples/sec   Loss 0.0113   LearningRate 0.000930   Epoch: 14   Global Step: 20070   Fp16 Grad Scale: 1048576   Required: 154 hours
Training: 2025-04-02 23:51:36,004-Speed 62.95 samples/sec   Loss 0.0058   LearningRate 0.000930   Epoch: 14   Global Step: 20080   Fp16 Grad Scale: 1048576   Required: 154 hours
Training: 2025-04-02 23:51:56,215-Speed 63.33 samples/sec   Loss 0.0119   LearningRate 0.000930   Epoch: 14   Global Step: 20090   Fp16 Grad Scale: 1048576   Required: 154 hours
Training: 2025-04-02 23:52:16,473-Speed 63.19 samples/sec   Loss 0.0330   LearningRate 0.000930   Epoch: 14   Global Step: 20100   Fp16 Grad Scale: 1048576   Required: 154 hours
Training: 2025-04-02 23:52:36,682-Speed 63.34 samples/sec   Loss 0.0098   LearningRate 0.000929   Epoch: 14   Global Step: 20110   Fp16 Grad Scale: 1048576   Required: 154 hours
Training: 2025-04-02 23:52:58,619-Speed 58.35 samples/sec   Loss 0.0496   LearningRate 0.000929   Epoch: 14   Global Step: 20120   Fp16 Grad Scale: 2097152   Required: 154 hours
Training: 2025-04-02 23:53:18,775-Speed 63.51 samples/sec   Loss 0.0035   LearningRate 0.000929   Epoch: 14   Global Step: 20130   Fp16 Grad Scale: 2097152   Required: 154 hours
Training: 2025-04-02 23:53:39,023-Speed 63.22 samples/sec   Loss 0.0079   LearningRate 0.000929   Epoch: 14   Global Step: 20140   Fp16 Grad Scale: 2097152   Required: 154 hours
Training: 2025-04-02 23:53:59,183-Speed 63.50 samples/sec   Loss 0.0065   LearningRate 0.000929   Epoch: 14   Global Step: 20150   Fp16 Grad Scale: 1048576   Required: 154 hours
Training: 2025-04-02 23:54:19,398-Speed 63.32 samples/sec   Loss 0.0097   LearningRate 0.000929   Epoch: 14   Global Step: 20160   Fp16 Grad Scale: 1048576   Required: 154 hours
Training: 2025-04-02 23:54:39,609-Speed 63.33 samples/sec   Loss 0.0045   LearningRate 0.000929   Epoch: 14   Global Step: 20170   Fp16 Grad Scale: 1048576   Required: 154 hours
Training: 2025-04-02 23:54:59,807-Speed 63.38 samples/sec   Loss 0.0049   LearningRate 0.000929   Epoch: 14   Global Step: 20180   Fp16 Grad Scale: 1048576   Required: 154 hours
Training: 2025-04-02 23:55:19,987-Speed 63.43 samples/sec   Loss 0.0135   LearningRate 0.000929   Epoch: 14   Global Step: 20190   Fp16 Grad Scale: 1048576   Required: 154 hours
Training: 2025-04-02 23:55:40,160-Speed 63.45 samples/sec   Loss 0.0102   LearningRate 0.000929   Epoch: 14   Global Step: 20200   Fp16 Grad Scale: 1048576   Required: 154 hours
Training: 2025-04-02 23:56:00,338-Speed 63.44 samples/sec   Loss 0.0106   LearningRate 0.000929   Epoch: 14   Global Step: 20210   Fp16 Grad Scale: 1048576   Required: 154 hours
Training: 2025-04-02 23:56:20,512-Speed 63.45 samples/sec   Loss 0.0033   LearningRate 0.000929   Epoch: 14   Global Step: 20220   Fp16 Grad Scale: 1048576   Required: 154 hours
Training: 2025-04-02 23:56:40,744-Speed 63.27 samples/sec   Loss 0.0101   LearningRate 0.000929   Epoch: 14   Global Step: 20230   Fp16 Grad Scale: 1048576   Required: 154 hours
Training: 2025-04-02 23:57:00,913-Speed 63.47 samples/sec   Loss 0.0150   LearningRate 0.000929   Epoch: 14   Global Step: 20240   Fp16 Grad Scale: 1048576   Required: 154 hours
Training: 2025-04-02 23:57:21,103-Speed 63.40 samples/sec   Loss 0.0081   LearningRate 0.000929   Epoch: 14   Global Step: 20250   Fp16 Grad Scale: 2097152   Required: 154 hours
Training: 2025-04-02 23:57:41,282-Speed 63.43 samples/sec   Loss 0.0054   LearningRate 0.000929   Epoch: 14   Global Step: 20260   Fp16 Grad Scale: 2097152   Required: 154 hours
Training: 2025-04-02 23:58:03,391-Speed 57.90 samples/sec   Loss 0.0257   LearningRate 0.000929   Epoch: 14   Global Step: 20270   Fp16 Grad Scale: 2097152   Required: 154 hours
Training: 2025-04-02 23:58:23,519-Speed 63.60 samples/sec   Loss 0.0094   LearningRate 0.000929   Epoch: 14   Global Step: 20280   Fp16 Grad Scale: 2097152   Required: 154 hours
Training: 2025-04-02 23:58:43,725-Speed 63.35 samples/sec   Loss 0.0244   LearningRate 0.000929   Epoch: 14   Global Step: 20290   Fp16 Grad Scale: 2097152   Required: 154 hours
Training: 2025-04-02 23:59:03,951-Speed 63.29 samples/sec   Loss 0.0097   LearningRate 0.000929   Epoch: 14   Global Step: 20300   Fp16 Grad Scale: 2097152   Required: 154 hours
Training: 2025-04-02 23:59:24,165-Speed 63.32 samples/sec   Loss 0.0145   LearningRate 0.000929   Epoch: 14   Global Step: 20310   Fp16 Grad Scale: 2097152   Required: 154 hours
Training: 2025-04-02 23:59:44,360-Speed 63.38 samples/sec   Loss 0.0416   LearningRate 0.000929   Epoch: 14   Global Step: 20320   Fp16 Grad Scale: 1048576   Required: 154 hours
Training: 2025-04-03 00:00:04,585-Speed 63.29 samples/sec   Loss 0.0087   LearningRate 0.000929   Epoch: 14   Global Step: 20330   Fp16 Grad Scale: 1048576   Required: 154 hours
Training: 2025-04-03 00:00:24,911-Speed 62.98 samples/sec   Loss 0.0044   LearningRate 0.000929   Epoch: 14   Global Step: 20340   Fp16 Grad Scale: 1048576   Required: 154 hours
Training: 2025-04-03 00:00:45,098-Speed 63.41 samples/sec   Loss 0.0073   LearningRate 0.000929   Epoch: 14   Global Step: 20350   Fp16 Grad Scale: 1048576   Required: 154 hours
Training: 2025-04-03 00:01:05,242-Speed 63.54 samples/sec   Loss 0.0110   LearningRate 0.000929   Epoch: 14   Global Step: 20360   Fp16 Grad Scale: 1048576   Required: 154 hours
Training: 2025-04-03 00:01:25,455-Speed 63.33 samples/sec   Loss 0.0191   LearningRate 0.000929   Epoch: 14   Global Step: 20370   Fp16 Grad Scale: 1048576   Required: 154 hours
Training: 2025-04-03 00:01:45,626-Speed 63.46 samples/sec   Loss 0.0124   LearningRate 0.000929   Epoch: 14   Global Step: 20380   Fp16 Grad Scale: 1048576   Required: 154 hours
Training: 2025-04-03 00:02:05,802-Speed 63.44 samples/sec   Loss 0.0188   LearningRate 0.000929   Epoch: 14   Global Step: 20390   Fp16 Grad Scale: 1048576   Required: 154 hours
Training: 2025-04-03 00:02:25,953-Speed 63.52 samples/sec   Loss 0.0095   LearningRate 0.000928   Epoch: 14   Global Step: 20400   Fp16 Grad Scale: 1048576   Required: 154 hours
Training: 2025-04-03 00:02:46,196-Speed 63.23 samples/sec   Loss 0.0137   LearningRate 0.000928   Epoch: 14   Global Step: 20410   Fp16 Grad Scale: 1048576   Required: 154 hours
Training: 2025-04-03 00:03:08,266-Speed 58.00 samples/sec   Loss 0.0165   LearningRate 0.000928   Epoch: 14   Global Step: 20420   Fp16 Grad Scale: 2097152   Required: 154 hours
Training: 2025-04-03 00:03:28,539-Speed 63.14 samples/sec   Loss 0.0112   LearningRate 0.000928   Epoch: 14   Global Step: 20430   Fp16 Grad Scale: 2097152   Required: 154 hours
Training: 2025-04-03 00:03:48,750-Speed 63.33 samples/sec   Loss 0.0127   LearningRate 0.000928   Epoch: 14   Global Step: 20440   Fp16 Grad Scale: 2097152   Required: 154 hours
Training: 2025-04-03 00:04:08,889-Speed 63.56 samples/sec   Loss 0.0054   LearningRate 0.000928   Epoch: 14   Global Step: 20450   Fp16 Grad Scale: 2097152   Required: 154 hours
Training: 2025-04-03 00:04:29,078-Speed 63.40 samples/sec   Loss 0.1056   LearningRate 0.000928   Epoch: 14   Global Step: 20460   Fp16 Grad Scale: 2097152   Required: 154 hours
Training: 2025-04-03 00:04:49,369-Speed 63.08 samples/sec   Loss 0.0103   LearningRate 0.000928   Epoch: 14   Global Step: 20470   Fp16 Grad Scale: 2097152   Required: 154 hours
Training: 2025-04-03 00:05:09,545-Speed 63.44 samples/sec   Loss 0.0143   LearningRate 0.000928   Epoch: 14   Global Step: 20480   Fp16 Grad Scale: 2097152   Required: 154 hours
Training: 2025-04-03 00:05:29,678-Speed 63.58 samples/sec   Loss 0.0075   LearningRate 0.000928   Epoch: 14   Global Step: 20490   Fp16 Grad Scale: 2097152   Required: 154 hours
Training: 2025-04-03 00:05:49,832-Speed 63.51 samples/sec   Loss 0.0186   LearningRate 0.000928   Epoch: 14   Global Step: 20500   Fp16 Grad Scale: 2097152   Required: 154 hours
Training: 2025-04-03 00:06:10,118-Speed 63.10 samples/sec   Loss 0.0119   LearningRate 0.000928   Epoch: 14   Global Step: 20510   Fp16 Grad Scale: 2097152   Required: 154 hours
Training: 2025-04-03 00:06:30,299-Speed 63.43 samples/sec   Loss 0.0485   LearningRate 0.000928   Epoch: 14   Global Step: 20520   Fp16 Grad Scale: 4194304   Required: 154 hours
Training: 2025-04-03 00:06:50,478-Speed 63.43 samples/sec   Loss 0.0280   LearningRate 0.000928   Epoch: 14   Global Step: 20530   Fp16 Grad Scale: 2097152   Required: 154 hours
Training: 2025-04-03 00:07:10,733-Speed 63.19 samples/sec   Loss 0.0245   LearningRate 0.000928   Epoch: 14   Global Step: 20540   Fp16 Grad Scale: 2097152   Required: 154 hours
Training: 2025-04-03 00:07:30,978-Speed 63.23 samples/sec   Loss 0.0069   LearningRate 0.000928   Epoch: 14   Global Step: 20550   Fp16 Grad Scale: 2097152   Required: 154 hours
Training: 2025-04-03 00:07:51,178-Speed 63.37 samples/sec   Loss 0.0134   LearningRate 0.000928   Epoch: 14   Global Step: 20560   Fp16 Grad Scale: 2097152   Required: 154 hours
Training: 2025-04-03 00:08:13,370-Speed 57.68 samples/sec   Loss 0.0050   LearningRate 0.000928   Epoch: 14   Global Step: 20570   Fp16 Grad Scale: 2097152   Required: 154 hours
Training: 2025-04-03 00:08:33,568-Speed 63.38 samples/sec   Loss 0.0103   LearningRate 0.000928   Epoch: 14   Global Step: 20580   Fp16 Grad Scale: 2097152   Required: 154 hours
Training: 2025-04-03 00:08:53,854-Speed 63.10 samples/sec   Loss 0.0079   LearningRate 0.000928   Epoch: 14   Global Step: 20590   Fp16 Grad Scale: 2097152   Required: 154 hours
Training: 2025-04-03 00:09:14,073-Speed 63.31 samples/sec   Loss 0.0112   LearningRate 0.000928   Epoch: 14   Global Step: 20600   Fp16 Grad Scale: 2097152   Required: 154 hours
Training: 2025-04-03 00:09:34,309-Speed 63.26 samples/sec   Loss 0.0593   LearningRate 0.000928   Epoch: 14   Global Step: 20610   Fp16 Grad Scale: 2097152   Required: 154 hours
Training: 2025-04-03 00:09:54,475-Speed 63.47 samples/sec   Loss 0.0040   LearningRate 0.000928   Epoch: 14   Global Step: 20620   Fp16 Grad Scale: 2097152   Required: 154 hours
Training: 2025-04-03 00:10:14,637-Speed 63.49 samples/sec   Loss 0.0508   LearningRate 0.000928   Epoch: 14   Global Step: 20630   Fp16 Grad Scale: 2097152   Required: 154 hours
Training: 2025-04-03 00:10:34,838-Speed 63.37 samples/sec   Loss 0.0095   LearningRate 0.000928   Epoch: 14   Global Step: 20640   Fp16 Grad Scale: 2097152   Required: 154 hours
Training: 2025-04-03 00:10:54,998-Speed 63.49 samples/sec   Loss 0.0105   LearningRate 0.000928   Epoch: 14   Global Step: 20650   Fp16 Grad Scale: 2097152   Required: 154 hours
Training: 2025-04-03 00:11:15,197-Speed 63.37 samples/sec   Loss 0.0061   LearningRate 0.000928   Epoch: 14   Global Step: 20660   Fp16 Grad Scale: 2097152   Required: 154 hours
Training: 2025-04-03 00:11:35,342-Speed 63.54 samples/sec   Loss 0.0042   LearningRate 0.000928   Epoch: 14   Global Step: 20670   Fp16 Grad Scale: 2097152   Required: 153 hours
Training: 2025-04-03 00:11:55,468-Speed 63.60 samples/sec   Loss 0.0111   LearningRate 0.000927   Epoch: 14   Global Step: 20680   Fp16 Grad Scale: 2097152   Required: 153 hours
Training: 2025-04-03 00:12:15,696-Speed 63.28 samples/sec   Loss 0.0056   LearningRate 0.000927   Epoch: 14   Global Step: 20690   Fp16 Grad Scale: 2097152   Required: 153 hours
Training: 2025-04-03 00:12:35,827-Speed 63.59 samples/sec   Loss 0.0173   LearningRate 0.000927   Epoch: 14   Global Step: 20700   Fp16 Grad Scale: 1048576   Required: 153 hours
Training: 2025-04-03 00:12:55,968-Speed 63.56 samples/sec   Loss 0.0035   LearningRate 0.000927   Epoch: 14   Global Step: 20710   Fp16 Grad Scale: 1048576   Required: 153 hours
Training: 2025-04-03 00:13:17,962-Speed 58.20 samples/sec   Loss 0.0089   LearningRate 0.000927   Epoch: 14   Global Step: 20720   Fp16 Grad Scale: 1048576   Required: 153 hours
Training: 2025-04-03 00:13:38,107-Speed 63.54 samples/sec   Loss 0.0079   LearningRate 0.000927   Epoch: 14   Global Step: 20730   Fp16 Grad Scale: 1048576   Required: 153 hours
Training: 2025-04-03 00:13:58,294-Speed 63.41 samples/sec   Loss 0.0739   LearningRate 0.000927   Epoch: 14   Global Step: 20740   Fp16 Grad Scale: 1048576   Required: 153 hours
Training: 2025-04-03 00:14:18,470-Speed 63.44 samples/sec   Loss 0.0729   LearningRate 0.000927   Epoch: 14   Global Step: 20750   Fp16 Grad Scale: 1048576   Required: 153 hours
Training: 2025-04-03 00:14:38,633-Speed 63.49 samples/sec   Loss 0.0160   LearningRate 0.000927   Epoch: 14   Global Step: 20760   Fp16 Grad Scale: 1048576   Required: 153 hours
Training: 2025-04-03 00:14:58,793-Speed 63.49 samples/sec   Loss 0.0186   LearningRate 0.000927   Epoch: 14   Global Step: 20770   Fp16 Grad Scale: 1048576   Required: 153 hours
Training: 2025-04-03 00:15:19,007-Speed 63.33 samples/sec   Loss 0.0170   LearningRate 0.000927   Epoch: 14   Global Step: 20780   Fp16 Grad Scale: 1048576   Required: 153 hours
Training: 2025-04-03 00:15:39,207-Speed 63.37 samples/sec   Loss 0.0395   LearningRate 0.000927   Epoch: 14   Global Step: 20790   Fp16 Grad Scale: 1048576   Required: 153 hours
Training: 2025-04-03 00:15:59,403-Speed 63.38 samples/sec   Loss 0.0150   LearningRate 0.000927   Epoch: 14   Global Step: 20800   Fp16 Grad Scale: 2097152   Required: 153 hours
Training: 2025-04-03 00:16:19,637-Speed 63.26 samples/sec   Loss 0.0108   LearningRate 0.000927   Epoch: 14   Global Step: 20810   Fp16 Grad Scale: 2097152   Required: 153 hours
Training: 2025-04-03 00:16:39,842-Speed 63.35 samples/sec   Loss 0.0084   LearningRate 0.000927   Epoch: 14   Global Step: 20820   Fp16 Grad Scale: 2097152   Required: 153 hours
Training: 2025-04-03 00:17:00,049-Speed 63.35 samples/sec   Loss 0.0102   LearningRate 0.000927   Epoch: 14   Global Step: 20830   Fp16 Grad Scale: 2097152   Required: 153 hours
Training: 2025-04-03 00:17:20,292-Speed 63.23 samples/sec   Loss 0.0111   LearningRate 0.000927   Epoch: 14   Global Step: 20840   Fp16 Grad Scale: 1048576   Required: 153 hours
Training: 2025-04-03 00:17:40,559-Speed 63.16 samples/sec   Loss 0.0218   LearningRate 0.000927   Epoch: 14   Global Step: 20850   Fp16 Grad Scale: 1048576   Required: 153 hours
Training: 2025-04-03 00:18:00,750-Speed 63.40 samples/sec   Loss 0.0110   LearningRate 0.000927   Epoch: 14   Global Step: 20860   Fp16 Grad Scale: 1048576   Required: 153 hours
Training: 2025-04-03 00:18:23,247-Speed 56.90 samples/sec   Loss 0.0127   LearningRate 0.000927   Epoch: 14   Global Step: 20870   Fp16 Grad Scale: 524288   Required: 153 hours
Training: 2025-04-03 00:18:43,468-Speed 63.30 samples/sec   Loss 0.0142   LearningRate 0.000927   Epoch: 14   Global Step: 20880   Fp16 Grad Scale: 524288   Required: 153 hours
Training: 2025-04-03 00:19:03,710-Speed 63.24 samples/sec   Loss 0.0121   LearningRate 0.000927   Epoch: 14   Global Step: 20890   Fp16 Grad Scale: 524288   Required: 153 hours
Training: 2025-04-03 00:19:25,314-Speed 63.38 samples/sec   Loss 0.0080   LearningRate 0.000927   Epoch: 14   Global Step: 20900   Fp16 Grad Scale: 524288   Required: 153 hours
Training: 2025-04-03 00:19:45,534-Speed 63.30 samples/sec   Loss 0.0461   LearningRate 0.000927   Epoch: 14   Global Step: 20910   Fp16 Grad Scale: 524288   Required: 153 hours
Training: 2025-04-03 00:20:05,714-Speed 63.43 samples/sec   Loss 0.0417   LearningRate 0.000927   Epoch: 14   Global Step: 20920   Fp16 Grad Scale: 524288   Required: 153 hours
Training: 2025-04-03 00:20:25,899-Speed 63.41 samples/sec   Loss 0.0225   LearningRate 0.000927   Epoch: 14   Global Step: 20930   Fp16 Grad Scale: 524288   Required: 153 hours
Training: 2025-04-03 00:20:46,216-Speed 63.00 samples/sec   Loss 0.0273   LearningRate 0.000927   Epoch: 14   Global Step: 20940   Fp16 Grad Scale: 524288   Required: 153 hours
Training: 2025-04-03 00:21:06,477-Speed 63.18 samples/sec   Loss 0.0213   LearningRate 0.000927   Epoch: 14   Global Step: 20950   Fp16 Grad Scale: 524288   Required: 153 hours
Training: 2025-04-03 00:21:26,676-Speed 63.37 samples/sec   Loss 0.0141   LearningRate 0.000927   Epoch: 14   Global Step: 20960   Fp16 Grad Scale: 524288   Required: 153 hours
Training: 2025-04-03 00:21:46,909-Speed 63.27 samples/sec   Loss 0.0228   LearningRate 0.000926   Epoch: 14   Global Step: 20970   Fp16 Grad Scale: 1048576   Required: 153 hours
Training: 2025-04-03 00:22:07,068-Speed 63.50 samples/sec   Loss 0.0098   LearningRate 0.000926   Epoch: 14   Global Step: 20980   Fp16 Grad Scale: 1048576   Required: 153 hours
Training: 2025-04-03 00:22:27,348-Speed 63.12 samples/sec   Loss 0.0091   LearningRate 0.000926   Epoch: 14   Global Step: 20990   Fp16 Grad Scale: 1048576   Required: 153 hours
Training: 2025-04-03 00:22:47,545-Speed 63.38 samples/sec   Loss 0.0108   LearningRate 0.000926   Epoch: 14   Global Step: 21000   Fp16 Grad Scale: 1048576   Required: 153 hours
Training: 2025-04-03 00:23:07,814-Speed 63.15 samples/sec   Loss 0.0072   LearningRate 0.000926   Epoch: 14   Global Step: 21010   Fp16 Grad Scale: 1048576   Required: 153 hours
Training: 2025-04-03 00:23:30,415-Speed 56.64 samples/sec   Loss 0.0327   LearningRate 0.000926   Epoch: 14   Global Step: 21020   Fp16 Grad Scale: 1048576   Required: 153 hours
Training: 2025-04-03 00:23:50,605-Speed 63.40 samples/sec   Loss 0.0104   LearningRate 0.000926   Epoch: 14   Global Step: 21030   Fp16 Grad Scale: 1048576   Required: 153 hours
Training: 2025-04-03 00:24:10,793-Speed 63.41 samples/sec   Loss 0.0190   LearningRate 0.000926   Epoch: 14   Global Step: 21040   Fp16 Grad Scale: 1048576   Required: 153 hours
Training: 2025-04-03 00:24:31,093-Speed 63.05 samples/sec   Loss 0.0085   LearningRate 0.000926   Epoch: 14   Global Step: 21050   Fp16 Grad Scale: 1048576   Required: 153 hours
Training: 2025-04-03 00:24:51,258-Speed 63.48 samples/sec   Loss 0.0074   LearningRate 0.000926   Epoch: 14   Global Step: 21060   Fp16 Grad Scale: 1048576   Required: 153 hours
Training: 2025-04-03 00:25:11,452-Speed 63.39 samples/sec   Loss 0.0099   LearningRate 0.000926   Epoch: 14   Global Step: 21070   Fp16 Grad Scale: 2097152   Required: 153 hours
Training: 2025-04-03 00:25:31,752-Speed 63.06 samples/sec   Loss 0.0093   LearningRate 0.000926   Epoch: 14   Global Step: 21080   Fp16 Grad Scale: 2097152   Required: 153 hours
Training: 2025-04-03 00:25:51,963-Speed 63.33 samples/sec   Loss 0.0097   LearningRate 0.000926   Epoch: 14   Global Step: 21090   Fp16 Grad Scale: 2097152   Required: 153 hours
Training: 2025-04-03 00:26:12,202-Speed 63.25 samples/sec   Loss 0.0254   LearningRate 0.000926   Epoch: 14   Global Step: 21100   Fp16 Grad Scale: 2097152   Required: 153 hours
Training: 2025-04-03 00:26:32,433-Speed 63.27 samples/sec   Loss 0.0033   LearningRate 0.000926   Epoch: 14   Global Step: 21110   Fp16 Grad Scale: 2097152   Required: 153 hours
Training: 2025-04-03 00:26:52,677-Speed 63.23 samples/sec   Loss 0.0070   LearningRate 0.000926   Epoch: 14   Global Step: 21120   Fp16 Grad Scale: 2097152   Required: 153 hours
Training: 2025-04-03 00:27:12,894-Speed 63.31 samples/sec   Loss 0.0445   LearningRate 0.000926   Epoch: 14   Global Step: 21130   Fp16 Grad Scale: 1048576   Required: 153 hours
Training: 2025-04-03 00:27:33,040-Speed 63.54 samples/sec   Loss 0.0155   LearningRate 0.000926   Epoch: 14   Global Step: 21140   Fp16 Grad Scale: 524288   Required: 153 hours
Training: 2025-04-03 00:27:53,196-Speed 63.51 samples/sec   Loss 0.0175   LearningRate 0.000926   Epoch: 14   Global Step: 21150   Fp16 Grad Scale: 524288   Required: 153 hours
Training: 2025-04-03 00:28:14,407-Speed 60.35 samples/sec   Loss 0.0065   LearningRate 0.000926   Epoch: 14   Global Step: 21160   Fp16 Grad Scale: 524288   Required: 153 hours
Training: 2025-04-03 00:28:35,491-Speed 60.71 samples/sec   Loss 0.0196   LearningRate 0.000926   Epoch: 14   Global Step: 21170   Fp16 Grad Scale: 524288   Required: 153 hours
Training: 2025-04-03 00:28:55,599-Speed 63.66 samples/sec   Loss 0.0164   LearningRate 0.000926   Epoch: 14   Global Step: 21180   Fp16 Grad Scale: 524288   Required: 153 hours
Training: 2025-04-03 00:29:15,795-Speed 63.38 samples/sec   Loss 0.0130   LearningRate 0.000926   Epoch: 14   Global Step: 21190   Fp16 Grad Scale: 524288   Required: 153 hours
Training: 2025-04-03 00:29:36,006-Speed 63.33 samples/sec   Loss 0.0108   LearningRate 0.000926   Epoch: 14   Global Step: 21200   Fp16 Grad Scale: 524288   Required: 153 hours
Training: 2025-04-03 00:29:56,168-Speed 63.49 samples/sec   Loss 0.1232   LearningRate 0.000926   Epoch: 14   Global Step: 21210   Fp16 Grad Scale: 524288   Required: 153 hours
Training: 2025-04-03 00:30:16,360-Speed 63.39 samples/sec   Loss 0.0194   LearningRate 0.000926   Epoch: 14   Global Step: 21220   Fp16 Grad Scale: 524288   Required: 153 hours
Training: 2025-04-03 00:30:36,592-Speed 63.27 samples/sec   Loss 0.0425   LearningRate 0.000926   Epoch: 14   Global Step: 21230   Fp16 Grad Scale: 524288   Required: 153 hours
Training: 2025-04-03 00:30:56,736-Speed 63.54 samples/sec   Loss 0.0173   LearningRate 0.000926   Epoch: 14   Global Step: 21240   Fp16 Grad Scale: 1048576   Required: 153 hours
Training: 2025-04-03 00:31:16,949-Speed 63.33 samples/sec   Loss 0.0114   LearningRate 0.000925   Epoch: 14   Global Step: 21250   Fp16 Grad Scale: 1048576   Required: 153 hours
Training: 2025-04-03 00:31:37,207-Speed 63.19 samples/sec   Loss 0.0154   LearningRate 0.000925   Epoch: 14   Global Step: 21260   Fp16 Grad Scale: 1048576   Required: 153 hours
Training: 2025-04-03 00:31:57,375-Speed 63.47 samples/sec   Loss 0.0080   LearningRate 0.000925   Epoch: 14   Global Step: 21270   Fp16 Grad Scale: 1048576   Required: 153 hours
Training: 2025-04-03 00:32:17,526-Speed 63.52 samples/sec   Loss 0.0170   LearningRate 0.000925   Epoch: 14   Global Step: 21280   Fp16 Grad Scale: 1048576   Required: 153 hours
Training: 2025-04-03 00:32:37,723-Speed 63.38 samples/sec   Loss 0.0198   LearningRate 0.000925   Epoch: 14   Global Step: 21290   Fp16 Grad Scale: 1048576   Required: 153 hours
Training: 2025-04-03 00:32:57,895-Speed 63.46 samples/sec   Loss 0.0090   LearningRate 0.000925   Epoch: 14   Global Step: 21300   Fp16 Grad Scale: 1048576   Required: 153 hours
Training: 2025-04-03 00:33:19,887-Speed 58.20 samples/sec   Loss 0.0188   LearningRate 0.000925   Epoch: 14   Global Step: 21310   Fp16 Grad Scale: 1048576   Required: 153 hours
Training: 2025-04-03 00:33:40,090-Speed 63.36 samples/sec   Loss 0.0242   LearningRate 0.000925   Epoch: 14   Global Step: 21320   Fp16 Grad Scale: 1048576   Required: 153 hours
Training: 2025-04-03 00:34:00,254-Speed 63.48 samples/sec   Loss 0.0103   LearningRate 0.000925   Epoch: 14   Global Step: 21330   Fp16 Grad Scale: 1048576   Required: 153 hours
Training: 2025-04-03 00:34:20,448-Speed 63.39 samples/sec   Loss 0.0177   LearningRate 0.000925   Epoch: 14   Global Step: 21340   Fp16 Grad Scale: 2097152   Required: 153 hours
Training: 2025-04-03 00:34:40,659-Speed 63.33 samples/sec   Loss 0.0117   LearningRate 0.000925   Epoch: 14   Global Step: 21350   Fp16 Grad Scale: 2097152   Required: 153 hours
Training: 2025-04-03 00:35:00,939-Speed 63.12 samples/sec   Loss 0.0135   LearningRate 0.000925   Epoch: 14   Global Step: 21360   Fp16 Grad Scale: 2097152   Required: 153 hours
Training: 2025-04-03 00:35:21,159-Speed 63.31 samples/sec   Loss 0.0535   LearningRate 0.000925   Epoch: 14   Global Step: 21370   Fp16 Grad Scale: 2097152   Required: 153 hours
Training: 2025-04-03 00:35:41,398-Speed 63.25 samples/sec   Loss 0.0686   LearningRate 0.000925   Epoch: 14   Global Step: 21380   Fp16 Grad Scale: 2097152   Required: 153 hours
Training: 2025-04-03 00:35:59,777-Speed 69.65 samples/sec   Loss 0.0543   LearningRate 0.000925   Epoch: 14   Global Step: 21390   Fp16 Grad Scale: 1048576   Required: 153 hours
Training: 2025-04-03 00:36:24,998-Speed 50.75 samples/sec   Loss 0.0117   LearningRate 0.000925   Epoch: 15   Global Step: 21400   Fp16 Grad Scale: 1048576   Required: 153 hours
Training: 2025-04-03 00:36:45,212-Speed 63.32 samples/sec   Loss 0.0221   LearningRate 0.000925   Epoch: 15   Global Step: 21410   Fp16 Grad Scale: 1048576   Required: 153 hours
Training: 2025-04-03 00:37:05,457-Speed 63.23 samples/sec   Loss 0.0090   LearningRate 0.000925   Epoch: 15   Global Step: 21420   Fp16 Grad Scale: 1048576   Required: 153 hours
Training: 2025-04-03 00:37:25,700-Speed 63.23 samples/sec   Loss 0.0099   LearningRate 0.000925   Epoch: 15   Global Step: 21430   Fp16 Grad Scale: 1048576   Required: 153 hours
Training: 2025-04-03 00:37:45,960-Speed 63.18 samples/sec   Loss 0.0256   LearningRate 0.000925   Epoch: 15   Global Step: 21440   Fp16 Grad Scale: 1048576   Required: 153 hours
Training: 2025-04-03 00:38:06,185-Speed 63.29 samples/sec   Loss 0.0058   LearningRate 0.000925   Epoch: 15   Global Step: 21450   Fp16 Grad Scale: 1048576   Required: 153 hours
Training: 2025-04-03 00:38:28,432-Speed 57.54 samples/sec   Loss 0.0047   LearningRate 0.000925   Epoch: 15   Global Step: 21460   Fp16 Grad Scale: 1048576   Required: 153 hours
Training: 2025-04-03 00:38:48,593-Speed 63.49 samples/sec   Loss 0.0497   LearningRate 0.000925   Epoch: 15   Global Step: 21470   Fp16 Grad Scale: 1048576   Required: 153 hours
Training: 2025-04-03 00:39:08,811-Speed 63.31 samples/sec   Loss 0.0054   LearningRate 0.000925   Epoch: 15   Global Step: 21480   Fp16 Grad Scale: 1048576   Required: 153 hours
Training: 2025-04-03 00:39:32,754-Speed 63.50 samples/sec   Loss 0.0136   LearningRate 0.000925   Epoch: 15   Global Step: 21490   Fp16 Grad Scale: 2097152   Required: 153 hours
Training: 2025-04-03 00:39:53,036-Speed 63.11 samples/sec   Loss 0.0053   LearningRate 0.000925   Epoch: 15   Global Step: 21500   Fp16 Grad Scale: 2097152   Required: 153 hours
Training: 2025-04-03 00:40:13,243-Speed 63.35 samples/sec   Loss 0.0069   LearningRate 0.000925   Epoch: 15   Global Step: 21510   Fp16 Grad Scale: 2097152   Required: 153 hours
Training: 2025-04-03 00:40:33,407-Speed 63.48 samples/sec   Loss 0.0470   LearningRate 0.000925   Epoch: 15   Global Step: 21520   Fp16 Grad Scale: 2097152   Required: 153 hours
Training: 2025-04-03 00:40:53,637-Speed 63.27 samples/sec   Loss 0.0048   LearningRate 0.000925   Epoch: 15   Global Step: 21530   Fp16 Grad Scale: 2097152   Required: 153 hours
Training: 2025-04-03 00:41:13,977-Speed 62.93 samples/sec   Loss 0.0510   LearningRate 0.000924   Epoch: 15   Global Step: 21540   Fp16 Grad Scale: 2097152   Required: 153 hours
Training: 2025-04-03 00:41:34,141-Speed 63.48 samples/sec   Loss 0.0132   LearningRate 0.000924   Epoch: 15   Global Step: 21550   Fp16 Grad Scale: 2097152   Required: 153 hours
Training: 2025-04-03 00:41:54,290-Speed 63.53 samples/sec   Loss 0.0464   LearningRate 0.000924   Epoch: 15   Global Step: 21560   Fp16 Grad Scale: 2097152   Required: 153 hours
Training: 2025-04-03 00:42:14,613-Speed 62.98 samples/sec   Loss 0.0169   LearningRate 0.000924   Epoch: 15   Global Step: 21570   Fp16 Grad Scale: 2097152   Required: 153 hours
Training: 2025-04-03 00:42:34,800-Speed 63.41 samples/sec   Loss 0.0528   LearningRate 0.000924   Epoch: 15   Global Step: 21580   Fp16 Grad Scale: 2097152   Required: 153 hours
Training: 2025-04-03 00:42:55,085-Speed 63.11 samples/sec   Loss 0.0692   LearningRate 0.000924   Epoch: 15   Global Step: 21590   Fp16 Grad Scale: 4194304   Required: 153 hours
Training: 2025-04-03 00:43:15,373-Speed 63.09 samples/sec   Loss 0.0062   LearningRate 0.000924   Epoch: 15   Global Step: 21600   Fp16 Grad Scale: 4194304   Required: 153 hours
Training: 2025-04-03 00:43:37,628-Speed 57.52 samples/sec   Loss 0.0044   LearningRate 0.000924   Epoch: 15   Global Step: 21610   Fp16 Grad Scale: 4194304   Required: 153 hours
Training: 2025-04-03 00:43:57,873-Speed 63.23 samples/sec   Loss 0.0092   LearningRate 0.000924   Epoch: 15   Global Step: 21620   Fp16 Grad Scale: 4194304   Required: 153 hours
Training: 2025-04-03 00:44:18,044-Speed 63.46 samples/sec   Loss 0.0487   LearningRate 0.000924   Epoch: 15   Global Step: 21630   Fp16 Grad Scale: 2097152   Required: 153 hours
Training: 2025-04-03 00:44:38,355-Speed 63.02 samples/sec   Loss 0.0142   LearningRate 0.000924   Epoch: 15   Global Step: 21640   Fp16 Grad Scale: 2097152   Required: 153 hours
Training: 2025-04-03 00:44:58,546-Speed 63.40 samples/sec   Loss 0.0331   LearningRate 0.000924   Epoch: 15   Global Step: 21650   Fp16 Grad Scale: 1048576   Required: 153 hours
Training: 2025-04-03 00:45:18,725-Speed 63.43 samples/sec   Loss 0.0425   LearningRate 0.000924   Epoch: 15   Global Step: 21660   Fp16 Grad Scale: 1048576   Required: 153 hours
Training: 2025-04-03 00:45:38,976-Speed 63.21 samples/sec   Loss 0.0128   LearningRate 0.000924   Epoch: 15   Global Step: 21670   Fp16 Grad Scale: 1048576   Required: 153 hours
Training: 2025-04-03 00:45:59,176-Speed 63.37 samples/sec   Loss 0.0047   LearningRate 0.000924   Epoch: 15   Global Step: 21680   Fp16 Grad Scale: 1048576   Required: 153 hours
Training: 2025-04-03 00:46:19,348-Speed 63.45 samples/sec   Loss 0.0124   LearningRate 0.000924   Epoch: 15   Global Step: 21690   Fp16 Grad Scale: 1048576   Required: 153 hours
Training: 2025-04-03 00:46:39,583-Speed 63.26 samples/sec   Loss 0.0056   LearningRate 0.000924   Epoch: 15   Global Step: 21700   Fp16 Grad Scale: 1048576   Required: 153 hours
Training: 2025-04-03 00:46:59,771-Speed 63.40 samples/sec   Loss 0.0122   LearningRate 0.000924   Epoch: 15   Global Step: 21710   Fp16 Grad Scale: 1048576   Required: 153 hours
Training: 2025-04-03 00:47:19,972-Speed 63.37 samples/sec   Loss 0.0200   LearningRate 0.000924   Epoch: 15   Global Step: 21720   Fp16 Grad Scale: 1048576   Required: 153 hours
Training: 2025-04-03 00:47:40,221-Speed 63.21 samples/sec   Loss 0.0063   LearningRate 0.000924   Epoch: 15   Global Step: 21730   Fp16 Grad Scale: 1048576   Required: 153 hours
Training: 2025-04-03 00:48:00,395-Speed 63.45 samples/sec   Loss 0.0084   LearningRate 0.000924   Epoch: 15   Global Step: 21740   Fp16 Grad Scale: 1048576   Required: 153 hours
Training: 2025-04-03 00:48:20,573-Speed 63.44 samples/sec   Loss 0.0036   LearningRate 0.000924   Epoch: 15   Global Step: 21750   Fp16 Grad Scale: 2097152   Required: 153 hours
Training: 2025-04-03 00:48:42,786-Speed 57.62 samples/sec   Loss 0.0080   LearningRate 0.000924   Epoch: 15   Global Step: 21760   Fp16 Grad Scale: 2097152   Required: 153 hours
Training: 2025-04-03 00:49:02,933-Speed 63.54 samples/sec   Loss 0.0065   LearningRate 0.000924   Epoch: 15   Global Step: 21770   Fp16 Grad Scale: 2097152   Required: 153 hours
Training: 2025-04-03 00:49:23,098-Speed 63.48 samples/sec   Loss 0.0358   LearningRate 0.000924   Epoch: 15   Global Step: 21780   Fp16 Grad Scale: 1048576   Required: 153 hours
Training: 2025-04-03 00:49:43,286-Speed 63.41 samples/sec   Loss 0.0107   LearningRate 0.000924   Epoch: 15   Global Step: 21790   Fp16 Grad Scale: 1048576   Required: 153 hours
Training: 2025-04-03 00:50:03,459-Speed 63.45 samples/sec   Loss 0.0079   LearningRate 0.000924   Epoch: 15   Global Step: 21800   Fp16 Grad Scale: 1048576   Required: 153 hours
Training: 2025-04-03 00:50:23,618-Speed 63.50 samples/sec   Loss 0.0108   LearningRate 0.000924   Epoch: 15   Global Step: 21810   Fp16 Grad Scale: 1048576   Required: 153 hours
Training: 2025-04-03 00:50:43,847-Speed 63.28 samples/sec   Loss 0.0112   LearningRate 0.000923   Epoch: 15   Global Step: 21820   Fp16 Grad Scale: 1048576   Required: 153 hours
Training: 2025-04-03 00:51:04,060-Speed 63.33 samples/sec   Loss 0.0067   LearningRate 0.000923   Epoch: 15   Global Step: 21830   Fp16 Grad Scale: 1048576   Required: 153 hours
Training: 2025-04-03 00:51:24,258-Speed 63.37 samples/sec   Loss 0.0098   LearningRate 0.000923   Epoch: 15   Global Step: 21840   Fp16 Grad Scale: 1048576   Required: 153 hours
Training: 2025-04-03 00:51:44,431-Speed 63.45 samples/sec   Loss 0.0080   LearningRate 0.000923   Epoch: 15   Global Step: 21850   Fp16 Grad Scale: 1048576   Required: 153 hours
Training: 2025-04-03 00:52:04,577-Speed 63.54 samples/sec   Loss 0.0169   LearningRate 0.000923   Epoch: 15   Global Step: 21860   Fp16 Grad Scale: 1048576   Required: 153 hours
Training: 2025-04-03 00:52:24,884-Speed 63.03 samples/sec   Loss 0.0332   LearningRate 0.000923   Epoch: 15   Global Step: 21870   Fp16 Grad Scale: 1048576   Required: 153 hours
Training: 2025-04-03 00:52:45,069-Speed 63.42 samples/sec   Loss 0.0055   LearningRate 0.000923   Epoch: 15   Global Step: 21880   Fp16 Grad Scale: 2097152   Required: 153 hours
Training: 2025-04-03 00:53:05,225-Speed 63.50 samples/sec   Loss 0.0090   LearningRate 0.000923   Epoch: 15   Global Step: 21890   Fp16 Grad Scale: 2097152   Required: 153 hours
Training: 2025-04-03 00:53:25,369-Speed 63.55 samples/sec   Loss 0.0061   LearningRate 0.000923   Epoch: 15   Global Step: 21900   Fp16 Grad Scale: 2097152   Required: 153 hours
Training: 2025-04-03 00:53:47,434-Speed 58.01 samples/sec   Loss 0.0043   LearningRate 0.000923   Epoch: 15   Global Step: 21910   Fp16 Grad Scale: 2097152   Required: 153 hours
Training: 2025-04-03 00:54:07,578-Speed 63.54 samples/sec   Loss 0.0059   LearningRate 0.000923   Epoch: 15   Global Step: 21920   Fp16 Grad Scale: 2097152   Required: 153 hours
Training: 2025-04-03 00:54:27,693-Speed 63.64 samples/sec   Loss 0.0070   LearningRate 0.000923   Epoch: 15   Global Step: 21930   Fp16 Grad Scale: 2097152   Required: 153 hours
Training: 2025-04-03 00:55:00,723-Speed 63.40 samples/sec   Loss 0.0062   LearningRate 0.000923   Epoch: 15   Global Step: 21940   Fp16 Grad Scale: 2097152   Required: 153 hours
Training: 2025-04-03 00:55:20,899-Speed 63.44 samples/sec   Loss 0.0066   LearningRate 0.000923   Epoch: 15   Global Step: 21950   Fp16 Grad Scale: 2097152   Required: 153 hours
Training: 2025-04-03 00:55:41,097-Speed 63.38 samples/sec   Loss 0.0033   LearningRate 0.000923   Epoch: 15   Global Step: 21960   Fp16 Grad Scale: 2097152   Required: 153 hours
Training: 2025-04-03 00:56:01,334-Speed 63.25 samples/sec   Loss 0.0329   LearningRate 0.000923   Epoch: 15   Global Step: 21970   Fp16 Grad Scale: 2097152   Required: 153 hours
Training: 2025-04-03 00:56:21,536-Speed 63.36 samples/sec   Loss 0.0047   LearningRate 0.000923   Epoch: 15   Global Step: 21980   Fp16 Grad Scale: 4194304   Required: 153 hours
Training: 2025-04-03 00:56:41,709-Speed 63.45 samples/sec   Loss 0.0162   LearningRate 0.000923   Epoch: 15   Global Step: 21990   Fp16 Grad Scale: 4194304   Required: 153 hours
Training: 2025-04-03 00:57:01,855-Speed 63.54 samples/sec   Loss 0.0025   LearningRate 0.000923   Epoch: 15   Global Step: 22000   Fp16 Grad Scale: 4194304   Required: 153 hours
net_out.shape: torch.Size([128, 512])
net_out.shape: torch.Size([128, 512])
net_out.shape: torch.Size([128, 512])
net_out.shape: torch.Size([128, 512])
net_out.shape: torch.Size([128, 512])
net_out.shape: torch.Size([128, 512])
net_out.shape: torch.Size([128, 512])
net_out.shape: torch.Size([128, 512])
net_out.shape: torch.Size([128, 512])
net_out.shape: torch.Size([128, 512])
net_out.shape: torch.Size([128, 512])
net_out.shape: torch.Size([128, 512])
net_out.shape: torch.Size([128, 512])
net_out.shape: torch.Size([128, 512])
net_out.shape: torch.Size([128, 512])
net_out.shape: torch.Size([128, 512])
net_out.shape: torch.Size([128, 512])
net_out.shape: torch.Size([128, 512])
net_out.shape: torch.Size([128, 512])
net_out.shape: torch.Size([128, 512])
net_out.shape: torch.Size([128, 512])
net_out.shape: torch.Size([128, 512])
net_out.shape: torch.Size([128, 512])
net_out.shape: torch.Size([128, 512])
net_out.shape: torch.Size([128, 512])
net_out.shape: torch.Size([128, 512])
net_out.shape: torch.Size([128, 512])
net_out.shape: torch.Size([128, 512])
net_out.shape: torch.Size([128, 512])
net_out.shape: torch.Size([128, 512])
net_out.shape: torch.Size([128, 512])
net_out.shape: torch.Size([128, 512])
net_out.shape: torch.Size([128, 512])
net_out.shape: torch.Size([128, 512])
net_out.shape: torch.Size([128, 512])
net_out.shape: torch.Size([128, 512])
net_out.shape: torch.Size([128, 512])
net_out.shape: torch.Size([128, 512])
net_out.shape: torch.Size([128, 512])
net_out.shape: torch.Size([128, 512])
net_out.shape: torch.Size([128, 512])
net_out.shape: torch.Size([128, 512])
net_out.shape: torch.Size([128, 512])
net_out.shape: torch.Size([128, 512])
net_out.shape: torch.Size([128, 512])
net_out.shape: torch.Size([128, 512])
net_out.shape: torch.Size([128, 512])
net_out.shape: torch.Size([128, 512])
net_out.shape: torch.Size([128, 512])
net_out.shape: torch.Size([128, 512])
net_out.shape: torch.Size([128, 512])
net_out.shape: torch.Size([128, 512])
net_out.shape: torch.Size([128, 512])
net_out.shape: torch.Size([128, 512])
net_out.shape: torch.Size([128, 512])
net_out.shape: torch.Size([128, 512])
net_out.shape: torch.Size([128, 512])
net_out.shape: torch.Size([128, 512])
net_out.shape: torch.Size([128, 512])
net_out.shape: torch.Size([128, 512])
net_out.shape: torch.Size([128, 512])
net_out.shape: torch.Size([128, 512])
net_out.shape: torch.Size([128, 512])
net_out.shape: torch.Size([128, 512])
Training: 2025-04-03 00:58:12,328-[val][Global step: 22000] d prime: 7.315560817718506
Model saved with d prime score: 7.315560817718506
Training: 2025-04-03 00:58:34,241-Speed 13.86 samples/sec   Loss 0.0102   LearningRate 0.000923   Epoch: 15   Global Step: 22010   Fp16 Grad Scale: 4194304   Required: 153 hours
Training: 2025-04-03 00:58:56,252-Speed 58.15 samples/sec   Loss 0.0030   LearningRate 0.000923   Epoch: 15   Global Step: 22020   Fp16 Grad Scale: 4194304   Required: 153 hours
Training: 2025-04-03 00:59:16,424-Speed 63.46 samples/sec   Loss 0.0028   LearningRate 0.000923   Epoch: 15   Global Step: 22030   Fp16 Grad Scale: 4194304   Required: 153 hours
Training: 2025-04-03 00:59:36,566-Speed 63.55 samples/sec   Loss 0.0185   LearningRate 0.000923   Epoch: 15   Global Step: 22040   Fp16 Grad Scale: 2097152   Required: 153 hours
Training: 2025-04-03 00:59:56,721-Speed 63.51 samples/sec   Loss 0.0031   LearningRate 0.000923   Epoch: 15   Global Step: 22050   Fp16 Grad Scale: 2097152   Required: 153 hours
Training: 2025-04-03 01:00:41,148-Speed 63.57 samples/sec   Loss 0.0040   LearningRate 0.000923   Epoch: 15   Global Step: 22060   Fp16 Grad Scale: 2097152   Required: 153 hours
Training: 2025-04-03 01:01:01,326-Speed 63.44 samples/sec   Loss 0.0051   LearningRate 0.000923   Epoch: 15   Global Step: 22070   Fp16 Grad Scale: 2097152   Required: 153 hours
Training: 2025-04-03 01:01:21,497-Speed 63.46 samples/sec   Loss 0.0034   LearningRate 0.000923   Epoch: 15   Global Step: 22080   Fp16 Grad Scale: 2097152   Required: 153 hours
Training: 2025-04-03 01:01:41,639-Speed 63.55 samples/sec   Loss 0.0348   LearningRate 0.000923   Epoch: 15   Global Step: 22090   Fp16 Grad Scale: 1048576   Required: 153 hours
Training: 2025-04-03 01:02:01,799-Speed 63.49 samples/sec   Loss 0.0067   LearningRate 0.000923   Epoch: 15   Global Step: 22100   Fp16 Grad Scale: 1048576   Required: 153 hours
Training: 2025-04-03 01:02:21,973-Speed 63.45 samples/sec   Loss 0.0297   LearningRate 0.000922   Epoch: 15   Global Step: 22110   Fp16 Grad Scale: 1048576   Required: 153 hours
Training: 2025-04-03 01:02:42,272-Speed 63.06 samples/sec   Loss 0.0208   LearningRate 0.000922   Epoch: 15   Global Step: 22120   Fp16 Grad Scale: 1048576   Required: 153 hours
Training: 2025-04-03 01:03:02,451-Speed 63.43 samples/sec   Loss 0.0203   LearningRate 0.000922   Epoch: 15   Global Step: 22130   Fp16 Grad Scale: 1048576   Required: 153 hours
Training: 2025-04-03 01:03:22,652-Speed 63.36 samples/sec   Loss 0.0226   LearningRate 0.000922   Epoch: 15   Global Step: 22140   Fp16 Grad Scale: 1048576   Required: 153 hours
Training: 2025-04-03 01:03:44,886-Speed 57.57 samples/sec   Loss 0.0137   LearningRate 0.000922   Epoch: 15   Global Step: 22150   Fp16 Grad Scale: 1048576   Required: 153 hours
Training: 2025-04-03 01:04:05,077-Speed 63.40 samples/sec   Loss 0.0125   LearningRate 0.000922   Epoch: 15   Global Step: 22160   Fp16 Grad Scale: 1048576   Required: 153 hours
Training: 2025-04-03 01:04:25,260-Speed 63.42 samples/sec   Loss 0.0483   LearningRate 0.000922   Epoch: 15   Global Step: 22170   Fp16 Grad Scale: 1048576   Required: 153 hours
Training: 2025-04-03 01:04:45,468-Speed 63.35 samples/sec   Loss 0.0183   LearningRate 0.000922   Epoch: 15   Global Step: 22180   Fp16 Grad Scale: 1048576   Required: 153 hours
Training: 2025-04-03 01:05:05,629-Speed 63.49 samples/sec   Loss 0.0293   LearningRate 0.000922   Epoch: 15   Global Step: 22190   Fp16 Grad Scale: 1048576   Required: 153 hours
Training: 2025-04-03 01:05:25,840-Speed 63.33 samples/sec   Loss 0.0132   LearningRate 0.000922   Epoch: 15   Global Step: 22200   Fp16 Grad Scale: 1048576   Required: 153 hours
Training: 2025-04-03 01:05:45,985-Speed 63.54 samples/sec   Loss 0.0080   LearningRate 0.000922   Epoch: 15   Global Step: 22210   Fp16 Grad Scale: 1048576   Required: 153 hours
Training: 2025-04-03 01:06:06,285-Speed 63.06 samples/sec   Loss 0.0055   LearningRate 0.000922   Epoch: 15   Global Step: 22220   Fp16 Grad Scale: 1048576   Required: 153 hours
Training: 2025-04-03 01:06:26,521-Speed 63.26 samples/sec   Loss 0.0615   LearningRate 0.000922   Epoch: 15   Global Step: 22230   Fp16 Grad Scale: 1048576   Required: 153 hours
Training: 2025-04-03 01:06:46,766-Speed 63.23 samples/sec   Loss 0.0318   LearningRate 0.000922   Epoch: 15   Global Step: 22240   Fp16 Grad Scale: 1048576   Required: 153 hours
Training: 2025-04-03 01:07:07,001-Speed 63.26 samples/sec   Loss 0.0720   LearningRate 0.000922   Epoch: 15   Global Step: 22250   Fp16 Grad Scale: 1048576   Required: 153 hours
Training: 2025-04-03 01:07:27,300-Speed 63.06 samples/sec   Loss 0.0454   LearningRate 0.000922   Epoch: 15   Global Step: 22260   Fp16 Grad Scale: 1048576   Required: 153 hours
Training: 2025-04-03 01:07:47,448-Speed 63.53 samples/sec   Loss 0.0194   LearningRate 0.000922   Epoch: 15   Global Step: 22270   Fp16 Grad Scale: 1048576   Required: 153 hours
Training: 2025-04-03 01:08:07,653-Speed 63.35 samples/sec   Loss 0.0182   LearningRate 0.000922   Epoch: 15   Global Step: 22280   Fp16 Grad Scale: 1048576   Required: 153 hours
Training: 2025-04-03 01:08:27,822-Speed 63.46 samples/sec   Loss 0.0161   LearningRate 0.000922   Epoch: 15   Global Step: 22290   Fp16 Grad Scale: 2097152   Required: 153 hours
Training: 2025-04-03 01:08:50,219-Speed 57.15 samples/sec   Loss 0.0142   LearningRate 0.000922   Epoch: 15   Global Step: 22300   Fp16 Grad Scale: 2097152   Required: 153 hours
Training: 2025-04-03 01:09:10,411-Speed 63.39 samples/sec   Loss 0.0119   LearningRate 0.000922   Epoch: 15   Global Step: 22310   Fp16 Grad Scale: 2097152   Required: 153 hours
Training: 2025-04-03 01:09:30,608-Speed 63.38 samples/sec   Loss 0.0097   LearningRate 0.000922   Epoch: 15   Global Step: 22320   Fp16 Grad Scale: 2097152   Required: 153 hours
Training: 2025-04-03 01:09:50,904-Speed 63.07 samples/sec   Loss 0.0080   LearningRate 0.000922   Epoch: 15   Global Step: 22330   Fp16 Grad Scale: 2097152   Required: 153 hours
Training: 2025-04-03 01:10:11,114-Speed 63.33 samples/sec   Loss 0.0097   LearningRate 0.000922   Epoch: 15   Global Step: 22340   Fp16 Grad Scale: 2097152   Required: 153 hours
Training: 2025-04-03 01:10:31,296-Speed 63.43 samples/sec   Loss 0.0102   LearningRate 0.000922   Epoch: 15   Global Step: 22350   Fp16 Grad Scale: 2097152   Required: 153 hours
Training: 2025-04-03 01:10:51,620-Speed 62.98 samples/sec   Loss 0.0134   LearningRate 0.000922   Epoch: 15   Global Step: 22360   Fp16 Grad Scale: 2097152   Required: 153 hours
Training: 2025-04-03 01:11:11,796-Speed 63.44 samples/sec   Loss 0.0112   LearningRate 0.000922   Epoch: 15   Global Step: 22370   Fp16 Grad Scale: 2097152   Required: 153 hours
Training: 2025-04-03 01:11:32,053-Speed 63.19 samples/sec   Loss 0.0120   LearningRate 0.000922   Epoch: 15   Global Step: 22380   Fp16 Grad Scale: 2097152   Required: 153 hours
Training: 2025-04-03 01:11:52,245-Speed 63.39 samples/sec   Loss 0.0059   LearningRate 0.000921   Epoch: 15   Global Step: 22390   Fp16 Grad Scale: 4194304   Required: 153 hours
Training: 2025-04-03 01:12:12,505-Speed 63.18 samples/sec   Loss 0.0085   LearningRate 0.000921   Epoch: 15   Global Step: 22400   Fp16 Grad Scale: 4194304   Required: 153 hours
Training: 2025-04-03 01:12:32,732-Speed 63.29 samples/sec   Loss 0.0043   LearningRate 0.000921   Epoch: 15   Global Step: 22410   Fp16 Grad Scale: 4194304   Required: 153 hours
Training: 2025-04-03 01:12:52,926-Speed 63.39 samples/sec   Loss 0.0057   LearningRate 0.000921   Epoch: 15   Global Step: 22420   Fp16 Grad Scale: 4194304   Required: 153 hours
Training: 2025-04-03 01:13:13,070-Speed 63.54 samples/sec   Loss 0.0066   LearningRate 0.000921   Epoch: 15   Global Step: 22430   Fp16 Grad Scale: 4194304   Required: 153 hours
Training: 2025-04-03 01:13:33,266-Speed 63.38 samples/sec   Loss 0.0126   LearningRate 0.000921   Epoch: 15   Global Step: 22440   Fp16 Grad Scale: 2097152   Required: 153 hours
Training: 2025-04-03 01:13:55,331-Speed 58.01 samples/sec   Loss 0.0283   LearningRate 0.000921   Epoch: 15   Global Step: 22450   Fp16 Grad Scale: 1048576   Required: 153 hours
Training: 2025-04-03 01:14:15,511-Speed 63.43 samples/sec   Loss 0.0065   LearningRate 0.000921   Epoch: 15   Global Step: 22460   Fp16 Grad Scale: 1048576   Required: 153 hours
Training: 2025-04-03 01:14:35,644-Speed 63.58 samples/sec   Loss 0.0656   LearningRate 0.000921   Epoch: 15   Global Step: 22470   Fp16 Grad Scale: 262144   Required: 153 hours
Training: 2025-04-03 01:14:55,818-Speed 63.45 samples/sec   Loss 0.0541   LearningRate 0.000921   Epoch: 15   Global Step: 22480   Fp16 Grad Scale: 262144   Required: 153 hours
Training: 2025-04-03 01:15:15,981-Speed 63.48 samples/sec   Loss 0.0228   LearningRate 0.000921   Epoch: 15   Global Step: 22490   Fp16 Grad Scale: 262144   Required: 152 hours
Training: 2025-04-03 01:15:36,150-Speed 63.47 samples/sec   Loss 0.0094   LearningRate 0.000921   Epoch: 15   Global Step: 22500   Fp16 Grad Scale: 262144   Required: 152 hours
Training: 2025-04-03 01:15:56,272-Speed 63.61 samples/sec   Loss 0.0168   LearningRate 0.000921   Epoch: 15   Global Step: 22510   Fp16 Grad Scale: 262144   Required: 152 hours
Training: 2025-04-03 01:16:16,411-Speed 63.56 samples/sec   Loss 0.0235   LearningRate 0.000921   Epoch: 15   Global Step: 22520   Fp16 Grad Scale: 262144   Required: 152 hours
Training: 2025-04-03 01:16:36,592-Speed 63.43 samples/sec   Loss 0.0105   LearningRate 0.000921   Epoch: 15   Global Step: 22530   Fp16 Grad Scale: 262144   Required: 152 hours
Training: 2025-04-03 01:16:56,776-Speed 63.42 samples/sec   Loss 0.0163   LearningRate 0.000921   Epoch: 15   Global Step: 22540   Fp16 Grad Scale: 262144   Required: 152 hours
Training: 2025-04-03 01:17:16,972-Speed 63.38 samples/sec   Loss 0.0153   LearningRate 0.000921   Epoch: 15   Global Step: 22550   Fp16 Grad Scale: 262144   Required: 152 hours
Training: 2025-04-03 01:17:37,163-Speed 63.40 samples/sec   Loss 0.0298   LearningRate 0.000921   Epoch: 15   Global Step: 22560   Fp16 Grad Scale: 262144   Required: 152 hours
Training: 2025-04-03 01:17:57,332-Speed 63.46 samples/sec   Loss 0.0487   LearningRate 0.000921   Epoch: 15   Global Step: 22570   Fp16 Grad Scale: 524288   Required: 152 hours
Training: 2025-04-03 01:18:17,528-Speed 63.38 samples/sec   Loss 0.0156   LearningRate 0.000921   Epoch: 15   Global Step: 22580   Fp16 Grad Scale: 524288   Required: 152 hours
Training: 2025-04-03 01:18:37,704-Speed 63.44 samples/sec   Loss 0.0120   LearningRate 0.000921   Epoch: 15   Global Step: 22590   Fp16 Grad Scale: 524288   Required: 152 hours
Training: 2025-04-03 01:18:59,865-Speed 57.76 samples/sec   Loss 0.0124   LearningRate 0.000921   Epoch: 15   Global Step: 22600   Fp16 Grad Scale: 524288   Required: 152 hours
Training: 2025-04-03 01:19:20,077-Speed 63.33 samples/sec   Loss 0.0103   LearningRate 0.000921   Epoch: 15   Global Step: 22610   Fp16 Grad Scale: 524288   Required: 152 hours
Training: 2025-04-03 01:19:40,314-Speed 63.25 samples/sec   Loss 0.0114   LearningRate 0.000921   Epoch: 15   Global Step: 22620   Fp16 Grad Scale: 524288   Required: 152 hours
Training: 2025-04-03 01:20:00,451-Speed 63.57 samples/sec   Loss 0.0124   LearningRate 0.000921   Epoch: 15   Global Step: 22630   Fp16 Grad Scale: 524288   Required: 152 hours
Training: 2025-04-03 01:20:20,716-Speed 63.16 samples/sec   Loss 0.0237   LearningRate 0.000921   Epoch: 15   Global Step: 22640   Fp16 Grad Scale: 524288   Required: 152 hours
Training: 2025-04-03 01:20:40,890-Speed 63.45 samples/sec   Loss 0.0371   LearningRate 0.000921   Epoch: 15   Global Step: 22650   Fp16 Grad Scale: 524288   Required: 152 hours
Training: 2025-04-03 01:21:01,100-Speed 63.34 samples/sec   Loss 0.0216   LearningRate 0.000921   Epoch: 15   Global Step: 22660   Fp16 Grad Scale: 524288   Required: 152 hours
Training: 2025-04-03 01:21:21,266-Speed 63.47 samples/sec   Loss 0.0061   LearningRate 0.000921   Epoch: 15   Global Step: 22670   Fp16 Grad Scale: 1048576   Required: 152 hours
Training: 2025-04-03 01:21:41,459-Speed 63.39 samples/sec   Loss 0.0725   LearningRate 0.000920   Epoch: 15   Global Step: 22680   Fp16 Grad Scale: 1048576   Required: 152 hours
Training: 2025-04-03 01:22:01,579-Speed 63.62 samples/sec   Loss 0.0277   LearningRate 0.000920   Epoch: 15   Global Step: 22690   Fp16 Grad Scale: 1048576   Required: 152 hours
Training: 2025-04-03 01:22:21,748-Speed 63.47 samples/sec   Loss 0.0064   LearningRate 0.000920   Epoch: 15   Global Step: 22700   Fp16 Grad Scale: 1048576   Required: 152 hours
Training: 2025-04-03 01:22:41,963-Speed 63.32 samples/sec   Loss 0.0120   LearningRate 0.000920   Epoch: 15   Global Step: 22710   Fp16 Grad Scale: 1048576   Required: 152 hours
Training: 2025-04-03 01:23:02,177-Speed 63.33 samples/sec   Loss 0.0055   LearningRate 0.000920   Epoch: 15   Global Step: 22720   Fp16 Grad Scale: 1048576   Required: 152 hours
Training: 2025-04-03 01:23:22,451-Speed 63.14 samples/sec   Loss 0.0163   LearningRate 0.000920   Epoch: 15   Global Step: 22730   Fp16 Grad Scale: 1048576   Required: 152 hours
Training: 2025-04-03 01:23:42,625-Speed 63.45 samples/sec   Loss 0.0111   LearningRate 0.000920   Epoch: 15   Global Step: 22740   Fp16 Grad Scale: 1048576   Required: 152 hours
Training: 2025-04-03 01:24:04,721-Speed 57.93 samples/sec   Loss 0.0106   LearningRate 0.000920   Epoch: 15   Global Step: 22750   Fp16 Grad Scale: 1048576   Required: 152 hours
Training: 2025-04-03 01:24:24,884-Speed 63.48 samples/sec   Loss 0.0124   LearningRate 0.000920   Epoch: 15   Global Step: 22760   Fp16 Grad Scale: 1048576   Required: 152 hours
Training: 2025-04-03 01:24:45,042-Speed 63.50 samples/sec   Loss 0.0092   LearningRate 0.000920   Epoch: 15   Global Step: 22770   Fp16 Grad Scale: 2097152   Required: 152 hours
Training: 2025-04-03 01:25:05,342-Speed 63.05 samples/sec   Loss 0.0056   LearningRate 0.000920   Epoch: 15   Global Step: 22780   Fp16 Grad Scale: 2097152   Required: 152 hours
Training: 2025-04-03 01:25:25,562-Speed 63.31 samples/sec   Loss 0.0142   LearningRate 0.000920   Epoch: 15   Global Step: 22790   Fp16 Grad Scale: 2097152   Required: 152 hours
Training: 2025-04-03 01:25:45,745-Speed 63.42 samples/sec   Loss 0.0459   LearningRate 0.000920   Epoch: 15   Global Step: 22800   Fp16 Grad Scale: 2097152   Required: 152 hours
Training: 2025-04-03 01:26:05,315-Speed 65.41 samples/sec   Loss 0.0065   LearningRate 0.000920   Epoch: 15   Global Step: 22810   Fp16 Grad Scale: 2097152   Required: 152 hours
Training: 2025-04-03 01:26:28,486-Speed 55.25 samples/sec   Loss 0.0322   LearningRate 0.000920   Epoch: 16   Global Step: 22820   Fp16 Grad Scale: 1048576   Required: 152 hours
Training: 2025-04-03 01:26:48,760-Speed 63.14 samples/sec   Loss 0.0044   LearningRate 0.000920   Epoch: 16   Global Step: 22830   Fp16 Grad Scale: 1048576   Required: 152 hours
Training: 2025-04-03 01:27:08,975-Speed 63.32 samples/sec   Loss 0.0064   LearningRate 0.000920   Epoch: 16   Global Step: 22840   Fp16 Grad Scale: 1048576   Required: 152 hours
Training: 2025-04-03 01:27:29,381-Speed 62.73 samples/sec   Loss 0.0033   LearningRate 0.000920   Epoch: 16   Global Step: 22850   Fp16 Grad Scale: 1048576   Required: 152 hours
Training: 2025-04-03 01:27:49,618-Speed 63.25 samples/sec   Loss 0.0049   LearningRate 0.000920   Epoch: 16   Global Step: 22860   Fp16 Grad Scale: 1048576   Required: 152 hours
Training: 2025-04-03 01:28:09,845-Speed 63.28 samples/sec   Loss 0.0126   LearningRate 0.000920   Epoch: 16   Global Step: 22870   Fp16 Grad Scale: 1048576   Required: 152 hours
Training: 2025-04-03 01:28:30,141-Speed 63.07 samples/sec   Loss 0.0068   LearningRate 0.000920   Epoch: 16   Global Step: 22880   Fp16 Grad Scale: 1048576   Required: 152 hours
Training: 2025-04-03 01:28:50,326-Speed 63.41 samples/sec   Loss 0.0135   LearningRate 0.000920   Epoch: 16   Global Step: 22890   Fp16 Grad Scale: 1048576   Required: 152 hours
Training: 2025-04-03 01:29:12,556-Speed 57.58 samples/sec   Loss 0.0265   LearningRate 0.000920   Epoch: 16   Global Step: 22900   Fp16 Grad Scale: 1048576   Required: 152 hours
Training: 2025-04-03 01:29:32,832-Speed 63.13 samples/sec   Loss 0.0097   LearningRate 0.000920   Epoch: 16   Global Step: 22910   Fp16 Grad Scale: 1048576   Required: 152 hours
Training: 2025-04-03 01:29:53,025-Speed 63.39 samples/sec   Loss 0.0051   LearningRate 0.000920   Epoch: 16   Global Step: 22920   Fp16 Grad Scale: 2097152   Required: 152 hours
Training: 2025-04-03 01:30:13,327-Speed 63.05 samples/sec   Loss 0.0179   LearningRate 0.000920   Epoch: 16   Global Step: 22930   Fp16 Grad Scale: 2097152   Required: 152 hours
Training: 2025-04-03 01:30:33,535-Speed 63.34 samples/sec   Loss 0.0102   LearningRate 0.000920   Epoch: 16   Global Step: 22940   Fp16 Grad Scale: 2097152   Required: 152 hours
Training: 2025-04-03 01:30:53,834-Speed 63.06 samples/sec   Loss 0.0048   LearningRate 0.000920   Epoch: 16   Global Step: 22950   Fp16 Grad Scale: 2097152   Required: 152 hours
Training: 2025-04-03 01:31:14,036-Speed 63.36 samples/sec   Loss 0.0683   LearningRate 0.000919   Epoch: 16   Global Step: 22960   Fp16 Grad Scale: 1048576   Required: 152 hours
Training: 2025-04-03 01:31:34,261-Speed 63.29 samples/sec   Loss 0.0200   LearningRate 0.000919   Epoch: 16   Global Step: 22970   Fp16 Grad Scale: 1048576   Required: 152 hours
Training: 2025-04-03 01:31:54,464-Speed 63.36 samples/sec   Loss 0.0033   LearningRate 0.000919   Epoch: 16   Global Step: 22980   Fp16 Grad Scale: 1048576   Required: 152 hours
Training: 2025-04-03 01:32:14,671-Speed 63.35 samples/sec   Loss 0.0081   LearningRate 0.000919   Epoch: 16   Global Step: 22990   Fp16 Grad Scale: 1048576   Required: 152 hours
Training: 2025-04-03 01:32:34,853-Speed 63.43 samples/sec   Loss 0.0051   LearningRate 0.000919   Epoch: 16   Global Step: 23000   Fp16 Grad Scale: 1048576   Required: 152 hours
Training: 2025-04-03 01:32:55,085-Speed 63.27 samples/sec   Loss 0.0268   LearningRate 0.000919   Epoch: 16   Global Step: 23010   Fp16 Grad Scale: 1048576   Required: 152 hours
Training: 2025-04-03 01:33:15,300-Speed 63.32 samples/sec   Loss 0.0323   LearningRate 0.000919   Epoch: 16   Global Step: 23020   Fp16 Grad Scale: 1048576   Required: 152 hours
Training: 2025-04-03 01:33:35,494-Speed 63.39 samples/sec   Loss 0.0095   LearningRate 0.000919   Epoch: 16   Global Step: 23030   Fp16 Grad Scale: 1048576   Required: 152 hours
Training: 2025-04-03 01:33:55,690-Speed 63.38 samples/sec   Loss 0.0118   LearningRate 0.000919   Epoch: 16   Global Step: 23040   Fp16 Grad Scale: 1048576   Required: 152 hours
Training: 2025-04-03 01:34:17,710-Speed 58.13 samples/sec   Loss 0.0063   LearningRate 0.000919   Epoch: 16   Global Step: 23050   Fp16 Grad Scale: 1048576   Required: 152 hours
Training: 2025-04-03 01:34:38,035-Speed 62.98 samples/sec   Loss 0.0056   LearningRate 0.000919   Epoch: 16   Global Step: 23060   Fp16 Grad Scale: 2097152   Required: 152 hours
Training: 2025-04-03 01:34:58,250-Speed 63.32 samples/sec   Loss 0.0034   LearningRate 0.000919   Epoch: 16   Global Step: 23070   Fp16 Grad Scale: 2097152   Required: 152 hours
Training: 2025-04-03 01:35:18,491-Speed 63.24 samples/sec   Loss 0.0039   LearningRate 0.000919   Epoch: 16   Global Step: 23080   Fp16 Grad Scale: 2097152   Required: 152 hours
Training: 2025-04-03 01:35:38,684-Speed 63.39 samples/sec   Loss 0.0073   LearningRate 0.000919   Epoch: 16   Global Step: 23090   Fp16 Grad Scale: 2097152   Required: 152 hours
Training: 2025-04-03 01:35:58,933-Speed 63.22 samples/sec   Loss 0.0090   LearningRate 0.000919   Epoch: 16   Global Step: 23100   Fp16 Grad Scale: 2097152   Required: 152 hours
Training: 2025-04-03 01:36:19,142-Speed 63.34 samples/sec   Loss 0.0078   LearningRate 0.000919   Epoch: 16   Global Step: 23110   Fp16 Grad Scale: 2097152   Required: 152 hours
Training: 2025-04-03 01:36:39,338-Speed 63.38 samples/sec   Loss 0.0075   LearningRate 0.000919   Epoch: 16   Global Step: 23120   Fp16 Grad Scale: 2097152   Required: 152 hours
Training: 2025-04-03 01:36:59,524-Speed 63.41 samples/sec   Loss 0.0035   LearningRate 0.000919   Epoch: 16   Global Step: 23130   Fp16 Grad Scale: 2097152   Required: 152 hours
Training: 2025-04-03 01:37:19,711-Speed 63.41 samples/sec   Loss 0.0097   LearningRate 0.000919   Epoch: 16   Global Step: 23140   Fp16 Grad Scale: 2097152   Required: 152 hours
Training: 2025-04-03 01:37:39,937-Speed 63.29 samples/sec   Loss 0.0098   LearningRate 0.000919   Epoch: 16   Global Step: 23150   Fp16 Grad Scale: 2097152   Required: 152 hours
Training: 2025-04-03 01:38:00,142-Speed 63.35 samples/sec   Loss 0.0077   LearningRate 0.000919   Epoch: 16   Global Step: 23160   Fp16 Grad Scale: 4194304   Required: 152 hours
Training: 2025-04-03 01:38:20,497-Speed 62.89 samples/sec   Loss 0.0114   LearningRate 0.000919   Epoch: 16   Global Step: 23170   Fp16 Grad Scale: 4194304   Required: 152 hours
Training: 2025-04-03 01:38:40,694-Speed 63.38 samples/sec   Loss 0.0297   LearningRate 0.000919   Epoch: 16   Global Step: 23180   Fp16 Grad Scale: 2097152   Required: 152 hours
Training: 2025-04-03 01:39:00,923-Speed 63.28 samples/sec   Loss 0.0148   LearningRate 0.000919   Epoch: 16   Global Step: 23190   Fp16 Grad Scale: 2097152   Required: 152 hours
Training: 2025-04-03 01:39:23,001-Speed 57.98 samples/sec   Loss 0.0178   LearningRate 0.000919   Epoch: 16   Global Step: 23200   Fp16 Grad Scale: 1048576   Required: 152 hours
Training: 2025-04-03 01:39:43,164-Speed 63.49 samples/sec   Loss 0.0097   LearningRate 0.000919   Epoch: 16   Global Step: 23210   Fp16 Grad Scale: 1048576   Required: 152 hours
Training: 2025-04-03 01:40:03,284-Speed 63.62 samples/sec   Loss 0.0013   LearningRate 0.000919   Epoch: 16   Global Step: 23220   Fp16 Grad Scale: 1048576   Required: 152 hours
Training: 2025-04-03 01:40:23,627-Speed 62.92 samples/sec   Loss 0.0119   LearningRate 0.000919   Epoch: 16   Global Step: 23230   Fp16 Grad Scale: 1048576   Required: 152 hours
Training: 2025-04-03 01:40:43,838-Speed 63.33 samples/sec   Loss 0.0061   LearningRate 0.000919   Epoch: 16   Global Step: 23240   Fp16 Grad Scale: 1048576   Required: 152 hours
Training: 2025-04-03 01:41:04,036-Speed 63.37 samples/sec   Loss 0.0113   LearningRate 0.000918   Epoch: 16   Global Step: 23250   Fp16 Grad Scale: 1048576   Required: 152 hours
Training: 2025-04-03 01:41:24,253-Speed 63.32 samples/sec   Loss 0.0026   LearningRate 0.000918   Epoch: 16   Global Step: 23260   Fp16 Grad Scale: 1048576   Required: 152 hours
Training: 2025-04-03 01:41:44,497-Speed 63.23 samples/sec   Loss 0.0164   LearningRate 0.000918   Epoch: 16   Global Step: 23270   Fp16 Grad Scale: 1048576   Required: 152 hours
Training: 2025-04-03 01:42:04,712-Speed 63.32 samples/sec   Loss 0.0149   LearningRate 0.000918   Epoch: 16   Global Step: 23280   Fp16 Grad Scale: 1048576   Required: 152 hours
Training: 2025-04-03 01:42:24,886-Speed 63.45 samples/sec   Loss 0.0094   LearningRate 0.000918   Epoch: 16   Global Step: 23290   Fp16 Grad Scale: 1048576   Required: 152 hours
Training: 2025-04-03 01:42:45,066-Speed 63.43 samples/sec   Loss 0.0079   LearningRate 0.000918   Epoch: 16   Global Step: 23300   Fp16 Grad Scale: 2097152   Required: 152 hours
Training: 2025-04-03 01:43:05,369-Speed 63.05 samples/sec   Loss 0.0036   LearningRate 0.000918   Epoch: 16   Global Step: 23310   Fp16 Grad Scale: 2097152   Required: 152 hours
Training: 2025-04-03 01:43:25,632-Speed 63.17 samples/sec   Loss 0.0038   LearningRate 0.000918   Epoch: 16   Global Step: 23320   Fp16 Grad Scale: 2097152   Required: 152 hours
Training: 2025-04-03 01:43:45,856-Speed 63.29 samples/sec   Loss 0.0073   LearningRate 0.000918   Epoch: 16   Global Step: 23330   Fp16 Grad Scale: 2097152   Required: 152 hours
Training: 2025-04-03 01:44:06,181-Speed 62.98 samples/sec   Loss 0.0030   LearningRate 0.000918   Epoch: 16   Global Step: 23340   Fp16 Grad Scale: 2097152   Required: 152 hours
Training: 2025-04-03 01:44:28,205-Speed 58.12 samples/sec   Loss 0.0029   LearningRate 0.000918   Epoch: 16   Global Step: 23350   Fp16 Grad Scale: 2097152   Required: 152 hours
Training: 2025-04-03 01:44:48,438-Speed 63.26 samples/sec   Loss 0.0033   LearningRate 0.000918   Epoch: 16   Global Step: 23360   Fp16 Grad Scale: 2097152   Required: 152 hours
Training: 2025-04-03 01:45:08,723-Speed 63.10 samples/sec   Loss 0.0572   LearningRate 0.000918   Epoch: 16   Global Step: 23370   Fp16 Grad Scale: 1048576   Required: 152 hours
Training: 2025-04-03 01:45:28,847-Speed 63.61 samples/sec   Loss 0.0576   LearningRate 0.000918   Epoch: 16   Global Step: 23380   Fp16 Grad Scale: 1048576   Required: 152 hours
Training: 2025-04-03 01:45:49,749-Speed 63.16 samples/sec   Loss 0.0043   LearningRate 0.000918   Epoch: 16   Global Step: 23390   Fp16 Grad Scale: 1048576   Required: 152 hours
Training: 2025-04-03 01:46:09,964-Speed 63.32 samples/sec   Loss 0.0059   LearningRate 0.000918   Epoch: 16   Global Step: 23400   Fp16 Grad Scale: 1048576   Required: 152 hours
Training: 2025-04-03 01:46:30,249-Speed 63.10 samples/sec   Loss 0.0666   LearningRate 0.000918   Epoch: 16   Global Step: 23410   Fp16 Grad Scale: 1048576   Required: 152 hours
Training: 2025-04-03 01:46:50,432-Speed 63.42 samples/sec   Loss 0.0656   LearningRate 0.000918   Epoch: 16   Global Step: 23420   Fp16 Grad Scale: 524288   Required: 152 hours
Training: 2025-04-03 01:47:10,680-Speed 63.22 samples/sec   Loss 0.0640   LearningRate 0.000918   Epoch: 16   Global Step: 23430   Fp16 Grad Scale: 524288   Required: 152 hours
Training: 2025-04-03 01:47:30,870-Speed 63.40 samples/sec   Loss 0.0474   LearningRate 0.000918   Epoch: 16   Global Step: 23440   Fp16 Grad Scale: 524288   Required: 152 hours
Training: 2025-04-03 01:47:51,098-Speed 63.28 samples/sec   Loss 0.0313   LearningRate 0.000918   Epoch: 16   Global Step: 23450   Fp16 Grad Scale: 524288   Required: 152 hours
Training: 2025-04-03 01:48:11,310-Speed 63.33 samples/sec   Loss 0.0182   LearningRate 0.000918   Epoch: 16   Global Step: 23460   Fp16 Grad Scale: 524288   Required: 152 hours
Training: 2025-04-03 01:48:31,461-Speed 63.52 samples/sec   Loss 0.0124   LearningRate 0.000918   Epoch: 16   Global Step: 23470   Fp16 Grad Scale: 524288   Required: 152 hours
Training: 2025-04-03 01:48:51,631-Speed 63.46 samples/sec   Loss 0.0463   LearningRate 0.000918   Epoch: 16   Global Step: 23480   Fp16 Grad Scale: 262144   Required: 152 hours
Training: 2025-04-03 01:49:11,817-Speed 63.41 samples/sec   Loss 0.0117   LearningRate 0.000918   Epoch: 16   Global Step: 23490   Fp16 Grad Scale: 262144   Required: 152 hours
Training: 2025-04-03 01:49:33,886-Speed 58.00 samples/sec   Loss 0.0053   LearningRate 0.000918   Epoch: 16   Global Step: 23500   Fp16 Grad Scale: 262144   Required: 152 hours
Training: 2025-04-03 01:49:54,032-Speed 63.54 samples/sec   Loss 0.0127   LearningRate 0.000918   Epoch: 16   Global Step: 23510   Fp16 Grad Scale: 262144   Required: 152 hours
Training: 2025-04-03 01:50:14,232-Speed 63.37 samples/sec   Loss 0.0172   LearningRate 0.000918   Epoch: 16   Global Step: 23520   Fp16 Grad Scale: 262144   Required: 152 hours
Training: 2025-04-03 01:50:34,385-Speed 63.52 samples/sec   Loss 0.0128   LearningRate 0.000917   Epoch: 16   Global Step: 23530   Fp16 Grad Scale: 262144   Required: 152 hours
Training: 2025-04-03 01:50:54,517-Speed 63.58 samples/sec   Loss 0.0128   LearningRate 0.000917   Epoch: 16   Global Step: 23540   Fp16 Grad Scale: 262144   Required: 152 hours
Training: 2025-04-03 01:51:14,672-Speed 63.51 samples/sec   Loss 0.0092   LearningRate 0.000917   Epoch: 16   Global Step: 23550   Fp16 Grad Scale: 262144   Required: 152 hours
Training: 2025-04-03 01:51:34,793-Speed 63.62 samples/sec   Loss 0.0210   LearningRate 0.000917   Epoch: 16   Global Step: 23560   Fp16 Grad Scale: 262144   Required: 152 hours
Training: 2025-04-03 01:51:54,978-Speed 63.41 samples/sec   Loss 0.0464   LearningRate 0.000917   Epoch: 16   Global Step: 23570   Fp16 Grad Scale: 262144   Required: 152 hours
Training: 2025-04-03 01:52:15,219-Speed 63.24 samples/sec   Loss 0.0254   LearningRate 0.000917   Epoch: 16   Global Step: 23580   Fp16 Grad Scale: 524288   Required: 152 hours
Training: 2025-04-03 01:52:35,399-Speed 63.43 samples/sec   Loss 0.0138   LearningRate 0.000917   Epoch: 16   Global Step: 23590   Fp16 Grad Scale: 524288   Required: 152 hours
Training: 2025-04-03 01:52:55,602-Speed 63.36 samples/sec   Loss 0.0139   LearningRate 0.000917   Epoch: 16   Global Step: 23600   Fp16 Grad Scale: 524288   Required: 152 hours
Training: 2025-04-03 01:53:15,780-Speed 63.44 samples/sec   Loss 0.0126   LearningRate 0.000917   Epoch: 16   Global Step: 23610   Fp16 Grad Scale: 524288   Required: 152 hours
Training: 2025-04-03 01:53:36,004-Speed 63.29 samples/sec   Loss 0.0581   LearningRate 0.000917   Epoch: 16   Global Step: 23620   Fp16 Grad Scale: 524288   Required: 152 hours
Training: 2025-04-03 01:53:56,179-Speed 63.44 samples/sec   Loss 0.0332   LearningRate 0.000917   Epoch: 16   Global Step: 23630   Fp16 Grad Scale: 524288   Required: 152 hours
Training: 2025-04-03 01:54:16,347-Speed 63.47 samples/sec   Loss 0.0226   LearningRate 0.000917   Epoch: 16   Global Step: 23640   Fp16 Grad Scale: 524288   Required: 152 hours
Training: 2025-04-03 01:54:38,506-Speed 57.76 samples/sec   Loss 0.0135   LearningRate 0.000917   Epoch: 16   Global Step: 23650   Fp16 Grad Scale: 524288   Required: 152 hours
Training: 2025-04-03 01:54:58,701-Speed 63.38 samples/sec   Loss 0.0159   LearningRate 0.000917   Epoch: 16   Global Step: 23660   Fp16 Grad Scale: 524288   Required: 152 hours
Training: 2025-04-03 01:55:18,918-Speed 63.32 samples/sec   Loss 0.0073   LearningRate 0.000917   Epoch: 16   Global Step: 23670   Fp16 Grad Scale: 524288   Required: 152 hours
Training: 2025-04-03 01:55:39,182-Speed 63.17 samples/sec   Loss 0.0106   LearningRate 0.000917   Epoch: 16   Global Step: 23680   Fp16 Grad Scale: 1048576   Required: 152 hours
Training: 2025-04-03 01:55:59,309-Speed 63.60 samples/sec   Loss 0.0773   LearningRate 0.000917   Epoch: 16   Global Step: 23690   Fp16 Grad Scale: 1048576   Required: 152 hours
Training: 2025-04-03 01:56:19,501-Speed 63.39 samples/sec   Loss 0.0871   LearningRate 0.000917   Epoch: 16   Global Step: 23700   Fp16 Grad Scale: 1048576   Required: 152 hours
Training: 2025-04-03 01:56:39,832-Speed 62.96 samples/sec   Loss 0.0492   LearningRate 0.000917   Epoch: 16   Global Step: 23710   Fp16 Grad Scale: 1048576   Required: 152 hours
Training: 2025-04-03 01:57:00,135-Speed 63.05 samples/sec   Loss 0.0288   LearningRate 0.000917   Epoch: 16   Global Step: 23720   Fp16 Grad Scale: 1048576   Required: 152 hours
Training: 2025-04-03 01:57:20,404-Speed 63.15 samples/sec   Loss 0.0265   LearningRate 0.000917   Epoch: 16   Global Step: 23730   Fp16 Grad Scale: 1048576   Required: 152 hours
Training: 2025-04-03 01:57:40,566-Speed 63.49 samples/sec   Loss 0.0092   LearningRate 0.000917   Epoch: 16   Global Step: 23740   Fp16 Grad Scale: 1048576   Required: 152 hours
Training: 2025-04-03 01:58:00,802-Speed 63.26 samples/sec   Loss 0.0992   LearningRate 0.000917   Epoch: 16   Global Step: 23750   Fp16 Grad Scale: 1048576   Required: 152 hours
Training: 2025-04-03 01:58:21,012-Speed 63.33 samples/sec   Loss 0.0144   LearningRate 0.000917   Epoch: 16   Global Step: 23760   Fp16 Grad Scale: 1048576   Required: 152 hours
Training: 2025-04-03 01:58:41,265-Speed 63.20 samples/sec   Loss 0.0675   LearningRate 0.000917   Epoch: 16   Global Step: 23770   Fp16 Grad Scale: 1048576   Required: 152 hours
Training: 2025-04-03 01:59:01,438-Speed 63.46 samples/sec   Loss 0.0109   LearningRate 0.000917   Epoch: 16   Global Step: 23780   Fp16 Grad Scale: 2097152   Required: 152 hours
Training: 2025-04-03 01:59:21,637-Speed 63.37 samples/sec   Loss 0.0141   LearningRate 0.000917   Epoch: 16   Global Step: 23790   Fp16 Grad Scale: 2097152   Required: 152 hours
Training: 2025-04-03 01:59:43,610-Speed 58.26 samples/sec   Loss 0.0139   LearningRate 0.000917   Epoch: 16   Global Step: 23800   Fp16 Grad Scale: 2097152   Required: 152 hours
Training: 2025-04-03 02:00:03,860-Speed 63.21 samples/sec   Loss 0.0140   LearningRate 0.000917   Epoch: 16   Global Step: 23810   Fp16 Grad Scale: 2097152   Required: 152 hours
Training: 2025-04-03 02:00:24,100-Speed 63.24 samples/sec   Loss 0.0103   LearningRate 0.000916   Epoch: 16   Global Step: 23820   Fp16 Grad Scale: 2097152   Required: 152 hours
Training: 2025-04-03 02:00:44,299-Speed 63.37 samples/sec   Loss 0.0162   LearningRate 0.000916   Epoch: 16   Global Step: 23830   Fp16 Grad Scale: 2097152   Required: 152 hours
Training: 2025-04-03 02:01:04,472-Speed 63.46 samples/sec   Loss 0.0083   LearningRate 0.000916   Epoch: 16   Global Step: 23840   Fp16 Grad Scale: 2097152   Required: 151 hours
Training: 2025-04-03 02:01:24,685-Speed 63.33 samples/sec   Loss 0.0552   LearningRate 0.000916   Epoch: 16   Global Step: 23850   Fp16 Grad Scale: 2097152   Required: 151 hours
Training: 2025-04-03 02:01:44,855-Speed 63.46 samples/sec   Loss 0.0112   LearningRate 0.000916   Epoch: 16   Global Step: 23860   Fp16 Grad Scale: 2097152   Required: 151 hours
Training: 2025-04-03 02:02:05,045-Speed 63.40 samples/sec   Loss 0.0122   LearningRate 0.000916   Epoch: 16   Global Step: 23870   Fp16 Grad Scale: 2097152   Required: 151 hours
Training: 2025-04-03 02:02:25,366-Speed 62.99 samples/sec   Loss 0.0204   LearningRate 0.000916   Epoch: 16   Global Step: 23880   Fp16 Grad Scale: 4194304   Required: 151 hours
Training: 2025-04-03 02:02:45,547-Speed 63.43 samples/sec   Loss 0.0147   LearningRate 0.000916   Epoch: 16   Global Step: 23890   Fp16 Grad Scale: 2097152   Required: 151 hours
Training: 2025-04-03 02:03:05,710-Speed 63.49 samples/sec   Loss 0.0249   LearningRate 0.000916   Epoch: 16   Global Step: 23900   Fp16 Grad Scale: 2097152   Required: 151 hours
Training: 2025-04-03 02:03:26,055-Speed 62.91 samples/sec   Loss 0.0257   LearningRate 0.000916   Epoch: 16   Global Step: 23910   Fp16 Grad Scale: 2097152   Required: 151 hours
Training: 2025-04-03 02:03:46,240-Speed 63.42 samples/sec   Loss 0.0309   LearningRate 0.000916   Epoch: 16   Global Step: 23920   Fp16 Grad Scale: 524288   Required: 151 hours
Training: 2025-04-03 02:04:06,547-Speed 63.03 samples/sec   Loss 0.0101   LearningRate 0.000916   Epoch: 16   Global Step: 23930   Fp16 Grad Scale: 524288   Required: 151 hours
Training: 2025-04-03 02:04:27,728-Speed 60.43 samples/sec   Loss 0.0115   LearningRate 0.000916   Epoch: 16   Global Step: 23940   Fp16 Grad Scale: 524288   Required: 151 hours
Training: 2025-04-03 02:04:48,901-Speed 60.45 samples/sec   Loss 0.0112   LearningRate 0.000916   Epoch: 16   Global Step: 23950   Fp16 Grad Scale: 524288   Required: 151 hours
Training: 2025-04-03 02:05:09,035-Speed 63.58 samples/sec   Loss 0.0043   LearningRate 0.000916   Epoch: 16   Global Step: 23960   Fp16 Grad Scale: 524288   Required: 151 hours
Training: 2025-04-03 02:05:29,188-Speed 63.51 samples/sec   Loss 0.0062   LearningRate 0.000916   Epoch: 16   Global Step: 23970   Fp16 Grad Scale: 524288   Required: 151 hours
Training: 2025-04-03 02:05:49,349-Speed 63.49 samples/sec   Loss 0.0126   LearningRate 0.000916   Epoch: 16   Global Step: 23980   Fp16 Grad Scale: 524288   Required: 151 hours
Training: 2025-04-03 02:06:09,535-Speed 63.41 samples/sec   Loss 0.0086   LearningRate 0.000916   Epoch: 16   Global Step: 23990   Fp16 Grad Scale: 524288   Required: 151 hours
Training: 2025-04-03 02:06:29,740-Speed 63.35 samples/sec   Loss 0.0039   LearningRate 0.000916   Epoch: 16   Global Step: 24000   Fp16 Grad Scale: 524288   Required: 151 hours
net_out.shape: torch.Size([128, 512])
net_out.shape: torch.Size([128, 512])
net_out.shape: torch.Size([128, 512])
net_out.shape: torch.Size([128, 512])
net_out.shape: torch.Size([128, 512])
net_out.shape: torch.Size([128, 512])
net_out.shape: torch.Size([128, 512])
net_out.shape: torch.Size([128, 512])
net_out.shape: torch.Size([128, 512])
net_out.shape: torch.Size([128, 512])
net_out.shape: torch.Size([128, 512])
net_out.shape: torch.Size([128, 512])
net_out.shape: torch.Size([128, 512])
net_out.shape: torch.Size([128, 512])
net_out.shape: torch.Size([128, 512])
net_out.shape: torch.Size([128, 512])
net_out.shape: torch.Size([128, 512])
net_out.shape: torch.Size([128, 512])
net_out.shape: torch.Size([128, 512])
net_out.shape: torch.Size([128, 512])
net_out.shape: torch.Size([128, 512])
net_out.shape: torch.Size([128, 512])
net_out.shape: torch.Size([128, 512])
net_out.shape: torch.Size([128, 512])
net_out.shape: torch.Size([128, 512])
net_out.shape: torch.Size([128, 512])
net_out.shape: torch.Size([128, 512])
net_out.shape: torch.Size([128, 512])
net_out.shape: torch.Size([128, 512])
net_out.shape: torch.Size([128, 512])
net_out.shape: torch.Size([128, 512])
net_out.shape: torch.Size([128, 512])
net_out.shape: torch.Size([128, 512])
net_out.shape: torch.Size([128, 512])
net_out.shape: torch.Size([128, 512])
net_out.shape: torch.Size([128, 512])
net_out.shape: torch.Size([128, 512])
net_out.shape: torch.Size([128, 512])
net_out.shape: torch.Size([128, 512])
net_out.shape: torch.Size([128, 512])
net_out.shape: torch.Size([128, 512])
net_out.shape: torch.Size([128, 512])
net_out.shape: torch.Size([128, 512])
net_out.shape: torch.Size([128, 512])
net_out.shape: torch.Size([128, 512])
net_out.shape: torch.Size([128, 512])
net_out.shape: torch.Size([128, 512])
net_out.shape: torch.Size([128, 512])
net_out.shape: torch.Size([128, 512])
net_out.shape: torch.Size([128, 512])
net_out.shape: torch.Size([128, 512])
net_out.shape: torch.Size([128, 512])
net_out.shape: torch.Size([128, 512])
net_out.shape: torch.Size([128, 512])
net_out.shape: torch.Size([128, 512])
net_out.shape: torch.Size([128, 512])
net_out.shape: torch.Size([128, 512])
net_out.shape: torch.Size([128, 512])
net_out.shape: torch.Size([128, 512])
net_out.shape: torch.Size([128, 512])
net_out.shape: torch.Size([128, 512])
net_out.shape: torch.Size([128, 512])
net_out.shape: torch.Size([128, 512])
net_out.shape: torch.Size([128, 512])
Training: 2025-04-03 02:07:40,308-[val][Global step: 24000] d prime: 7.397576332092285
Model saved with d prime score: 7.397576332092285
Training: 2025-04-03 02:08:02,700-Speed 13.77 samples/sec   Loss 0.0128   LearningRate 0.000916   Epoch: 16   Global Step: 24010   Fp16 Grad Scale: 524288   Required: 152 hours
Training: 2025-04-03 02:08:22,967-Speed 63.16 samples/sec   Loss 0.0059   LearningRate 0.000916   Epoch: 16   Global Step: 24020   Fp16 Grad Scale: 1048576   Required: 152 hours
Training: 2025-04-03 02:08:43,135-Speed 63.47 samples/sec   Loss 0.0480   LearningRate 0.000916   Epoch: 16   Global Step: 24030   Fp16 Grad Scale: 1048576   Required: 152 hours
Training: 2025-04-03 02:09:03,259-Speed 63.61 samples/sec   Loss 0.0189   LearningRate 0.000916   Epoch: 16   Global Step: 24040   Fp16 Grad Scale: 1048576   Required: 152 hours
Training: 2025-04-03 02:09:23,526-Speed 63.16 samples/sec   Loss 0.0050   LearningRate 0.000916   Epoch: 16   Global Step: 24050   Fp16 Grad Scale: 1048576   Required: 152 hours
Training: 2025-04-03 02:09:45,572-Speed 58.06 samples/sec   Loss 0.0080   LearningRate 0.000916   Epoch: 16   Global Step: 24060   Fp16 Grad Scale: 1048576   Required: 152 hours
Training: 2025-04-03 02:10:05,809-Speed 63.25 samples/sec   Loss 0.0218   LearningRate 0.000916   Epoch: 16   Global Step: 24070   Fp16 Grad Scale: 1048576   Required: 152 hours
Training: 2025-04-03 02:10:25,975-Speed 63.47 samples/sec   Loss 0.0120   LearningRate 0.000916   Epoch: 16   Global Step: 24080   Fp16 Grad Scale: 1048576   Required: 152 hours
Training: 2025-04-03 02:10:46,114-Speed 63.56 samples/sec   Loss 0.0076   LearningRate 0.000916   Epoch: 16   Global Step: 24090   Fp16 Grad Scale: 1048576   Required: 152 hours
Training: 2025-04-03 02:11:06,284-Speed 63.46 samples/sec   Loss 0.0112   LearningRate 0.000915   Epoch: 16   Global Step: 24100   Fp16 Grad Scale: 1048576   Required: 152 hours
Training: 2025-04-03 02:11:26,377-Speed 63.70 samples/sec   Loss 0.0039   LearningRate 0.000915   Epoch: 16   Global Step: 24110   Fp16 Grad Scale: 1048576   Required: 152 hours
Training: 2025-04-03 02:11:46,546-Speed 63.47 samples/sec   Loss 0.0050   LearningRate 0.000915   Epoch: 16   Global Step: 24120   Fp16 Grad Scale: 2097152   Required: 152 hours
Training: 2025-04-03 02:12:06,715-Speed 63.47 samples/sec   Loss 0.0067   LearningRate 0.000915   Epoch: 16   Global Step: 24130   Fp16 Grad Scale: 2097152   Required: 151 hours
Training: 2025-04-03 02:12:26,892-Speed 63.44 samples/sec   Loss 0.0148   LearningRate 0.000915   Epoch: 16   Global Step: 24140   Fp16 Grad Scale: 2097152   Required: 151 hours
Training: 2025-04-03 02:12:47,053-Speed 63.49 samples/sec   Loss 0.0075   LearningRate 0.000915   Epoch: 16   Global Step: 24150   Fp16 Grad Scale: 2097152   Required: 151 hours
Training: 2025-04-03 02:13:07,234-Speed 63.43 samples/sec   Loss 0.0083   LearningRate 0.000915   Epoch: 16   Global Step: 24160   Fp16 Grad Scale: 1048576   Required: 151 hours
Training: 2025-04-03 02:13:27,407-Speed 63.45 samples/sec   Loss 0.0092   LearningRate 0.000915   Epoch: 16   Global Step: 24170   Fp16 Grad Scale: 1048576   Required: 151 hours
Training: 2025-04-03 02:13:47,504-Speed 63.69 samples/sec   Loss 0.0069   LearningRate 0.000915   Epoch: 16   Global Step: 24180   Fp16 Grad Scale: 1048576   Required: 151 hours
Training: 2025-04-03 02:14:07,633-Speed 63.59 samples/sec   Loss 0.0198   LearningRate 0.000915   Epoch: 16   Global Step: 24190   Fp16 Grad Scale: 1048576   Required: 151 hours
Training: 2025-04-03 02:14:27,808-Speed 63.45 samples/sec   Loss 0.0103   LearningRate 0.000915   Epoch: 16   Global Step: 24200   Fp16 Grad Scale: 1048576   Required: 151 hours
Training: 2025-04-03 02:14:49,898-Speed 57.94 samples/sec   Loss 0.0099   LearningRate 0.000915   Epoch: 16   Global Step: 24210   Fp16 Grad Scale: 1048576   Required: 151 hours
Training: 2025-04-03 02:15:10,031-Speed 63.58 samples/sec   Loss 0.0201   LearningRate 0.000915   Epoch: 16   Global Step: 24220   Fp16 Grad Scale: 1048576   Required: 151 hours
Training: 2025-04-03 02:15:30,107-Speed 63.76 samples/sec   Loss 0.0116   LearningRate 0.000915   Epoch: 16   Global Step: 24230   Fp16 Grad Scale: 1048576   Required: 151 hours
Training: 2025-04-03 02:15:48,880-Speed 68.19 samples/sec   Loss 0.0069   LearningRate 0.000915   Epoch: 16   Global Step: 24240   Fp16 Grad Scale: 1048576   Required: 151 hours
Training: 2025-04-03 02:16:12,784-Speed 53.55 samples/sec   Loss 0.0240   LearningRate 0.000915   Epoch: 17   Global Step: 24250   Fp16 Grad Scale: 1048576   Required: 151 hours
Training: 2025-04-03 02:16:33,187-Speed 62.74 samples/sec   Loss 0.0065   LearningRate 0.000915   Epoch: 17   Global Step: 24260   Fp16 Grad Scale: 2097152   Required: 151 hours
Training: 2025-04-03 02:16:53,457-Speed 63.15 samples/sec   Loss 0.0047   LearningRate 0.000915   Epoch: 17   Global Step: 24270   Fp16 Grad Scale: 2097152   Required: 151 hours
Training: 2025-04-03 02:17:13,716-Speed 63.18 samples/sec   Loss 0.0481   LearningRate 0.000915   Epoch: 17   Global Step: 24280   Fp16 Grad Scale: 2097152   Required: 151 hours
Training: 2025-04-03 02:17:33,956-Speed 63.24 samples/sec   Loss 0.0102   LearningRate 0.000915   Epoch: 17   Global Step: 24290   Fp16 Grad Scale: 2097152   Required: 151 hours
Training: 2025-04-03 02:17:54,287-Speed 62.96 samples/sec   Loss 0.0106   LearningRate 0.000915   Epoch: 17   Global Step: 24300   Fp16 Grad Scale: 2097152   Required: 151 hours
Training: 2025-04-03 02:18:14,519-Speed 63.27 samples/sec   Loss 0.0052   LearningRate 0.000915   Epoch: 17   Global Step: 24310   Fp16 Grad Scale: 2097152   Required: 151 hours
Training: 2025-04-03 02:18:34,728-Speed 63.34 samples/sec   Loss 0.0517   LearningRate 0.000915   Epoch: 17   Global Step: 24320   Fp16 Grad Scale: 1048576   Required: 151 hours
Training: 2025-04-03 02:18:54,963-Speed 63.26 samples/sec   Loss 0.1817   LearningRate 0.000915   Epoch: 17   Global Step: 24330   Fp16 Grad Scale: 524288   Required: 151 hours
Training: 2025-04-03 02:19:15,168-Speed 63.35 samples/sec   Loss 0.0073   LearningRate 0.000915   Epoch: 17   Global Step: 24340   Fp16 Grad Scale: 524288   Required: 151 hours
Training: 2025-04-03 02:19:35,336-Speed 63.47 samples/sec   Loss 0.0042   LearningRate 0.000915   Epoch: 17   Global Step: 24350   Fp16 Grad Scale: 524288   Required: 151 hours
Training: 2025-04-03 02:19:57,288-Speed 58.31 samples/sec   Loss 0.0245   LearningRate 0.000915   Epoch: 17   Global Step: 24360   Fp16 Grad Scale: 524288   Required: 151 hours
Training: 2025-04-03 02:20:17,556-Speed 63.16 samples/sec   Loss 0.0114   LearningRate 0.000915   Epoch: 17   Global Step: 24370   Fp16 Grad Scale: 524288   Required: 151 hours
Training: 2025-04-03 02:20:37,775-Speed 63.31 samples/sec   Loss 0.0102   LearningRate 0.000915   Epoch: 17   Global Step: 24380   Fp16 Grad Scale: 524288   Required: 151 hours
Training: 2025-04-03 02:20:57,984-Speed 63.34 samples/sec   Loss 0.0075   LearningRate 0.000914   Epoch: 17   Global Step: 24390   Fp16 Grad Scale: 524288   Required: 151 hours
Training: 2025-04-03 02:21:18,243-Speed 63.18 samples/sec   Loss 0.0052   LearningRate 0.000914   Epoch: 17   Global Step: 24400   Fp16 Grad Scale: 524288   Required: 151 hours
Training: 2025-04-03 02:21:38,469-Speed 63.28 samples/sec   Loss 0.0040   LearningRate 0.000914   Epoch: 17   Global Step: 24410   Fp16 Grad Scale: 524288   Required: 151 hours
Training: 2025-04-03 02:21:58,650-Speed 63.43 samples/sec   Loss 0.0054   LearningRate 0.000914   Epoch: 17   Global Step: 24420   Fp16 Grad Scale: 524288   Required: 151 hours
Training: 2025-04-03 02:22:18,809-Speed 63.50 samples/sec   Loss 0.0022   LearningRate 0.000914   Epoch: 17   Global Step: 24430   Fp16 Grad Scale: 1048576   Required: 151 hours
Training: 2025-04-03 02:22:39,108-Speed 63.06 samples/sec   Loss 0.0034   LearningRate 0.000914   Epoch: 17   Global Step: 24440   Fp16 Grad Scale: 1048576   Required: 151 hours
Training: 2025-04-03 02:22:59,287-Speed 63.44 samples/sec   Loss 0.0021   LearningRate 0.000914   Epoch: 17   Global Step: 24450   Fp16 Grad Scale: 1048576   Required: 151 hours
Training: 2025-04-03 02:23:19,452-Speed 63.48 samples/sec   Loss 0.0144   LearningRate 0.000914   Epoch: 17   Global Step: 24460   Fp16 Grad Scale: 1048576   Required: 151 hours
Training: 2025-04-03 02:23:39,638-Speed 63.41 samples/sec   Loss 0.0038   LearningRate 0.000914   Epoch: 17   Global Step: 24470   Fp16 Grad Scale: 1048576   Required: 151 hours
Training: 2025-04-03 02:23:59,942-Speed 63.04 samples/sec   Loss 0.0066   LearningRate 0.000914   Epoch: 17   Global Step: 24480   Fp16 Grad Scale: 524288   Required: 151 hours
Training: 2025-04-03 02:24:20,131-Speed 63.40 samples/sec   Loss 0.0559   LearningRate 0.000914   Epoch: 17   Global Step: 24490   Fp16 Grad Scale: 524288   Required: 151 hours
Training: 2025-04-03 02:24:40,370-Speed 63.25 samples/sec   Loss 0.0037   LearningRate 0.000914   Epoch: 17   Global Step: 24500   Fp16 Grad Scale: 524288   Required: 151 hours
Training: 2025-04-03 02:25:02,297-Speed 58.38 samples/sec   Loss 0.0071   LearningRate 0.000914   Epoch: 17   Global Step: 24510   Fp16 Grad Scale: 524288   Required: 151 hours
Training: 2025-04-03 02:25:22,490-Speed 63.39 samples/sec   Loss 0.0050   LearningRate 0.000914   Epoch: 17   Global Step: 24520   Fp16 Grad Scale: 524288   Required: 151 hours
Training: 2025-04-03 02:25:42,794-Speed 63.04 samples/sec   Loss 0.0144   LearningRate 0.000914   Epoch: 17   Global Step: 24530   Fp16 Grad Scale: 524288   Required: 151 hours
Training: 2025-04-03 02:26:02,940-Speed 63.54 samples/sec   Loss 0.0152   LearningRate 0.000914   Epoch: 17   Global Step: 24540   Fp16 Grad Scale: 524288   Required: 151 hours
Training: 2025-04-03 02:26:23,186-Speed 63.22 samples/sec   Loss 0.0022   LearningRate 0.000914   Epoch: 17   Global Step: 24550   Fp16 Grad Scale: 524288   Required: 151 hours
Training: 2025-04-03 02:26:43,495-Speed 63.03 samples/sec   Loss 0.0100   LearningRate 0.000914   Epoch: 17   Global Step: 24560   Fp16 Grad Scale: 524288   Required: 151 hours
Training: 2025-04-03 02:27:03,677-Speed 63.42 samples/sec   Loss 0.0049   LearningRate 0.000914   Epoch: 17   Global Step: 24570   Fp16 Grad Scale: 524288   Required: 151 hours
Training: 2025-04-03 02:27:23,967-Speed 63.09 samples/sec   Loss 0.0064   LearningRate 0.000914   Epoch: 17   Global Step: 24580   Fp16 Grad Scale: 1048576   Required: 151 hours
Training: 2025-04-03 02:27:44,226-Speed 63.18 samples/sec   Loss 0.0030   LearningRate 0.000914   Epoch: 17   Global Step: 24590   Fp16 Grad Scale: 1048576   Required: 151 hours
Training: 2025-04-03 02:28:04,477-Speed 63.21 samples/sec   Loss 0.0115   LearningRate 0.000914   Epoch: 17   Global Step: 24600   Fp16 Grad Scale: 1048576   Required: 151 hours
Training: 2025-04-03 02:28:24,679-Speed 63.36 samples/sec   Loss 0.0020   LearningRate 0.000914   Epoch: 17   Global Step: 24610   Fp16 Grad Scale: 1048576   Required: 151 hours
Training: 2025-04-03 02:28:44,885-Speed 63.35 samples/sec   Loss 0.0122   LearningRate 0.000914   Epoch: 17   Global Step: 24620   Fp16 Grad Scale: 1048576   Required: 151 hours
Training: 2025-04-03 02:29:05,077-Speed 63.39 samples/sec   Loss 0.0075   LearningRate 0.000914   Epoch: 17   Global Step: 24630   Fp16 Grad Scale: 1048576   Required: 151 hours
Training: 2025-04-03 02:29:25,297-Speed 63.31 samples/sec   Loss 0.0018   LearningRate 0.000914   Epoch: 17   Global Step: 24640   Fp16 Grad Scale: 1048576   Required: 151 hours
Training: 2025-04-03 02:29:46,415-Speed 60.61 samples/sec   Loss 0.0038   LearningRate 0.000914   Epoch: 17   Global Step: 24650   Fp16 Grad Scale: 1048576   Required: 151 hours
Training: 2025-04-03 02:30:07,573-Speed 60.50 samples/sec   Loss 0.0046   LearningRate 0.000914   Epoch: 17   Global Step: 24660   Fp16 Grad Scale: 1048576   Required: 151 hours
Training: 2025-04-03 02:30:27,736-Speed 63.49 samples/sec   Loss 0.0129   LearningRate 0.000913   Epoch: 17   Global Step: 24670   Fp16 Grad Scale: 1048576   Required: 151 hours
Training: 2025-04-03 02:30:47,890-Speed 63.51 samples/sec   Loss 0.0345   LearningRate 0.000913   Epoch: 17   Global Step: 24680   Fp16 Grad Scale: 524288   Required: 151 hours
Training: 2025-04-03 02:31:08,020-Speed 63.59 samples/sec   Loss 0.0075   LearningRate 0.000913   Epoch: 17   Global Step: 24690   Fp16 Grad Scale: 524288   Required: 151 hours
Training: 2025-04-03 02:31:28,208-Speed 63.41 samples/sec   Loss 0.0049   LearningRate 0.000913   Epoch: 17   Global Step: 24700   Fp16 Grad Scale: 524288   Required: 151 hours
Training: 2025-04-03 02:31:48,342-Speed 63.57 samples/sec   Loss 0.0045   LearningRate 0.000913   Epoch: 17   Global Step: 24710   Fp16 Grad Scale: 524288   Required: 151 hours
Training: 2025-04-03 02:32:08,548-Speed 63.35 samples/sec   Loss 0.0043   LearningRate 0.000913   Epoch: 17   Global Step: 24720   Fp16 Grad Scale: 524288   Required: 151 hours
Training: 2025-04-03 02:32:28,699-Speed 63.52 samples/sec   Loss 0.0032   LearningRate 0.000913   Epoch: 17   Global Step: 24730   Fp16 Grad Scale: 524288   Required: 151 hours
Training: 2025-04-03 02:32:48,843-Speed 63.54 samples/sec   Loss 0.0200   LearningRate 0.000913   Epoch: 17   Global Step: 24740   Fp16 Grad Scale: 524288   Required: 151 hours
Training: 2025-04-03 02:33:09,020-Speed 63.44 samples/sec   Loss 0.0724   LearningRate 0.000913   Epoch: 17   Global Step: 24750   Fp16 Grad Scale: 524288   Required: 151 hours
Training: 2025-04-03 02:33:29,213-Speed 63.39 samples/sec   Loss 0.0034   LearningRate 0.000913   Epoch: 17   Global Step: 24760   Fp16 Grad Scale: 524288   Required: 151 hours
Training: 2025-04-03 02:33:49,389-Speed 63.45 samples/sec   Loss 0.0072   LearningRate 0.000913   Epoch: 17   Global Step: 24770   Fp16 Grad Scale: 524288   Required: 151 hours
Training: 2025-04-03 02:34:09,536-Speed 63.54 samples/sec   Loss 0.0108   LearningRate 0.000913   Epoch: 17   Global Step: 24780   Fp16 Grad Scale: 1048576   Required: 151 hours
Training: 2025-04-03 02:34:29,713-Speed 63.44 samples/sec   Loss 0.0039   LearningRate 0.000913   Epoch: 17   Global Step: 24790   Fp16 Grad Scale: 1048576   Required: 151 hours
Training: 2025-04-03 02:34:50,980-Speed 60.19 samples/sec   Loss 0.0087   LearningRate 0.000913   Epoch: 17   Global Step: 24800   Fp16 Grad Scale: 1048576   Required: 151 hours
Training: 2025-04-03 02:35:12,017-Speed 60.85 samples/sec   Loss 0.0063   LearningRate 0.000913   Epoch: 17   Global Step: 24810   Fp16 Grad Scale: 1048576   Required: 151 hours
Training: 2025-04-03 02:35:32,301-Speed 63.11 samples/sec   Loss 0.0048   LearningRate 0.000913   Epoch: 17   Global Step: 24820   Fp16 Grad Scale: 1048576   Required: 151 hours
Training: 2025-04-03 02:35:52,455-Speed 63.51 samples/sec   Loss 0.0018   LearningRate 0.000913   Epoch: 17   Global Step: 24830   Fp16 Grad Scale: 1048576   Required: 151 hours
Training: 2025-04-03 02:36:12,640-Speed 63.41 samples/sec   Loss 0.0826   LearningRate 0.000913   Epoch: 17   Global Step: 24840   Fp16 Grad Scale: 1048576   Required: 151 hours
Training: 2025-04-03 02:36:32,856-Speed 63.32 samples/sec   Loss 0.0099   LearningRate 0.000913   Epoch: 17   Global Step: 24850   Fp16 Grad Scale: 1048576   Required: 151 hours
Training: 2025-04-03 02:36:53,026-Speed 63.46 samples/sec   Loss 0.0097   LearningRate 0.000913   Epoch: 17   Global Step: 24860   Fp16 Grad Scale: 524288   Required: 151 hours
Training: 2025-04-03 02:37:13,152-Speed 63.60 samples/sec   Loss 0.0075   LearningRate 0.000913   Epoch: 17   Global Step: 24870   Fp16 Grad Scale: 524288   Required: 151 hours
Training: 2025-04-03 02:37:33,346-Speed 63.39 samples/sec   Loss 0.0048   LearningRate 0.000913   Epoch: 17   Global Step: 24880   Fp16 Grad Scale: 524288   Required: 151 hours
Training: 2025-04-03 02:37:53,469-Speed 63.61 samples/sec   Loss 0.0133   LearningRate 0.000913   Epoch: 17   Global Step: 24890   Fp16 Grad Scale: 524288   Required: 151 hours
Training: 2025-04-03 02:38:13,672-Speed 63.36 samples/sec   Loss 0.0103   LearningRate 0.000913   Epoch: 17   Global Step: 24900   Fp16 Grad Scale: 524288   Required: 151 hours
Training: 2025-04-03 02:38:33,961-Speed 63.09 samples/sec   Loss 0.0080   LearningRate 0.000913   Epoch: 17   Global Step: 24910   Fp16 Grad Scale: 524288   Required: 151 hours
Training: 2025-04-03 02:38:54,125-Speed 63.48 samples/sec   Loss 0.0035   LearningRate 0.000913   Epoch: 17   Global Step: 24920   Fp16 Grad Scale: 524288   Required: 151 hours
Training: 2025-04-03 02:39:14,267-Speed 63.55 samples/sec   Loss 0.0334   LearningRate 0.000913   Epoch: 17   Global Step: 24930   Fp16 Grad Scale: 524288   Required: 151 hours
Training: 2025-04-03 02:39:34,440-Speed 63.45 samples/sec   Loss 0.0047   LearningRate 0.000913   Epoch: 17   Global Step: 24940   Fp16 Grad Scale: 524288   Required: 151 hours
Training: 2025-04-03 02:39:56,834-Speed 57.16 samples/sec   Loss 0.0061   LearningRate 0.000913   Epoch: 17   Global Step: 24950   Fp16 Grad Scale: 524288   Required: 151 hours
Training: 2025-04-03 02:40:17,033-Speed 63.37 samples/sec   Loss 0.0052   LearningRate 0.000912   Epoch: 17   Global Step: 24960   Fp16 Grad Scale: 1048576   Required: 151 hours
Training: 2025-04-03 02:40:37,229-Speed 63.38 samples/sec   Loss 0.0094   LearningRate 0.000912   Epoch: 17   Global Step: 24970   Fp16 Grad Scale: 1048576   Required: 151 hours
Training: 2025-04-03 02:40:57,449-Speed 63.31 samples/sec   Loss 0.0516   LearningRate 0.000912   Epoch: 17   Global Step: 24980   Fp16 Grad Scale: 1048576   Required: 151 hours
Training: 2025-04-03 02:41:17,785-Speed 62.94 samples/sec   Loss 0.0105   LearningRate 0.000912   Epoch: 17   Global Step: 24990   Fp16 Grad Scale: 1048576   Required: 151 hours
Training: 2025-04-03 02:41:37,952-Speed 63.47 samples/sec   Loss 0.0082   LearningRate 0.000912   Epoch: 17   Global Step: 25000   Fp16 Grad Scale: 1048576   Required: 151 hours
Training: 2025-04-03 02:41:58,127-Speed 63.45 samples/sec   Loss 0.0319   LearningRate 0.000912   Epoch: 17   Global Step: 25010   Fp16 Grad Scale: 1048576   Required: 151 hours
Training: 2025-04-03 02:42:18,398-Speed 63.15 samples/sec   Loss 0.0147   LearningRate 0.000912   Epoch: 17   Global Step: 25020   Fp16 Grad Scale: 524288   Required: 151 hours
Training: 2025-04-03 02:42:38,593-Speed 63.38 samples/sec   Loss 0.0129   LearningRate 0.000912   Epoch: 17   Global Step: 25030   Fp16 Grad Scale: 524288   Required: 151 hours
Training: 2025-04-03 02:42:58,764-Speed 63.46 samples/sec   Loss 0.0146   LearningRate 0.000912   Epoch: 17   Global Step: 25040   Fp16 Grad Scale: 262144   Required: 151 hours
Training: 2025-04-03 02:43:19,016-Speed 63.21 samples/sec   Loss 0.0092   LearningRate 0.000912   Epoch: 17   Global Step: 25050   Fp16 Grad Scale: 262144   Required: 151 hours
Training: 2025-04-03 02:43:39,198-Speed 63.42 samples/sec   Loss 0.0523   LearningRate 0.000912   Epoch: 17   Global Step: 25060   Fp16 Grad Scale: 262144   Required: 151 hours
Training: 2025-04-03 02:43:59,461-Speed 63.17 samples/sec   Loss 0.0104   LearningRate 0.000912   Epoch: 17   Global Step: 25070   Fp16 Grad Scale: 262144   Required: 151 hours
Training: 2025-04-03 02:44:19,670-Speed 63.34 samples/sec   Loss 0.0091   LearningRate 0.000912   Epoch: 17   Global Step: 25080   Fp16 Grad Scale: 262144   Required: 151 hours
Training: 2025-04-03 02:44:39,952-Speed 63.11 samples/sec   Loss 0.0139   LearningRate 0.000912   Epoch: 17   Global Step: 25090   Fp16 Grad Scale: 262144   Required: 151 hours
Training: 2025-04-03 02:45:01,971-Speed 58.13 samples/sec   Loss 0.0234   LearningRate 0.000912   Epoch: 17   Global Step: 25100   Fp16 Grad Scale: 262144   Required: 151 hours
Training: 2025-04-03 02:45:22,114-Speed 63.55 samples/sec   Loss 0.0413   LearningRate 0.000912   Epoch: 17   Global Step: 25110   Fp16 Grad Scale: 262144   Required: 151 hours
Training: 2025-04-03 02:45:42,304-Speed 63.40 samples/sec   Loss 0.0182   LearningRate 0.000912   Epoch: 17   Global Step: 25120   Fp16 Grad Scale: 262144   Required: 151 hours
Training: 2025-04-03 02:46:02,471-Speed 63.47 samples/sec   Loss 0.0139   LearningRate 0.000912   Epoch: 17   Global Step: 25130   Fp16 Grad Scale: 262144   Required: 151 hours
Training: 2025-04-03 02:46:22,634-Speed 63.48 samples/sec   Loss 0.0694   LearningRate 0.000912   Epoch: 17   Global Step: 25140   Fp16 Grad Scale: 524288   Required: 151 hours
Training: 2025-04-03 02:46:42,786-Speed 63.52 samples/sec   Loss 0.0194   LearningRate 0.000912   Epoch: 17   Global Step: 25150   Fp16 Grad Scale: 524288   Required: 151 hours
Training: 2025-04-03 02:47:02,965-Speed 63.43 samples/sec   Loss 0.0071   LearningRate 0.000912   Epoch: 17   Global Step: 25160   Fp16 Grad Scale: 524288   Required: 151 hours
Training: 2025-04-03 02:47:23,185-Speed 63.31 samples/sec   Loss 0.0030   LearningRate 0.000912   Epoch: 17   Global Step: 25170   Fp16 Grad Scale: 524288   Required: 151 hours
Training: 2025-04-03 02:47:43,377-Speed 63.39 samples/sec   Loss 0.0150   LearningRate 0.000912   Epoch: 17   Global Step: 25180   Fp16 Grad Scale: 524288   Required: 151 hours
Training: 2025-04-03 02:48:03,518-Speed 63.55 samples/sec   Loss 0.0057   LearningRate 0.000912   Epoch: 17   Global Step: 25190   Fp16 Grad Scale: 524288   Required: 151 hours
Training: 2025-04-03 02:48:23,684-Speed 63.47 samples/sec   Loss 0.0029   LearningRate 0.000912   Epoch: 17   Global Step: 25200   Fp16 Grad Scale: 524288   Required: 151 hours
Training: 2025-04-03 02:48:43,780-Speed 63.69 samples/sec   Loss 0.0027   LearningRate 0.000912   Epoch: 17   Global Step: 25210   Fp16 Grad Scale: 524288   Required: 151 hours
Training: 2025-04-03 02:49:03,978-Speed 63.37 samples/sec   Loss 0.0074   LearningRate 0.000912   Epoch: 17   Global Step: 25220   Fp16 Grad Scale: 524288   Required: 151 hours
Training: 2025-04-03 02:49:24,193-Speed 63.32 samples/sec   Loss 0.0353   LearningRate 0.000912   Epoch: 17   Global Step: 25230   Fp16 Grad Scale: 524288   Required: 151 hours
Training: 2025-04-03 02:49:44,383-Speed 63.40 samples/sec   Loss 0.0177   LearningRate 0.000912   Epoch: 17   Global Step: 25240   Fp16 Grad Scale: 1048576   Required: 151 hours
Training: 2025-04-03 02:50:06,470-Speed 57.96 samples/sec   Loss 0.0260   LearningRate 0.000911   Epoch: 17   Global Step: 25250   Fp16 Grad Scale: 1048576   Required: 151 hours
Training: 2025-04-03 02:50:26,647-Speed 63.44 samples/sec   Loss 0.0090   LearningRate 0.000911   Epoch: 17   Global Step: 25260   Fp16 Grad Scale: 1048576   Required: 151 hours
Training: 2025-04-03 02:50:46,900-Speed 63.20 samples/sec   Loss 0.0092   LearningRate 0.000911   Epoch: 17   Global Step: 25270   Fp16 Grad Scale: 1048576   Required: 151 hours
Training: 2025-04-03 02:51:07,071-Speed 63.46 samples/sec   Loss 0.0075   LearningRate 0.000911   Epoch: 17   Global Step: 25280   Fp16 Grad Scale: 1048576   Required: 151 hours
Training: 2025-04-03 02:51:27,268-Speed 63.38 samples/sec   Loss 0.0586   LearningRate 0.000911   Epoch: 17   Global Step: 25290   Fp16 Grad Scale: 1048576   Required: 151 hours
Training: 2025-04-03 02:51:47,433-Speed 63.48 samples/sec   Loss 0.0320   LearningRate 0.000911   Epoch: 17   Global Step: 25300   Fp16 Grad Scale: 1048576   Required: 151 hours
Training: 2025-04-03 02:52:07,576-Speed 63.55 samples/sec   Loss 0.0237   LearningRate 0.000911   Epoch: 17   Global Step: 25310   Fp16 Grad Scale: 1048576   Required: 151 hours
Training: 2025-04-03 02:52:27,797-Speed 63.30 samples/sec   Loss 0.0148   LearningRate 0.000911   Epoch: 17   Global Step: 25320   Fp16 Grad Scale: 1048576   Required: 151 hours
Training: 2025-04-03 02:52:48,062-Speed 63.16 samples/sec   Loss 0.0105   LearningRate 0.000911   Epoch: 17   Global Step: 25330   Fp16 Grad Scale: 1048576   Required: 151 hours
Training: 2025-04-03 02:53:08,280-Speed 63.31 samples/sec   Loss 0.0122   LearningRate 0.000911   Epoch: 17   Global Step: 25340   Fp16 Grad Scale: 2097152   Required: 151 hours
Training: 2025-04-03 02:53:28,472-Speed 63.39 samples/sec   Loss 0.0171   LearningRate 0.000911   Epoch: 17   Global Step: 25350   Fp16 Grad Scale: 1048576   Required: 151 hours
Training: 2025-04-03 02:53:48,607-Speed 63.57 samples/sec   Loss 0.0073   LearningRate 0.000911   Epoch: 17   Global Step: 25360   Fp16 Grad Scale: 1048576   Required: 151 hours
Training: 2025-04-03 02:54:08,753-Speed 63.54 samples/sec   Loss 0.0052   LearningRate 0.000911   Epoch: 17   Global Step: 25370   Fp16 Grad Scale: 1048576   Required: 151 hours
Training: 2025-04-03 02:54:28,955-Speed 63.36 samples/sec   Loss 0.0075   LearningRate 0.000911   Epoch: 17   Global Step: 25380   Fp16 Grad Scale: 1048576   Required: 151 hours
Training: 2025-04-03 02:54:49,164-Speed 63.34 samples/sec   Loss 0.0086   LearningRate 0.000911   Epoch: 17   Global Step: 25390   Fp16 Grad Scale: 1048576   Required: 151 hours
Training: 2025-04-03 02:55:11,308-Speed 57.80 samples/sec   Loss 0.0053   LearningRate 0.000911   Epoch: 17   Global Step: 25400   Fp16 Grad Scale: 1048576   Required: 151 hours
Training: 2025-04-03 02:55:31,516-Speed 63.34 samples/sec   Loss 0.0064   LearningRate 0.000911   Epoch: 17   Global Step: 25410   Fp16 Grad Scale: 1048576   Required: 151 hours
Training: 2025-04-03 02:55:51,808-Speed 63.08 samples/sec   Loss 0.0105   LearningRate 0.000911   Epoch: 17   Global Step: 25420   Fp16 Grad Scale: 1048576   Required: 151 hours
Training: 2025-04-03 02:56:12,004-Speed 63.38 samples/sec   Loss 0.0040   LearningRate 0.000911   Epoch: 17   Global Step: 25430   Fp16 Grad Scale: 1048576   Required: 151 hours
Training: 2025-04-03 02:56:32,201-Speed 63.38 samples/sec   Loss 0.0674   LearningRate 0.000911   Epoch: 17   Global Step: 25440   Fp16 Grad Scale: 1048576   Required: 151 hours
Training: 2025-04-03 02:56:52,410-Speed 63.34 samples/sec   Loss 0.0061   LearningRate 0.000911   Epoch: 17   Global Step: 25450   Fp16 Grad Scale: 2097152   Required: 151 hours
Training: 2025-04-03 02:57:12,599-Speed 63.40 samples/sec   Loss 0.0239   LearningRate 0.000911   Epoch: 17   Global Step: 25460   Fp16 Grad Scale: 2097152   Required: 151 hours
Training: 2025-04-03 02:57:32,871-Speed 63.14 samples/sec   Loss 0.0123   LearningRate 0.000911   Epoch: 17   Global Step: 25470   Fp16 Grad Scale: 2097152   Required: 151 hours
Training: 2025-04-03 02:57:53,067-Speed 63.38 samples/sec   Loss 0.0428   LearningRate 0.000911   Epoch: 17   Global Step: 25480   Fp16 Grad Scale: 1048576   Required: 151 hours
Training: 2025-04-03 02:58:13,334-Speed 63.16 samples/sec   Loss 0.0159   LearningRate 0.000911   Epoch: 17   Global Step: 25490   Fp16 Grad Scale: 1048576   Required: 150 hours
Training: 2025-04-03 02:58:33,595-Speed 63.18 samples/sec   Loss 0.0103   LearningRate 0.000911   Epoch: 17   Global Step: 25500   Fp16 Grad Scale: 1048576   Required: 150 hours
Training: 2025-04-03 02:58:53,786-Speed 63.40 samples/sec   Loss 0.0139   LearningRate 0.000911   Epoch: 17   Global Step: 25510   Fp16 Grad Scale: 1048576   Required: 150 hours
Training: 2025-04-03 02:59:13,967-Speed 63.43 samples/sec   Loss 0.0053   LearningRate 0.000911   Epoch: 17   Global Step: 25520   Fp16 Grad Scale: 1048576   Required: 150 hours
Training: 2025-04-03 02:59:34,226-Speed 63.18 samples/sec   Loss 0.0090   LearningRate 0.000910   Epoch: 17   Global Step: 25530   Fp16 Grad Scale: 1048576   Required: 150 hours
Training: 2025-04-03 02:59:54,448-Speed 63.30 samples/sec   Loss 0.0123   LearningRate 0.000910   Epoch: 17   Global Step: 25540   Fp16 Grad Scale: 1048576   Required: 150 hours
Training: 2025-04-03 03:00:16,676-Speed 57.59 samples/sec   Loss 0.0054   LearningRate 0.000910   Epoch: 17   Global Step: 25550   Fp16 Grad Scale: 1048576   Required: 150 hours
Training: 2025-04-03 03:00:36,994-Speed 63.00 samples/sec   Loss 0.0063   LearningRate 0.000910   Epoch: 17   Global Step: 25560   Fp16 Grad Scale: 1048576   Required: 150 hours
Training: 2025-04-03 03:00:57,196-Speed 63.36 samples/sec   Loss 0.0082   LearningRate 0.000910   Epoch: 17   Global Step: 25570   Fp16 Grad Scale: 1048576   Required: 150 hours
Training: 2025-04-03 03:01:17,417-Speed 63.30 samples/sec   Loss 0.0087   LearningRate 0.000910   Epoch: 17   Global Step: 25580   Fp16 Grad Scale: 2097152   Required: 150 hours
Training: 2025-04-03 03:01:37,675-Speed 63.19 samples/sec   Loss 0.0086   LearningRate 0.000910   Epoch: 17   Global Step: 25590   Fp16 Grad Scale: 2097152   Required: 150 hours
Training: 2025-04-03 03:01:57,872-Speed 63.38 samples/sec   Loss 0.0102   LearningRate 0.000910   Epoch: 17   Global Step: 25600   Fp16 Grad Scale: 2097152   Required: 150 hours
Training: 2025-04-03 03:02:18,129-Speed 63.19 samples/sec   Loss 0.0090   LearningRate 0.000910   Epoch: 17   Global Step: 25610   Fp16 Grad Scale: 2097152   Required: 150 hours
Training: 2025-04-03 03:02:38,258-Speed 63.59 samples/sec   Loss 0.0163   LearningRate 0.000910   Epoch: 17   Global Step: 25620   Fp16 Grad Scale: 2097152   Required: 150 hours
Training: 2025-04-03 03:02:58,479-Speed 63.30 samples/sec   Loss 0.0105   LearningRate 0.000910   Epoch: 17   Global Step: 25630   Fp16 Grad Scale: 2097152   Required: 150 hours
Training: 2025-04-03 03:03:18,731-Speed 63.20 samples/sec   Loss 0.0080   LearningRate 0.000910   Epoch: 17   Global Step: 25640   Fp16 Grad Scale: 2097152   Required: 150 hours
Training: 2025-04-03 03:03:38,923-Speed 63.40 samples/sec   Loss 0.0023   LearningRate 0.000910   Epoch: 17   Global Step: 25650   Fp16 Grad Scale: 2097152   Required: 150 hours
Training: 2025-04-03 03:03:58,856-Speed 64.21 samples/sec   Loss 0.0089   LearningRate 0.000910   Epoch: 17   Global Step: 25660   Fp16 Grad Scale: 2097152   Required: 150 hours
Training: 2025-04-03 03:04:23,568-Speed 51.80 samples/sec   Loss 0.0373   LearningRate 0.000910   Epoch: 18   Global Step: 25670   Fp16 Grad Scale: 1048576   Required: 150 hours
Training: 2025-04-03 03:04:43,808-Speed 63.24 samples/sec   Loss 0.0072   LearningRate 0.000910   Epoch: 18   Global Step: 25680   Fp16 Grad Scale: 1048576   Required: 150 hours
Training: 2025-04-03 03:05:04,079-Speed 63.14 samples/sec   Loss 0.0072   LearningRate 0.000910   Epoch: 18   Global Step: 25690   Fp16 Grad Scale: 1048576   Required: 150 hours
Training: 2025-04-03 03:05:26,238-Speed 57.77 samples/sec   Loss 0.0076   LearningRate 0.000910   Epoch: 18   Global Step: 25700   Fp16 Grad Scale: 1048576   Required: 150 hours
Training: 2025-04-03 03:05:46,444-Speed 63.35 samples/sec   Loss 0.0043   LearningRate 0.000910   Epoch: 18   Global Step: 25710   Fp16 Grad Scale: 1048576   Required: 150 hours
Training: 2025-04-03 03:06:06,614-Speed 63.46 samples/sec   Loss 0.0043   LearningRate 0.000910   Epoch: 18   Global Step: 25720   Fp16 Grad Scale: 1048576   Required: 150 hours
Training: 2025-04-03 03:06:26,865-Speed 63.21 samples/sec   Loss 0.0019   LearningRate 0.000910   Epoch: 18   Global Step: 25730   Fp16 Grad Scale: 1048576   Required: 150 hours
Training: 2025-04-03 03:06:47,089-Speed 63.29 samples/sec   Loss 0.0184   LearningRate 0.000910   Epoch: 18   Global Step: 25740   Fp16 Grad Scale: 1048576   Required: 150 hours
Training: 2025-04-03 03:07:07,274-Speed 63.42 samples/sec   Loss 0.0024   LearningRate 0.000910   Epoch: 18   Global Step: 25750   Fp16 Grad Scale: 1048576   Required: 150 hours
Training: 2025-04-03 03:07:27,485-Speed 63.33 samples/sec   Loss 0.0070   LearningRate 0.000910   Epoch: 18   Global Step: 25760   Fp16 Grad Scale: 1048576   Required: 150 hours
Training: 2025-04-03 03:07:47,657-Speed 63.46 samples/sec   Loss 0.0166   LearningRate 0.000910   Epoch: 18   Global Step: 25770   Fp16 Grad Scale: 2097152   Required: 150 hours
Training: 2025-04-03 03:08:07,783-Speed 63.60 samples/sec   Loss 0.0038   LearningRate 0.000910   Epoch: 18   Global Step: 25780   Fp16 Grad Scale: 2097152   Required: 150 hours
Training: 2025-04-03 03:08:27,996-Speed 63.33 samples/sec   Loss 0.0020   LearningRate 0.000910   Epoch: 18   Global Step: 25790   Fp16 Grad Scale: 2097152   Required: 150 hours
Training: 2025-04-03 03:08:48,240-Speed 63.23 samples/sec   Loss 0.0062   LearningRate 0.000910   Epoch: 18   Global Step: 25800   Fp16 Grad Scale: 2097152   Required: 150 hours
Training: 2025-04-03 03:09:08,535-Speed 63.07 samples/sec   Loss 0.0020   LearningRate 0.000910   Epoch: 18   Global Step: 25810   Fp16 Grad Scale: 2097152   Required: 150 hours
Training: 2025-04-03 03:09:28,662-Speed 63.60 samples/sec   Loss 0.0031   LearningRate 0.000909   Epoch: 18   Global Step: 25820   Fp16 Grad Scale: 1048576   Required: 150 hours
Training: 2025-04-03 03:09:48,865-Speed 63.36 samples/sec   Loss 0.0020   LearningRate 0.000909   Epoch: 18   Global Step: 25830   Fp16 Grad Scale: 1048576   Required: 150 hours
Training: 2025-04-03 03:10:09,193-Speed 62.97 samples/sec   Loss 0.0028   LearningRate 0.000909   Epoch: 18   Global Step: 25840   Fp16 Grad Scale: 1048576   Required: 150 hours
Training: 2025-04-03 03:10:31,200-Speed 58.17 samples/sec   Loss 0.0036   LearningRate 0.000909   Epoch: 18   Global Step: 25850   Fp16 Grad Scale: 1048576   Required: 150 hours
Training: 2025-04-03 03:10:51,385-Speed 63.42 samples/sec   Loss 0.0021   LearningRate 0.000909   Epoch: 18   Global Step: 25860   Fp16 Grad Scale: 1048576   Required: 150 hours
Training: 2025-04-03 03:11:11,588-Speed 63.36 samples/sec   Loss 0.0024   LearningRate 0.000909   Epoch: 18   Global Step: 25870   Fp16 Grad Scale: 1048576   Required: 150 hours
Training: 2025-04-03 03:11:31,780-Speed 63.39 samples/sec   Loss 0.0033   LearningRate 0.000909   Epoch: 18   Global Step: 25880   Fp16 Grad Scale: 1048576   Required: 150 hours
Training: 2025-04-03 03:11:51,996-Speed 63.32 samples/sec   Loss 0.0029   LearningRate 0.000909   Epoch: 18   Global Step: 25890   Fp16 Grad Scale: 1048576   Required: 150 hours
Training: 2025-04-03 03:12:12,228-Speed 63.27 samples/sec   Loss 0.0019   LearningRate 0.000909   Epoch: 18   Global Step: 25900   Fp16 Grad Scale: 1048576   Required: 150 hours
Training: 2025-04-03 03:12:32,390-Speed 63.49 samples/sec   Loss 0.0089   LearningRate 0.000909   Epoch: 18   Global Step: 25910   Fp16 Grad Scale: 1048576   Required: 150 hours
Training: 2025-04-03 03:12:52,596-Speed 63.35 samples/sec   Loss 0.0035   LearningRate 0.000909   Epoch: 18   Global Step: 25920   Fp16 Grad Scale: 2097152   Required: 150 hours
Training: 2025-04-03 03:13:12,899-Speed 63.04 samples/sec   Loss 0.0032   LearningRate 0.000909   Epoch: 18   Global Step: 25930   Fp16 Grad Scale: 2097152   Required: 150 hours
Training: 2025-04-03 03:13:33,086-Speed 63.41 samples/sec   Loss 0.0047   LearningRate 0.000909   Epoch: 18   Global Step: 25940   Fp16 Grad Scale: 2097152   Required: 150 hours
Training: 2025-04-03 03:13:53,276-Speed 63.40 samples/sec   Loss 0.0181   LearningRate 0.000909   Epoch: 18   Global Step: 25950   Fp16 Grad Scale: 2097152   Required: 150 hours
Training: 2025-04-03 03:14:13,473-Speed 63.38 samples/sec   Loss 0.0089   LearningRate 0.000909   Epoch: 18   Global Step: 25960   Fp16 Grad Scale: 2097152   Required: 150 hours
Training: 2025-04-03 03:14:33,708-Speed 63.26 samples/sec   Loss 0.0254   LearningRate 0.000909   Epoch: 18   Global Step: 25970   Fp16 Grad Scale: 1048576   Required: 150 hours
Training: 2025-04-03 03:14:53,969-Speed 63.18 samples/sec   Loss 0.0055   LearningRate 0.000909   Epoch: 18   Global Step: 25980   Fp16 Grad Scale: 1048576   Required: 150 hours
Training: 2025-04-03 03:15:14,130-Speed 63.49 samples/sec   Loss 0.0064   LearningRate 0.000909   Epoch: 18   Global Step: 25990   Fp16 Grad Scale: 1048576   Required: 150 hours
Training: 2025-04-03 03:15:36,186-Speed 58.04 samples/sec   Loss 0.0048   LearningRate 0.000909   Epoch: 18   Global Step: 26000   Fp16 Grad Scale: 1048576   Required: 150 hours
net_out.shape: torch.Size([128, 512])
net_out.shape: torch.Size([128, 512])
net_out.shape: torch.Size([128, 512])
net_out.shape: torch.Size([128, 512])
net_out.shape: torch.Size([128, 512])
net_out.shape: torch.Size([128, 512])
net_out.shape: torch.Size([128, 512])
net_out.shape: torch.Size([128, 512])
net_out.shape: torch.Size([128, 512])
net_out.shape: torch.Size([128, 512])
net_out.shape: torch.Size([128, 512])
net_out.shape: torch.Size([128, 512])
net_out.shape: torch.Size([128, 512])
net_out.shape: torch.Size([128, 512])
net_out.shape: torch.Size([128, 512])
net_out.shape: torch.Size([128, 512])
net_out.shape: torch.Size([128, 512])
net_out.shape: torch.Size([128, 512])
net_out.shape: torch.Size([128, 512])
net_out.shape: torch.Size([128, 512])
net_out.shape: torch.Size([128, 512])
net_out.shape: torch.Size([128, 512])
net_out.shape: torch.Size([128, 512])
net_out.shape: torch.Size([128, 512])
net_out.shape: torch.Size([128, 512])
net_out.shape: torch.Size([128, 512])
net_out.shape: torch.Size([128, 512])
net_out.shape: torch.Size([128, 512])
net_out.shape: torch.Size([128, 512])
net_out.shape: torch.Size([128, 512])
net_out.shape: torch.Size([128, 512])
net_out.shape: torch.Size([128, 512])
net_out.shape: torch.Size([128, 512])
net_out.shape: torch.Size([128, 512])
net_out.shape: torch.Size([128, 512])
net_out.shape: torch.Size([128, 512])
net_out.shape: torch.Size([128, 512])
net_out.shape: torch.Size([128, 512])
net_out.shape: torch.Size([128, 512])
net_out.shape: torch.Size([128, 512])
net_out.shape: torch.Size([128, 512])
net_out.shape: torch.Size([128, 512])
net_out.shape: torch.Size([128, 512])
net_out.shape: torch.Size([128, 512])
net_out.shape: torch.Size([128, 512])
net_out.shape: torch.Size([128, 512])
net_out.shape: torch.Size([128, 512])
net_out.shape: torch.Size([128, 512])
net_out.shape: torch.Size([128, 512])
net_out.shape: torch.Size([128, 512])
net_out.shape: torch.Size([128, 512])
net_out.shape: torch.Size([128, 512])
net_out.shape: torch.Size([128, 512])
net_out.shape: torch.Size([128, 512])
net_out.shape: torch.Size([128, 512])
net_out.shape: torch.Size([128, 512])
net_out.shape: torch.Size([128, 512])
net_out.shape: torch.Size([128, 512])
net_out.shape: torch.Size([128, 512])
net_out.shape: torch.Size([128, 512])
net_out.shape: torch.Size([128, 512])
net_out.shape: torch.Size([128, 512])
net_out.shape: torch.Size([128, 512])
net_out.shape: torch.Size([128, 512])
Training: 2025-04-03 03:16:46,796-[val][Global step: 26000] d prime: 7.170102596282959
Model saved with d prime score: 7.397576332092285
Training: 2025-04-03 03:17:08,629-Speed 13.85 samples/sec   Loss 0.0065   LearningRate 0.000909   Epoch: 18   Global Step: 26010   Fp16 Grad Scale: 1048576   Required: 150 hours
Training: 2025-04-03 03:17:28,752-Speed 63.61 samples/sec   Loss 0.0107   LearningRate 0.000909   Epoch: 18   Global Step: 26020   Fp16 Grad Scale: 1048576   Required: 150 hours
Training: 2025-04-03 03:17:48,961-Speed 63.34 samples/sec   Loss 0.0047   LearningRate 0.000909   Epoch: 18   Global Step: 26030   Fp16 Grad Scale: 1048576   Required: 150 hours
Training: 2025-04-03 03:18:09,245-Speed 63.11 samples/sec   Loss 0.0025   LearningRate 0.000909   Epoch: 18   Global Step: 26040   Fp16 Grad Scale: 1048576   Required: 150 hours
Training: 2025-04-03 03:18:29,438-Speed 63.39 samples/sec   Loss 0.0019   LearningRate 0.000909   Epoch: 18   Global Step: 26050   Fp16 Grad Scale: 1048576   Required: 150 hours
Training: 2025-04-03 03:18:49,585-Speed 63.53 samples/sec   Loss 0.0077   LearningRate 0.000909   Epoch: 18   Global Step: 26060   Fp16 Grad Scale: 1048576   Required: 150 hours
Training: 2025-04-03 03:19:09,749-Speed 63.48 samples/sec   Loss 0.0196   LearningRate 0.000909   Epoch: 18   Global Step: 26070   Fp16 Grad Scale: 2097152   Required: 150 hours
Training: 2025-04-03 03:19:29,928-Speed 63.43 samples/sec   Loss 0.0063   LearningRate 0.000909   Epoch: 18   Global Step: 26080   Fp16 Grad Scale: 2097152   Required: 150 hours
Training: 2025-04-03 03:19:50,156-Speed 63.28 samples/sec   Loss 0.0132   LearningRate 0.000909   Epoch: 18   Global Step: 26090   Fp16 Grad Scale: 2097152   Required: 150 hours
Training: 2025-04-03 03:20:10,515-Speed 62.87 samples/sec   Loss 0.0134   LearningRate 0.000908   Epoch: 18   Global Step: 26100   Fp16 Grad Scale: 2097152   Required: 150 hours
Training: 2025-04-03 03:20:32,351-Speed 58.62 samples/sec   Loss 0.0095   LearningRate 0.000908   Epoch: 18   Global Step: 26110   Fp16 Grad Scale: 2097152   Required: 150 hours
Training: 2025-04-03 03:20:52,527-Speed 63.44 samples/sec   Loss 0.0045   LearningRate 0.000908   Epoch: 18   Global Step: 26120   Fp16 Grad Scale: 2097152   Required: 150 hours
Training: 2025-04-03 03:21:12,748-Speed 63.30 samples/sec   Loss 0.0039   LearningRate 0.000908   Epoch: 18   Global Step: 26130   Fp16 Grad Scale: 2097152   Required: 150 hours
Training: 2025-04-03 03:21:33,029-Speed 63.12 samples/sec   Loss 0.0054   LearningRate 0.000908   Epoch: 18   Global Step: 26140   Fp16 Grad Scale: 2097152   Required: 150 hours
Training: 2025-04-03 03:21:53,238-Speed 63.34 samples/sec   Loss 0.0087   LearningRate 0.000908   Epoch: 18   Global Step: 26150   Fp16 Grad Scale: 2097152   Required: 150 hours
Training: 2025-04-03 03:22:13,482-Speed 63.23 samples/sec   Loss 0.0700   LearningRate 0.000908   Epoch: 18   Global Step: 26160   Fp16 Grad Scale: 2097152   Required: 150 hours
Training: 2025-04-03 03:22:33,704-Speed 63.30 samples/sec   Loss 0.0027   LearningRate 0.000908   Epoch: 18   Global Step: 26170   Fp16 Grad Scale: 4194304   Required: 150 hours
Training: 2025-04-03 03:22:53,993-Speed 63.09 samples/sec   Loss 0.0079   LearningRate 0.000908   Epoch: 18   Global Step: 26180   Fp16 Grad Scale: 4194304   Required: 150 hours
Training: 2025-04-03 03:23:14,175-Speed 63.42 samples/sec   Loss 0.0054   LearningRate 0.000908   Epoch: 18   Global Step: 26190   Fp16 Grad Scale: 4194304   Required: 150 hours
Training: 2025-04-03 03:23:34,430-Speed 63.20 samples/sec   Loss 0.0038   LearningRate 0.000908   Epoch: 18   Global Step: 26200   Fp16 Grad Scale: 4194304   Required: 150 hours
Training: 2025-04-03 03:23:54,704-Speed 63.14 samples/sec   Loss 0.0024   LearningRate 0.000908   Epoch: 18   Global Step: 26210   Fp16 Grad Scale: 4194304   Required: 150 hours
Training: 2025-04-03 03:24:14,962-Speed 63.19 samples/sec   Loss 0.0019   LearningRate 0.000908   Epoch: 18   Global Step: 26220   Fp16 Grad Scale: 4194304   Required: 150 hours
Training: 2025-04-03 03:24:35,135-Speed 63.45 samples/sec   Loss 0.0022   LearningRate 0.000908   Epoch: 18   Global Step: 26230   Fp16 Grad Scale: 4194304   Required: 150 hours
Training: 2025-04-03 03:24:55,411-Speed 63.13 samples/sec   Loss 0.0041   LearningRate 0.000908   Epoch: 18   Global Step: 26240   Fp16 Grad Scale: 4194304   Required: 150 hours
Training: 2025-04-03 03:25:15,637-Speed 63.29 samples/sec   Loss 0.0023   LearningRate 0.000908   Epoch: 18   Global Step: 26250   Fp16 Grad Scale: 4194304   Required: 150 hours
Training: 2025-04-03 03:25:37,895-Speed 57.51 samples/sec   Loss 0.0031   LearningRate 0.000908   Epoch: 18   Global Step: 26260   Fp16 Grad Scale: 4194304   Required: 150 hours
Training: 2025-04-03 03:25:58,042-Speed 63.54 samples/sec   Loss 0.0135   LearningRate 0.000908   Epoch: 18   Global Step: 26270   Fp16 Grad Scale: 2097152   Required: 150 hours
Training: 2025-04-03 03:26:18,360-Speed 63.00 samples/sec   Loss 0.0043   LearningRate 0.000908   Epoch: 18   Global Step: 26280   Fp16 Grad Scale: 2097152   Required: 150 hours
Training: 2025-04-03 03:26:38,589-Speed 63.28 samples/sec   Loss 0.0479   LearningRate 0.000908   Epoch: 18   Global Step: 26290   Fp16 Grad Scale: 2097152   Required: 150 hours
Training: 2025-04-03 03:26:58,759-Speed 63.46 samples/sec   Loss 0.0058   LearningRate 0.000908   Epoch: 18   Global Step: 26300   Fp16 Grad Scale: 2097152   Required: 150 hours
Training: 2025-04-03 03:27:18,940-Speed 63.43 samples/sec   Loss 0.0017   LearningRate 0.000908   Epoch: 18   Global Step: 26310   Fp16 Grad Scale: 2097152   Required: 150 hours
Training: 2025-04-03 03:27:39,163-Speed 63.30 samples/sec   Loss 0.0471   LearningRate 0.000908   Epoch: 18   Global Step: 26320   Fp16 Grad Scale: 2097152   Required: 150 hours
Training: 2025-04-03 03:27:59,313-Speed 63.52 samples/sec   Loss 0.0094   LearningRate 0.000908   Epoch: 18   Global Step: 26330   Fp16 Grad Scale: 1048576   Required: 150 hours
Training: 2025-04-03 03:28:19,459-Speed 63.54 samples/sec   Loss 0.0032   LearningRate 0.000908   Epoch: 18   Global Step: 26340   Fp16 Grad Scale: 1048576   Required: 150 hours
Training: 2025-04-03 03:28:39,689-Speed 63.28 samples/sec   Loss 0.0758   LearningRate 0.000908   Epoch: 18   Global Step: 26350   Fp16 Grad Scale: 1048576   Required: 150 hours
Training: 2025-04-03 03:28:59,860-Speed 63.46 samples/sec   Loss 0.0780   LearningRate 0.000908   Epoch: 18   Global Step: 26360   Fp16 Grad Scale: 1048576   Required: 150 hours
Training: 2025-04-03 03:29:19,994-Speed 63.58 samples/sec   Loss 0.0047   LearningRate 0.000908   Epoch: 18   Global Step: 26370   Fp16 Grad Scale: 1048576   Required: 150 hours
Training: 2025-04-03 03:29:40,180-Speed 63.41 samples/sec   Loss 0.0356   LearningRate 0.000908   Epoch: 18   Global Step: 26380   Fp16 Grad Scale: 1048576   Required: 150 hours
Training: 2025-04-03 03:30:00,423-Speed 63.23 samples/sec   Loss 0.0109   LearningRate 0.000907   Epoch: 18   Global Step: 26390   Fp16 Grad Scale: 1048576   Required: 150 hours
Training: 2025-04-03 03:30:20,598-Speed 63.45 samples/sec   Loss 0.0134   LearningRate 0.000907   Epoch: 18   Global Step: 26400   Fp16 Grad Scale: 1048576   Required: 150 hours
Training: 2025-04-03 03:30:42,622-Speed 58.12 samples/sec   Loss 0.0043   LearningRate 0.000907   Epoch: 18   Global Step: 26410   Fp16 Grad Scale: 1048576   Required: 150 hours
Training: 2025-04-03 03:31:02,866-Speed 63.23 samples/sec   Loss 0.0109   LearningRate 0.000907   Epoch: 18   Global Step: 26420   Fp16 Grad Scale: 1048576   Required: 150 hours
Training: 2025-04-03 03:31:23,034-Speed 63.47 samples/sec   Loss 0.0075   LearningRate 0.000907   Epoch: 18   Global Step: 26430   Fp16 Grad Scale: 2097152   Required: 150 hours
Training: 2025-04-03 03:31:43,271-Speed 63.25 samples/sec   Loss 0.0738   LearningRate 0.000907   Epoch: 18   Global Step: 26440   Fp16 Grad Scale: 2097152   Required: 150 hours
Training: 2025-04-03 03:32:03,459-Speed 63.41 samples/sec   Loss 0.0474   LearningRate 0.000907   Epoch: 18   Global Step: 26450   Fp16 Grad Scale: 1048576   Required: 150 hours
Training: 2025-04-03 03:32:23,626-Speed 63.47 samples/sec   Loss 0.0055   LearningRate 0.000907   Epoch: 18   Global Step: 26460   Fp16 Grad Scale: 1048576   Required: 150 hours
Training: 2025-04-03 03:32:43,799-Speed 63.46 samples/sec   Loss 0.0049   LearningRate 0.000907   Epoch: 18   Global Step: 26470   Fp16 Grad Scale: 1048576   Required: 150 hours
Training: 2025-04-03 03:33:03,997-Speed 63.37 samples/sec   Loss 0.0082   LearningRate 0.000907   Epoch: 18   Global Step: 26480   Fp16 Grad Scale: 1048576   Required: 150 hours
Training: 2025-04-03 03:33:24,213-Speed 63.32 samples/sec   Loss 0.0048   LearningRate 0.000907   Epoch: 18   Global Step: 26490   Fp16 Grad Scale: 1048576   Required: 150 hours
Training: 2025-04-03 03:33:44,441-Speed 63.28 samples/sec   Loss 0.0137   LearningRate 0.000907   Epoch: 18   Global Step: 26500   Fp16 Grad Scale: 1048576   Required: 150 hours
Training: 2025-04-03 03:34:04,631-Speed 63.40 samples/sec   Loss 0.0053   LearningRate 0.000907   Epoch: 18   Global Step: 26510   Fp16 Grad Scale: 1048576   Required: 150 hours
Training: 2025-04-03 03:34:24,828-Speed 63.38 samples/sec   Loss 0.0081   LearningRate 0.000907   Epoch: 18   Global Step: 26520   Fp16 Grad Scale: 1048576   Required: 150 hours
Training: 2025-04-03 03:34:45,066-Speed 63.25 samples/sec   Loss 0.0110   LearningRate 0.000907   Epoch: 18   Global Step: 26530   Fp16 Grad Scale: 1048576   Required: 150 hours
Training: 2025-04-03 03:35:05,274-Speed 63.34 samples/sec   Loss 0.0439   LearningRate 0.000907   Epoch: 18   Global Step: 26540   Fp16 Grad Scale: 1048576   Required: 150 hours
Training: 2025-04-03 03:35:25,482-Speed 63.34 samples/sec   Loss 0.0071   LearningRate 0.000907   Epoch: 18   Global Step: 26550   Fp16 Grad Scale: 2097152   Required: 150 hours
Training: 2025-04-03 03:35:47,492-Speed 58.16 samples/sec   Loss 0.0238   LearningRate 0.000907   Epoch: 18   Global Step: 26560   Fp16 Grad Scale: 2097152   Required: 150 hours
Training: 2025-04-03 03:36:07,718-Speed 63.29 samples/sec   Loss 0.0169   LearningRate 0.000907   Epoch: 18   Global Step: 26570   Fp16 Grad Scale: 2097152   Required: 150 hours
Training: 2025-04-03 03:36:27,937-Speed 63.31 samples/sec   Loss 0.0160   LearningRate 0.000907   Epoch: 18   Global Step: 26580   Fp16 Grad Scale: 2097152   Required: 150 hours
Training: 2025-04-03 03:36:48,138-Speed 63.37 samples/sec   Loss 0.0434   LearningRate 0.000907   Epoch: 18   Global Step: 26590   Fp16 Grad Scale: 2097152   Required: 150 hours
Training: 2025-04-03 03:37:08,364-Speed 63.29 samples/sec   Loss 0.0106   LearningRate 0.000907   Epoch: 18   Global Step: 26600   Fp16 Grad Scale: 2097152   Required: 150 hours
Training: 2025-04-03 03:37:28,486-Speed 63.62 samples/sec   Loss 0.0055   LearningRate 0.000907   Epoch: 18   Global Step: 26610   Fp16 Grad Scale: 2097152   Required: 150 hours
Training: 2025-04-03 03:37:48,671-Speed 63.42 samples/sec   Loss 0.0109   LearningRate 0.000907   Epoch: 18   Global Step: 26620   Fp16 Grad Scale: 2097152   Required: 150 hours
Training: 2025-04-03 03:38:08,881-Speed 63.34 samples/sec   Loss 0.0055   LearningRate 0.000907   Epoch: 18   Global Step: 26630   Fp16 Grad Scale: 2097152   Required: 150 hours
Training: 2025-04-03 03:38:29,157-Speed 63.13 samples/sec   Loss 0.0132   LearningRate 0.000907   Epoch: 18   Global Step: 26640   Fp16 Grad Scale: 2097152   Required: 150 hours
Training: 2025-04-03 03:38:49,383-Speed 63.29 samples/sec   Loss 0.0101   LearningRate 0.000907   Epoch: 18   Global Step: 26650   Fp16 Grad Scale: 4194304   Required: 150 hours
Training: 2025-04-03 03:39:09,534-Speed 63.52 samples/sec   Loss 0.0049   LearningRate 0.000907   Epoch: 18   Global Step: 26660   Fp16 Grad Scale: 4194304   Required: 150 hours
Training: 2025-04-03 03:39:29,704-Speed 63.46 samples/sec   Loss 0.0067   LearningRate 0.000906   Epoch: 18   Global Step: 26670   Fp16 Grad Scale: 4194304   Required: 150 hours
Training: 2025-04-03 03:39:49,898-Speed 63.41 samples/sec   Loss 0.0045   LearningRate 0.000906   Epoch: 18   Global Step: 26680   Fp16 Grad Scale: 4194304   Required: 150 hours
Training: 2025-04-03 03:40:10,149-Speed 63.21 samples/sec   Loss 0.0060   LearningRate 0.000906   Epoch: 18   Global Step: 26690   Fp16 Grad Scale: 2097152   Required: 150 hours
Training: 2025-04-03 03:40:30,340-Speed 63.40 samples/sec   Loss 0.0075   LearningRate 0.000906   Epoch: 18   Global Step: 26700   Fp16 Grad Scale: 2097152   Required: 150 hours
Training: 2025-04-03 03:40:52,382-Speed 58.07 samples/sec   Loss 0.0086   LearningRate 0.000906   Epoch: 18   Global Step: 26710   Fp16 Grad Scale: 2097152   Required: 150 hours
Training: 2025-04-03 03:41:12,664-Speed 63.11 samples/sec   Loss 0.0055   LearningRate 0.000906   Epoch: 18   Global Step: 26720   Fp16 Grad Scale: 2097152   Required: 150 hours
Training: 2025-04-03 03:41:32,842-Speed 63.44 samples/sec   Loss 0.0054   LearningRate 0.000906   Epoch: 18   Global Step: 26730   Fp16 Grad Scale: 2097152   Required: 150 hours
Training: 2025-04-03 03:41:53,076-Speed 63.26 samples/sec   Loss 0.0033   LearningRate 0.000906   Epoch: 18   Global Step: 26740   Fp16 Grad Scale: 2097152   Required: 150 hours
Training: 2025-04-03 03:42:13,394-Speed 63.00 samples/sec   Loss 0.0066   LearningRate 0.000906   Epoch: 18   Global Step: 26750   Fp16 Grad Scale: 2097152   Required: 150 hours
Training: 2025-04-03 03:42:33,636-Speed 63.24 samples/sec   Loss 0.0066   LearningRate 0.000906   Epoch: 18   Global Step: 26760   Fp16 Grad Scale: 2097152   Required: 150 hours
Training: 2025-04-03 03:42:53,869-Speed 63.26 samples/sec   Loss 0.0046   LearningRate 0.000906   Epoch: 18   Global Step: 26770   Fp16 Grad Scale: 2097152   Required: 150 hours
Training: 2025-04-03 03:43:14,174-Speed 63.04 samples/sec   Loss 0.0024   LearningRate 0.000906   Epoch: 18   Global Step: 26780   Fp16 Grad Scale: 2097152   Required: 150 hours
Training: 2025-04-03 03:43:34,334-Speed 63.49 samples/sec   Loss 0.0080   LearningRate 0.000906   Epoch: 18   Global Step: 26790   Fp16 Grad Scale: 2097152   Required: 150 hours
Training: 2025-04-03 03:43:54,623-Speed 63.09 samples/sec   Loss 0.0075   LearningRate 0.000906   Epoch: 18   Global Step: 26800   Fp16 Grad Scale: 2097152   Required: 150 hours
Training: 2025-04-03 03:44:14,856-Speed 63.27 samples/sec   Loss 0.0326   LearningRate 0.000906   Epoch: 18   Global Step: 26810   Fp16 Grad Scale: 2097152   Required: 150 hours
Training: 2025-04-03 03:44:35,188-Speed 62.96 samples/sec   Loss 0.0145   LearningRate 0.000906   Epoch: 18   Global Step: 26820   Fp16 Grad Scale: 2097152   Required: 150 hours
Training: 2025-04-03 03:44:55,431-Speed 63.23 samples/sec   Loss 0.0026   LearningRate 0.000906   Epoch: 18   Global Step: 26830   Fp16 Grad Scale: 2097152   Required: 150 hours
Training: 2025-04-03 03:45:15,615-Speed 63.42 samples/sec   Loss 0.0023   LearningRate 0.000906   Epoch: 18   Global Step: 26840   Fp16 Grad Scale: 2097152   Required: 150 hours
Training: 2025-04-03 03:45:36,896-Speed 60.15 samples/sec   Loss 0.0096   LearningRate 0.000906   Epoch: 18   Global Step: 26850   Fp16 Grad Scale: 2097152   Required: 150 hours
Training: 2025-04-03 03:45:57,727-Speed 61.45 samples/sec   Loss 0.0052   LearningRate 0.000906   Epoch: 18   Global Step: 26860   Fp16 Grad Scale: 2097152   Required: 150 hours
Training: 2025-04-03 03:46:17,987-Speed 63.18 samples/sec   Loss 0.0030   LearningRate 0.000906   Epoch: 18   Global Step: 26870   Fp16 Grad Scale: 2097152   Required: 150 hours
Training: 2025-04-03 03:46:38,182-Speed 63.38 samples/sec   Loss 0.0301   LearningRate 0.000906   Epoch: 18   Global Step: 26880   Fp16 Grad Scale: 2097152   Required: 150 hours
Training: 2025-04-03 03:46:58,379-Speed 63.38 samples/sec   Loss 0.0152   LearningRate 0.000906   Epoch: 18   Global Step: 26890   Fp16 Grad Scale: 4194304   Required: 150 hours
Training: 2025-04-03 03:47:18,578-Speed 63.37 samples/sec   Loss 0.0042   LearningRate 0.000906   Epoch: 18   Global Step: 26900   Fp16 Grad Scale: 4194304   Required: 150 hours
Training: 2025-04-03 03:47:38,759-Speed 63.43 samples/sec   Loss 0.0454   LearningRate 0.000906   Epoch: 18   Global Step: 26910   Fp16 Grad Scale: 2097152   Required: 150 hours
Training: 2025-04-03 03:47:58,997-Speed 63.25 samples/sec   Loss 0.0106   LearningRate 0.000906   Epoch: 18   Global Step: 26920   Fp16 Grad Scale: 1048576   Required: 150 hours
Training: 2025-04-03 03:48:19,193-Speed 63.38 samples/sec   Loss 0.0038   LearningRate 0.000906   Epoch: 18   Global Step: 26930   Fp16 Grad Scale: 1048576   Required: 150 hours
Training: 2025-04-03 03:48:39,413-Speed 63.30 samples/sec   Loss 0.0085   LearningRate 0.000906   Epoch: 18   Global Step: 26940   Fp16 Grad Scale: 1048576   Required: 150 hours
Training: 2025-04-03 03:48:59,613-Speed 63.37 samples/sec   Loss 0.0043   LearningRate 0.000906   Epoch: 18   Global Step: 26950   Fp16 Grad Scale: 1048576   Required: 150 hours
Training: 2025-04-03 03:49:19,784-Speed 63.46 samples/sec   Loss 0.0236   LearningRate 0.000905   Epoch: 18   Global Step: 26960   Fp16 Grad Scale: 1048576   Required: 150 hours
Training: 2025-04-03 03:49:39,952-Speed 63.47 samples/sec   Loss 0.0166   LearningRate 0.000905   Epoch: 18   Global Step: 26970   Fp16 Grad Scale: 1048576   Required: 150 hours
Training: 2025-04-03 03:50:00,143-Speed 63.40 samples/sec   Loss 0.0342   LearningRate 0.000905   Epoch: 18   Global Step: 26980   Fp16 Grad Scale: 1048576   Required: 150 hours
Training: 2025-04-03 03:50:20,398-Speed 63.20 samples/sec   Loss 0.0125   LearningRate 0.000905   Epoch: 18   Global Step: 26990   Fp16 Grad Scale: 1048576   Required: 150 hours
Training: 2025-04-03 03:50:42,408-Speed 58.16 samples/sec   Loss 0.0375   LearningRate 0.000905   Epoch: 18   Global Step: 27000   Fp16 Grad Scale: 1048576   Required: 150 hours
Training: 2025-04-03 03:51:02,603-Speed 63.39 samples/sec   Loss 0.0167   LearningRate 0.000905   Epoch: 18   Global Step: 27010   Fp16 Grad Scale: 1048576   Required: 150 hours
Training: 2025-04-03 03:51:22,782-Speed 63.43 samples/sec   Loss 0.0117   LearningRate 0.000905   Epoch: 18   Global Step: 27020   Fp16 Grad Scale: 2097152   Required: 150 hours
Training: 2025-04-03 03:51:42,932-Speed 63.52 samples/sec   Loss 0.0123   LearningRate 0.000905   Epoch: 18   Global Step: 27030   Fp16 Grad Scale: 2097152   Required: 150 hours
Training: 2025-04-03 03:52:03,215-Speed 63.11 samples/sec   Loss 0.0117   LearningRate 0.000905   Epoch: 18   Global Step: 27040   Fp16 Grad Scale: 2097152   Required: 150 hours
Training: 2025-04-03 03:52:23,482-Speed 63.16 samples/sec   Loss 0.0488   LearningRate 0.000905   Epoch: 18   Global Step: 27050   Fp16 Grad Scale: 2097152   Required: 150 hours
Training: 2025-04-03 03:52:43,813-Speed 62.96 samples/sec   Loss 0.0280   LearningRate 0.000905   Epoch: 18   Global Step: 27060   Fp16 Grad Scale: 2097152   Required: 150 hours
Training: 2025-04-03 03:53:04,045-Speed 63.27 samples/sec   Loss 0.0262   LearningRate 0.000905   Epoch: 18   Global Step: 27070   Fp16 Grad Scale: 1048576   Required: 150 hours
Training: 2025-04-03 03:53:24,274-Speed 63.27 samples/sec   Loss 0.0519   LearningRate 0.000905   Epoch: 18   Global Step: 27080   Fp16 Grad Scale: 1048576   Required: 150 hours
Training: 2025-04-03 03:53:43,399-Speed 66.93 samples/sec   Loss 0.0148   LearningRate 0.000905   Epoch: 18   Global Step: 27090   Fp16 Grad Scale: 1048576   Required: 150 hours
Training: 2025-04-03 03:54:06,822-Speed 54.65 samples/sec   Loss 0.0115   LearningRate 0.000905   Epoch: 19   Global Step: 27100   Fp16 Grad Scale: 1048576   Required: 150 hours
Training: 2025-04-03 03:54:26,994-Speed 63.46 samples/sec   Loss 0.0555   LearningRate 0.000905   Epoch: 19   Global Step: 27110   Fp16 Grad Scale: 1048576   Required: 150 hours
Training: 2025-04-03 03:54:47,308-Speed 63.01 samples/sec   Loss 0.0099   LearningRate 0.000905   Epoch: 19   Global Step: 27120   Fp16 Grad Scale: 1048576   Required: 150 hours
Training: 2025-04-03 03:55:07,504-Speed 63.38 samples/sec   Loss 0.0065   LearningRate 0.000905   Epoch: 19   Global Step: 27130   Fp16 Grad Scale: 1048576   Required: 150 hours
Training: 2025-04-03 03:55:27,714-Speed 63.34 samples/sec   Loss 0.0117   LearningRate 0.000905   Epoch: 19   Global Step: 27140   Fp16 Grad Scale: 1048576   Required: 150 hours
Training: 2025-04-03 03:55:49,657-Speed 58.33 samples/sec   Loss 0.0062   LearningRate 0.000905   Epoch: 19   Global Step: 27150   Fp16 Grad Scale: 1048576   Required: 150 hours
Training: 2025-04-03 03:56:09,929-Speed 63.14 samples/sec   Loss 0.0074   LearningRate 0.000905   Epoch: 19   Global Step: 27160   Fp16 Grad Scale: 1048576   Required: 150 hours
Training: 2025-04-03 03:56:30,153-Speed 63.30 samples/sec   Loss 0.0050   LearningRate 0.000905   Epoch: 19   Global Step: 27170   Fp16 Grad Scale: 2097152   Required: 150 hours
Training: 2025-04-03 03:56:50,330-Speed 63.44 samples/sec   Loss 0.0046   LearningRate 0.000905   Epoch: 19   Global Step: 27180   Fp16 Grad Scale: 2097152   Required: 149 hours
Training: 2025-04-03 03:57:10,573-Speed 63.23 samples/sec   Loss 0.0052   LearningRate 0.000905   Epoch: 19   Global Step: 27190   Fp16 Grad Scale: 2097152   Required: 149 hours
Training: 2025-04-03 03:57:30,855-Speed 63.11 samples/sec   Loss 0.0040   LearningRate 0.000905   Epoch: 19   Global Step: 27200   Fp16 Grad Scale: 2097152   Required: 149 hours
Training: 2025-04-03 03:57:51,085-Speed 63.27 samples/sec   Loss 0.0033   LearningRate 0.000905   Epoch: 19   Global Step: 27210   Fp16 Grad Scale: 2097152   Required: 149 hours
Training: 2025-04-03 03:58:11,320-Speed 63.26 samples/sec   Loss 0.0563   LearningRate 0.000905   Epoch: 19   Global Step: 27220   Fp16 Grad Scale: 2097152   Required: 149 hours
Training: 2025-04-03 03:58:31,632-Speed 63.02 samples/sec   Loss 0.0071   LearningRate 0.000905   Epoch: 19   Global Step: 27230   Fp16 Grad Scale: 2097152   Required: 149 hours
Training: 2025-04-03 03:58:51,836-Speed 63.35 samples/sec   Loss 0.0141   LearningRate 0.000904   Epoch: 19   Global Step: 27240   Fp16 Grad Scale: 1048576   Required: 149 hours
Training: 2025-04-03 03:59:12,057-Speed 63.30 samples/sec   Loss 0.0047   LearningRate 0.000904   Epoch: 19   Global Step: 27250   Fp16 Grad Scale: 1048576   Required: 149 hours
Training: 2025-04-03 03:59:32,386-Speed 62.97 samples/sec   Loss 0.0186   LearningRate 0.000904   Epoch: 19   Global Step: 27260   Fp16 Grad Scale: 1048576   Required: 149 hours
Training: 2025-04-03 03:59:52,671-Speed 63.10 samples/sec   Loss 0.0044   LearningRate 0.000904   Epoch: 19   Global Step: 27270   Fp16 Grad Scale: 1048576   Required: 149 hours
Training: 2025-04-03 04:00:12,854-Speed 63.42 samples/sec   Loss 0.0043   LearningRate 0.000904   Epoch: 19   Global Step: 27280   Fp16 Grad Scale: 1048576   Required: 149 hours
Training: 2025-04-03 04:00:33,159-Speed 63.04 samples/sec   Loss 0.0099   LearningRate 0.000904   Epoch: 19   Global Step: 27290   Fp16 Grad Scale: 1048576   Required: 149 hours
Training: 2025-04-03 04:00:55,290-Speed 57.84 samples/sec   Loss 0.0063   LearningRate 0.000904   Epoch: 19   Global Step: 27300   Fp16 Grad Scale: 524288   Required: 149 hours
Training: 2025-04-03 04:01:15,602-Speed 63.02 samples/sec   Loss 0.0031   LearningRate 0.000904   Epoch: 19   Global Step: 27310   Fp16 Grad Scale: 524288   Required: 149 hours
Training: 2025-04-03 04:01:35,812-Speed 63.33 samples/sec   Loss 0.0224   LearningRate 0.000904   Epoch: 19   Global Step: 27320   Fp16 Grad Scale: 524288   Required: 149 hours
Training: 2025-04-03 04:01:56,120-Speed 63.03 samples/sec   Loss 0.0131   LearningRate 0.000904   Epoch: 19   Global Step: 27330   Fp16 Grad Scale: 524288   Required: 149 hours
Training: 2025-04-03 04:02:16,312-Speed 63.39 samples/sec   Loss 0.0076   LearningRate 0.000904   Epoch: 19   Global Step: 27340   Fp16 Grad Scale: 524288   Required: 149 hours
Training: 2025-04-03 04:02:36,477-Speed 63.48 samples/sec   Loss 0.0048   LearningRate 0.000904   Epoch: 19   Global Step: 27350   Fp16 Grad Scale: 524288   Required: 149 hours
Training: 2025-04-03 04:02:56,670-Speed 63.39 samples/sec   Loss 0.0037   LearningRate 0.000904   Epoch: 19   Global Step: 27360   Fp16 Grad Scale: 524288   Required: 149 hours
Training: 2025-04-03 04:03:16,885-Speed 63.32 samples/sec   Loss 0.0052   LearningRate 0.000904   Epoch: 19   Global Step: 27370   Fp16 Grad Scale: 524288   Required: 149 hours
Training: 2025-04-03 04:03:37,034-Speed 63.53 samples/sec   Loss 0.0020   LearningRate 0.000904   Epoch: 19   Global Step: 27380   Fp16 Grad Scale: 524288   Required: 149 hours
Training: 2025-04-03 04:03:57,236-Speed 63.36 samples/sec   Loss 0.0025   LearningRate 0.000904   Epoch: 19   Global Step: 27390   Fp16 Grad Scale: 524288   Required: 149 hours
Training: 2025-04-03 04:04:17,469-Speed 63.27 samples/sec   Loss 0.0345   LearningRate 0.000904   Epoch: 19   Global Step: 27400   Fp16 Grad Scale: 1048576   Required: 149 hours
Training: 2025-04-03 04:04:37,647-Speed 63.44 samples/sec   Loss 0.0083   LearningRate 0.000904   Epoch: 19   Global Step: 27410   Fp16 Grad Scale: 1048576   Required: 149 hours
Training: 2025-04-03 04:04:57,832-Speed 63.41 samples/sec   Loss 0.0057   LearningRate 0.000904   Epoch: 19   Global Step: 27420   Fp16 Grad Scale: 1048576   Required: 149 hours
Training: 2025-04-03 04:05:18,059-Speed 63.29 samples/sec   Loss 0.0031   LearningRate 0.000904   Epoch: 19   Global Step: 27430   Fp16 Grad Scale: 1048576   Required: 149 hours
Training: 2025-04-03 04:05:38,261-Speed 63.36 samples/sec   Loss 0.0392   LearningRate 0.000904   Epoch: 19   Global Step: 27440   Fp16 Grad Scale: 1048576   Required: 149 hours
Training: 2025-04-03 04:06:00,374-Speed 57.89 samples/sec   Loss 0.0088   LearningRate 0.000904   Epoch: 19   Global Step: 27450   Fp16 Grad Scale: 1048576   Required: 149 hours
Training: 2025-04-03 04:06:20,548-Speed 63.45 samples/sec   Loss 0.0119   LearningRate 0.000904   Epoch: 19   Global Step: 27460   Fp16 Grad Scale: 1048576   Required: 149 hours
Training: 2025-04-03 04:06:40,753-Speed 63.35 samples/sec   Loss 0.0099   LearningRate 0.000904   Epoch: 19   Global Step: 27470   Fp16 Grad Scale: 1048576   Required: 149 hours
Training: 2025-04-03 04:07:00,946-Speed 63.39 samples/sec   Loss 0.0123   LearningRate 0.000904   Epoch: 19   Global Step: 27480   Fp16 Grad Scale: 1048576   Required: 149 hours
Training: 2025-04-03 04:07:21,171-Speed 63.29 samples/sec   Loss 0.0059   LearningRate 0.000904   Epoch: 19   Global Step: 27490   Fp16 Grad Scale: 1048576   Required: 149 hours
Training: 2025-04-03 04:07:41,387-Speed 63.32 samples/sec   Loss 0.0325   LearningRate 0.000904   Epoch: 19   Global Step: 27500   Fp16 Grad Scale: 2097152   Required: 149 hours
Training: 2025-04-03 04:08:01,610-Speed 63.30 samples/sec   Loss 0.0028   LearningRate 0.000904   Epoch: 19   Global Step: 27510   Fp16 Grad Scale: 2097152   Required: 149 hours
Training: 2025-04-03 04:08:21,813-Speed 63.36 samples/sec   Loss 0.0039   LearningRate 0.000904   Epoch: 19   Global Step: 27520   Fp16 Grad Scale: 2097152   Required: 149 hours
Training: 2025-04-03 04:08:41,983-Speed 63.47 samples/sec   Loss 0.0048   LearningRate 0.000903   Epoch: 19   Global Step: 27530   Fp16 Grad Scale: 2097152   Required: 149 hours
Training: 2025-04-03 04:09:02,176-Speed 63.39 samples/sec   Loss 0.0024   LearningRate 0.000903   Epoch: 19   Global Step: 27540   Fp16 Grad Scale: 2097152   Required: 149 hours
Training: 2025-04-03 04:09:22,382-Speed 63.35 samples/sec   Loss 0.0092   LearningRate 0.000903   Epoch: 19   Global Step: 27550   Fp16 Grad Scale: 2097152   Required: 149 hours
Training: 2025-04-03 04:09:42,589-Speed 63.35 samples/sec   Loss 0.0047   LearningRate 0.000903   Epoch: 19   Global Step: 27560   Fp16 Grad Scale: 2097152   Required: 149 hours
Training: 2025-04-03 04:10:02,911-Speed 62.99 samples/sec   Loss 0.0044   LearningRate 0.000903   Epoch: 19   Global Step: 27570   Fp16 Grad Scale: 2097152   Required: 149 hours
Training: 2025-04-03 04:10:23,116-Speed 63.35 samples/sec   Loss 0.0147   LearningRate 0.000903   Epoch: 19   Global Step: 27580   Fp16 Grad Scale: 1048576   Required: 149 hours
Training: 2025-04-03 04:10:43,345-Speed 63.28 samples/sec   Loss 0.0034   LearningRate 0.000903   Epoch: 19   Global Step: 27590   Fp16 Grad Scale: 1048576   Required: 149 hours
Training: 2025-04-03 04:11:05,534-Speed 57.69 samples/sec   Loss 0.0035   LearningRate 0.000903   Epoch: 19   Global Step: 27600   Fp16 Grad Scale: 1048576   Required: 149 hours
Training: 2025-04-03 04:11:25,722-Speed 63.41 samples/sec   Loss 0.0036   LearningRate 0.000903   Epoch: 19   Global Step: 27610   Fp16 Grad Scale: 1048576   Required: 149 hours
Training: 2025-04-03 04:11:45,889-Speed 63.47 samples/sec   Loss 0.0084   LearningRate 0.000903   Epoch: 19   Global Step: 27620   Fp16 Grad Scale: 1048576   Required: 149 hours
Training: 2025-04-03 04:12:06,054-Speed 63.48 samples/sec   Loss 0.0071   LearningRate 0.000903   Epoch: 19   Global Step: 27630   Fp16 Grad Scale: 1048576   Required: 149 hours
Training: 2025-04-03 04:12:26,301-Speed 63.22 samples/sec   Loss 0.0845   LearningRate 0.000903   Epoch: 19   Global Step: 27640   Fp16 Grad Scale: 1048576   Required: 149 hours
Training: 2025-04-03 04:12:46,446-Speed 63.54 samples/sec   Loss 0.0189   LearningRate 0.000903   Epoch: 19   Global Step: 27650   Fp16 Grad Scale: 1048576   Required: 149 hours
Training: 2025-04-03 04:13:06,732-Speed 63.10 samples/sec   Loss 0.0767   LearningRate 0.000903   Epoch: 19   Global Step: 27660   Fp16 Grad Scale: 1048576   Required: 149 hours
Training: 2025-04-03 04:13:26,909-Speed 63.44 samples/sec   Loss 0.0787   LearningRate 0.000903   Epoch: 19   Global Step: 27670   Fp16 Grad Scale: 1048576   Required: 149 hours
Training: 2025-04-03 04:13:47,095-Speed 63.41 samples/sec   Loss 0.0984   LearningRate 0.000903   Epoch: 19   Global Step: 27680   Fp16 Grad Scale: 2097152   Required: 149 hours
Training: 2025-04-03 04:14:07,281-Speed 63.41 samples/sec   Loss 0.0071   LearningRate 0.000903   Epoch: 19   Global Step: 27690   Fp16 Grad Scale: 2097152   Required: 149 hours
Training: 2025-04-03 04:14:27,487-Speed 63.35 samples/sec   Loss 0.0083   LearningRate 0.000903   Epoch: 19   Global Step: 27700   Fp16 Grad Scale: 2097152   Required: 149 hours
Training: 2025-04-03 04:14:47,784-Speed 63.06 samples/sec   Loss 0.0154   LearningRate 0.000903   Epoch: 19   Global Step: 27710   Fp16 Grad Scale: 2097152   Required: 149 hours
Training: 2025-04-03 04:15:07,961-Speed 63.44 samples/sec   Loss 0.0212   LearningRate 0.000903   Epoch: 19   Global Step: 27720   Fp16 Grad Scale: 1048576   Required: 149 hours
Training: 2025-04-03 04:15:28,171-Speed 63.34 samples/sec   Loss 0.0097   LearningRate 0.000903   Epoch: 19   Global Step: 27730   Fp16 Grad Scale: 1048576   Required: 149 hours
Training: 2025-04-03 04:15:48,466-Speed 63.07 samples/sec   Loss 0.0055   LearningRate 0.000903   Epoch: 19   Global Step: 27740   Fp16 Grad Scale: 1048576   Required: 149 hours
Training: 2025-04-03 04:16:10,451-Speed 58.22 samples/sec   Loss 0.0072   LearningRate 0.000903   Epoch: 19   Global Step: 27750   Fp16 Grad Scale: 1048576   Required: 149 hours
Training: 2025-04-03 04:16:30,649-Speed 63.39 samples/sec   Loss 0.0091   LearningRate 0.000903   Epoch: 19   Global Step: 27760   Fp16 Grad Scale: 1048576   Required: 149 hours
Training: 2025-04-03 04:16:50,975-Speed 62.98 samples/sec   Loss 0.0089   LearningRate 0.000903   Epoch: 19   Global Step: 27770   Fp16 Grad Scale: 1048576   Required: 149 hours
Training: 2025-04-03 04:17:11,131-Speed 63.51 samples/sec   Loss 0.0178   LearningRate 0.000903   Epoch: 19   Global Step: 27780   Fp16 Grad Scale: 1048576   Required: 149 hours
Training: 2025-04-03 04:17:31,321-Speed 63.40 samples/sec   Loss 0.0165   LearningRate 0.000903   Epoch: 19   Global Step: 27790   Fp16 Grad Scale: 1048576   Required: 149 hours
Training: 2025-04-03 04:17:51,627-Speed 63.04 samples/sec   Loss 0.0163   LearningRate 0.000903   Epoch: 19   Global Step: 27800   Fp16 Grad Scale: 1048576   Required: 149 hours
Training: 2025-04-03 04:18:11,832-Speed 63.35 samples/sec   Loss 0.0066   LearningRate 0.000902   Epoch: 19   Global Step: 27810   Fp16 Grad Scale: 1048576   Required: 149 hours
Training: 2025-04-03 04:18:32,084-Speed 63.21 samples/sec   Loss 0.0057   LearningRate 0.000902   Epoch: 19   Global Step: 27820   Fp16 Grad Scale: 2097152   Required: 149 hours
Training: 2025-04-03 04:18:52,408-Speed 62.98 samples/sec   Loss 0.0075   LearningRate 0.000902   Epoch: 19   Global Step: 27830   Fp16 Grad Scale: 2097152   Required: 149 hours
Training: 2025-04-03 04:19:12,656-Speed 63.22 samples/sec   Loss 0.0036   LearningRate 0.000902   Epoch: 19   Global Step: 27840   Fp16 Grad Scale: 2097152   Required: 149 hours
Training: 2025-04-03 04:19:32,935-Speed 63.12 samples/sec   Loss 0.0434   LearningRate 0.000902   Epoch: 19   Global Step: 27850   Fp16 Grad Scale: 2097152   Required: 149 hours
Training: 2025-04-03 04:19:53,206-Speed 63.15 samples/sec   Loss 0.0098   LearningRate 0.000902   Epoch: 19   Global Step: 27860   Fp16 Grad Scale: 2097152   Required: 149 hours
Training: 2025-04-03 04:20:13,426-Speed 63.31 samples/sec   Loss 0.0529   LearningRate 0.000902   Epoch: 19   Global Step: 27870   Fp16 Grad Scale: 1048576   Required: 149 hours
Training: 2025-04-03 04:20:33,629-Speed 63.36 samples/sec   Loss 0.0132   LearningRate 0.000902   Epoch: 19   Global Step: 27880   Fp16 Grad Scale: 1048576   Required: 149 hours
Training: 2025-04-03 04:20:53,885-Speed 63.20 samples/sec   Loss 0.0201   LearningRate 0.000902   Epoch: 19   Global Step: 27890   Fp16 Grad Scale: 1048576   Required: 149 hours
Training: 2025-04-03 04:21:16,098-Speed 57.62 samples/sec   Loss 0.0470   LearningRate 0.000902   Epoch: 19   Global Step: 27900   Fp16 Grad Scale: 1048576   Required: 149 hours
Training: 2025-04-03 04:21:36,318-Speed 63.31 samples/sec   Loss 0.0195   LearningRate 0.000902   Epoch: 19   Global Step: 27910   Fp16 Grad Scale: 1048576   Required: 149 hours
Training: 2025-04-03 04:21:56,554-Speed 63.26 samples/sec   Loss 0.0140   LearningRate 0.000902   Epoch: 19   Global Step: 27920   Fp16 Grad Scale: 1048576   Required: 149 hours
Training: 2025-04-03 04:22:16,808-Speed 63.20 samples/sec   Loss 0.0284   LearningRate 0.000902   Epoch: 19   Global Step: 27930   Fp16 Grad Scale: 1048576   Required: 149 hours
Training: 2025-04-03 04:22:37,046-Speed 63.25 samples/sec   Loss 0.0114   LearningRate 0.000902   Epoch: 19   Global Step: 27940   Fp16 Grad Scale: 1048576   Required: 149 hours
Training: 2025-04-03 04:22:57,264-Speed 63.31 samples/sec   Loss 0.0182   LearningRate 0.000902   Epoch: 19   Global Step: 27950   Fp16 Grad Scale: 1048576   Required: 149 hours
Training: 2025-04-03 04:23:17,438-Speed 63.45 samples/sec   Loss 0.0139   LearningRate 0.000902   Epoch: 19   Global Step: 27960   Fp16 Grad Scale: 1048576   Required: 149 hours
Training: 2025-04-03 04:23:37,659-Speed 63.30 samples/sec   Loss 0.0049   LearningRate 0.000902   Epoch: 19   Global Step: 27970   Fp16 Grad Scale: 2097152   Required: 149 hours
Training: 2025-04-03 04:23:57,867-Speed 63.34 samples/sec   Loss 0.0041   LearningRate 0.000902   Epoch: 19   Global Step: 27980   Fp16 Grad Scale: 2097152   Required: 149 hours
Training: 2025-04-03 04:24:18,081-Speed 63.32 samples/sec   Loss 0.0066   LearningRate 0.000902   Epoch: 19   Global Step: 27990   Fp16 Grad Scale: 2097152   Required: 149 hours
Training: 2025-04-03 04:24:38,300-Speed 63.31 samples/sec   Loss 0.0046   LearningRate 0.000902   Epoch: 19   Global Step: 28000   Fp16 Grad Scale: 2097152   Required: 149 hours
net_out.shape: torch.Size([128, 512])
net_out.shape: torch.Size([128, 512])
net_out.shape: torch.Size([128, 512])
net_out.shape: torch.Size([128, 512])
net_out.shape: torch.Size([128, 512])
net_out.shape: torch.Size([128, 512])
net_out.shape: torch.Size([128, 512])
net_out.shape: torch.Size([128, 512])
net_out.shape: torch.Size([128, 512])
net_out.shape: torch.Size([128, 512])
net_out.shape: torch.Size([128, 512])
net_out.shape: torch.Size([128, 512])
net_out.shape: torch.Size([128, 512])
net_out.shape: torch.Size([128, 512])
net_out.shape: torch.Size([128, 512])
net_out.shape: torch.Size([128, 512])
net_out.shape: torch.Size([128, 512])
net_out.shape: torch.Size([128, 512])
net_out.shape: torch.Size([128, 512])
net_out.shape: torch.Size([128, 512])
net_out.shape: torch.Size([128, 512])
net_out.shape: torch.Size([128, 512])
net_out.shape: torch.Size([128, 512])
net_out.shape: torch.Size([128, 512])
net_out.shape: torch.Size([128, 512])
net_out.shape: torch.Size([128, 512])
net_out.shape: torch.Size([128, 512])
net_out.shape: torch.Size([128, 512])
net_out.shape: torch.Size([128, 512])
net_out.shape: torch.Size([128, 512])
net_out.shape: torch.Size([128, 512])
net_out.shape: torch.Size([128, 512])
net_out.shape: torch.Size([128, 512])
net_out.shape: torch.Size([128, 512])
net_out.shape: torch.Size([128, 512])
net_out.shape: torch.Size([128, 512])
net_out.shape: torch.Size([128, 512])
net_out.shape: torch.Size([128, 512])
net_out.shape: torch.Size([128, 512])
net_out.shape: torch.Size([128, 512])
net_out.shape: torch.Size([128, 512])
net_out.shape: torch.Size([128, 512])
net_out.shape: torch.Size([128, 512])
net_out.shape: torch.Size([128, 512])
net_out.shape: torch.Size([128, 512])
net_out.shape: torch.Size([128, 512])
net_out.shape: torch.Size([128, 512])
net_out.shape: torch.Size([128, 512])
net_out.shape: torch.Size([128, 512])
net_out.shape: torch.Size([128, 512])
net_out.shape: torch.Size([128, 512])
net_out.shape: torch.Size([128, 512])
net_out.shape: torch.Size([128, 512])
net_out.shape: torch.Size([128, 512])
net_out.shape: torch.Size([128, 512])
net_out.shape: torch.Size([128, 512])
net_out.shape: torch.Size([128, 512])
net_out.shape: torch.Size([128, 512])
net_out.shape: torch.Size([128, 512])
net_out.shape: torch.Size([128, 512])
net_out.shape: torch.Size([128, 512])
net_out.shape: torch.Size([128, 512])
net_out.shape: torch.Size([128, 512])
net_out.shape: torch.Size([128, 512])
Training: 2025-04-03 04:25:48,983-[val][Global step: 28000] d prime: 7.32273530960083
Model saved with d prime score: 7.397576332092285
Training: 2025-04-03 04:26:12,929-Speed 13.53 samples/sec   Loss 0.0052   LearningRate 0.000902   Epoch: 19   Global Step: 28010   Fp16 Grad Scale: 2097152   Required: 149 hours
Training: 2025-04-03 04:26:33,205-Speed 63.13 samples/sec   Loss 0.0080   LearningRate 0.000902   Epoch: 19   Global Step: 28020   Fp16 Grad Scale: 2097152   Required: 149 hours
Training: 2025-04-03 04:26:53,431-Speed 63.29 samples/sec   Loss 0.0087   LearningRate 0.000902   Epoch: 19   Global Step: 28030   Fp16 Grad Scale: 2097152   Required: 149 hours
Training: 2025-04-03 04:27:13,722-Speed 63.08 samples/sec   Loss 0.0286   LearningRate 0.000902   Epoch: 19   Global Step: 28040   Fp16 Grad Scale: 2097152   Required: 149 hours
Training: 2025-04-03 04:27:33,925-Speed 63.36 samples/sec   Loss 0.0054   LearningRate 0.000902   Epoch: 19   Global Step: 28050   Fp16 Grad Scale: 2097152   Required: 149 hours
Training: 2025-04-03 04:27:54,174-Speed 63.22 samples/sec   Loss 0.0090   LearningRate 0.000902   Epoch: 19   Global Step: 28060   Fp16 Grad Scale: 2097152   Required: 149 hours
Training: 2025-04-03 04:28:14,341-Speed 63.47 samples/sec   Loss 0.0063   LearningRate 0.000902   Epoch: 19   Global Step: 28070   Fp16 Grad Scale: 4194304   Required: 149 hours
Training: 2025-04-03 04:28:34,578-Speed 63.25 samples/sec   Loss 0.0027   LearningRate 0.000902   Epoch: 19   Global Step: 28080   Fp16 Grad Scale: 4194304   Required: 149 hours
Training: 2025-04-03 04:28:54,724-Speed 63.54 samples/sec   Loss 0.0424   LearningRate 0.000902   Epoch: 19   Global Step: 28090   Fp16 Grad Scale: 4194304   Required: 149 hours
Training: 2025-04-03 04:29:14,890-Speed 63.47 samples/sec   Loss 0.0146   LearningRate 0.000901   Epoch: 19   Global Step: 28100   Fp16 Grad Scale: 4194304   Required: 149 hours
Training: 2025-04-03 04:29:35,079-Speed 63.40 samples/sec   Loss 0.0044   LearningRate 0.000901   Epoch: 19   Global Step: 28110   Fp16 Grad Scale: 4194304   Required: 149 hours
Training: 2025-04-03 04:29:55,302-Speed 63.30 samples/sec   Loss 0.0088   LearningRate 0.000901   Epoch: 19   Global Step: 28120   Fp16 Grad Scale: 4194304   Required: 149 hours
Training: 2025-04-03 04:30:15,486-Speed 63.42 samples/sec   Loss 0.0092   LearningRate 0.000901   Epoch: 19   Global Step: 28130   Fp16 Grad Scale: 4194304   Required: 149 hours
Training: 2025-04-03 04:30:35,616-Speed 63.59 samples/sec   Loss 0.0017   LearningRate 0.000901   Epoch: 19   Global Step: 28140   Fp16 Grad Scale: 4194304   Required: 149 hours
Training: 2025-04-03 04:30:55,787-Speed 63.46 samples/sec   Loss 0.0928   LearningRate 0.000901   Epoch: 19   Global Step: 28150   Fp16 Grad Scale: 2097152   Required: 149 hours
Training: 2025-04-03 04:31:17,873-Speed 57.96 samples/sec   Loss 0.0150   LearningRate 0.000901   Epoch: 19   Global Step: 28160   Fp16 Grad Scale: 2097152   Required: 149 hours
Training: 2025-04-03 04:31:38,028-Speed 63.51 samples/sec   Loss 0.0067   LearningRate 0.000901   Epoch: 19   Global Step: 28170   Fp16 Grad Scale: 2097152   Required: 149 hours
Training: 2025-04-03 04:31:58,181-Speed 63.51 samples/sec   Loss 0.0077   LearningRate 0.000901   Epoch: 19   Global Step: 28180   Fp16 Grad Scale: 2097152   Required: 149 hours
Training: 2025-04-03 04:32:18,390-Speed 63.34 samples/sec   Loss 0.0038   LearningRate 0.000901   Epoch: 19   Global Step: 28190   Fp16 Grad Scale: 2097152   Required: 149 hours
Training: 2025-04-03 04:32:38,592-Speed 63.36 samples/sec   Loss 0.0039   LearningRate 0.000901   Epoch: 19   Global Step: 28200   Fp16 Grad Scale: 2097152   Required: 149 hours
Training: 2025-04-03 04:32:58,740-Speed 63.53 samples/sec   Loss 0.0065   LearningRate 0.000901   Epoch: 19   Global Step: 28210   Fp16 Grad Scale: 2097152   Required: 149 hours
Training: 2025-04-03 04:33:18,942-Speed 63.36 samples/sec   Loss 0.0622   LearningRate 0.000901   Epoch: 19   Global Step: 28220   Fp16 Grad Scale: 2097152   Required: 149 hours
Training: 2025-04-03 04:33:39,130-Speed 63.41 samples/sec   Loss 0.0583   LearningRate 0.000901   Epoch: 19   Global Step: 28230   Fp16 Grad Scale: 2097152   Required: 149 hours
Training: 2025-04-03 04:33:59,281-Speed 63.52 samples/sec   Loss 0.0128   LearningRate 0.000901   Epoch: 19   Global Step: 28240   Fp16 Grad Scale: 2097152   Required: 149 hours
Training: 2025-04-03 04:34:19,498-Speed 63.31 samples/sec   Loss 0.0093   LearningRate 0.000901   Epoch: 19   Global Step: 28250   Fp16 Grad Scale: 4194304   Required: 149 hours
Training: 2025-04-03 04:34:39,666-Speed 63.47 samples/sec   Loss 0.0054   LearningRate 0.000901   Epoch: 19   Global Step: 28260   Fp16 Grad Scale: 4194304   Required: 149 hours
Training: 2025-04-03 04:34:59,871-Speed 63.35 samples/sec   Loss 0.0063   LearningRate 0.000901   Epoch: 19   Global Step: 28270   Fp16 Grad Scale: 4194304   Required: 149 hours
Training: 2025-04-03 04:35:20,202-Speed 62.96 samples/sec   Loss 0.0058   LearningRate 0.000901   Epoch: 19   Global Step: 28280   Fp16 Grad Scale: 4194304   Required: 149 hours
Training: 2025-04-03 04:35:40,350-Speed 63.53 samples/sec   Loss 0.0030   LearningRate 0.000901   Epoch: 19   Global Step: 28290   Fp16 Grad Scale: 4194304   Required: 149 hours
Training: 2025-04-03 04:36:00,582-Speed 63.27 samples/sec   Loss 0.0056   LearningRate 0.000901   Epoch: 19   Global Step: 28300   Fp16 Grad Scale: 4194304   Required: 149 hours
Training: 2025-04-03 04:36:22,903-Speed 57.35 samples/sec   Loss 0.0215   LearningRate 0.000901   Epoch: 19   Global Step: 28310   Fp16 Grad Scale: 1048576   Required: 149 hours
Training: 2025-04-03 04:36:43,098-Speed 63.39 samples/sec   Loss 0.0033   LearningRate 0.000901   Epoch: 19   Global Step: 28320   Fp16 Grad Scale: 1048576   Required: 149 hours
Training: 2025-04-03 04:37:03,307-Speed 63.34 samples/sec   Loss 0.0080   LearningRate 0.000901   Epoch: 19   Global Step: 28330   Fp16 Grad Scale: 1048576   Required: 149 hours
Training: 2025-04-03 04:37:23,486-Speed 63.43 samples/sec   Loss 0.0110   LearningRate 0.000901   Epoch: 19   Global Step: 28340   Fp16 Grad Scale: 1048576   Required: 149 hours
Training: 2025-04-03 04:37:43,688-Speed 63.36 samples/sec   Loss 0.0042   LearningRate 0.000901   Epoch: 19   Global Step: 28350   Fp16 Grad Scale: 1048576   Required: 149 hours
Training: 2025-04-03 04:38:03,895-Speed 63.35 samples/sec   Loss 0.0034   LearningRate 0.000901   Epoch: 19   Global Step: 28360   Fp16 Grad Scale: 1048576   Required: 149 hours
Training: 2025-04-03 04:38:24,133-Speed 63.25 samples/sec   Loss 0.0028   LearningRate 0.000901   Epoch: 19   Global Step: 28370   Fp16 Grad Scale: 1048576   Required: 149 hours
Training: 2025-04-03 04:38:44,267-Speed 63.58 samples/sec   Loss 0.0057   LearningRate 0.000900   Epoch: 19   Global Step: 28380   Fp16 Grad Scale: 1048576   Required: 149 hours
Training: 2025-04-03 04:39:04,438-Speed 63.46 samples/sec   Loss 0.0028   LearningRate 0.000900   Epoch: 19   Global Step: 28390   Fp16 Grad Scale: 1048576   Required: 149 hours
Training: 2025-04-03 04:39:24,605-Speed 63.47 samples/sec   Loss 0.0032   LearningRate 0.000900   Epoch: 19   Global Step: 28400   Fp16 Grad Scale: 1048576   Required: 149 hours
Training: 2025-04-03 04:39:44,917-Speed 63.02 samples/sec   Loss 0.0027   LearningRate 0.000900   Epoch: 19   Global Step: 28410   Fp16 Grad Scale: 2097152   Required: 149 hours
Training: 2025-04-03 04:40:05,109-Speed 63.39 samples/sec   Loss 0.0084   LearningRate 0.000900   Epoch: 19   Global Step: 28420   Fp16 Grad Scale: 2097152   Required: 149 hours
Training: 2025-04-03 04:40:25,334-Speed 63.29 samples/sec   Loss 0.0028   LearningRate 0.000900   Epoch: 19   Global Step: 28430   Fp16 Grad Scale: 2097152   Required: 149 hours
Training: 2025-04-03 04:40:45,572-Speed 63.25 samples/sec   Loss 0.0015   LearningRate 0.000900   Epoch: 19   Global Step: 28440   Fp16 Grad Scale: 2097152   Required: 149 hours
Training: 2025-04-03 04:41:05,881-Speed 63.03 samples/sec   Loss 0.0013   LearningRate 0.000900   Epoch: 19   Global Step: 28450   Fp16 Grad Scale: 2097152   Required: 149 hours
Training: 2025-04-03 04:41:28,129-Speed 57.53 samples/sec   Loss 0.0042   LearningRate 0.000900   Epoch: 19   Global Step: 28460   Fp16 Grad Scale: 2097152   Required: 149 hours
Training: 2025-04-03 04:41:48,285-Speed 63.51 samples/sec   Loss 0.0019   LearningRate 0.000900   Epoch: 19   Global Step: 28470   Fp16 Grad Scale: 2097152   Required: 149 hours
Training: 2025-04-03 04:42:08,561-Speed 63.13 samples/sec   Loss 0.0070   LearningRate 0.000900   Epoch: 19   Global Step: 28480   Fp16 Grad Scale: 2097152   Required: 149 hours
Training: 2025-04-03 04:42:28,697-Speed 63.57 samples/sec   Loss 0.0014   LearningRate 0.000900   Epoch: 19   Global Step: 28490   Fp16 Grad Scale: 2097152   Required: 149 hours
Training: 2025-04-03 04:42:48,871-Speed 63.45 samples/sec   Loss 0.0026   LearningRate 0.000900   Epoch: 19   Global Step: 28500   Fp16 Grad Scale: 2097152   Required: 149 hours
Training: 2025-04-03 04:43:09,208-Speed 62.94 samples/sec   Loss 0.0197   LearningRate 0.000900   Epoch: 19   Global Step: 28510   Fp16 Grad Scale: 2097152   Required: 149 hours
Training: 2025-04-03 04:43:27,625-Speed 69.50 samples/sec   Loss 0.0032   LearningRate 0.000900   Epoch: 19   Global Step: 28520   Fp16 Grad Scale: 2097152   Required: 149 hours
Training: 2025-04-03 04:43:52,090-Speed 52.32 samples/sec   Loss 0.0026   LearningRate 0.000900   Epoch: 20   Global Step: 28530   Fp16 Grad Scale: 2097152   Required: 149 hours
Training: 2025-04-03 04:44:12,304-Speed 63.32 samples/sec   Loss 0.0008   LearningRate 0.000900   Epoch: 20   Global Step: 28540   Fp16 Grad Scale: 2097152   Required: 149 hours
Training: 2025-04-03 04:44:32,609-Speed 63.04 samples/sec   Loss 0.0013   LearningRate 0.000900   Epoch: 20   Global Step: 28550   Fp16 Grad Scale: 2097152   Required: 149 hours
Training: 2025-04-03 04:44:52,891-Speed 63.11 samples/sec   Loss 0.0008   LearningRate 0.000900   Epoch: 20   Global Step: 28560   Fp16 Grad Scale: 2097152   Required: 149 hours
Training: 2025-04-03 04:45:13,208-Speed 63.00 samples/sec   Loss 0.0005   LearningRate 0.000900   Epoch: 20   Global Step: 28570   Fp16 Grad Scale: 2097152   Required: 149 hours
Training: 2025-04-03 04:45:33,438-Speed 63.28 samples/sec   Loss 0.0055   LearningRate 0.000900   Epoch: 20   Global Step: 28580   Fp16 Grad Scale: 2097152   Required: 149 hours
Training: 2025-04-03 04:45:53,661-Speed 63.29 samples/sec   Loss 0.0010   LearningRate 0.000900   Epoch: 20   Global Step: 28590   Fp16 Grad Scale: 2097152   Required: 149 hours
Training: 2025-04-03 04:46:13,924-Speed 63.17 samples/sec   Loss 0.0010   LearningRate 0.000900   Epoch: 20   Global Step: 28600   Fp16 Grad Scale: 2097152   Required: 149 hours
Training: 2025-04-03 04:46:36,118-Speed 57.68 samples/sec   Loss 0.0011   LearningRate 0.000900   Epoch: 20   Global Step: 28610   Fp16 Grad Scale: 4194304   Required: 149 hours
Training: 2025-04-03 04:46:56,309-Speed 63.40 samples/sec   Loss 0.0008   LearningRate 0.000900   Epoch: 20   Global Step: 28620   Fp16 Grad Scale: 4194304   Required: 149 hours
Training: 2025-04-03 04:47:16,477-Speed 63.47 samples/sec   Loss 0.0015   LearningRate 0.000900   Epoch: 20   Global Step: 28630   Fp16 Grad Scale: 4194304   Required: 149 hours
Training: 2025-04-03 04:47:36,677-Speed 63.37 samples/sec   Loss 0.0004   LearningRate 0.000900   Epoch: 20   Global Step: 28640   Fp16 Grad Scale: 4194304   Required: 149 hours
Training: 2025-04-03 04:47:56,868-Speed 63.40 samples/sec   Loss 0.0013   LearningRate 0.000900   Epoch: 20   Global Step: 28650   Fp16 Grad Scale: 4194304   Required: 149 hours
Training: 2025-04-03 04:48:17,079-Speed 63.33 samples/sec   Loss 0.0011   LearningRate 0.000900   Epoch: 20   Global Step: 28660   Fp16 Grad Scale: 4194304   Required: 149 hours
Training: 2025-04-03 04:48:37,274-Speed 63.38 samples/sec   Loss 0.0101   LearningRate 0.000899   Epoch: 20   Global Step: 28670   Fp16 Grad Scale: 2097152   Required: 149 hours
Training: 2025-04-03 04:48:57,486-Speed 63.33 samples/sec   Loss 0.0041   LearningRate 0.000899   Epoch: 20   Global Step: 28680   Fp16 Grad Scale: 2097152   Required: 149 hours
Training: 2025-04-03 04:49:17,708-Speed 63.30 samples/sec   Loss 0.0005   LearningRate 0.000899   Epoch: 20   Global Step: 28690   Fp16 Grad Scale: 2097152   Required: 149 hours
Training: 2025-04-03 04:49:37,909-Speed 63.37 samples/sec   Loss 0.0007   LearningRate 0.000899   Epoch: 20   Global Step: 28700   Fp16 Grad Scale: 2097152   Required: 149 hours
Training: 2025-04-03 04:49:58,113-Speed 63.35 samples/sec   Loss 0.0013   LearningRate 0.000899   Epoch: 20   Global Step: 28710   Fp16 Grad Scale: 2097152   Required: 149 hours
Training: 2025-04-03 04:50:18,271-Speed 63.50 samples/sec   Loss 0.0061   LearningRate 0.000899   Epoch: 20   Global Step: 28720   Fp16 Grad Scale: 2097152   Required: 149 hours
Training: 2025-04-03 04:50:38,450-Speed 63.43 samples/sec   Loss 0.0035   LearningRate 0.000899   Epoch: 20   Global Step: 28730   Fp16 Grad Scale: 2097152   Required: 149 hours
Training: 2025-04-03 04:50:58,680-Speed 63.27 samples/sec   Loss 0.0018   LearningRate 0.000899   Epoch: 20   Global Step: 28740   Fp16 Grad Scale: 2097152   Required: 149 hours
Training: 2025-04-03 04:51:18,898-Speed 63.31 samples/sec   Loss 0.0028   LearningRate 0.000899   Epoch: 20   Global Step: 28750   Fp16 Grad Scale: 2097152   Required: 149 hours
Training: 2025-04-03 04:51:41,008-Speed 57.90 samples/sec   Loss 0.0086   LearningRate 0.000899   Epoch: 20   Global Step: 28760   Fp16 Grad Scale: 2097152   Required: 149 hours
Training: 2025-04-03 04:52:01,272-Speed 63.17 samples/sec   Loss 0.0024   LearningRate 0.000899   Epoch: 20   Global Step: 28770   Fp16 Grad Scale: 4194304   Required: 149 hours
Training: 2025-04-03 04:52:21,551-Speed 63.12 samples/sec   Loss 0.0027   LearningRate 0.000899   Epoch: 20   Global Step: 28780   Fp16 Grad Scale: 4194304   Required: 149 hours
Training: 2025-04-03 04:52:41,761-Speed 63.34 samples/sec   Loss 0.0288   LearningRate 0.000899   Epoch: 20   Global Step: 28790   Fp16 Grad Scale: 2097152   Required: 149 hours
Training: 2025-04-03 04:53:02,099-Speed 62.94 samples/sec   Loss 0.0009   LearningRate 0.000899   Epoch: 20   Global Step: 28800   Fp16 Grad Scale: 2097152   Required: 149 hours
Training: 2025-04-03 04:53:22,333-Speed 63.26 samples/sec   Loss 0.0013   LearningRate 0.000899   Epoch: 20   Global Step: 28810   Fp16 Grad Scale: 2097152   Required: 149 hours
Training: 2025-04-03 04:53:42,536-Speed 63.36 samples/sec   Loss 0.0007   LearningRate 0.000899   Epoch: 20   Global Step: 28820   Fp16 Grad Scale: 2097152   Required: 149 hours
Training: 2025-04-03 04:54:02,700-Speed 63.48 samples/sec   Loss 0.0089   LearningRate 0.000899   Epoch: 20   Global Step: 28830   Fp16 Grad Scale: 2097152   Required: 149 hours
Training: 2025-04-03 04:54:22,845-Speed 63.54 samples/sec   Loss 0.0097   LearningRate 0.000899   Epoch: 20   Global Step: 28840   Fp16 Grad Scale: 2097152   Required: 149 hours
Training: 2025-04-03 04:54:43,055-Speed 63.34 samples/sec   Loss 0.0030   LearningRate 0.000899   Epoch: 20   Global Step: 28850   Fp16 Grad Scale: 2097152   Required: 149 hours
Training: 2025-04-03 04:55:03,371-Speed 63.01 samples/sec   Loss 0.0016   LearningRate 0.000899   Epoch: 20   Global Step: 28860   Fp16 Grad Scale: 2097152   Required: 148 hours
Training: 2025-04-03 04:55:23,560-Speed 63.40 samples/sec   Loss 0.0691   LearningRate 0.000899   Epoch: 20   Global Step: 28870   Fp16 Grad Scale: 1048576   Required: 148 hours
Training: 2025-04-03 04:55:43,740-Speed 63.43 samples/sec   Loss 0.0443   LearningRate 0.000899   Epoch: 20   Global Step: 28880   Fp16 Grad Scale: 524288   Required: 148 hours
Training: 2025-04-03 04:56:03,967-Speed 63.28 samples/sec   Loss 0.0102   LearningRate 0.000899   Epoch: 20   Global Step: 28890   Fp16 Grad Scale: 524288   Required: 148 hours
Training: 2025-04-03 04:56:24,267-Speed 63.06 samples/sec   Loss 0.0044   LearningRate 0.000899   Epoch: 20   Global Step: 28900   Fp16 Grad Scale: 524288   Required: 148 hours
Training: 2025-04-03 04:56:46,340-Speed 57.99 samples/sec   Loss 0.0139   LearningRate 0.000899   Epoch: 20   Global Step: 28910   Fp16 Grad Scale: 524288   Required: 148 hours
Training: 2025-04-03 04:57:06,549-Speed 63.34 samples/sec   Loss 0.0363   LearningRate 0.000899   Epoch: 20   Global Step: 28920   Fp16 Grad Scale: 524288   Required: 148 hours
Training: 2025-04-03 04:57:26,725-Speed 63.44 samples/sec   Loss 0.0035   LearningRate 0.000899   Epoch: 20   Global Step: 28930   Fp16 Grad Scale: 524288   Required: 148 hours
Training: 2025-04-03 04:57:47,028-Speed 63.05 samples/sec   Loss 0.0065   LearningRate 0.000899   Epoch: 20   Global Step: 28940   Fp16 Grad Scale: 524288   Required: 148 hours
Training: 2025-04-03 04:58:07,235-Speed 63.34 samples/sec   Loss 0.0070   LearningRate 0.000898   Epoch: 20   Global Step: 28950   Fp16 Grad Scale: 524288   Required: 148 hours
Training: 2025-04-03 04:58:27,443-Speed 63.34 samples/sec   Loss 0.0033   LearningRate 0.000898   Epoch: 20   Global Step: 28960   Fp16 Grad Scale: 524288   Required: 148 hours
Training: 2025-04-03 04:58:47,725-Speed 63.11 samples/sec   Loss 0.0025   LearningRate 0.000898   Epoch: 20   Global Step: 28970   Fp16 Grad Scale: 524288   Required: 148 hours
Training: 2025-04-03 04:59:07,927-Speed 63.36 samples/sec   Loss 0.0072   LearningRate 0.000898   Epoch: 20   Global Step: 28980   Fp16 Grad Scale: 1048576   Required: 148 hours
Training: 2025-04-03 04:59:28,244-Speed 63.00 samples/sec   Loss 0.0019   LearningRate 0.000898   Epoch: 20   Global Step: 28990   Fp16 Grad Scale: 1048576   Required: 148 hours
Training: 2025-04-03 04:59:48,417-Speed 63.45 samples/sec   Loss 0.0024   LearningRate 0.000898   Epoch: 20   Global Step: 29000   Fp16 Grad Scale: 1048576   Required: 148 hours
Training: 2025-04-03 05:00:08,608-Speed 63.39 samples/sec   Loss 0.1028   LearningRate 0.000898   Epoch: 20   Global Step: 29010   Fp16 Grad Scale: 1048576   Required: 148 hours
Training: 2025-04-03 05:00:28,925-Speed 63.00 samples/sec   Loss 0.0058   LearningRate 0.000898   Epoch: 20   Global Step: 29020   Fp16 Grad Scale: 1048576   Required: 148 hours
Training: 2025-04-03 05:00:49,109-Speed 63.42 samples/sec   Loss 0.0158   LearningRate 0.000898   Epoch: 20   Global Step: 29030   Fp16 Grad Scale: 1048576   Required: 148 hours
Training: 2025-04-03 05:01:09,447-Speed 62.94 samples/sec   Loss 0.0031   LearningRate 0.000898   Epoch: 20   Global Step: 29040   Fp16 Grad Scale: 1048576   Required: 148 hours
Training: 2025-04-03 05:01:29,598-Speed 63.52 samples/sec   Loss 0.0019   LearningRate 0.000898   Epoch: 20   Global Step: 29050   Fp16 Grad Scale: 1048576   Required: 148 hours
Training: 2025-04-03 05:01:51,717-Speed 57.87 samples/sec   Loss 0.0067   LearningRate 0.000898   Epoch: 20   Global Step: 29060   Fp16 Grad Scale: 1048576   Required: 148 hours
Training: 2025-04-03 05:02:11,920-Speed 63.36 samples/sec   Loss 0.0062   LearningRate 0.000898   Epoch: 20   Global Step: 29070   Fp16 Grad Scale: 1048576   Required: 148 hours
Training: 2025-04-03 05:02:32,089-Speed 63.46 samples/sec   Loss 0.0096   LearningRate 0.000898   Epoch: 20   Global Step: 29080   Fp16 Grad Scale: 2097152   Required: 148 hours
Training: 2025-04-03 05:02:52,267-Speed 63.44 samples/sec   Loss 0.0025   LearningRate 0.000898   Epoch: 20   Global Step: 29090   Fp16 Grad Scale: 2097152   Required: 148 hours
Training: 2025-04-03 05:03:12,443-Speed 63.44 samples/sec   Loss 0.0018   LearningRate 0.000898   Epoch: 20   Global Step: 29100   Fp16 Grad Scale: 2097152   Required: 148 hours
Training: 2025-04-03 05:03:32,630-Speed 63.41 samples/sec   Loss 0.0026   LearningRate 0.000898   Epoch: 20   Global Step: 29110   Fp16 Grad Scale: 2097152   Required: 148 hours
Training: 2025-04-03 05:03:52,828-Speed 63.37 samples/sec   Loss 0.0034   LearningRate 0.000898   Epoch: 20   Global Step: 29120   Fp16 Grad Scale: 2097152   Required: 148 hours
Training: 2025-04-03 05:04:13,029-Speed 63.37 samples/sec   Loss 0.0056   LearningRate 0.000898   Epoch: 20   Global Step: 29130   Fp16 Grad Scale: 2097152   Required: 148 hours
Training: 2025-04-03 05:04:33,200-Speed 63.46 samples/sec   Loss 0.0023   LearningRate 0.000898   Epoch: 20   Global Step: 29140   Fp16 Grad Scale: 2097152   Required: 148 hours
Training: 2025-04-03 05:04:53,357-Speed 63.50 samples/sec   Loss 0.0025   LearningRate 0.000898   Epoch: 20   Global Step: 29150   Fp16 Grad Scale: 2097152   Required: 148 hours
Training: 2025-04-03 05:05:13,546-Speed 63.40 samples/sec   Loss 0.0052   LearningRate 0.000898   Epoch: 20   Global Step: 29160   Fp16 Grad Scale: 2097152   Required: 148 hours
Training: 2025-04-03 05:05:33,760-Speed 63.33 samples/sec   Loss 0.0021   LearningRate 0.000898   Epoch: 20   Global Step: 29170   Fp16 Grad Scale: 2097152   Required: 148 hours
Training: 2025-04-03 05:05:53,922-Speed 63.49 samples/sec   Loss 0.0009   LearningRate 0.000898   Epoch: 20   Global Step: 29180   Fp16 Grad Scale: 4194304   Required: 148 hours
Training: 2025-04-03 05:06:14,164-Speed 63.24 samples/sec   Loss 0.0022   LearningRate 0.000898   Epoch: 20   Global Step: 29190   Fp16 Grad Scale: 4194304   Required: 148 hours
Training: 2025-04-03 05:06:34,391-Speed 63.29 samples/sec   Loss 0.0080   LearningRate 0.000898   Epoch: 20   Global Step: 29200   Fp16 Grad Scale: 4194304   Required: 148 hours
Training: 2025-04-03 05:06:56,579-Speed 57.69 samples/sec   Loss 0.0151   LearningRate 0.000898   Epoch: 20   Global Step: 29210   Fp16 Grad Scale: 2097152   Required: 148 hours
Training: 2025-04-03 05:07:16,824-Speed 63.23 samples/sec   Loss 0.0040   LearningRate 0.000898   Epoch: 20   Global Step: 29220   Fp16 Grad Scale: 2097152   Required: 148 hours
Training: 2025-04-03 05:07:37,004-Speed 63.43 samples/sec   Loss 0.0142   LearningRate 0.000898   Epoch: 20   Global Step: 29230   Fp16 Grad Scale: 2097152   Required: 148 hours
Training: 2025-04-03 05:07:57,174-Speed 63.46 samples/sec   Loss 0.0051   LearningRate 0.000897   Epoch: 20   Global Step: 29240   Fp16 Grad Scale: 2097152   Required: 148 hours
Training: 2025-04-03 05:08:17,384-Speed 63.34 samples/sec   Loss 0.0028   LearningRate 0.000897   Epoch: 20   Global Step: 29250   Fp16 Grad Scale: 2097152   Required: 148 hours
Training: 2025-04-03 05:08:37,559-Speed 63.45 samples/sec   Loss 0.0052   LearningRate 0.000897   Epoch: 20   Global Step: 29260   Fp16 Grad Scale: 2097152   Required: 148 hours
Training: 2025-04-03 05:08:57,762-Speed 63.36 samples/sec   Loss 0.0043   LearningRate 0.000897   Epoch: 20   Global Step: 29270   Fp16 Grad Scale: 2097152   Required: 148 hours
Training: 2025-04-03 05:09:17,970-Speed 63.34 samples/sec   Loss 0.0043   LearningRate 0.000897   Epoch: 20   Global Step: 29280   Fp16 Grad Scale: 2097152   Required: 148 hours
Training: 2025-04-03 05:09:38,178-Speed 63.34 samples/sec   Loss 0.0267   LearningRate 0.000897   Epoch: 20   Global Step: 29290   Fp16 Grad Scale: 2097152   Required: 148 hours
Training: 2025-04-03 05:09:58,400-Speed 63.30 samples/sec   Loss 0.0052   LearningRate 0.000897   Epoch: 20   Global Step: 29300   Fp16 Grad Scale: 2097152   Required: 148 hours
Training: 2025-04-03 05:10:18,572-Speed 63.46 samples/sec   Loss 0.0056   LearningRate 0.000897   Epoch: 20   Global Step: 29310   Fp16 Grad Scale: 2097152   Required: 148 hours
Training: 2025-04-03 05:10:38,772-Speed 63.37 samples/sec   Loss 0.0131   LearningRate 0.000897   Epoch: 20   Global Step: 29320   Fp16 Grad Scale: 2097152   Required: 148 hours
Training: 2025-04-03 05:10:59,014-Speed 63.24 samples/sec   Loss 0.0027   LearningRate 0.000897   Epoch: 20   Global Step: 29330   Fp16 Grad Scale: 2097152   Required: 148 hours
Training: 2025-04-03 05:11:19,419-Speed 62.73 samples/sec   Loss 0.0149   LearningRate 0.000897   Epoch: 20   Global Step: 29340   Fp16 Grad Scale: 2097152   Required: 148 hours
Training: 2025-04-03 05:11:40,590-Speed 60.46 samples/sec   Loss 0.0049   LearningRate 0.000897   Epoch: 20   Global Step: 29350   Fp16 Grad Scale: 2097152   Required: 148 hours
Training: 2025-04-03 05:12:01,733-Speed 60.54 samples/sec   Loss 0.0072   LearningRate 0.000897   Epoch: 20   Global Step: 29360   Fp16 Grad Scale: 2097152   Required: 148 hours
Training: 2025-04-03 05:12:21,963-Speed 63.27 samples/sec   Loss 0.0039   LearningRate 0.000897   Epoch: 20   Global Step: 29370   Fp16 Grad Scale: 2097152   Required: 148 hours
Training: 2025-04-03 05:12:42,190-Speed 63.28 samples/sec   Loss 0.0067   LearningRate 0.000897   Epoch: 20   Global Step: 29380   Fp16 Grad Scale: 2097152   Required: 148 hours
Training: 2025-04-03 05:13:02,392-Speed 63.36 samples/sec   Loss 0.0036   LearningRate 0.000897   Epoch: 20   Global Step: 29390   Fp16 Grad Scale: 2097152   Required: 148 hours
Training: 2025-04-03 05:13:22,699-Speed 63.03 samples/sec   Loss 0.0034   LearningRate 0.000897   Epoch: 20   Global Step: 29400   Fp16 Grad Scale: 2097152   Required: 148 hours
Training: 2025-04-03 05:13:42,947-Speed 63.22 samples/sec   Loss 0.0128   LearningRate 0.000897   Epoch: 20   Global Step: 29410   Fp16 Grad Scale: 4194304   Required: 148 hours
Training: 2025-04-03 05:14:03,165-Speed 63.31 samples/sec   Loss 0.0095   LearningRate 0.000897   Epoch: 20   Global Step: 29420   Fp16 Grad Scale: 4194304   Required: 148 hours
Training: 2025-04-03 05:14:23,341-Speed 63.44 samples/sec   Loss 0.0049   LearningRate 0.000897   Epoch: 20   Global Step: 29430   Fp16 Grad Scale: 4194304   Required: 148 hours
Training: 2025-04-03 05:14:43,626-Speed 63.10 samples/sec   Loss 0.0049   LearningRate 0.000897   Epoch: 20   Global Step: 29440   Fp16 Grad Scale: 4194304   Required: 148 hours
Training: 2025-04-03 05:15:03,868-Speed 63.24 samples/sec   Loss 0.0066   LearningRate 0.000897   Epoch: 20   Global Step: 29450   Fp16 Grad Scale: 4194304   Required: 148 hours
Training: 2025-04-03 05:15:24,027-Speed 63.50 samples/sec   Loss 0.0039   LearningRate 0.000897   Epoch: 20   Global Step: 29460   Fp16 Grad Scale: 4194304   Required: 148 hours
Training: 2025-04-03 05:15:44,203-Speed 63.44 samples/sec   Loss 0.0074   LearningRate 0.000897   Epoch: 20   Global Step: 29470   Fp16 Grad Scale: 4194304   Required: 148 hours
Training: 2025-04-03 05:16:04,505-Speed 63.05 samples/sec   Loss 0.0206   LearningRate 0.000897   Epoch: 20   Global Step: 29480   Fp16 Grad Scale: 2097152   Required: 148 hours
Training: 2025-04-03 05:16:24,720-Speed 63.32 samples/sec   Loss 0.0059   LearningRate 0.000897   Epoch: 20   Global Step: 29490   Fp16 Grad Scale: 2097152   Required: 148 hours
Training: 2025-04-03 05:16:46,903-Speed 57.70 samples/sec   Loss 0.0041   LearningRate 0.000897   Epoch: 20   Global Step: 29500   Fp16 Grad Scale: 2097152   Required: 148 hours
Training: 2025-04-03 05:17:07,217-Speed 63.01 samples/sec   Loss 0.0036   LearningRate 0.000897   Epoch: 20   Global Step: 29510   Fp16 Grad Scale: 2097152   Required: 148 hours
Training: 2025-04-03 05:17:27,425-Speed 63.34 samples/sec   Loss 0.0055   LearningRate 0.000896   Epoch: 20   Global Step: 29520   Fp16 Grad Scale: 2097152   Required: 148 hours
Training: 2025-04-03 05:17:47,694-Speed 63.15 samples/sec   Loss 0.0055   LearningRate 0.000896   Epoch: 20   Global Step: 29530   Fp16 Grad Scale: 2097152   Required: 148 hours
Training: 2025-04-03 05:18:07,960-Speed 63.16 samples/sec   Loss 0.0077   LearningRate 0.000896   Epoch: 20   Global Step: 29540   Fp16 Grad Scale: 2097152   Required: 148 hours
Training: 2025-04-03 05:18:28,150-Speed 63.40 samples/sec   Loss 0.0433   LearningRate 0.000896   Epoch: 20   Global Step: 29550   Fp16 Grad Scale: 2097152   Required: 148 hours
Training: 2025-04-03 05:18:48,484-Speed 62.95 samples/sec   Loss 0.0048   LearningRate 0.000896   Epoch: 20   Global Step: 29560   Fp16 Grad Scale: 2097152   Required: 148 hours
Training: 2025-04-03 05:19:08,687-Speed 63.36 samples/sec   Loss 0.0062   LearningRate 0.000896   Epoch: 20   Global Step: 29570   Fp16 Grad Scale: 2097152   Required: 148 hours
Training: 2025-04-03 05:19:28,954-Speed 63.16 samples/sec   Loss 0.0045   LearningRate 0.000896   Epoch: 20   Global Step: 29580   Fp16 Grad Scale: 4194304   Required: 148 hours
Training: 2025-04-03 05:19:49,197-Speed 63.23 samples/sec   Loss 0.0224   LearningRate 0.000896   Epoch: 20   Global Step: 29590   Fp16 Grad Scale: 4194304   Required: 148 hours
Training: 2025-04-03 05:20:09,359-Speed 63.49 samples/sec   Loss 0.0061   LearningRate 0.000896   Epoch: 20   Global Step: 29600   Fp16 Grad Scale: 2097152   Required: 148 hours
Training: 2025-04-03 05:20:29,579-Speed 63.30 samples/sec   Loss 0.0017   LearningRate 0.000896   Epoch: 20   Global Step: 29610   Fp16 Grad Scale: 2097152   Required: 148 hours
Training: 2025-04-03 05:20:49,786-Speed 63.35 samples/sec   Loss 0.0018   LearningRate 0.000896   Epoch: 20   Global Step: 29620   Fp16 Grad Scale: 2097152   Required: 148 hours
Training: 2025-04-03 05:21:09,990-Speed 63.36 samples/sec   Loss 0.0047   LearningRate 0.000896   Epoch: 20   Global Step: 29630   Fp16 Grad Scale: 2097152   Required: 148 hours
Training: 2025-04-03 05:21:30,199-Speed 63.34 samples/sec   Loss 0.0025   LearningRate 0.000896   Epoch: 20   Global Step: 29640   Fp16 Grad Scale: 2097152   Required: 148 hours
Training: 2025-04-03 05:21:52,305-Speed 57.90 samples/sec   Loss 0.0017   LearningRate 0.000896   Epoch: 20   Global Step: 29650   Fp16 Grad Scale: 2097152   Required: 148 hours
Training: 2025-04-03 05:22:12,443-Speed 63.56 samples/sec   Loss 0.0013   LearningRate 0.000896   Epoch: 20   Global Step: 29660   Fp16 Grad Scale: 2097152   Required: 148 hours
Training: 2025-04-03 05:22:32,642-Speed 63.37 samples/sec   Loss 0.0052   LearningRate 0.000896   Epoch: 20   Global Step: 29670   Fp16 Grad Scale: 2097152   Required: 148 hours
Training: 2025-04-03 05:22:52,817-Speed 63.45 samples/sec   Loss 0.0032   LearningRate 0.000896   Epoch: 20   Global Step: 29680   Fp16 Grad Scale: 2097152   Required: 148 hours
Training: 2025-04-03 05:23:12,999-Speed 63.43 samples/sec   Loss 0.0027   LearningRate 0.000896   Epoch: 20   Global Step: 29690   Fp16 Grad Scale: 2097152   Required: 148 hours
Training: 2025-04-03 05:23:33,197-Speed 63.37 samples/sec   Loss 0.0067   LearningRate 0.000896   Epoch: 20   Global Step: 29700   Fp16 Grad Scale: 4194304   Required: 148 hours
Training: 2025-04-03 05:23:53,473-Speed 63.13 samples/sec   Loss 0.0075   LearningRate 0.000896   Epoch: 20   Global Step: 29710   Fp16 Grad Scale: 4194304   Required: 148 hours
Training: 2025-04-03 05:24:13,697-Speed 63.29 samples/sec   Loss 0.0552   LearningRate 0.000896   Epoch: 20   Global Step: 29720   Fp16 Grad Scale: 4194304   Required: 148 hours
Training: 2025-04-03 05:24:33,917-Speed 63.31 samples/sec   Loss 0.0053   LearningRate 0.000896   Epoch: 20   Global Step: 29730   Fp16 Grad Scale: 4194304   Required: 148 hours
Training: 2025-04-03 05:24:54,097-Speed 63.43 samples/sec   Loss 0.0071   LearningRate 0.000896   Epoch: 20   Global Step: 29740   Fp16 Grad Scale: 4194304   Required: 148 hours
Training: 2025-04-03 05:25:14,291-Speed 63.39 samples/sec   Loss 0.0078   LearningRate 0.000896   Epoch: 20   Global Step: 29750   Fp16 Grad Scale: 2097152   Required: 148 hours
Training: 2025-04-03 05:25:34,523-Speed 63.27 samples/sec   Loss 0.0093   LearningRate 0.000896   Epoch: 20   Global Step: 29760   Fp16 Grad Scale: 2097152   Required: 148 hours
Training: 2025-04-03 05:25:54,664-Speed 63.55 samples/sec   Loss 0.0079   LearningRate 0.000896   Epoch: 20   Global Step: 29770   Fp16 Grad Scale: 2097152   Required: 148 hours
Training: 2025-04-03 05:26:14,884-Speed 63.31 samples/sec   Loss 0.0069   LearningRate 0.000896   Epoch: 20   Global Step: 29780   Fp16 Grad Scale: 2097152   Required: 148 hours
Training: 2025-04-03 05:26:35,092-Speed 63.34 samples/sec   Loss 0.0095   LearningRate 0.000896   Epoch: 20   Global Step: 29790   Fp16 Grad Scale: 2097152   Required: 148 hours
Training: 2025-04-03 05:26:57,255-Speed 57.76 samples/sec   Loss 0.0035   LearningRate 0.000896   Epoch: 20   Global Step: 29800   Fp16 Grad Scale: 2097152   Required: 148 hours
Training: 2025-04-03 05:27:17,529-Speed 63.13 samples/sec   Loss 0.0118   LearningRate 0.000895   Epoch: 20   Global Step: 29810   Fp16 Grad Scale: 2097152   Required: 148 hours
Training: 2025-04-03 05:27:37,752-Speed 63.30 samples/sec   Loss 0.0016   LearningRate 0.000895   Epoch: 20   Global Step: 29820   Fp16 Grad Scale: 2097152   Required: 148 hours
Training: 2025-04-03 05:27:57,871-Speed 63.62 samples/sec   Loss 0.0025   LearningRate 0.000895   Epoch: 20   Global Step: 29830   Fp16 Grad Scale: 2097152   Required: 148 hours
Training: 2025-04-03 05:28:18,123-Speed 63.21 samples/sec   Loss 0.0045   LearningRate 0.000895   Epoch: 20   Global Step: 29840   Fp16 Grad Scale: 2097152   Required: 148 hours
Training: 2025-04-03 05:28:38,355-Speed 63.27 samples/sec   Loss 0.0040   LearningRate 0.000895   Epoch: 20   Global Step: 29850   Fp16 Grad Scale: 4194304   Required: 148 hours
Training: 2025-04-03 05:28:58,516-Speed 63.49 samples/sec   Loss 0.0036   LearningRate 0.000895   Epoch: 20   Global Step: 29860   Fp16 Grad Scale: 2097152   Required: 148 hours
Training: 2025-04-03 05:29:18,670-Speed 63.51 samples/sec   Loss 0.0386   LearningRate 0.000895   Epoch: 20   Global Step: 29870   Fp16 Grad Scale: 1048576   Required: 148 hours
Training: 2025-04-03 05:29:38,899-Speed 63.28 samples/sec   Loss 0.0017   LearningRate 0.000895   Epoch: 20   Global Step: 29880   Fp16 Grad Scale: 1048576   Required: 148 hours
Training: 2025-04-03 05:29:59,086-Speed 63.41 samples/sec   Loss 0.0309   LearningRate 0.000895   Epoch: 20   Global Step: 29890   Fp16 Grad Scale: 1048576   Required: 148 hours
Training: 2025-04-03 05:30:19,414-Speed 62.97 samples/sec   Loss 0.0127   LearningRate 0.000895   Epoch: 20   Global Step: 29900   Fp16 Grad Scale: 1048576   Required: 148 hours
Training: 2025-04-03 05:30:39,611-Speed 63.38 samples/sec   Loss 0.0117   LearningRate 0.000895   Epoch: 20   Global Step: 29910   Fp16 Grad Scale: 1048576   Required: 148 hours
Training: 2025-04-03 05:30:59,808-Speed 63.38 samples/sec   Loss 0.0069   LearningRate 0.000895   Epoch: 20   Global Step: 29920   Fp16 Grad Scale: 1048576   Required: 148 hours
Training: 2025-04-03 05:31:20,013-Speed 63.35 samples/sec   Loss 0.0024   LearningRate 0.000895   Epoch: 20   Global Step: 29930   Fp16 Grad Scale: 1048576   Required: 148 hours
Training: 2025-04-03 05:31:39,538-Speed 65.56 samples/sec   Loss 0.0371   LearningRate 0.000895   Epoch: 20   Global Step: 29940   Fp16 Grad Scale: 1048576   Required: 148 hours
Training: 2025-04-03 05:32:03,860-Speed 52.63 samples/sec   Loss 0.0134   LearningRate 0.000895   Epoch: 21   Global Step: 29950   Fp16 Grad Scale: 1048576   Required: 148 hours
Training: 2025-04-03 05:32:24,032-Speed 63.46 samples/sec   Loss 0.0077   LearningRate 0.000895   Epoch: 21   Global Step: 29960   Fp16 Grad Scale: 1048576   Required: 148 hours
Training: 2025-04-03 05:32:44,203-Speed 63.46 samples/sec   Loss 0.0066   LearningRate 0.000895   Epoch: 21   Global Step: 29970   Fp16 Grad Scale: 2097152   Required: 148 hours
Training: 2025-04-03 05:33:04,452-Speed 63.21 samples/sec   Loss 0.0041   LearningRate 0.000895   Epoch: 21   Global Step: 29980   Fp16 Grad Scale: 2097152   Required: 148 hours
Training: 2025-04-03 05:33:24,785-Speed 62.96 samples/sec   Loss 0.0018   LearningRate 0.000895   Epoch: 21   Global Step: 29990   Fp16 Grad Scale: 2097152   Required: 148 hours
Training: 2025-04-03 05:33:45,099-Speed 63.01 samples/sec   Loss 0.0123   LearningRate 0.000895   Epoch: 21   Global Step: 30000   Fp16 Grad Scale: 2097152   Required: 148 hours
net_out.shape: torch.Size([128, 512])
net_out.shape: torch.Size([128, 512])
net_out.shape: torch.Size([128, 512])
net_out.shape: torch.Size([128, 512])
net_out.shape: torch.Size([128, 512])
net_out.shape: torch.Size([128, 512])
net_out.shape: torch.Size([128, 512])
net_out.shape: torch.Size([128, 512])
net_out.shape: torch.Size([128, 512])
net_out.shape: torch.Size([128, 512])
net_out.shape: torch.Size([128, 512])
net_out.shape: torch.Size([128, 512])
net_out.shape: torch.Size([128, 512])
net_out.shape: torch.Size([128, 512])
net_out.shape: torch.Size([128, 512])
net_out.shape: torch.Size([128, 512])
net_out.shape: torch.Size([128, 512])
net_out.shape: torch.Size([128, 512])
net_out.shape: torch.Size([128, 512])
net_out.shape: torch.Size([128, 512])
net_out.shape: torch.Size([128, 512])
net_out.shape: torch.Size([128, 512])
net_out.shape: torch.Size([128, 512])
net_out.shape: torch.Size([128, 512])
net_out.shape: torch.Size([128, 512])
net_out.shape: torch.Size([128, 512])
net_out.shape: torch.Size([128, 512])
net_out.shape: torch.Size([128, 512])
net_out.shape: torch.Size([128, 512])
net_out.shape: torch.Size([128, 512])
net_out.shape: torch.Size([128, 512])
net_out.shape: torch.Size([128, 512])
net_out.shape: torch.Size([128, 512])
net_out.shape: torch.Size([128, 512])
net_out.shape: torch.Size([128, 512])
net_out.shape: torch.Size([128, 512])
net_out.shape: torch.Size([128, 512])
net_out.shape: torch.Size([128, 512])
net_out.shape: torch.Size([128, 512])
net_out.shape: torch.Size([128, 512])
net_out.shape: torch.Size([128, 512])
net_out.shape: torch.Size([128, 512])
net_out.shape: torch.Size([128, 512])
net_out.shape: torch.Size([128, 512])
net_out.shape: torch.Size([128, 512])
net_out.shape: torch.Size([128, 512])
net_out.shape: torch.Size([128, 512])
net_out.shape: torch.Size([128, 512])
net_out.shape: torch.Size([128, 512])
net_out.shape: torch.Size([128, 512])
net_out.shape: torch.Size([128, 512])
net_out.shape: torch.Size([128, 512])
net_out.shape: torch.Size([128, 512])
net_out.shape: torch.Size([128, 512])
net_out.shape: torch.Size([128, 512])
net_out.shape: torch.Size([128, 512])
net_out.shape: torch.Size([128, 512])
net_out.shape: torch.Size([128, 512])
net_out.shape: torch.Size([128, 512])
net_out.shape: torch.Size([128, 512])
net_out.shape: torch.Size([128, 512])
net_out.shape: torch.Size([128, 512])
net_out.shape: torch.Size([128, 512])
net_out.shape: torch.Size([128, 512])
Training: 2025-04-03 05:34:55,862-[val][Global step: 30000] d prime: 6.885838031768799
Model saved with d prime score: 7.397576332092285
Training: 2025-04-03 05:35:17,676-Speed 13.83 samples/sec   Loss 0.0054   LearningRate 0.000895   Epoch: 21   Global Step: 30010   Fp16 Grad Scale: 2097152   Required: 148 hours
Training: 2025-04-03 05:35:37,889-Speed 63.33 samples/sec   Loss 0.0110   LearningRate 0.000895   Epoch: 21   Global Step: 30020   Fp16 Grad Scale: 2097152   Required: 148 hours
Training: 2025-04-03 05:35:58,120-Speed 63.27 samples/sec   Loss 0.0097   LearningRate 0.000895   Epoch: 21   Global Step: 30030   Fp16 Grad Scale: 2097152   Required: 148 hours
Training: 2025-04-03 05:36:18,306-Speed 63.41 samples/sec   Loss 0.0069   LearningRate 0.000895   Epoch: 21   Global Step: 30040   Fp16 Grad Scale: 2097152   Required: 148 hours
Training: 2025-04-03 05:36:38,512-Speed 63.35 samples/sec   Loss 0.0622   LearningRate 0.000895   Epoch: 21   Global Step: 30050   Fp16 Grad Scale: 2097152   Required: 148 hours
Training: 2025-04-03 05:36:58,728-Speed 63.32 samples/sec   Loss 0.0074   LearningRate 0.000895   Epoch: 21   Global Step: 30060   Fp16 Grad Scale: 2097152   Required: 148 hours
Training: 2025-04-03 05:37:20,740-Speed 58.15 samples/sec   Loss 0.0050   LearningRate 0.000895   Epoch: 21   Global Step: 30070   Fp16 Grad Scale: 4194304   Required: 148 hours
Training: 2025-04-03 05:37:40,926-Speed 63.41 samples/sec   Loss 0.0558   LearningRate 0.000895   Epoch: 21   Global Step: 30080   Fp16 Grad Scale: 4194304   Required: 148 hours
Training: 2025-04-03 05:38:01,091-Speed 63.48 samples/sec   Loss 0.0066   LearningRate 0.000894   Epoch: 21   Global Step: 30090   Fp16 Grad Scale: 4194304   Required: 148 hours
Training: 2025-04-03 05:38:21,294-Speed 63.36 samples/sec   Loss 0.0361   LearningRate 0.000894   Epoch: 21   Global Step: 30100   Fp16 Grad Scale: 1048576   Required: 148 hours
Training: 2025-04-03 05:38:41,471-Speed 63.44 samples/sec   Loss 0.0031   LearningRate 0.000894   Epoch: 21   Global Step: 30110   Fp16 Grad Scale: 1048576   Required: 148 hours
Training: 2025-04-03 05:39:01,653-Speed 63.43 samples/sec   Loss 0.0063   LearningRate 0.000894   Epoch: 21   Global Step: 30120   Fp16 Grad Scale: 1048576   Required: 148 hours
Training: 2025-04-03 05:39:21,853-Speed 63.37 samples/sec   Loss 0.0023   LearningRate 0.000894   Epoch: 21   Global Step: 30130   Fp16 Grad Scale: 1048576   Required: 148 hours
Training: 2025-04-03 05:39:42,059-Speed 63.35 samples/sec   Loss 0.0125   LearningRate 0.000894   Epoch: 21   Global Step: 30140   Fp16 Grad Scale: 524288   Required: 148 hours
Training: 2025-04-03 05:40:02,347-Speed 63.09 samples/sec   Loss 0.0048   LearningRate 0.000894   Epoch: 21   Global Step: 30150   Fp16 Grad Scale: 524288   Required: 148 hours
Training: 2025-04-03 05:40:22,531-Speed 63.42 samples/sec   Loss 0.0054   LearningRate 0.000894   Epoch: 21   Global Step: 30160   Fp16 Grad Scale: 524288   Required: 148 hours
Training: 2025-04-03 05:40:42,738-Speed 63.35 samples/sec   Loss 0.0136   LearningRate 0.000894   Epoch: 21   Global Step: 30170   Fp16 Grad Scale: 524288   Required: 148 hours
Training: 2025-04-03 05:41:02,979-Speed 63.24 samples/sec   Loss 0.0082   LearningRate 0.000894   Epoch: 21   Global Step: 30180   Fp16 Grad Scale: 524288   Required: 148 hours
Training: 2025-04-03 05:41:23,194-Speed 63.32 samples/sec   Loss 0.0248   LearningRate 0.000894   Epoch: 21   Global Step: 30190   Fp16 Grad Scale: 524288   Required: 148 hours
Training: 2025-04-03 05:41:43,437-Speed 63.23 samples/sec   Loss 0.0142   LearningRate 0.000894   Epoch: 21   Global Step: 30200   Fp16 Grad Scale: 524288   Required: 148 hours
Training: 2025-04-03 05:42:04,755-Speed 60.04 samples/sec   Loss 0.0051   LearningRate 0.000894   Epoch: 21   Global Step: 30210   Fp16 Grad Scale: 524288   Required: 148 hours
Training: 2025-04-03 05:42:25,895-Speed 60.55 samples/sec   Loss 0.0155   LearningRate 0.000894   Epoch: 21   Global Step: 30220   Fp16 Grad Scale: 524288   Required: 148 hours
Training: 2025-04-03 05:42:46,078-Speed 63.42 samples/sec   Loss 0.0034   LearningRate 0.000894   Epoch: 21   Global Step: 30230   Fp16 Grad Scale: 524288   Required: 148 hours
Training: 2025-04-03 05:43:06,285-Speed 63.34 samples/sec   Loss 0.0073   LearningRate 0.000894   Epoch: 21   Global Step: 30240   Fp16 Grad Scale: 1048576   Required: 148 hours
Training: 2025-04-03 05:43:26,574-Speed 63.09 samples/sec   Loss 0.0063   LearningRate 0.000894   Epoch: 21   Global Step: 30250   Fp16 Grad Scale: 1048576   Required: 148 hours
Training: 2025-04-03 05:43:46,746-Speed 63.46 samples/sec   Loss 0.0104   LearningRate 0.000894   Epoch: 21   Global Step: 30260   Fp16 Grad Scale: 1048576   Required: 148 hours
Training: 2025-04-03 05:44:06,976-Speed 63.27 samples/sec   Loss 0.0046   LearningRate 0.000894   Epoch: 21   Global Step: 30270   Fp16 Grad Scale: 1048576   Required: 148 hours
Training: 2025-04-03 05:44:27,186-Speed 63.34 samples/sec   Loss 0.0032   LearningRate 0.000894   Epoch: 21   Global Step: 30280   Fp16 Grad Scale: 1048576   Required: 148 hours
Training: 2025-04-03 05:44:47,500-Speed 63.01 samples/sec   Loss 0.0044   LearningRate 0.000894   Epoch: 21   Global Step: 30290   Fp16 Grad Scale: 1048576   Required: 148 hours
Training: 2025-04-03 05:45:07,692-Speed 63.39 samples/sec   Loss 0.0029   LearningRate 0.000894   Epoch: 21   Global Step: 30300   Fp16 Grad Scale: 1048576   Required: 148 hours
Training: 2025-04-03 05:45:27,879-Speed 63.41 samples/sec   Loss 0.0067   LearningRate 0.000894   Epoch: 21   Global Step: 30310   Fp16 Grad Scale: 1048576   Required: 148 hours
Training: 2025-04-03 05:45:48,300-Speed 62.68 samples/sec   Loss 0.0087   LearningRate 0.000894   Epoch: 21   Global Step: 30320   Fp16 Grad Scale: 1048576   Required: 148 hours
Training: 2025-04-03 05:46:08,429-Speed 63.59 samples/sec   Loss 0.0023   LearningRate 0.000894   Epoch: 21   Global Step: 30330   Fp16 Grad Scale: 1048576   Required: 148 hours
Training: 2025-04-03 05:46:28,659-Speed 63.27 samples/sec   Loss 0.0130   LearningRate 0.000894   Epoch: 21   Global Step: 30340   Fp16 Grad Scale: 1048576   Required: 148 hours
Training: 2025-04-03 05:46:48,825-Speed 63.48 samples/sec   Loss 0.0012   LearningRate 0.000894   Epoch: 21   Global Step: 30350   Fp16 Grad Scale: 1048576   Required: 148 hours
Training: 2025-04-03 05:47:10,839-Speed 58.15 samples/sec   Loss 0.0100   LearningRate 0.000894   Epoch: 21   Global Step: 30360   Fp16 Grad Scale: 1048576   Required: 148 hours
Training: 2025-04-03 05:47:31,124-Speed 63.10 samples/sec   Loss 0.0053   LearningRate 0.000894   Epoch: 21   Global Step: 30370   Fp16 Grad Scale: 1048576   Required: 148 hours
Training: 2025-04-03 05:47:51,313-Speed 63.40 samples/sec   Loss 0.0369   LearningRate 0.000893   Epoch: 21   Global Step: 30380   Fp16 Grad Scale: 1048576   Required: 148 hours
Training: 2025-04-03 05:48:11,606-Speed 63.08 samples/sec   Loss 0.0159   LearningRate 0.000893   Epoch: 21   Global Step: 30390   Fp16 Grad Scale: 1048576   Required: 148 hours
Training: 2025-04-03 05:48:31,761-Speed 63.51 samples/sec   Loss 0.0184   LearningRate 0.000893   Epoch: 21   Global Step: 30400   Fp16 Grad Scale: 1048576   Required: 148 hours
Training: 2025-04-03 05:48:52,013-Speed 63.20 samples/sec   Loss 0.0082   LearningRate 0.000893   Epoch: 21   Global Step: 30410   Fp16 Grad Scale: 1048576   Required: 148 hours
Training: 2025-04-03 05:49:12,185-Speed 63.46 samples/sec   Loss 0.0046   LearningRate 0.000893   Epoch: 21   Global Step: 30420   Fp16 Grad Scale: 1048576   Required: 148 hours
Training: 2025-04-03 05:49:32,337-Speed 63.52 samples/sec   Loss 0.0674   LearningRate 0.000893   Epoch: 21   Global Step: 30430   Fp16 Grad Scale: 1048576   Required: 148 hours
Training: 2025-04-03 05:49:52,545-Speed 63.34 samples/sec   Loss 0.0425   LearningRate 0.000893   Epoch: 21   Global Step: 30440   Fp16 Grad Scale: 2097152   Required: 148 hours
Training: 2025-04-03 05:50:12,738-Speed 63.39 samples/sec   Loss 0.0205   LearningRate 0.000893   Epoch: 21   Global Step: 30450   Fp16 Grad Scale: 1048576   Required: 148 hours
Training: 2025-04-03 05:50:32,882-Speed 63.54 samples/sec   Loss 0.0192   LearningRate 0.000893   Epoch: 21   Global Step: 30460   Fp16 Grad Scale: 1048576   Required: 148 hours
Training: 2025-04-03 05:50:53,063-Speed 63.43 samples/sec   Loss 0.0162   LearningRate 0.000893   Epoch: 21   Global Step: 30470   Fp16 Grad Scale: 1048576   Required: 148 hours
Training: 2025-04-03 05:51:13,289-Speed 63.28 samples/sec   Loss 0.0247   LearningRate 0.000893   Epoch: 21   Global Step: 30480   Fp16 Grad Scale: 1048576   Required: 148 hours
Training: 2025-04-03 05:51:33,456-Speed 63.47 samples/sec   Loss 0.0168   LearningRate 0.000893   Epoch: 21   Global Step: 30490   Fp16 Grad Scale: 1048576   Required: 148 hours
Training: 2025-04-03 05:51:53,648-Speed 63.39 samples/sec   Loss 0.0211   LearningRate 0.000893   Epoch: 21   Global Step: 30500   Fp16 Grad Scale: 1048576   Required: 148 hours
Training: 2025-04-03 05:52:15,812-Speed 57.75 samples/sec   Loss 0.0063   LearningRate 0.000893   Epoch: 21   Global Step: 30510   Fp16 Grad Scale: 1048576   Required: 148 hours
Training: 2025-04-03 05:52:35,978-Speed 63.47 samples/sec   Loss 0.0073   LearningRate 0.000893   Epoch: 21   Global Step: 30520   Fp16 Grad Scale: 1048576   Required: 148 hours
Training: 2025-04-03 05:52:56,183-Speed 63.35 samples/sec   Loss 0.0099   LearningRate 0.000893   Epoch: 21   Global Step: 30530   Fp16 Grad Scale: 1048576   Required: 148 hours
Training: 2025-04-03 05:53:16,353-Speed 63.46 samples/sec   Loss 0.0098   LearningRate 0.000893   Epoch: 21   Global Step: 30540   Fp16 Grad Scale: 1048576   Required: 147 hours
Training: 2025-04-03 05:53:36,535-Speed 63.43 samples/sec   Loss 0.0084   LearningRate 0.000893   Epoch: 21   Global Step: 30550   Fp16 Grad Scale: 2097152   Required: 147 hours
Training: 2025-04-03 05:53:56,701-Speed 63.48 samples/sec   Loss 0.0641   LearningRate 0.000893   Epoch: 21   Global Step: 30560   Fp16 Grad Scale: 1048576   Required: 147 hours
Training: 2025-04-03 05:54:16,896-Speed 63.38 samples/sec   Loss 0.0086   LearningRate 0.000893   Epoch: 21   Global Step: 30570   Fp16 Grad Scale: 1048576   Required: 147 hours
Training: 2025-04-03 05:54:37,133-Speed 63.25 samples/sec   Loss 0.0723   LearningRate 0.000893   Epoch: 21   Global Step: 30580   Fp16 Grad Scale: 1048576   Required: 147 hours
Training: 2025-04-03 05:54:57,346-Speed 63.33 samples/sec   Loss 0.0105   LearningRate 0.000893   Epoch: 21   Global Step: 30590   Fp16 Grad Scale: 1048576   Required: 147 hours
Training: 2025-04-03 05:55:17,557-Speed 63.33 samples/sec   Loss 0.0251   LearningRate 0.000893   Epoch: 21   Global Step: 30600   Fp16 Grad Scale: 1048576   Required: 147 hours
Training: 2025-04-03 05:55:37,779-Speed 63.30 samples/sec   Loss 0.0214   LearningRate 0.000893   Epoch: 21   Global Step: 30610   Fp16 Grad Scale: 1048576   Required: 147 hours
Training: 2025-04-03 05:55:58,000-Speed 63.30 samples/sec   Loss 0.0590   LearningRate 0.000893   Epoch: 21   Global Step: 30620   Fp16 Grad Scale: 1048576   Required: 147 hours
Training: 2025-04-03 05:56:18,197-Speed 63.38 samples/sec   Loss 0.0145   LearningRate 0.000893   Epoch: 21   Global Step: 30630   Fp16 Grad Scale: 1048576   Required: 147 hours
Training: 2025-04-03 05:56:38,378-Speed 63.43 samples/sec   Loss 0.0210   LearningRate 0.000893   Epoch: 21   Global Step: 30640   Fp16 Grad Scale: 1048576   Required: 147 hours
Training: 2025-04-03 05:56:58,602-Speed 63.29 samples/sec   Loss 0.0092   LearningRate 0.000893   Epoch: 21   Global Step: 30650   Fp16 Grad Scale: 1048576   Required: 147 hours
Training: 2025-04-03 05:57:20,808-Speed 57.64 samples/sec   Loss 0.0081   LearningRate 0.000892   Epoch: 21   Global Step: 30660   Fp16 Grad Scale: 2097152   Required: 147 hours
Training: 2025-04-03 05:57:41,008-Speed 63.37 samples/sec   Loss 0.0104   LearningRate 0.000892   Epoch: 21   Global Step: 30670   Fp16 Grad Scale: 1048576   Required: 147 hours
Training: 2025-04-03 05:58:01,192-Speed 63.42 samples/sec   Loss 0.0041   LearningRate 0.000892   Epoch: 21   Global Step: 30680   Fp16 Grad Scale: 1048576   Required: 147 hours
Training: 2025-04-03 05:58:21,489-Speed 63.07 samples/sec   Loss 0.0079   LearningRate 0.000892   Epoch: 21   Global Step: 30690   Fp16 Grad Scale: 1048576   Required: 147 hours
Training: 2025-04-03 05:58:41,712-Speed 63.29 samples/sec   Loss 0.0063   LearningRate 0.000892   Epoch: 21   Global Step: 30700   Fp16 Grad Scale: 1048576   Required: 147 hours
Training: 2025-04-03 05:59:01,899-Speed 63.41 samples/sec   Loss 0.0056   LearningRate 0.000892   Epoch: 21   Global Step: 30710   Fp16 Grad Scale: 1048576   Required: 147 hours
Training: 2025-04-03 05:59:22,110-Speed 63.33 samples/sec   Loss 0.0043   LearningRate 0.000892   Epoch: 21   Global Step: 30720   Fp16 Grad Scale: 1048576   Required: 147 hours
Training: 2025-04-03 05:59:42,360-Speed 63.21 samples/sec   Loss 0.0029   LearningRate 0.000892   Epoch: 21   Global Step: 30730   Fp16 Grad Scale: 1048576   Required: 147 hours
Training: 2025-04-03 06:00:02,573-Speed 63.33 samples/sec   Loss 0.0038   LearningRate 0.000892   Epoch: 21   Global Step: 30740   Fp16 Grad Scale: 1048576   Required: 147 hours
Training: 2025-04-03 06:00:22,863-Speed 63.09 samples/sec   Loss 0.0108   LearningRate 0.000892   Epoch: 21   Global Step: 30750   Fp16 Grad Scale: 1048576   Required: 147 hours
Training: 2025-04-03 06:00:43,048-Speed 63.42 samples/sec   Loss 0.0074   LearningRate 0.000892   Epoch: 21   Global Step: 30760   Fp16 Grad Scale: 1048576   Required: 147 hours
Training: 2025-04-03 06:01:03,254-Speed 63.35 samples/sec   Loss 0.0102   LearningRate 0.000892   Epoch: 21   Global Step: 30770   Fp16 Grad Scale: 2097152   Required: 147 hours
Training: 2025-04-03 06:01:23,394-Speed 63.56 samples/sec   Loss 0.0047   LearningRate 0.000892   Epoch: 21   Global Step: 30780   Fp16 Grad Scale: 2097152   Required: 147 hours
Training: 2025-04-03 06:01:43,693-Speed 63.06 samples/sec   Loss 0.0036   LearningRate 0.000892   Epoch: 21   Global Step: 30790   Fp16 Grad Scale: 2097152   Required: 147 hours
Training: 2025-04-03 06:02:03,929-Speed 63.25 samples/sec   Loss 0.0120   LearningRate 0.000892   Epoch: 21   Global Step: 30800   Fp16 Grad Scale: 2097152   Required: 147 hours
Training: 2025-04-03 06:02:25,935-Speed 58.17 samples/sec   Loss 0.0052   LearningRate 0.000892   Epoch: 21   Global Step: 30810   Fp16 Grad Scale: 2097152   Required: 147 hours
Training: 2025-04-03 06:02:46,129-Speed 63.39 samples/sec   Loss 0.0073   LearningRate 0.000892   Epoch: 21   Global Step: 30820   Fp16 Grad Scale: 2097152   Required: 147 hours
Training: 2025-04-03 06:03:06,409-Speed 63.12 samples/sec   Loss 0.0055   LearningRate 0.000892   Epoch: 21   Global Step: 30830   Fp16 Grad Scale: 2097152   Required: 147 hours
Training: 2025-04-03 06:03:26,610-Speed 63.37 samples/sec   Loss 0.0045   LearningRate 0.000892   Epoch: 21   Global Step: 30840   Fp16 Grad Scale: 2097152   Required: 147 hours
Training: 2025-04-03 06:03:46,834-Speed 63.29 samples/sec   Loss 0.0032   LearningRate 0.000892   Epoch: 21   Global Step: 30850   Fp16 Grad Scale: 2097152   Required: 147 hours
Training: 2025-04-03 06:04:07,127-Speed 63.07 samples/sec   Loss 0.0670   LearningRate 0.000892   Epoch: 21   Global Step: 30860   Fp16 Grad Scale: 2097152   Required: 147 hours
Training: 2025-04-03 06:04:27,391-Speed 63.17 samples/sec   Loss 0.0112   LearningRate 0.000892   Epoch: 21   Global Step: 30870   Fp16 Grad Scale: 4194304   Required: 147 hours
Training: 2025-04-03 06:04:47,654-Speed 63.17 samples/sec   Loss 0.0050   LearningRate 0.000892   Epoch: 21   Global Step: 30880   Fp16 Grad Scale: 4194304   Required: 147 hours
Training: 2025-04-03 06:05:07,966-Speed 63.02 samples/sec   Loss 0.0062   LearningRate 0.000892   Epoch: 21   Global Step: 30890   Fp16 Grad Scale: 4194304   Required: 147 hours
Training: 2025-04-03 06:05:28,143-Speed 63.44 samples/sec   Loss 0.0019   LearningRate 0.000892   Epoch: 21   Global Step: 30900   Fp16 Grad Scale: 4194304   Required: 147 hours
Training: 2025-04-03 06:05:48,424-Speed 63.12 samples/sec   Loss 0.0079   LearningRate 0.000892   Epoch: 21   Global Step: 30910   Fp16 Grad Scale: 4194304   Required: 147 hours
Training: 2025-04-03 06:06:08,592-Speed 63.47 samples/sec   Loss 0.0061   LearningRate 0.000892   Epoch: 21   Global Step: 30920   Fp16 Grad Scale: 4194304   Required: 147 hours
Training: 2025-04-03 06:06:28,873-Speed 63.12 samples/sec   Loss 0.0050   LearningRate 0.000892   Epoch: 21   Global Step: 30930   Fp16 Grad Scale: 4194304   Required: 147 hours
Training: 2025-04-03 06:06:49,118-Speed 63.22 samples/sec   Loss 0.0075   LearningRate 0.000892   Epoch: 21   Global Step: 30940   Fp16 Grad Scale: 4194304   Required: 147 hours
Training: 2025-04-03 06:07:09,333-Speed 63.32 samples/sec   Loss 0.0037   LearningRate 0.000891   Epoch: 21   Global Step: 30950   Fp16 Grad Scale: 4194304   Required: 147 hours
Training: 2025-04-03 06:07:31,476-Speed 57.81 samples/sec   Loss 0.0039   LearningRate 0.000891   Epoch: 21   Global Step: 30960   Fp16 Grad Scale: 4194304   Required: 147 hours
Training: 2025-04-03 06:07:51,642-Speed 63.47 samples/sec   Loss 0.0152   LearningRate 0.000891   Epoch: 21   Global Step: 30970   Fp16 Grad Scale: 8388608   Required: 147 hours
Training: 2025-04-03 06:08:11,839-Speed 63.38 samples/sec   Loss 0.0043   LearningRate 0.000891   Epoch: 21   Global Step: 30980   Fp16 Grad Scale: 4194304   Required: 147 hours
Training: 2025-04-03 06:08:32,017-Speed 63.44 samples/sec   Loss 0.0109   LearningRate 0.000891   Epoch: 21   Global Step: 30990   Fp16 Grad Scale: 4194304   Required: 147 hours
Training: 2025-04-03 06:08:52,184-Speed 63.47 samples/sec   Loss 0.0015   LearningRate 0.000891   Epoch: 21   Global Step: 31000   Fp16 Grad Scale: 4194304   Required: 147 hours
Training: 2025-04-03 06:09:12,410-Speed 63.29 samples/sec   Loss 0.0026   LearningRate 0.000891   Epoch: 21   Global Step: 31010   Fp16 Grad Scale: 4194304   Required: 147 hours
Training: 2025-04-03 06:09:32,597-Speed 63.41 samples/sec   Loss 0.0666   LearningRate 0.000891   Epoch: 21   Global Step: 31020   Fp16 Grad Scale: 4194304   Required: 147 hours
Training: 2025-04-03 06:09:52,817-Speed 63.31 samples/sec   Loss 0.0033   LearningRate 0.000891   Epoch: 21   Global Step: 31030   Fp16 Grad Scale: 4194304   Required: 147 hours
Training: 2025-04-03 06:10:13,041-Speed 63.29 samples/sec   Loss 0.0057   LearningRate 0.000891   Epoch: 21   Global Step: 31040   Fp16 Grad Scale: 4194304   Required: 147 hours
Training: 2025-04-03 06:10:33,228-Speed 63.41 samples/sec   Loss 0.0039   LearningRate 0.000891   Epoch: 21   Global Step: 31050   Fp16 Grad Scale: 2097152   Required: 147 hours
Training: 2025-04-03 06:10:53,439-Speed 63.33 samples/sec   Loss 0.0051   LearningRate 0.000891   Epoch: 21   Global Step: 31060   Fp16 Grad Scale: 2097152   Required: 147 hours
Training: 2025-04-03 06:11:13,658-Speed 63.31 samples/sec   Loss 0.0041   LearningRate 0.000891   Epoch: 21   Global Step: 31070   Fp16 Grad Scale: 2097152   Required: 147 hours
Training: 2025-04-03 06:11:33,852-Speed 63.39 samples/sec   Loss 0.0069   LearningRate 0.000891   Epoch: 21   Global Step: 31080   Fp16 Grad Scale: 2097152   Required: 147 hours
Training: 2025-04-03 06:11:54,068-Speed 63.32 samples/sec   Loss 0.0036   LearningRate 0.000891   Epoch: 21   Global Step: 31090   Fp16 Grad Scale: 2097152   Required: 147 hours
Training: 2025-04-03 06:12:14,243-Speed 63.45 samples/sec   Loss 0.0036   LearningRate 0.000891   Epoch: 21   Global Step: 31100   Fp16 Grad Scale: 2097152   Required: 147 hours
Training: 2025-04-03 06:12:36,533-Speed 57.43 samples/sec   Loss 0.0032   LearningRate 0.000891   Epoch: 21   Global Step: 31110   Fp16 Grad Scale: 2097152   Required: 147 hours
Training: 2025-04-03 06:12:56,693-Speed 63.49 samples/sec   Loss 0.0011   LearningRate 0.000891   Epoch: 21   Global Step: 31120   Fp16 Grad Scale: 2097152   Required: 147 hours
Training: 2025-04-03 06:13:16,889-Speed 63.38 samples/sec   Loss 0.0074   LearningRate 0.000891   Epoch: 21   Global Step: 31130   Fp16 Grad Scale: 2097152   Required: 147 hours
Training: 2025-04-03 06:13:37,088-Speed 63.37 samples/sec   Loss 0.0065   LearningRate 0.000891   Epoch: 21   Global Step: 31140   Fp16 Grad Scale: 2097152   Required: 147 hours
Training: 2025-04-03 06:13:57,217-Speed 63.59 samples/sec   Loss 0.0320   LearningRate 0.000891   Epoch: 21   Global Step: 31150   Fp16 Grad Scale: 1048576   Required: 147 hours
Training: 2025-04-03 06:14:17,524-Speed 63.03 samples/sec   Loss 0.0068   LearningRate 0.000891   Epoch: 21   Global Step: 31160   Fp16 Grad Scale: 1048576   Required: 147 hours
Training: 2025-04-03 06:14:37,714-Speed 63.40 samples/sec   Loss 0.0085   LearningRate 0.000891   Epoch: 21   Global Step: 31170   Fp16 Grad Scale: 1048576   Required: 147 hours
Training: 2025-04-03 06:14:57,927-Speed 63.33 samples/sec   Loss 0.0084   LearningRate 0.000891   Epoch: 21   Global Step: 31180   Fp16 Grad Scale: 1048576   Required: 147 hours
Training: 2025-04-03 06:15:18,129-Speed 63.36 samples/sec   Loss 0.0098   LearningRate 0.000891   Epoch: 21   Global Step: 31190   Fp16 Grad Scale: 1048576   Required: 147 hours
Training: 2025-04-03 06:15:38,312-Speed 63.42 samples/sec   Loss 0.0032   LearningRate 0.000891   Epoch: 21   Global Step: 31200   Fp16 Grad Scale: 1048576   Required: 147 hours
Training: 2025-04-03 06:15:58,508-Speed 63.38 samples/sec   Loss 0.0060   LearningRate 0.000891   Epoch: 21   Global Step: 31210   Fp16 Grad Scale: 1048576   Required: 147 hours
Training: 2025-04-03 06:16:18,750-Speed 63.24 samples/sec   Loss 0.0046   LearningRate 0.000891   Epoch: 21   Global Step: 31220   Fp16 Grad Scale: 1048576   Required: 147 hours
Training: 2025-04-03 06:16:38,944-Speed 63.39 samples/sec   Loss 0.0068   LearningRate 0.000890   Epoch: 21   Global Step: 31230   Fp16 Grad Scale: 1048576   Required: 147 hours
Training: 2025-04-03 06:16:59,159-Speed 63.32 samples/sec   Loss 0.0106   LearningRate 0.000890   Epoch: 21   Global Step: 31240   Fp16 Grad Scale: 1048576   Required: 147 hours
Training: 2025-04-03 06:17:19,441-Speed 63.11 samples/sec   Loss 0.0017   LearningRate 0.000890   Epoch: 21   Global Step: 31250   Fp16 Grad Scale: 2097152   Required: 147 hours
Training: 2025-04-03 06:17:41,549-Speed 57.90 samples/sec   Loss 0.0072   LearningRate 0.000890   Epoch: 21   Global Step: 31260   Fp16 Grad Scale: 2097152   Required: 147 hours
Training: 2025-04-03 06:18:01,729-Speed 63.43 samples/sec   Loss 0.0018   LearningRate 0.000890   Epoch: 21   Global Step: 31270   Fp16 Grad Scale: 2097152   Required: 147 hours
Training: 2025-04-03 06:18:21,953-Speed 63.29 samples/sec   Loss 0.0019   LearningRate 0.000890   Epoch: 21   Global Step: 31280   Fp16 Grad Scale: 2097152   Required: 147 hours
Training: 2025-04-03 06:18:42,254-Speed 63.05 samples/sec   Loss 0.0029   LearningRate 0.000890   Epoch: 21   Global Step: 31290   Fp16 Grad Scale: 2097152   Required: 147 hours
Training: 2025-04-03 06:19:02,461-Speed 63.35 samples/sec   Loss 0.0085   LearningRate 0.000890   Epoch: 21   Global Step: 31300   Fp16 Grad Scale: 2097152   Required: 147 hours
Training: 2025-04-03 06:19:22,649-Speed 63.41 samples/sec   Loss 0.0121   LearningRate 0.000890   Epoch: 21   Global Step: 31310   Fp16 Grad Scale: 2097152   Required: 147 hours
Training: 2025-04-03 06:19:42,840-Speed 63.40 samples/sec   Loss 0.0547   LearningRate 0.000890   Epoch: 21   Global Step: 31320   Fp16 Grad Scale: 2097152   Required: 147 hours
Training: 2025-04-03 06:20:03,109-Speed 63.15 samples/sec   Loss 0.0042   LearningRate 0.000890   Epoch: 21   Global Step: 31330   Fp16 Grad Scale: 2097152   Required: 147 hours
Training: 2025-04-03 06:20:23,318-Speed 63.34 samples/sec   Loss 0.0026   LearningRate 0.000890   Epoch: 21   Global Step: 31340   Fp16 Grad Scale: 2097152   Required: 147 hours
Training: 2025-04-03 06:20:43,559-Speed 63.24 samples/sec   Loss 0.0048   LearningRate 0.000890   Epoch: 21   Global Step: 31350   Fp16 Grad Scale: 4194304   Required: 147 hours
Training: 2025-04-03 06:21:03,859-Speed 63.05 samples/sec   Loss 0.0064   LearningRate 0.000890   Epoch: 21   Global Step: 31360   Fp16 Grad Scale: 4194304   Required: 147 hours
Training: 2025-04-03 06:21:22,622-Speed 68.22 samples/sec   Loss 0.0057   LearningRate 0.000890   Epoch: 21   Global Step: 31370   Fp16 Grad Scale: 2097152   Required: 147 hours
Training: 2025-04-03 06:21:46,116-Speed 54.48 samples/sec   Loss 0.0054   LearningRate 0.000890   Epoch: 22   Global Step: 31380   Fp16 Grad Scale: 2097152   Required: 147 hours
Training: 2025-04-03 06:22:06,487-Speed 62.84 samples/sec   Loss 0.0013   LearningRate 0.000890   Epoch: 22   Global Step: 31390   Fp16 Grad Scale: 2097152   Required: 147 hours
Training: 2025-04-03 06:22:26,723-Speed 63.25 samples/sec   Loss 0.0124   LearningRate 0.000890   Epoch: 22   Global Step: 31400   Fp16 Grad Scale: 1048576   Required: 147 hours
Training: 2025-04-03 06:22:48,723-Speed 58.18 samples/sec   Loss 0.0147   LearningRate 0.000890   Epoch: 22   Global Step: 31410   Fp16 Grad Scale: 1048576   Required: 147 hours
Training: 2025-04-03 06:23:09,065-Speed 62.93 samples/sec   Loss 0.0066   LearningRate 0.000890   Epoch: 22   Global Step: 31420   Fp16 Grad Scale: 1048576   Required: 147 hours
Training: 2025-04-03 06:23:29,265-Speed 63.37 samples/sec   Loss 0.0061   LearningRate 0.000890   Epoch: 22   Global Step: 31430   Fp16 Grad Scale: 1048576   Required: 147 hours
Training: 2025-04-03 06:23:49,600-Speed 62.95 samples/sec   Loss 0.0029   LearningRate 0.000890   Epoch: 22   Global Step: 31440   Fp16 Grad Scale: 1048576   Required: 147 hours
Training: 2025-04-03 06:24:09,893-Speed 63.08 samples/sec   Loss 0.0038   LearningRate 0.000890   Epoch: 22   Global Step: 31450   Fp16 Grad Scale: 1048576   Required: 147 hours
Training: 2025-04-03 06:24:30,251-Speed 62.88 samples/sec   Loss 0.0094   LearningRate 0.000890   Epoch: 22   Global Step: 31460   Fp16 Grad Scale: 1048576   Required: 147 hours
Training: 2025-04-03 06:24:50,465-Speed 63.32 samples/sec   Loss 0.0017   LearningRate 0.000890   Epoch: 22   Global Step: 31470   Fp16 Grad Scale: 1048576   Required: 147 hours
Training: 2025-04-03 06:25:10,678-Speed 63.33 samples/sec   Loss 0.0026   LearningRate 0.000890   Epoch: 22   Global Step: 31480   Fp16 Grad Scale: 1048576   Required: 147 hours
Training: 2025-04-03 06:25:30,969-Speed 63.08 samples/sec   Loss 0.0023   LearningRate 0.000890   Epoch: 22   Global Step: 31490   Fp16 Grad Scale: 1048576   Required: 147 hours
Training: 2025-04-03 06:25:51,176-Speed 63.35 samples/sec   Loss 0.0033   LearningRate 0.000890   Epoch: 22   Global Step: 31500   Fp16 Grad Scale: 2097152   Required: 147 hours
Training: 2025-04-03 06:26:11,402-Speed 63.29 samples/sec   Loss 0.0007   LearningRate 0.000890   Epoch: 22   Global Step: 31510   Fp16 Grad Scale: 2097152   Required: 147 hours
Training: 2025-04-03 06:26:31,558-Speed 63.51 samples/sec   Loss 0.0245   LearningRate 0.000889   Epoch: 22   Global Step: 31520   Fp16 Grad Scale: 1048576   Required: 147 hours
Training: 2025-04-03 06:26:51,752-Speed 63.39 samples/sec   Loss 0.0006   LearningRate 0.000889   Epoch: 22   Global Step: 31530   Fp16 Grad Scale: 1048576   Required: 147 hours
Training: 2025-04-03 06:27:11,927-Speed 63.45 samples/sec   Loss 0.0099   LearningRate 0.000889   Epoch: 22   Global Step: 31540   Fp16 Grad Scale: 1048576   Required: 147 hours
Training: 2025-04-03 06:27:32,124-Speed 63.38 samples/sec   Loss 0.0051   LearningRate 0.000889   Epoch: 22   Global Step: 31550   Fp16 Grad Scale: 1048576   Required: 147 hours
Training: 2025-04-03 06:27:54,291-Speed 57.74 samples/sec   Loss 0.0034   LearningRate 0.000889   Epoch: 22   Global Step: 31560   Fp16 Grad Scale: 1048576   Required: 147 hours
Training: 2025-04-03 06:28:14,520-Speed 63.28 samples/sec   Loss 0.0024   LearningRate 0.000889   Epoch: 22   Global Step: 31570   Fp16 Grad Scale: 1048576   Required: 147 hours
Training: 2025-04-03 06:28:34,731-Speed 63.33 samples/sec   Loss 0.0028   LearningRate 0.000889   Epoch: 22   Global Step: 31580   Fp16 Grad Scale: 1048576   Required: 147 hours
Training: 2025-04-03 06:28:54,922-Speed 63.40 samples/sec   Loss 0.0024   LearningRate 0.000889   Epoch: 22   Global Step: 31590   Fp16 Grad Scale: 1048576   Required: 147 hours
Training: 2025-04-03 06:29:15,150-Speed 63.28 samples/sec   Loss 0.0019   LearningRate 0.000889   Epoch: 22   Global Step: 31600   Fp16 Grad Scale: 1048576   Required: 147 hours
Training: 2025-04-03 06:29:35,340-Speed 63.40 samples/sec   Loss 0.0008   LearningRate 0.000889   Epoch: 22   Global Step: 31610   Fp16 Grad Scale: 1048576   Required: 147 hours
Training: 2025-04-03 06:29:55,564-Speed 63.29 samples/sec   Loss 0.0013   LearningRate 0.000889   Epoch: 22   Global Step: 31620   Fp16 Grad Scale: 2097152   Required: 147 hours
Training: 2025-04-03 06:30:15,750-Speed 63.41 samples/sec   Loss 0.0039   LearningRate 0.000889   Epoch: 22   Global Step: 31630   Fp16 Grad Scale: 2097152   Required: 147 hours
Training: 2025-04-03 06:30:35,951-Speed 63.36 samples/sec   Loss 0.0028   LearningRate 0.000889   Epoch: 22   Global Step: 31640   Fp16 Grad Scale: 2097152   Required: 147 hours
Training: 2025-04-03 06:30:56,174-Speed 63.30 samples/sec   Loss 0.0027   LearningRate 0.000889   Epoch: 22   Global Step: 31650   Fp16 Grad Scale: 2097152   Required: 147 hours
Training: 2025-04-03 06:31:16,371-Speed 63.38 samples/sec   Loss 0.0022   LearningRate 0.000889   Epoch: 22   Global Step: 31660   Fp16 Grad Scale: 2097152   Required: 147 hours
Training: 2025-04-03 06:31:36,594-Speed 63.30 samples/sec   Loss 0.0130   LearningRate 0.000889   Epoch: 22   Global Step: 31670   Fp16 Grad Scale: 2097152   Required: 147 hours
Training: 2025-04-03 06:31:56,902-Speed 63.03 samples/sec   Loss 0.0018   LearningRate 0.000889   Epoch: 22   Global Step: 31680   Fp16 Grad Scale: 2097152   Required: 147 hours
Training: 2025-04-03 06:32:17,065-Speed 63.48 samples/sec   Loss 0.0101   LearningRate 0.000889   Epoch: 22   Global Step: 31690   Fp16 Grad Scale: 2097152   Required: 147 hours
Training: 2025-04-03 06:32:37,252-Speed 63.41 samples/sec   Loss 0.0027   LearningRate 0.000889   Epoch: 22   Global Step: 31700   Fp16 Grad Scale: 2097152   Required: 147 hours
Training: 2025-04-03 06:32:59,378-Speed 57.85 samples/sec   Loss 0.0059   LearningRate 0.000889   Epoch: 22   Global Step: 31710   Fp16 Grad Scale: 2097152   Required: 147 hours
Training: 2025-04-03 06:33:19,527-Speed 63.53 samples/sec   Loss 0.0056   LearningRate 0.000889   Epoch: 22   Global Step: 31720   Fp16 Grad Scale: 2097152   Required: 147 hours
Training: 2025-04-03 06:33:39,742-Speed 63.32 samples/sec   Loss 0.0171   LearningRate 0.000889   Epoch: 22   Global Step: 31730   Fp16 Grad Scale: 1048576   Required: 147 hours
Training: 2025-04-03 06:34:00,006-Speed 63.17 samples/sec   Loss 0.0056   LearningRate 0.000889   Epoch: 22   Global Step: 31740   Fp16 Grad Scale: 1048576   Required: 147 hours
Training: 2025-04-03 06:34:20,235-Speed 63.28 samples/sec   Loss 0.0045   LearningRate 0.000889   Epoch: 22   Global Step: 31750   Fp16 Grad Scale: 1048576   Required: 147 hours
Training: 2025-04-03 06:34:40,464-Speed 63.28 samples/sec   Loss 0.0063   LearningRate 0.000889   Epoch: 22   Global Step: 31760   Fp16 Grad Scale: 1048576   Required: 147 hours
Training: 2025-04-03 06:35:00,670-Speed 63.35 samples/sec   Loss 0.0051   LearningRate 0.000889   Epoch: 22   Global Step: 31770   Fp16 Grad Scale: 1048576   Required: 147 hours
Training: 2025-04-03 06:35:21,015-Speed 62.92 samples/sec   Loss 0.0024   LearningRate 0.000889   Epoch: 22   Global Step: 31780   Fp16 Grad Scale: 1048576   Required: 147 hours
Training: 2025-04-03 06:35:41,231-Speed 63.32 samples/sec   Loss 0.0017   LearningRate 0.000889   Epoch: 22   Global Step: 31790   Fp16 Grad Scale: 1048576   Required: 147 hours
Training: 2025-04-03 06:36:01,439-Speed 63.35 samples/sec   Loss 0.0021   LearningRate 0.000888   Epoch: 22   Global Step: 31800   Fp16 Grad Scale: 1048576   Required: 147 hours
Training: 2025-04-03 06:36:21,624-Speed 63.41 samples/sec   Loss 0.0063   LearningRate 0.000888   Epoch: 22   Global Step: 31810   Fp16 Grad Scale: 1048576   Required: 147 hours
Training: 2025-04-03 06:36:41,945-Speed 62.99 samples/sec   Loss 0.0024   LearningRate 0.000888   Epoch: 22   Global Step: 31820   Fp16 Grad Scale: 1048576   Required: 147 hours
Training: 2025-04-03 06:37:02,166-Speed 63.30 samples/sec   Loss 0.0022   LearningRate 0.000888   Epoch: 22   Global Step: 31830   Fp16 Grad Scale: 2097152   Required: 147 hours
Training: 2025-04-03 06:37:22,351-Speed 63.42 samples/sec   Loss 0.0012   LearningRate 0.000888   Epoch: 22   Global Step: 31840   Fp16 Grad Scale: 2097152   Required: 147 hours
Training: 2025-04-03 06:37:43,505-Speed 60.51 samples/sec   Loss 0.0070   LearningRate 0.000888   Epoch: 22   Global Step: 31850   Fp16 Grad Scale: 2097152   Required: 147 hours
Training: 2025-04-03 06:38:04,770-Speed 60.20 samples/sec   Loss 0.0063   LearningRate 0.000888   Epoch: 22   Global Step: 31860   Fp16 Grad Scale: 2097152   Required: 147 hours
Training: 2025-04-03 06:38:24,966-Speed 63.38 samples/sec   Loss 0.0015   LearningRate 0.000888   Epoch: 22   Global Step: 31870   Fp16 Grad Scale: 2097152   Required: 147 hours
Training: 2025-04-03 06:38:45,236-Speed 63.15 samples/sec   Loss 0.0038   LearningRate 0.000888   Epoch: 22   Global Step: 31880   Fp16 Grad Scale: 2097152   Required: 147 hours
Training: 2025-04-03 06:39:05,446-Speed 63.34 samples/sec   Loss 0.0166   LearningRate 0.000888   Epoch: 22   Global Step: 31890   Fp16 Grad Scale: 2097152   Required: 147 hours
Training: 2025-04-03 06:39:25,704-Speed 63.19 samples/sec   Loss 0.0304   LearningRate 0.000888   Epoch: 22   Global Step: 31900   Fp16 Grad Scale: 1048576   Required: 147 hours
Training: 2025-04-03 06:39:45,879-Speed 63.45 samples/sec   Loss 0.0786   LearningRate 0.000888   Epoch: 22   Global Step: 31910   Fp16 Grad Scale: 1048576   Required: 147 hours
Training: 2025-04-03 06:40:06,181-Speed 63.05 samples/sec   Loss 0.0051   LearningRate 0.000888   Epoch: 22   Global Step: 31920   Fp16 Grad Scale: 1048576   Required: 147 hours
Training: 2025-04-03 06:40:26,356-Speed 63.45 samples/sec   Loss 0.0085   LearningRate 0.000888   Epoch: 22   Global Step: 31930   Fp16 Grad Scale: 1048576   Required: 147 hours
Training: 2025-04-03 06:40:46,556-Speed 63.37 samples/sec   Loss 0.0520   LearningRate 0.000888   Epoch: 22   Global Step: 31940   Fp16 Grad Scale: 1048576   Required: 147 hours
Training: 2025-04-03 06:41:06,710-Speed 63.51 samples/sec   Loss 0.0105   LearningRate 0.000888   Epoch: 22   Global Step: 31950   Fp16 Grad Scale: 1048576   Required: 147 hours
Training: 2025-04-03 06:41:26,911-Speed 63.37 samples/sec   Loss 0.0092   LearningRate 0.000888   Epoch: 22   Global Step: 31960   Fp16 Grad Scale: 1048576   Required: 147 hours
Training: 2025-04-03 06:41:47,073-Speed 63.49 samples/sec   Loss 0.0259   LearningRate 0.000888   Epoch: 22   Global Step: 31970   Fp16 Grad Scale: 524288   Required: 147 hours
Training: 2025-04-03 06:42:07,271-Speed 63.38 samples/sec   Loss 0.0062   LearningRate 0.000888   Epoch: 22   Global Step: 31980   Fp16 Grad Scale: 524288   Required: 147 hours
Training: 2025-04-03 06:42:27,444-Speed 63.45 samples/sec   Loss 0.0051   LearningRate 0.000888   Epoch: 22   Global Step: 31990   Fp16 Grad Scale: 524288   Required: 146 hours
Training: 2025-04-03 06:42:48,689-Speed 60.25 samples/sec   Loss 0.0023   LearningRate 0.000888   Epoch: 22   Global Step: 32000   Fp16 Grad Scale: 524288   Required: 146 hours
net_out.shape: torch.Size([128, 512])
net_out.shape: torch.Size([128, 512])
net_out.shape: torch.Size([128, 512])
net_out.shape: torch.Size([128, 512])
net_out.shape: torch.Size([128, 512])
net_out.shape: torch.Size([128, 512])
net_out.shape: torch.Size([128, 512])
net_out.shape: torch.Size([128, 512])
net_out.shape: torch.Size([128, 512])
net_out.shape: torch.Size([128, 512])
net_out.shape: torch.Size([128, 512])
net_out.shape: torch.Size([128, 512])
net_out.shape: torch.Size([128, 512])
net_out.shape: torch.Size([128, 512])
net_out.shape: torch.Size([128, 512])
net_out.shape: torch.Size([128, 512])
net_out.shape: torch.Size([128, 512])
net_out.shape: torch.Size([128, 512])
net_out.shape: torch.Size([128, 512])
net_out.shape: torch.Size([128, 512])
net_out.shape: torch.Size([128, 512])
net_out.shape: torch.Size([128, 512])
net_out.shape: torch.Size([128, 512])
net_out.shape: torch.Size([128, 512])
net_out.shape: torch.Size([128, 512])
net_out.shape: torch.Size([128, 512])
net_out.shape: torch.Size([128, 512])
net_out.shape: torch.Size([128, 512])
net_out.shape: torch.Size([128, 512])
net_out.shape: torch.Size([128, 512])
net_out.shape: torch.Size([128, 512])
net_out.shape: torch.Size([128, 512])
net_out.shape: torch.Size([128, 512])
net_out.shape: torch.Size([128, 512])
net_out.shape: torch.Size([128, 512])
net_out.shape: torch.Size([128, 512])
net_out.shape: torch.Size([128, 512])
net_out.shape: torch.Size([128, 512])
net_out.shape: torch.Size([128, 512])
net_out.shape: torch.Size([128, 512])
net_out.shape: torch.Size([128, 512])
net_out.shape: torch.Size([128, 512])
net_out.shape: torch.Size([128, 512])
net_out.shape: torch.Size([128, 512])
net_out.shape: torch.Size([128, 512])
net_out.shape: torch.Size([128, 512])
net_out.shape: torch.Size([128, 512])
net_out.shape: torch.Size([128, 512])
net_out.shape: torch.Size([128, 512])
net_out.shape: torch.Size([128, 512])
net_out.shape: torch.Size([128, 512])
net_out.shape: torch.Size([128, 512])
net_out.shape: torch.Size([128, 512])
net_out.shape: torch.Size([128, 512])
net_out.shape: torch.Size([128, 512])
net_out.shape: torch.Size([128, 512])
net_out.shape: torch.Size([128, 512])
net_out.shape: torch.Size([128, 512])
net_out.shape: torch.Size([128, 512])
net_out.shape: torch.Size([128, 512])
net_out.shape: torch.Size([128, 512])
net_out.shape: torch.Size([128, 512])
net_out.shape: torch.Size([128, 512])
net_out.shape: torch.Size([128, 512])
Training: 2025-04-03 06:44:00,330-[val][Global step: 32000] d prime: 6.986496448516846
Model saved with d prime score: 7.397576332092285
Training: 2025-04-03 06:44:22,264-Speed 13.68 samples/sec   Loss 0.0054   LearningRate 0.000888   Epoch: 22   Global Step: 32010   Fp16 Grad Scale: 524288   Required: 147 hours
Training: 2025-04-03 06:44:42,604-Speed 62.93 samples/sec   Loss 0.0034   LearningRate 0.000888   Epoch: 22   Global Step: 32020   Fp16 Grad Scale: 524288   Required: 147 hours
Training: 2025-04-03 06:45:02,744-Speed 63.56 samples/sec   Loss 0.0045   LearningRate 0.000888   Epoch: 22   Global Step: 32030   Fp16 Grad Scale: 524288   Required: 147 hours
Training: 2025-04-03 06:45:23,054-Speed 63.02 samples/sec   Loss 0.0026   LearningRate 0.000888   Epoch: 22   Global Step: 32040   Fp16 Grad Scale: 524288   Required: 147 hours
Training: 2025-04-03 06:45:43,260-Speed 63.35 samples/sec   Loss 0.0015   LearningRate 0.000888   Epoch: 22   Global Step: 32050   Fp16 Grad Scale: 524288   Required: 147 hours
Training: 2025-04-03 06:46:03,563-Speed 63.05 samples/sec   Loss 0.0212   LearningRate 0.000888   Epoch: 22   Global Step: 32060   Fp16 Grad Scale: 524288   Required: 147 hours
Training: 2025-04-03 06:46:23,794-Speed 63.27 samples/sec   Loss 0.0043   LearningRate 0.000888   Epoch: 22   Global Step: 32070   Fp16 Grad Scale: 1048576   Required: 147 hours
Training: 2025-04-03 06:46:43,976-Speed 63.42 samples/sec   Loss 0.0116   LearningRate 0.000888   Epoch: 22   Global Step: 32080   Fp16 Grad Scale: 1048576   Required: 147 hours
Training: 2025-04-03 06:47:04,207-Speed 63.27 samples/sec   Loss 0.0077   LearningRate 0.000887   Epoch: 22   Global Step: 32090   Fp16 Grad Scale: 1048576   Required: 147 hours
Training: 2025-04-03 06:47:24,431-Speed 63.29 samples/sec   Loss 0.0151   LearningRate 0.000887   Epoch: 22   Global Step: 32100   Fp16 Grad Scale: 1048576   Required: 147 hours
Training: 2025-04-03 06:47:44,635-Speed 63.35 samples/sec   Loss 0.0085   LearningRate 0.000887   Epoch: 22   Global Step: 32110   Fp16 Grad Scale: 1048576   Required: 147 hours
Training: 2025-04-03 06:48:06,531-Speed 58.46 samples/sec   Loss 0.0041   LearningRate 0.000887   Epoch: 22   Global Step: 32120   Fp16 Grad Scale: 1048576   Required: 147 hours
Training: 2025-04-03 06:48:26,745-Speed 63.32 samples/sec   Loss 0.0663   LearningRate 0.000887   Epoch: 22   Global Step: 32130   Fp16 Grad Scale: 1048576   Required: 147 hours
Training: 2025-04-03 06:48:46,895-Speed 63.53 samples/sec   Loss 0.0157   LearningRate 0.000887   Epoch: 22   Global Step: 32140   Fp16 Grad Scale: 524288   Required: 147 hours
Training: 2025-04-03 06:49:07,083-Speed 63.41 samples/sec   Loss 0.0092   LearningRate 0.000887   Epoch: 22   Global Step: 32150   Fp16 Grad Scale: 524288   Required: 147 hours
Training: 2025-04-03 06:49:27,259-Speed 63.44 samples/sec   Loss 0.0071   LearningRate 0.000887   Epoch: 22   Global Step: 32160   Fp16 Grad Scale: 524288   Required: 147 hours
Training: 2025-04-03 06:49:47,433-Speed 63.45 samples/sec   Loss 0.0141   LearningRate 0.000887   Epoch: 22   Global Step: 32170   Fp16 Grad Scale: 524288   Required: 147 hours
Training: 2025-04-03 06:50:07,580-Speed 63.54 samples/sec   Loss 0.0519   LearningRate 0.000887   Epoch: 22   Global Step: 32180   Fp16 Grad Scale: 262144   Required: 147 hours
Training: 2025-04-03 06:50:27,814-Speed 63.26 samples/sec   Loss 0.0042   LearningRate 0.000887   Epoch: 22   Global Step: 32190   Fp16 Grad Scale: 262144   Required: 147 hours
Training: 2025-04-03 06:50:48,012-Speed 63.37 samples/sec   Loss 0.0242   LearningRate 0.000887   Epoch: 22   Global Step: 32200   Fp16 Grad Scale: 262144   Required: 147 hours
Training: 2025-04-03 06:51:08,143-Speed 63.59 samples/sec   Loss 0.0153   LearningRate 0.000887   Epoch: 22   Global Step: 32210   Fp16 Grad Scale: 262144   Required: 147 hours
Training: 2025-04-03 06:51:28,325-Speed 63.42 samples/sec   Loss 0.0088   LearningRate 0.000887   Epoch: 22   Global Step: 32220   Fp16 Grad Scale: 262144   Required: 147 hours
Training: 2025-04-03 06:51:48,490-Speed 63.48 samples/sec   Loss 0.0141   LearningRate 0.000887   Epoch: 22   Global Step: 32230   Fp16 Grad Scale: 262144   Required: 146 hours
Training: 2025-04-03 06:52:08,646-Speed 63.51 samples/sec   Loss 0.0045   LearningRate 0.000887   Epoch: 22   Global Step: 32240   Fp16 Grad Scale: 262144   Required: 146 hours
Training: 2025-04-03 06:52:28,840-Speed 63.39 samples/sec   Loss 0.0260   LearningRate 0.000887   Epoch: 22   Global Step: 32250   Fp16 Grad Scale: 262144   Required: 146 hours
Training: 2025-04-03 06:52:48,998-Speed 63.50 samples/sec   Loss 0.0086   LearningRate 0.000887   Epoch: 22   Global Step: 32260   Fp16 Grad Scale: 262144   Required: 146 hours
Training: 2025-04-03 06:53:11,047-Speed 58.05 samples/sec   Loss 0.0125   LearningRate 0.000887   Epoch: 22   Global Step: 32270   Fp16 Grad Scale: 262144   Required: 146 hours
Training: 2025-04-03 06:53:31,202-Speed 63.51 samples/sec   Loss 0.0067   LearningRate 0.000887   Epoch: 22   Global Step: 32280   Fp16 Grad Scale: 524288   Required: 146 hours
Training: 2025-04-03 06:53:51,364-Speed 63.49 samples/sec   Loss 0.0090   LearningRate 0.000887   Epoch: 22   Global Step: 32290   Fp16 Grad Scale: 524288   Required: 146 hours
Training: 2025-04-03 06:54:11,684-Speed 62.99 samples/sec   Loss 0.0367   LearningRate 0.000887   Epoch: 22   Global Step: 32300   Fp16 Grad Scale: 524288   Required: 146 hours
Training: 2025-04-03 06:54:31,873-Speed 63.40 samples/sec   Loss 0.0087   LearningRate 0.000887   Epoch: 22   Global Step: 32310   Fp16 Grad Scale: 524288   Required: 146 hours
Training: 2025-04-03 06:54:52,079-Speed 63.35 samples/sec   Loss 0.0035   LearningRate 0.000887   Epoch: 22   Global Step: 32320   Fp16 Grad Scale: 524288   Required: 146 hours
Training: 2025-04-03 06:55:12,316-Speed 63.25 samples/sec   Loss 0.0029   LearningRate 0.000887   Epoch: 22   Global Step: 32330   Fp16 Grad Scale: 524288   Required: 146 hours
Training: 2025-04-03 06:55:32,532-Speed 63.32 samples/sec   Loss 0.0066   LearningRate 0.000887   Epoch: 22   Global Step: 32340   Fp16 Grad Scale: 524288   Required: 146 hours
Training: 2025-04-03 06:55:52,706-Speed 63.45 samples/sec   Loss 0.0056   LearningRate 0.000887   Epoch: 22   Global Step: 32350   Fp16 Grad Scale: 524288   Required: 146 hours
Training: 2025-04-03 06:56:12,922-Speed 63.32 samples/sec   Loss 0.0032   LearningRate 0.000887   Epoch: 22   Global Step: 32360   Fp16 Grad Scale: 524288   Required: 146 hours
Training: 2025-04-03 06:56:33,121-Speed 63.37 samples/sec   Loss 0.0453   LearningRate 0.000887   Epoch: 22   Global Step: 32370   Fp16 Grad Scale: 524288   Required: 146 hours
Training: 2025-04-03 06:56:53,286-Speed 63.48 samples/sec   Loss 0.0158   LearningRate 0.000886   Epoch: 22   Global Step: 32380   Fp16 Grad Scale: 1048576   Required: 146 hours
Training: 2025-04-03 06:57:13,462-Speed 63.44 samples/sec   Loss 0.0327   LearningRate 0.000886   Epoch: 22   Global Step: 32390   Fp16 Grad Scale: 262144   Required: 146 hours
Training: 2025-04-03 06:57:33,748-Speed 63.10 samples/sec   Loss 0.0103   LearningRate 0.000886   Epoch: 22   Global Step: 32400   Fp16 Grad Scale: 262144   Required: 146 hours
Training: 2025-04-03 06:57:53,949-Speed 63.36 samples/sec   Loss 0.0090   LearningRate 0.000886   Epoch: 22   Global Step: 32410   Fp16 Grad Scale: 262144   Required: 146 hours
Training: 2025-04-03 06:58:15,961-Speed 58.15 samples/sec   Loss 0.0293   LearningRate 0.000886   Epoch: 22   Global Step: 32420   Fp16 Grad Scale: 262144   Required: 146 hours
Training: 2025-04-03 06:58:36,178-Speed 63.31 samples/sec   Loss 0.0105   LearningRate 0.000886   Epoch: 22   Global Step: 32430   Fp16 Grad Scale: 262144   Required: 146 hours
Training: 2025-04-03 06:58:56,500-Speed 62.99 samples/sec   Loss 0.0116   LearningRate 0.000886   Epoch: 22   Global Step: 32440   Fp16 Grad Scale: 262144   Required: 146 hours
Training: 2025-04-03 06:59:16,684-Speed 63.42 samples/sec   Loss 0.0421   LearningRate 0.000886   Epoch: 22   Global Step: 32450   Fp16 Grad Scale: 262144   Required: 146 hours
Training: 2025-04-03 06:59:36,871-Speed 63.41 samples/sec   Loss 0.0229   LearningRate 0.000886   Epoch: 22   Global Step: 32460   Fp16 Grad Scale: 262144   Required: 146 hours
Training: 2025-04-03 06:59:57,108-Speed 63.25 samples/sec   Loss 0.0098   LearningRate 0.000886   Epoch: 22   Global Step: 32470   Fp16 Grad Scale: 262144   Required: 146 hours
Training: 2025-04-03 07:00:17,436-Speed 62.97 samples/sec   Loss 0.0083   LearningRate 0.000886   Epoch: 22   Global Step: 32480   Fp16 Grad Scale: 262144   Required: 146 hours
Training: 2025-04-03 07:00:37,642-Speed 63.35 samples/sec   Loss 0.0115   LearningRate 0.000886   Epoch: 22   Global Step: 32490   Fp16 Grad Scale: 524288   Required: 146 hours
Training: 2025-04-03 07:00:57,859-Speed 63.32 samples/sec   Loss 0.0084   LearningRate 0.000886   Epoch: 22   Global Step: 32500   Fp16 Grad Scale: 524288   Required: 146 hours
Training: 2025-04-03 07:01:18,179-Speed 62.99 samples/sec   Loss 0.0064   LearningRate 0.000886   Epoch: 22   Global Step: 32510   Fp16 Grad Scale: 524288   Required: 146 hours
Training: 2025-04-03 07:01:38,374-Speed 63.38 samples/sec   Loss 0.0062   LearningRate 0.000886   Epoch: 22   Global Step: 32520   Fp16 Grad Scale: 524288   Required: 146 hours
Training: 2025-04-03 07:01:58,595-Speed 63.30 samples/sec   Loss 0.0046   LearningRate 0.000886   Epoch: 22   Global Step: 32530   Fp16 Grad Scale: 524288   Required: 146 hours
Training: 2025-04-03 07:02:18,884-Speed 63.09 samples/sec   Loss 0.0350   LearningRate 0.000886   Epoch: 22   Global Step: 32540   Fp16 Grad Scale: 524288   Required: 146 hours
Training: 2025-04-03 07:02:39,063-Speed 63.43 samples/sec   Loss 0.0061   LearningRate 0.000886   Epoch: 22   Global Step: 32550   Fp16 Grad Scale: 524288   Required: 146 hours
Training: 2025-04-03 07:02:59,361-Speed 63.06 samples/sec   Loss 0.0062   LearningRate 0.000886   Epoch: 22   Global Step: 32560   Fp16 Grad Scale: 524288   Required: 146 hours
Training: 2025-04-03 07:03:21,496-Speed 57.83 samples/sec   Loss 0.0066   LearningRate 0.000886   Epoch: 22   Global Step: 32570   Fp16 Grad Scale: 524288   Required: 146 hours
Training: 2025-04-03 07:03:41,850-Speed 62.89 samples/sec   Loss 0.0060   LearningRate 0.000886   Epoch: 22   Global Step: 32580   Fp16 Grad Scale: 524288   Required: 146 hours
Training: 2025-04-03 07:04:02,063-Speed 63.33 samples/sec   Loss 0.0084   LearningRate 0.000886   Epoch: 22   Global Step: 32590   Fp16 Grad Scale: 1048576   Required: 146 hours
Training: 2025-04-03 07:04:22,291-Speed 63.28 samples/sec   Loss 0.0098   LearningRate 0.000886   Epoch: 22   Global Step: 32600   Fp16 Grad Scale: 1048576   Required: 146 hours
Training: 2025-04-03 07:04:42,501-Speed 63.34 samples/sec   Loss 0.0095   LearningRate 0.000886   Epoch: 22   Global Step: 32610   Fp16 Grad Scale: 1048576   Required: 146 hours
Training: 2025-04-03 07:05:02,742-Speed 63.24 samples/sec   Loss 0.0050   LearningRate 0.000886   Epoch: 22   Global Step: 32620   Fp16 Grad Scale: 1048576   Required: 146 hours
Training: 2025-04-03 07:05:22,960-Speed 63.31 samples/sec   Loss 0.0075   LearningRate 0.000886   Epoch: 22   Global Step: 32630   Fp16 Grad Scale: 1048576   Required: 146 hours
Training: 2025-04-03 07:05:43,264-Speed 63.04 samples/sec   Loss 0.0098   LearningRate 0.000886   Epoch: 22   Global Step: 32640   Fp16 Grad Scale: 1048576   Required: 146 hours
Training: 2025-04-03 07:06:03,437-Speed 63.45 samples/sec   Loss 0.0030   LearningRate 0.000886   Epoch: 22   Global Step: 32650   Fp16 Grad Scale: 1048576   Required: 146 hours
Training: 2025-04-03 07:06:23,635-Speed 63.38 samples/sec   Loss 0.0037   LearningRate 0.000885   Epoch: 22   Global Step: 32660   Fp16 Grad Scale: 1048576   Required: 146 hours
Training: 2025-04-03 07:06:43,871-Speed 63.26 samples/sec   Loss 0.0036   LearningRate 0.000885   Epoch: 22   Global Step: 32670   Fp16 Grad Scale: 1048576   Required: 146 hours
Training: 2025-04-03 07:07:04,107-Speed 63.26 samples/sec   Loss 0.0051   LearningRate 0.000885   Epoch: 22   Global Step: 32680   Fp16 Grad Scale: 1048576   Required: 146 hours
Training: 2025-04-03 07:07:24,331-Speed 63.29 samples/sec   Loss 0.0039   LearningRate 0.000885   Epoch: 22   Global Step: 32690   Fp16 Grad Scale: 2097152   Required: 146 hours
Training: 2025-04-03 07:07:44,528-Speed 63.38 samples/sec   Loss 0.0013   LearningRate 0.000885   Epoch: 22   Global Step: 32700   Fp16 Grad Scale: 2097152   Required: 146 hours
Training: 2025-04-03 07:08:04,747-Speed 63.31 samples/sec   Loss 0.0078   LearningRate 0.000885   Epoch: 22   Global Step: 32710   Fp16 Grad Scale: 2097152   Required: 146 hours
Training: 2025-04-03 07:08:26,757-Speed 58.16 samples/sec   Loss 0.0374   LearningRate 0.000885   Epoch: 22   Global Step: 32720   Fp16 Grad Scale: 1048576   Required: 146 hours
Training: 2025-04-03 07:08:46,961-Speed 63.36 samples/sec   Loss 0.0025   LearningRate 0.000885   Epoch: 22   Global Step: 32730   Fp16 Grad Scale: 1048576   Required: 146 hours
Training: 2025-04-03 07:09:07,201-Speed 63.24 samples/sec   Loss 0.0042   LearningRate 0.000885   Epoch: 22   Global Step: 32740   Fp16 Grad Scale: 1048576   Required: 146 hours
Training: 2025-04-03 07:09:27,398-Speed 63.38 samples/sec   Loss 0.0049   LearningRate 0.000885   Epoch: 22   Global Step: 32750   Fp16 Grad Scale: 1048576   Required: 146 hours
Training: 2025-04-03 07:09:47,624-Speed 63.29 samples/sec   Loss 0.0027   LearningRate 0.000885   Epoch: 22   Global Step: 32760   Fp16 Grad Scale: 1048576   Required: 146 hours
Training: 2025-04-03 07:10:07,806-Speed 63.42 samples/sec   Loss 0.0043   LearningRate 0.000885   Epoch: 22   Global Step: 32770   Fp16 Grad Scale: 1048576   Required: 146 hours
Training: 2025-04-03 07:10:28,055-Speed 63.22 samples/sec   Loss 0.0014   LearningRate 0.000885   Epoch: 22   Global Step: 32780   Fp16 Grad Scale: 1048576   Required: 146 hours
Training: 2025-04-03 07:10:47,940-Speed 64.37 samples/sec   Loss 0.0016   LearningRate 0.000885   Epoch: 22   Global Step: 32790   Fp16 Grad Scale: 1048576   Required: 146 hours
Training: 2025-04-03 07:11:10,723-Speed 56.18 samples/sec   Loss 0.0014   LearningRate 0.000885   Epoch: 23   Global Step: 32800   Fp16 Grad Scale: 1048576   Required: 146 hours
Training: 2025-04-03 07:11:31,055-Speed 62.96 samples/sec   Loss 0.0014   LearningRate 0.000885   Epoch: 23   Global Step: 32810   Fp16 Grad Scale: 1048576   Required: 146 hours
Training: 2025-04-03 07:11:51,294-Speed 63.25 samples/sec   Loss 0.0053   LearningRate 0.000885   Epoch: 23   Global Step: 32820   Fp16 Grad Scale: 2097152   Required: 146 hours
Training: 2025-04-03 07:12:11,531-Speed 63.25 samples/sec   Loss 0.0307   LearningRate 0.000885   Epoch: 23   Global Step: 32830   Fp16 Grad Scale: 2097152   Required: 146 hours
Training: 2025-04-03 07:12:31,775-Speed 63.23 samples/sec   Loss 0.0074   LearningRate 0.000885   Epoch: 23   Global Step: 32840   Fp16 Grad Scale: 2097152   Required: 146 hours
Training: 2025-04-03 07:12:51,988-Speed 63.33 samples/sec   Loss 0.0017   LearningRate 0.000885   Epoch: 23   Global Step: 32850   Fp16 Grad Scale: 2097152   Required: 146 hours
Training: 2025-04-03 07:13:13,298-Speed 60.07 samples/sec   Loss 0.0011   LearningRate 0.000885   Epoch: 23   Global Step: 32860   Fp16 Grad Scale: 2097152   Required: 146 hours
Training: 2025-04-03 07:13:34,201-Speed 61.24 samples/sec   Loss 0.0017   LearningRate 0.000885   Epoch: 23   Global Step: 32870   Fp16 Grad Scale: 2097152   Required: 146 hours
Training: 2025-04-03 07:13:54,380-Speed 63.43 samples/sec   Loss 0.0011   LearningRate 0.000885   Epoch: 23   Global Step: 32880   Fp16 Grad Scale: 2097152   Required: 146 hours
Training: 2025-04-03 07:14:14,523-Speed 63.55 samples/sec   Loss 0.0038   LearningRate 0.000885   Epoch: 23   Global Step: 32890   Fp16 Grad Scale: 2097152   Required: 146 hours
Training: 2025-04-03 07:14:34,710-Speed 63.41 samples/sec   Loss 0.0205   LearningRate 0.000885   Epoch: 23   Global Step: 32900   Fp16 Grad Scale: 2097152   Required: 146 hours
Training: 2025-04-03 07:14:54,978-Speed 63.15 samples/sec   Loss 0.0012   LearningRate 0.000885   Epoch: 23   Global Step: 32910   Fp16 Grad Scale: 2097152   Required: 146 hours
Training: 2025-04-03 07:15:15,199-Speed 63.30 samples/sec   Loss 0.0030   LearningRate 0.000885   Epoch: 23   Global Step: 32920   Fp16 Grad Scale: 2097152   Required: 146 hours
Training: 2025-04-03 07:15:35,428-Speed 63.28 samples/sec   Loss 0.0020   LearningRate 0.000885   Epoch: 23   Global Step: 32930   Fp16 Grad Scale: 2097152   Required: 146 hours
Training: 2025-04-03 07:15:55,634-Speed 63.35 samples/sec   Loss 0.0027   LearningRate 0.000885   Epoch: 23   Global Step: 32940   Fp16 Grad Scale: 2097152   Required: 146 hours
Training: 2025-04-03 07:16:15,910-Speed 63.13 samples/sec   Loss 0.0009   LearningRate 0.000884   Epoch: 23   Global Step: 32950   Fp16 Grad Scale: 2097152   Required: 146 hours
Training: 2025-04-03 07:16:36,146-Speed 63.26 samples/sec   Loss 0.0720   LearningRate 0.000884   Epoch: 23   Global Step: 32960   Fp16 Grad Scale: 2097152   Required: 146 hours
Training: 2025-04-03 07:16:56,380-Speed 63.26 samples/sec   Loss 0.0007   LearningRate 0.000884   Epoch: 23   Global Step: 32970   Fp16 Grad Scale: 2097152   Required: 146 hours
Training: 2025-04-03 07:17:16,594-Speed 63.32 samples/sec   Loss 0.0034   LearningRate 0.000884   Epoch: 23   Global Step: 32980   Fp16 Grad Scale: 2097152   Required: 146 hours
Training: 2025-04-03 07:17:36,865-Speed 63.14 samples/sec   Loss 0.0021   LearningRate 0.000884   Epoch: 23   Global Step: 32990   Fp16 Grad Scale: 2097152   Required: 146 hours
Training: 2025-04-03 07:17:57,095-Speed 63.28 samples/sec   Loss 0.0005   LearningRate 0.000884   Epoch: 23   Global Step: 33000   Fp16 Grad Scale: 2097152   Required: 146 hours
Training: 2025-04-03 07:18:19,247-Speed 57.78 samples/sec   Loss 0.0004   LearningRate 0.000884   Epoch: 23   Global Step: 33010   Fp16 Grad Scale: 2097152   Required: 146 hours
Training: 2025-04-03 07:18:39,554-Speed 63.03 samples/sec   Loss 0.0008   LearningRate 0.000884   Epoch: 23   Global Step: 33020   Fp16 Grad Scale: 4194304   Required: 146 hours
Training: 2025-04-03 07:18:59,757-Speed 63.36 samples/sec   Loss 0.0046   LearningRate 0.000884   Epoch: 23   Global Step: 33030   Fp16 Grad Scale: 4194304   Required: 146 hours
Training: 2025-04-03 07:19:20,000-Speed 63.23 samples/sec   Loss 0.0010   LearningRate 0.000884   Epoch: 23   Global Step: 33040   Fp16 Grad Scale: 4194304   Required: 146 hours
Training: 2025-04-03 07:19:40,312-Speed 63.02 samples/sec   Loss 0.0009   LearningRate 0.000884   Epoch: 23   Global Step: 33050   Fp16 Grad Scale: 4194304   Required: 146 hours
Training: 2025-04-03 07:20:00,522-Speed 63.34 samples/sec   Loss 0.0208   LearningRate 0.000884   Epoch: 23   Global Step: 33060   Fp16 Grad Scale: 4194304   Required: 146 hours
Training: 2025-04-03 07:20:20,817-Speed 63.07 samples/sec   Loss 0.0096   LearningRate 0.000884   Epoch: 23   Global Step: 33070   Fp16 Grad Scale: 2097152   Required: 146 hours
Training: 2025-04-03 07:20:41,004-Speed 63.41 samples/sec   Loss 0.0035   LearningRate 0.000884   Epoch: 23   Global Step: 33080   Fp16 Grad Scale: 2097152   Required: 146 hours
Training: 2025-04-03 07:21:01,312-Speed 63.03 samples/sec   Loss 0.0014   LearningRate 0.000884   Epoch: 23   Global Step: 33090   Fp16 Grad Scale: 2097152   Required: 146 hours
Training: 2025-04-03 07:21:21,559-Speed 63.22 samples/sec   Loss 0.0031   LearningRate 0.000884   Epoch: 23   Global Step: 33100   Fp16 Grad Scale: 2097152   Required: 146 hours
Training: 2025-04-03 07:21:41,792-Speed 63.26 samples/sec   Loss 0.0008   LearningRate 0.000884   Epoch: 23   Global Step: 33110   Fp16 Grad Scale: 2097152   Required: 146 hours
Training: 2025-04-03 07:22:02,034-Speed 63.24 samples/sec   Loss 0.0008   LearningRate 0.000884   Epoch: 23   Global Step: 33120   Fp16 Grad Scale: 2097152   Required: 146 hours
Training: 2025-04-03 07:22:22,234-Speed 63.37 samples/sec   Loss 0.0008   LearningRate 0.000884   Epoch: 23   Global Step: 33130   Fp16 Grad Scale: 2097152   Required: 146 hours
Training: 2025-04-03 07:22:42,394-Speed 63.50 samples/sec   Loss 0.0009   LearningRate 0.000884   Epoch: 23   Global Step: 33140   Fp16 Grad Scale: 2097152   Required: 146 hours
Training: 2025-04-03 07:23:02,601-Speed 63.34 samples/sec   Loss 0.0009   LearningRate 0.000884   Epoch: 23   Global Step: 33150   Fp16 Grad Scale: 2097152   Required: 146 hours
Training: 2025-04-03 07:23:24,605-Speed 58.17 samples/sec   Loss 0.0010   LearningRate 0.000884   Epoch: 23   Global Step: 33160   Fp16 Grad Scale: 2097152   Required: 146 hours
Training: 2025-04-03 07:23:44,774-Speed 63.46 samples/sec   Loss 0.0011   LearningRate 0.000884   Epoch: 23   Global Step: 33170   Fp16 Grad Scale: 4194304   Required: 146 hours
Training: 2025-04-03 07:24:04,985-Speed 63.34 samples/sec   Loss 0.0005   LearningRate 0.000884   Epoch: 23   Global Step: 33180   Fp16 Grad Scale: 4194304   Required: 146 hours
Training: 2025-04-03 07:24:25,136-Speed 63.52 samples/sec   Loss 0.0008   LearningRate 0.000884   Epoch: 23   Global Step: 33190   Fp16 Grad Scale: 4194304   Required: 146 hours
Training: 2025-04-03 07:24:45,325-Speed 63.40 samples/sec   Loss 0.0058   LearningRate 0.000884   Epoch: 23   Global Step: 33200   Fp16 Grad Scale: 4194304   Required: 146 hours
Training: 2025-04-03 07:25:05,533-Speed 63.34 samples/sec   Loss 0.0006   LearningRate 0.000884   Epoch: 23   Global Step: 33210   Fp16 Grad Scale: 4194304   Required: 146 hours
Training: 2025-04-03 07:25:25,771-Speed 63.25 samples/sec   Loss 0.0005   LearningRate 0.000884   Epoch: 23   Global Step: 33220   Fp16 Grad Scale: 4194304   Required: 146 hours
Training: 2025-04-03 07:25:45,952-Speed 63.43 samples/sec   Loss 0.0019   LearningRate 0.000883   Epoch: 23   Global Step: 33230   Fp16 Grad Scale: 4194304   Required: 146 hours
Training: 2025-04-03 07:26:06,160-Speed 63.34 samples/sec   Loss 0.0016   LearningRate 0.000883   Epoch: 23   Global Step: 33240   Fp16 Grad Scale: 4194304   Required: 146 hours
Training: 2025-04-03 07:26:26,340-Speed 63.43 samples/sec   Loss 0.0007   LearningRate 0.000883   Epoch: 23   Global Step: 33250   Fp16 Grad Scale: 4194304   Required: 146 hours
Training: 2025-04-03 07:26:46,541-Speed 63.36 samples/sec   Loss 0.0029   LearningRate 0.000883   Epoch: 23   Global Step: 33260   Fp16 Grad Scale: 4194304   Required: 146 hours
Training: 2025-04-03 07:27:06,759-Speed 63.31 samples/sec   Loss 0.0015   LearningRate 0.000883   Epoch: 23   Global Step: 33270   Fp16 Grad Scale: 8388608   Required: 146 hours
Training: 2025-04-03 07:27:26,927-Speed 63.47 samples/sec   Loss 0.0028   LearningRate 0.000883   Epoch: 23   Global Step: 33280   Fp16 Grad Scale: 4194304   Required: 146 hours
Training: 2025-04-03 07:27:47,148-Speed 63.30 samples/sec   Loss 0.0007   LearningRate 0.000883   Epoch: 23   Global Step: 33290   Fp16 Grad Scale: 4194304   Required: 146 hours
Training: 2025-04-03 07:28:07,316-Speed 63.47 samples/sec   Loss 0.0024   LearningRate 0.000883   Epoch: 23   Global Step: 33300   Fp16 Grad Scale: 4194304   Required: 146 hours
Training: 2025-04-03 07:28:29,563-Speed 57.54 samples/sec   Loss 0.0713   LearningRate 0.000883   Epoch: 23   Global Step: 33310   Fp16 Grad Scale: 4194304   Required: 146 hours
Training: 2025-04-03 07:28:49,867-Speed 63.04 samples/sec   Loss 0.0005   LearningRate 0.000883   Epoch: 23   Global Step: 33320   Fp16 Grad Scale: 4194304   Required: 146 hours
Training: 2025-04-03 07:29:10,138-Speed 63.15 samples/sec   Loss 0.0039   LearningRate 0.000883   Epoch: 23   Global Step: 33330   Fp16 Grad Scale: 2097152   Required: 146 hours
Training: 2025-04-03 07:29:30,303-Speed 63.48 samples/sec   Loss 0.0006   LearningRate 0.000883   Epoch: 23   Global Step: 33340   Fp16 Grad Scale: 2097152   Required: 146 hours
Training: 2025-04-03 07:29:50,457-Speed 63.53 samples/sec   Loss 0.0006   LearningRate 0.000883   Epoch: 23   Global Step: 33350   Fp16 Grad Scale: 2097152   Required: 146 hours
Training: 2025-04-03 07:30:10,643-Speed 63.41 samples/sec   Loss 0.0010   LearningRate 0.000883   Epoch: 23   Global Step: 33360   Fp16 Grad Scale: 2097152   Required: 146 hours
Training: 2025-04-03 07:30:30,851-Speed 63.34 samples/sec   Loss 0.0009   LearningRate 0.000883   Epoch: 23   Global Step: 33370   Fp16 Grad Scale: 2097152   Required: 146 hours
Training: 2025-04-03 07:30:51,086-Speed 63.26 samples/sec   Loss 0.0016   LearningRate 0.000883   Epoch: 23   Global Step: 33380   Fp16 Grad Scale: 2097152   Required: 146 hours
Training: 2025-04-03 07:31:11,279-Speed 63.39 samples/sec   Loss 0.0015   LearningRate 0.000883   Epoch: 23   Global Step: 33390   Fp16 Grad Scale: 2097152   Required: 146 hours
Training: 2025-04-03 07:31:31,498-Speed 63.31 samples/sec   Loss 0.0004   LearningRate 0.000883   Epoch: 23   Global Step: 33400   Fp16 Grad Scale: 2097152   Required: 146 hours
Training: 2025-04-03 07:31:51,697-Speed 63.37 samples/sec   Loss 0.0014   LearningRate 0.000883   Epoch: 23   Global Step: 33410   Fp16 Grad Scale: 2097152   Required: 146 hours
Training: 2025-04-03 07:32:12,010-Speed 63.01 samples/sec   Loss 0.0013   LearningRate 0.000883   Epoch: 23   Global Step: 33420   Fp16 Grad Scale: 2097152   Required: 146 hours
Training: 2025-04-03 07:32:32,235-Speed 63.29 samples/sec   Loss 0.0006   LearningRate 0.000883   Epoch: 23   Global Step: 33430   Fp16 Grad Scale: 4194304   Required: 146 hours
Training: 2025-04-03 07:32:52,401-Speed 63.48 samples/sec   Loss 0.0659   LearningRate 0.000883   Epoch: 23   Global Step: 33440   Fp16 Grad Scale: 2097152   Required: 146 hours
Training: 2025-04-03 07:33:12,602-Speed 63.36 samples/sec   Loss 0.0148   LearningRate 0.000883   Epoch: 23   Global Step: 33450   Fp16 Grad Scale: 2097152   Required: 146 hours
Training: 2025-04-03 07:33:34,714-Speed 57.89 samples/sec   Loss 0.0115   LearningRate 0.000883   Epoch: 23   Global Step: 33460   Fp16 Grad Scale: 1048576   Required: 146 hours
Training: 2025-04-03 07:33:55,051-Speed 62.94 samples/sec   Loss 0.0058   LearningRate 0.000883   Epoch: 23   Global Step: 33470   Fp16 Grad Scale: 1048576   Required: 146 hours
Training: 2025-04-03 07:34:15,265-Speed 63.32 samples/sec   Loss 0.0031   LearningRate 0.000883   Epoch: 23   Global Step: 33480   Fp16 Grad Scale: 1048576   Required: 146 hours
Training: 2025-04-03 07:34:35,494-Speed 63.28 samples/sec   Loss 0.0414   LearningRate 0.000883   Epoch: 23   Global Step: 33490   Fp16 Grad Scale: 1048576   Required: 146 hours
Training: 2025-04-03 07:34:55,806-Speed 63.02 samples/sec   Loss 0.0104   LearningRate 0.000883   Epoch: 23   Global Step: 33500   Fp16 Grad Scale: 524288   Required: 146 hours
Training: 2025-04-03 07:35:16,057-Speed 63.21 samples/sec   Loss 0.0070   LearningRate 0.000883   Epoch: 23   Global Step: 33510   Fp16 Grad Scale: 524288   Required: 146 hours
Training: 2025-04-03 07:35:36,277-Speed 63.31 samples/sec   Loss 0.0064   LearningRate 0.000882   Epoch: 23   Global Step: 33520   Fp16 Grad Scale: 524288   Required: 146 hours
Training: 2025-04-03 07:35:56,572-Speed 63.07 samples/sec   Loss 0.0051   LearningRate 0.000882   Epoch: 23   Global Step: 33530   Fp16 Grad Scale: 524288   Required: 146 hours
Training: 2025-04-03 07:36:16,788-Speed 63.32 samples/sec   Loss 0.0109   LearningRate 0.000882   Epoch: 23   Global Step: 33540   Fp16 Grad Scale: 524288   Required: 146 hours
Training: 2025-04-03 07:36:37,003-Speed 63.32 samples/sec   Loss 0.0095   LearningRate 0.000882   Epoch: 23   Global Step: 33550   Fp16 Grad Scale: 524288   Required: 146 hours
Training: 2025-04-03 07:36:57,286-Speed 63.11 samples/sec   Loss 0.0082   LearningRate 0.000882   Epoch: 23   Global Step: 33560   Fp16 Grad Scale: 524288   Required: 146 hours
Training: 2025-04-03 07:37:17,517-Speed 63.27 samples/sec   Loss 0.0031   LearningRate 0.000882   Epoch: 23   Global Step: 33570   Fp16 Grad Scale: 524288   Required: 146 hours
Training: 2025-04-03 07:37:37,871-Speed 62.89 samples/sec   Loss 0.0033   LearningRate 0.000882   Epoch: 23   Global Step: 33580   Fp16 Grad Scale: 524288   Required: 146 hours
Training: 2025-04-03 07:37:58,060-Speed 63.40 samples/sec   Loss 0.0031   LearningRate 0.000882   Epoch: 23   Global Step: 33590   Fp16 Grad Scale: 524288   Required: 146 hours
Training: 2025-04-03 07:38:18,258-Speed 63.38 samples/sec   Loss 0.0408   LearningRate 0.000882   Epoch: 23   Global Step: 33600   Fp16 Grad Scale: 1048576   Required: 146 hours
Training: 2025-04-03 07:38:40,518-Speed 57.50 samples/sec   Loss 0.0109   LearningRate 0.000882   Epoch: 23   Global Step: 33610   Fp16 Grad Scale: 1048576   Required: 146 hours
Training: 2025-04-03 07:39:00,719-Speed 63.36 samples/sec   Loss 0.0035   LearningRate 0.000882   Epoch: 23   Global Step: 33620   Fp16 Grad Scale: 1048576   Required: 146 hours
Training: 2025-04-03 07:39:20,935-Speed 63.32 samples/sec   Loss 0.0055   LearningRate 0.000882   Epoch: 23   Global Step: 33630   Fp16 Grad Scale: 1048576   Required: 146 hours
Training: 2025-04-03 07:39:41,180-Speed 63.23 samples/sec   Loss 0.0080   LearningRate 0.000882   Epoch: 23   Global Step: 33640   Fp16 Grad Scale: 1048576   Required: 146 hours
Training: 2025-04-03 07:40:01,348-Speed 63.47 samples/sec   Loss 0.0025   LearningRate 0.000882   Epoch: 23   Global Step: 33650   Fp16 Grad Scale: 1048576   Required: 146 hours
Training: 2025-04-03 07:40:21,574-Speed 63.29 samples/sec   Loss 0.0031   LearningRate 0.000882   Epoch: 23   Global Step: 33660   Fp16 Grad Scale: 1048576   Required: 146 hours
Training: 2025-04-03 07:40:41,728-Speed 63.51 samples/sec   Loss 0.0042   LearningRate 0.000882   Epoch: 23   Global Step: 33670   Fp16 Grad Scale: 1048576   Required: 146 hours
Training: 2025-04-03 07:41:01,910-Speed 63.42 samples/sec   Loss 0.0099   LearningRate 0.000882   Epoch: 23   Global Step: 33680   Fp16 Grad Scale: 1048576   Required: 146 hours
Training: 2025-04-03 07:41:22,117-Speed 63.35 samples/sec   Loss 0.0060   LearningRate 0.000882   Epoch: 23   Global Step: 33690   Fp16 Grad Scale: 1048576   Required: 146 hours
Training: 2025-04-03 07:41:42,327-Speed 63.34 samples/sec   Loss 0.0047   LearningRate 0.000882   Epoch: 23   Global Step: 33700   Fp16 Grad Scale: 2097152   Required: 145 hours
Training: 2025-04-03 07:42:02,557-Speed 63.28 samples/sec   Loss 0.0035   LearningRate 0.000882   Epoch: 23   Global Step: 33710   Fp16 Grad Scale: 2097152   Required: 145 hours
Training: 2025-04-03 07:42:22,755-Speed 63.37 samples/sec   Loss 0.0048   LearningRate 0.000882   Epoch: 23   Global Step: 33720   Fp16 Grad Scale: 2097152   Required: 145 hours
Training: 2025-04-03 07:42:42,925-Speed 63.46 samples/sec   Loss 0.0022   LearningRate 0.000882   Epoch: 23   Global Step: 33730   Fp16 Grad Scale: 2097152   Required: 145 hours
Training: 2025-04-03 07:43:03,145-Speed 63.30 samples/sec   Loss 0.0015   LearningRate 0.000882   Epoch: 23   Global Step: 33740   Fp16 Grad Scale: 2097152   Required: 145 hours
Training: 2025-04-03 07:43:23,362-Speed 63.32 samples/sec   Loss 0.0032   LearningRate 0.000882   Epoch: 23   Global Step: 33750   Fp16 Grad Scale: 2097152   Required: 145 hours
Training: 2025-04-03 07:43:45,371-Speed 58.16 samples/sec   Loss 0.0340   LearningRate 0.000882   Epoch: 23   Global Step: 33760   Fp16 Grad Scale: 1048576   Required: 145 hours
Training: 2025-04-03 07:44:05,498-Speed 63.60 samples/sec   Loss 0.0339   LearningRate 0.000882   Epoch: 23   Global Step: 33770   Fp16 Grad Scale: 524288   Required: 145 hours
Training: 2025-04-03 07:44:25,698-Speed 63.37 samples/sec   Loss 0.0024   LearningRate 0.000882   Epoch: 23   Global Step: 33780   Fp16 Grad Scale: 524288   Required: 145 hours
Training: 2025-04-03 07:44:45,831-Speed 63.58 samples/sec   Loss 0.0036   LearningRate 0.000882   Epoch: 23   Global Step: 33790   Fp16 Grad Scale: 524288   Required: 145 hours
Training: 2025-04-03 07:45:06,039-Speed 63.34 samples/sec   Loss 0.0043   LearningRate 0.000881   Epoch: 23   Global Step: 33800   Fp16 Grad Scale: 524288   Required: 145 hours
Training: 2025-04-03 07:45:26,246-Speed 63.35 samples/sec   Loss 0.0021   LearningRate 0.000881   Epoch: 23   Global Step: 33810   Fp16 Grad Scale: 524288   Required: 145 hours
Training: 2025-04-03 07:45:46,485-Speed 63.24 samples/sec   Loss 0.0028   LearningRate 0.000881   Epoch: 23   Global Step: 33820   Fp16 Grad Scale: 524288   Required: 145 hours
Training: 2025-04-03 07:46:06,697-Speed 63.33 samples/sec   Loss 0.0077   LearningRate 0.000881   Epoch: 23   Global Step: 33830   Fp16 Grad Scale: 524288   Required: 145 hours
Training: 2025-04-03 07:46:27,049-Speed 62.90 samples/sec   Loss 0.0047   LearningRate 0.000881   Epoch: 23   Global Step: 33840   Fp16 Grad Scale: 524288   Required: 145 hours
Training: 2025-04-03 07:46:47,251-Speed 63.36 samples/sec   Loss 0.0007   LearningRate 0.000881   Epoch: 23   Global Step: 33850   Fp16 Grad Scale: 524288   Required: 145 hours
Training: 2025-04-03 07:47:07,531-Speed 63.12 samples/sec   Loss 0.0026   LearningRate 0.000881   Epoch: 23   Global Step: 33860   Fp16 Grad Scale: 524288   Required: 145 hours
Training: 2025-04-03 07:47:27,723-Speed 63.39 samples/sec   Loss 0.0021   LearningRate 0.000881   Epoch: 23   Global Step: 33870   Fp16 Grad Scale: 1048576   Required: 145 hours
Training: 2025-04-03 07:47:47,937-Speed 63.32 samples/sec   Loss 0.0110   LearningRate 0.000881   Epoch: 23   Global Step: 33880   Fp16 Grad Scale: 1048576   Required: 145 hours
Training: 2025-04-03 07:48:08,141-Speed 63.35 samples/sec   Loss 0.0021   LearningRate 0.000881   Epoch: 23   Global Step: 33890   Fp16 Grad Scale: 1048576   Required: 145 hours
Training: 2025-04-03 07:48:28,340-Speed 63.37 samples/sec   Loss 0.0194   LearningRate 0.000881   Epoch: 23   Global Step: 33900   Fp16 Grad Scale: 1048576   Required: 145 hours
Training: 2025-04-03 07:48:50,581-Speed 57.55 samples/sec   Loss 0.0090   LearningRate 0.000881   Epoch: 23   Global Step: 33910   Fp16 Grad Scale: 1048576   Required: 145 hours
Training: 2025-04-03 07:49:10,783-Speed 63.36 samples/sec   Loss 0.0574   LearningRate 0.000881   Epoch: 23   Global Step: 33920   Fp16 Grad Scale: 1048576   Required: 145 hours
Training: 2025-04-03 07:49:31,055-Speed 63.14 samples/sec   Loss 0.0844   LearningRate 0.000881   Epoch: 23   Global Step: 33930   Fp16 Grad Scale: 1048576   Required: 145 hours
Training: 2025-04-03 07:49:51,382-Speed 62.97 samples/sec   Loss 0.0159   LearningRate 0.000881   Epoch: 23   Global Step: 33940   Fp16 Grad Scale: 1048576   Required: 145 hours
Training: 2025-04-03 07:50:11,614-Speed 63.27 samples/sec   Loss 0.0646   LearningRate 0.000881   Epoch: 23   Global Step: 33950   Fp16 Grad Scale: 1048576   Required: 145 hours
Training: 2025-04-03 07:50:31,841-Speed 63.28 samples/sec   Loss 0.0226   LearningRate 0.000881   Epoch: 23   Global Step: 33960   Fp16 Grad Scale: 1048576   Required: 145 hours
Training: 2025-04-03 07:50:52,051-Speed 63.34 samples/sec   Loss 0.0069   LearningRate 0.000881   Epoch: 23   Global Step: 33970   Fp16 Grad Scale: 2097152   Required: 145 hours
Training: 2025-04-03 07:51:12,360-Speed 63.03 samples/sec   Loss 0.0069   LearningRate 0.000881   Epoch: 23   Global Step: 33980   Fp16 Grad Scale: 2097152   Required: 145 hours
Training: 2025-04-03 07:51:32,631-Speed 63.15 samples/sec   Loss 0.0142   LearningRate 0.000881   Epoch: 23   Global Step: 33990   Fp16 Grad Scale: 2097152   Required: 145 hours
Training: 2025-04-03 07:51:52,852-Speed 63.30 samples/sec   Loss 0.0044   LearningRate 0.000881   Epoch: 23   Global Step: 34000   Fp16 Grad Scale: 2097152   Required: 145 hours
net_out.shape: torch.Size([128, 512])
net_out.shape: torch.Size([128, 512])
net_out.shape: torch.Size([128, 512])
net_out.shape: torch.Size([128, 512])
net_out.shape: torch.Size([128, 512])
net_out.shape: torch.Size([128, 512])
net_out.shape: torch.Size([128, 512])
net_out.shape: torch.Size([128, 512])
net_out.shape: torch.Size([128, 512])
net_out.shape: torch.Size([128, 512])
net_out.shape: torch.Size([128, 512])
net_out.shape: torch.Size([128, 512])
net_out.shape: torch.Size([128, 512])
net_out.shape: torch.Size([128, 512])
net_out.shape: torch.Size([128, 512])
net_out.shape: torch.Size([128, 512])
net_out.shape: torch.Size([128, 512])
net_out.shape: torch.Size([128, 512])
net_out.shape: torch.Size([128, 512])
net_out.shape: torch.Size([128, 512])
net_out.shape: torch.Size([128, 512])
net_out.shape: torch.Size([128, 512])
net_out.shape: torch.Size([128, 512])
net_out.shape: torch.Size([128, 512])
net_out.shape: torch.Size([128, 512])
net_out.shape: torch.Size([128, 512])
net_out.shape: torch.Size([128, 512])
net_out.shape: torch.Size([128, 512])
net_out.shape: torch.Size([128, 512])
net_out.shape: torch.Size([128, 512])
net_out.shape: torch.Size([128, 512])
net_out.shape: torch.Size([128, 512])
net_out.shape: torch.Size([128, 512])
net_out.shape: torch.Size([128, 512])
net_out.shape: torch.Size([128, 512])
net_out.shape: torch.Size([128, 512])
net_out.shape: torch.Size([128, 512])
net_out.shape: torch.Size([128, 512])
net_out.shape: torch.Size([128, 512])
net_out.shape: torch.Size([128, 512])
net_out.shape: torch.Size([128, 512])
net_out.shape: torch.Size([128, 512])
net_out.shape: torch.Size([128, 512])
net_out.shape: torch.Size([128, 512])
net_out.shape: torch.Size([128, 512])
net_out.shape: torch.Size([128, 512])
net_out.shape: torch.Size([128, 512])
net_out.shape: torch.Size([128, 512])
net_out.shape: torch.Size([128, 512])
net_out.shape: torch.Size([128, 512])
net_out.shape: torch.Size([128, 512])
net_out.shape: torch.Size([128, 512])
net_out.shape: torch.Size([128, 512])
net_out.shape: torch.Size([128, 512])
net_out.shape: torch.Size([128, 512])
net_out.shape: torch.Size([128, 512])
net_out.shape: torch.Size([128, 512])
net_out.shape: torch.Size([128, 512])
net_out.shape: torch.Size([128, 512])
net_out.shape: torch.Size([128, 512])
net_out.shape: torch.Size([128, 512])
net_out.shape: torch.Size([128, 512])
net_out.shape: torch.Size([128, 512])
net_out.shape: torch.Size([128, 512])
Training: 2025-04-03 07:53:03,476-[val][Global step: 34000] d prime: 7.122410774230957
Model saved with d prime score: 7.397576332092285
Early stopping triggered. Stopping training to prevent overfitting.
