Training: 2025-03-26 20:05:09,117-rank_id: 0
/afs/crc.nd.edu/user/j/jporubci/Private/ArcIris2/.venv/lib64/python3.9/site-packages/torch/optim/lr_scheduler.py:62: UserWarning: The verbose parameter is deprecated. Please use get_last_lr() to access the learning rate.
  warnings.warn(
Training: 2025-03-26 20:05:09,910-: margin_list              (1.0, 0.5, 0.0)
Training: 2025-03-26 20:05:09,910-: network                  r50
Training: 2025-03-26 20:05:09,910-: resume                   False
Training: 2025-03-26 20:05:09,910-: save_all_states          False
Training: 2025-03-26 20:05:09,910-: output                   work_dirs/r50
Training: 2025-03-26 20:05:09,910-: embedding_size           512
Training: 2025-03-26 20:05:09,910-: sample_rate              1.0
Training: 2025-03-26 20:05:09,910-: interclass_filtering_threshold0
Training: 2025-03-26 20:05:09,910-: fp16                     True
Training: 2025-03-26 20:05:09,910-: batch_size               128
Training: 2025-03-26 20:05:09,910-: optimizer                adamw
Training: 2025-03-26 20:05:09,910-: lr                       0.001
Training: 2025-03-26 20:05:09,911-: momentum                 0.9
Training: 2025-03-26 20:05:09,911-: weight_decay             0.01
Training: 2025-03-26 20:05:09,911-: verbose                  2000
Training: 2025-03-26 20:05:09,911-: frequent                 10
Training: 2025-03-26 20:05:09,911-: dali                     False
Training: 2025-03-26 20:05:09,911-: dali_aug                 False
Training: 2025-03-26 20:05:09,911-: gradient_acc             1
Training: 2025-03-26 20:05:09,911-: seed                     2048
Training: 2025-03-26 20:05:09,911-: num_workers              1
Training: 2025-03-26 20:05:09,911-: wandb_key                XXXXXXXXXXXXXXXXXXXXXXXXXXXXXXXXXXXXXXXX
Training: 2025-03-26 20:05:09,911-: suffix_run_name          None
Training: 2025-03-26 20:05:09,911-: using_wandb              False
Training: 2025-03-26 20:05:09,911-: wandb_entity             entity
Training: 2025-03-26 20:05:09,911-: wandb_project            project
Training: 2025-03-26 20:05:09,911-: wandb_log_all            True
Training: 2025-03-26 20:05:09,911-: save_artifacts           False
Training: 2025-03-26 20:05:09,911-: wandb_resume             False
Training: 2025-03-26 20:05:09,911-: rec                      .
Training: 2025-03-26 20:05:09,911-: num_classes              2072
Training: 2025-03-26 20:05:09,911-: num_image                182644
Training: 2025-03-26 20:05:09,911-: num_epoch                200
Training: 2025-03-26 20:05:09,911-: warmup_epoch             0
Training: 2025-03-26 20:05:09,911-: val_targets              ['val.bin']
Training: 2025-03-26 20:05:09,911-: total_batch_size         128
Training: 2025-03-26 20:05:09,911-: warmup_step              0
Training: 2025-03-26 20:05:09,911-: total_step               285200
images_tensor.shape: torch.Size([8192, 3, 64, 512])
img0.shape: torch.Size([3, 64, 512])
img0.min(): 0.0
img0.max(): 1.0
img1.shape: torch.Size([3, 64, 512])
img1.min(): 0.07058823853731155
img1.max(): 0.8470588326454163
issame_ndarray[0]: 1
images_tensor.shape: torch.Size([8192, 3, 64, 512])
/afs/crc.nd.edu/user/j/jporubci/Private/ArcIris2/.venv/lib64/python3.9/site-packages/torch/optim/lr_scheduler.py:227: UserWarning: Detected call of `lr_scheduler.step()` before `optimizer.step()`. In PyTorch 1.1.0 and later, you should call them in the opposite order: `optimizer.step()` before `lr_scheduler.step()`.  Failure to do this will result in PyTorch skipping the first value of the learning rate schedule. See more details at https://pytorch.org/docs/stable/optim.html#how-to-adjust-learning-rate
  warnings.warn(
Training: 2025-03-26 20:06:00,571-Speed 80.04 samples/sec   Loss 42.0880   LearningRate 0.001000   Epoch: 0   Global Step: 20   Fp16 Grad Scale: 32768   Required: 143 hours
Training: 2025-03-26 20:06:16,576-Speed 79.98 samples/sec   Loss 41.9428   LearningRate 0.001000   Epoch: 0   Global Step: 30   Fp16 Grad Scale: 32768   Required: 138 hours
Training: 2025-03-26 20:06:32,769-Speed 79.05 samples/sec   Loss 41.1804   LearningRate 0.001000   Epoch: 0   Global Step: 40   Fp16 Grad Scale: 32768   Required: 135 hours
Training: 2025-03-26 20:06:48,806-Speed 79.81 samples/sec   Loss 40.3847   LearningRate 0.001000   Epoch: 0   Global Step: 50   Fp16 Grad Scale: 32768   Required: 134 hours
Training: 2025-03-26 20:07:04,834-Speed 79.86 samples/sec   Loss 39.8663   LearningRate 0.001000   Epoch: 0   Global Step: 60   Fp16 Grad Scale: 32768   Required: 132 hours
Training: 2025-03-26 20:07:20,886-Speed 79.75 samples/sec   Loss 39.1605   LearningRate 0.001000   Epoch: 0   Global Step: 70   Fp16 Grad Scale: 32768   Required: 132 hours
Training: 2025-03-26 20:07:36,975-Speed 79.56 samples/sec   Loss 38.4390   LearningRate 0.001000   Epoch: 0   Global Step: 80   Fp16 Grad Scale: 32768   Required: 132 hours
Training: 2025-03-26 20:07:53,022-Speed 79.77 samples/sec   Loss 37.2743   LearningRate 0.001000   Epoch: 0   Global Step: 90   Fp16 Grad Scale: 32768   Required: 131 hours
Training: 2025-03-26 20:08:09,117-Speed 79.53 samples/sec   Loss 35.5230   LearningRate 0.001000   Epoch: 0   Global Step: 100   Fp16 Grad Scale: 32768   Required: 131 hours
Training: 2025-03-26 20:08:25,151-Speed 79.83 samples/sec   Loss 33.7525   LearningRate 0.001000   Epoch: 0   Global Step: 110   Fp16 Grad Scale: 65536   Required: 131 hours
Training: 2025-03-26 20:08:41,393-Speed 78.81 samples/sec   Loss 31.0516   LearningRate 0.001000   Epoch: 0   Global Step: 120   Fp16 Grad Scale: 32768   Required: 130 hours
Training: 2025-03-26 20:08:57,423-Speed 79.85 samples/sec   Loss 30.7866   LearningRate 0.001000   Epoch: 0   Global Step: 130   Fp16 Grad Scale: 16384   Required: 130 hours
Training: 2025-03-26 20:09:13,510-Speed 79.57 samples/sec   Loss 28.3637   LearningRate 0.001000   Epoch: 0   Global Step: 140   Fp16 Grad Scale: 16384   Required: 130 hours
Training: 2025-03-26 20:09:29,619-Speed 79.46 samples/sec   Loss 25.8078   LearningRate 0.000999   Epoch: 0   Global Step: 150   Fp16 Grad Scale: 16384   Required: 130 hours
Training: 2025-03-26 20:09:45,673-Speed 79.73 samples/sec   Loss 24.1794   LearningRate 0.000999   Epoch: 0   Global Step: 160   Fp16 Grad Scale: 16384   Required: 129 hours
Training: 2025-03-26 20:10:01,744-Speed 79.65 samples/sec   Loss 22.4827   LearningRate 0.000999   Epoch: 0   Global Step: 170   Fp16 Grad Scale: 16384   Required: 129 hours
Training: 2025-03-26 20:11:33,943-Speed 80.14 samples/sec   Loss 20.6554   LearningRate 0.000999   Epoch: 0   Global Step: 180   Fp16 Grad Scale: 16384   Required: 162 hours
Training: 2025-03-26 20:11:49,987-Speed 79.79 samples/sec   Loss 19.4133   LearningRate 0.000999   Epoch: 0   Global Step: 190   Fp16 Grad Scale: 16384   Required: 161 hours
Training: 2025-03-26 20:12:06,034-Speed 79.77 samples/sec   Loss 17.5146   LearningRate 0.000999   Epoch: 0   Global Step: 200   Fp16 Grad Scale: 16384   Required: 159 hours
Training: 2025-03-26 20:12:22,054-Speed 79.90 samples/sec   Loss 16.2422   LearningRate 0.000999   Epoch: 0   Global Step: 210   Fp16 Grad Scale: 16384   Required: 158 hours
Training: 2025-03-26 20:12:38,079-Speed 79.88 samples/sec   Loss 15.3832   LearningRate 0.000999   Epoch: 0   Global Step: 220   Fp16 Grad Scale: 16384   Required: 156 hours
Training: 2025-03-26 20:12:54,053-Speed 80.13 samples/sec   Loss 14.8061   LearningRate 0.000999   Epoch: 0   Global Step: 230   Fp16 Grad Scale: 32768   Required: 155 hours
Training: 2025-03-26 20:13:10,150-Speed 79.52 samples/sec   Loss 13.3023   LearningRate 0.000999   Epoch: 0   Global Step: 240   Fp16 Grad Scale: 32768   Required: 154 hours
Training: 2025-03-26 20:13:26,210-Speed 79.70 samples/sec   Loss 12.3806   LearningRate 0.000999   Epoch: 0   Global Step: 250   Fp16 Grad Scale: 32768   Required: 153 hours
Training: 2025-03-26 20:13:42,285-Speed 79.63 samples/sec   Loss 11.3016   LearningRate 0.000999   Epoch: 0   Global Step: 260   Fp16 Grad Scale: 32768   Required: 152 hours
Training: 2025-03-26 20:13:58,381-Speed 79.52 samples/sec   Loss 10.9866   LearningRate 0.000999   Epoch: 0   Global Step: 270   Fp16 Grad Scale: 32768   Required: 151 hours
Training: 2025-03-26 20:14:14,629-Speed 78.78 samples/sec   Loss 10.3081   LearningRate 0.000999   Epoch: 0   Global Step: 280   Fp16 Grad Scale: 32768   Required: 150 hours
Training: 2025-03-26 20:14:30,644-Speed 79.93 samples/sec   Loss 8.8984   LearningRate 0.000999   Epoch: 0   Global Step: 290   Fp16 Grad Scale: 32768   Required: 149 hours
Training: 2025-03-26 20:14:46,702-Speed 79.71 samples/sec   Loss 8.7149   LearningRate 0.000999   Epoch: 0   Global Step: 300   Fp16 Grad Scale: 32768   Required: 148 hours
Training: 2025-03-26 20:15:02,733-Speed 79.85 samples/sec   Loss 8.3066   LearningRate 0.000999   Epoch: 0   Global Step: 310   Fp16 Grad Scale: 32768   Required: 148 hours
Training: 2025-03-26 20:15:18,800-Speed 79.67 samples/sec   Loss 8.0361   LearningRate 0.000999   Epoch: 0   Global Step: 320   Fp16 Grad Scale: 32768   Required: 147 hours
Training: 2025-03-26 20:15:36,464-Speed 72.47 samples/sec   Loss 8.2320   LearningRate 0.000999   Epoch: 0   Global Step: 330   Fp16 Grad Scale: 65536   Required: 147 hours
Training: 2025-03-26 20:15:52,516-Speed 79.74 samples/sec   Loss 6.9199   LearningRate 0.000999   Epoch: 0   Global Step: 340   Fp16 Grad Scale: 65536   Required: 146 hours
Training: 2025-03-26 20:16:08,573-Speed 79.72 samples/sec   Loss 6.7119   LearningRate 0.000999   Epoch: 0   Global Step: 350   Fp16 Grad Scale: 65536   Required: 146 hours
Training: 2025-03-26 20:16:24,576-Speed 79.98 samples/sec   Loss 6.0689   LearningRate 0.000999   Epoch: 0   Global Step: 360   Fp16 Grad Scale: 65536   Required: 145 hours
Training: 2025-03-26 20:18:06,055-Speed 79.80 samples/sec   Loss 5.8885   LearningRate 0.000999   Epoch: 0   Global Step: 370   Fp16 Grad Scale: 65536   Required: 163 hours
Training: 2025-03-26 20:18:22,066-Speed 79.95 samples/sec   Loss 5.6617   LearningRate 0.000999   Epoch: 0   Global Step: 380   Fp16 Grad Scale: 65536   Required: 162 hours
Training: 2025-03-26 20:18:38,109-Speed 79.79 samples/sec   Loss 5.6306   LearningRate 0.000999   Epoch: 0   Global Step: 390   Fp16 Grad Scale: 65536   Required: 161 hours
Training: 2025-03-26 20:18:54,142-Speed 79.84 samples/sec   Loss 5.1589   LearningRate 0.000999   Epoch: 0   Global Step: 400   Fp16 Grad Scale: 65536   Required: 160 hours
Training: 2025-03-26 20:19:10,171-Speed 79.86 samples/sec   Loss 5.1501   LearningRate 0.000999   Epoch: 0   Global Step: 410   Fp16 Grad Scale: 65536   Required: 159 hours
Training: 2025-03-26 20:19:26,245-Speed 79.64 samples/sec   Loss 5.3637   LearningRate 0.000999   Epoch: 0   Global Step: 420   Fp16 Grad Scale: 65536   Required: 159 hours
Training: 2025-03-26 20:19:42,442-Speed 79.03 samples/sec   Loss 5.0192   LearningRate 0.000998   Epoch: 0   Global Step: 430   Fp16 Grad Scale: 131072   Required: 158 hours
Training: 2025-03-26 20:19:58,515-Speed 79.64 samples/sec   Loss 4.8946   LearningRate 0.000998   Epoch: 0   Global Step: 440   Fp16 Grad Scale: 65536   Required: 157 hours
Training: 2025-03-26 20:20:14,553-Speed 79.81 samples/sec   Loss 4.4259   LearningRate 0.000998   Epoch: 0   Global Step: 450   Fp16 Grad Scale: 65536   Required: 156 hours
Training: 2025-03-26 20:20:30,648-Speed 79.53 samples/sec   Loss 4.3320   LearningRate 0.000998   Epoch: 0   Global Step: 460   Fp16 Grad Scale: 65536   Required: 156 hours
Training: 2025-03-26 20:20:48,487-Speed 71.75 samples/sec   Loss 4.1527   LearningRate 0.000998   Epoch: 0   Global Step: 470   Fp16 Grad Scale: 65536   Required: 155 hours
Training: 2025-03-26 20:21:04,543-Speed 79.72 samples/sec   Loss 4.4492   LearningRate 0.000998   Epoch: 0   Global Step: 480   Fp16 Grad Scale: 65536   Required: 155 hours
Training: 2025-03-26 20:21:20,563-Speed 79.90 samples/sec   Loss 4.2503   LearningRate 0.000998   Epoch: 0   Global Step: 490   Fp16 Grad Scale: 65536   Required: 154 hours
Training: 2025-03-26 20:21:36,570-Speed 79.97 samples/sec   Loss 3.8291   LearningRate 0.000998   Epoch: 0   Global Step: 500   Fp16 Grad Scale: 65536   Required: 154 hours
Training: 2025-03-26 20:21:52,612-Speed 79.79 samples/sec   Loss 3.7758   LearningRate 0.000998   Epoch: 0   Global Step: 510   Fp16 Grad Scale: 65536   Required: 153 hours
Training: 2025-03-26 20:22:08,678-Speed 79.68 samples/sec   Loss 3.8529   LearningRate 0.000998   Epoch: 0   Global Step: 520   Fp16 Grad Scale: 65536   Required: 153 hours
Training: 2025-03-26 20:22:24,681-Speed 79.99 samples/sec   Loss 3.6804   LearningRate 0.000998   Epoch: 0   Global Step: 530   Fp16 Grad Scale: 65536   Required: 152 hours
Training: 2025-03-26 20:22:40,699-Speed 79.91 samples/sec   Loss 3.3567   LearningRate 0.000998   Epoch: 0   Global Step: 540   Fp16 Grad Scale: 131072   Required: 152 hours
Training: 2025-03-26 20:22:56,736-Speed 79.82 samples/sec   Loss 3.1488   LearningRate 0.000998   Epoch: 0   Global Step: 550   Fp16 Grad Scale: 131072   Required: 151 hours
Training: 2025-03-26 20:24:17,646-Speed 79.90 samples/sec   Loss 3.4121   LearningRate 0.000998   Epoch: 0   Global Step: 560   Fp16 Grad Scale: 131072   Required: 160 hours
Training: 2025-03-26 20:24:33,673-Speed 79.87 samples/sec   Loss 3.1885   LearningRate 0.000998   Epoch: 0   Global Step: 570   Fp16 Grad Scale: 131072   Required: 159 hours
Training: 2025-03-26 20:24:49,721-Speed 79.76 samples/sec   Loss 3.0424   LearningRate 0.000998   Epoch: 0   Global Step: 580   Fp16 Grad Scale: 131072   Required: 159 hours
Training: 2025-03-26 20:25:05,927-Speed 78.99 samples/sec   Loss 3.0125   LearningRate 0.000998   Epoch: 0   Global Step: 590   Fp16 Grad Scale: 131072   Required: 158 hours
Training: 2025-03-26 20:25:21,981-Speed 79.73 samples/sec   Loss 2.8058   LearningRate 0.000998   Epoch: 0   Global Step: 600   Fp16 Grad Scale: 131072   Required: 158 hours
Training: 2025-03-26 20:25:38,051-Speed 79.65 samples/sec   Loss 3.0153   LearningRate 0.000998   Epoch: 0   Global Step: 610   Fp16 Grad Scale: 131072   Required: 157 hours
Training: 2025-03-26 20:25:55,689-Speed 72.57 samples/sec   Loss 2.8310   LearningRate 0.000998   Epoch: 0   Global Step: 620   Fp16 Grad Scale: 131072   Required: 157 hours
Training: 2025-03-26 20:26:11,708-Speed 79.91 samples/sec   Loss 2.6607   LearningRate 0.000998   Epoch: 0   Global Step: 630   Fp16 Grad Scale: 131072   Required: 156 hours
Training: 2025-03-26 20:26:27,777-Speed 79.66 samples/sec   Loss 2.7305   LearningRate 0.000998   Epoch: 0   Global Step: 640   Fp16 Grad Scale: 65536   Required: 156 hours
Training: 2025-03-26 20:26:43,822-Speed 79.78 samples/sec   Loss 2.4906   LearningRate 0.000998   Epoch: 0   Global Step: 650   Fp16 Grad Scale: 65536   Required: 156 hours
Training: 2025-03-26 20:26:59,809-Speed 80.07 samples/sec   Loss 2.8728   LearningRate 0.000998   Epoch: 0   Global Step: 660   Fp16 Grad Scale: 65536   Required: 155 hours
Training: 2025-03-26 20:27:15,828-Speed 79.91 samples/sec   Loss 2.7050   LearningRate 0.000998   Epoch: 0   Global Step: 670   Fp16 Grad Scale: 65536   Required: 155 hours
Training: 2025-03-26 20:27:31,877-Speed 79.76 samples/sec   Loss 2.4378   LearningRate 0.000998   Epoch: 0   Global Step: 680   Fp16 Grad Scale: 65536   Required: 154 hours
Training: 2025-03-26 20:27:47,916-Speed 79.81 samples/sec   Loss 2.3651   LearningRate 0.000998   Epoch: 0   Global Step: 690   Fp16 Grad Scale: 65536   Required: 154 hours
Training: 2025-03-26 20:28:03,947-Speed 79.85 samples/sec   Loss 2.7965   LearningRate 0.000998   Epoch: 0   Global Step: 700   Fp16 Grad Scale: 65536   Required: 153 hours
Training: 2025-03-26 20:28:19,974-Speed 79.87 samples/sec   Loss 2.3547   LearningRate 0.000998   Epoch: 0   Global Step: 710   Fp16 Grad Scale: 65536   Required: 153 hours
Training: 2025-03-26 20:28:36,082-Speed 79.47 samples/sec   Loss 2.7078   LearningRate 0.000997   Epoch: 0   Global Step: 720   Fp16 Grad Scale: 65536   Required: 153 hours
Training: 2025-03-26 20:28:52,097-Speed 79.93 samples/sec   Loss 2.4482   LearningRate 0.000997   Epoch: 0   Global Step: 730   Fp16 Grad Scale: 65536   Required: 152 hours
Training: 2025-03-26 20:29:08,326-Speed 78.87 samples/sec   Loss 2.4911   LearningRate 0.000997   Epoch: 0   Global Step: 740   Fp16 Grad Scale: 131072   Required: 152 hours
Training: 2025-03-26 20:30:02,244-Speed 79.53 samples/sec   Loss 2.3881   LearningRate 0.000997   Epoch: 0   Global Step: 750   Fp16 Grad Scale: 131072   Required: 156 hours
Training: 2025-03-26 20:30:18,284-Speed 79.80 samples/sec   Loss 2.5129   LearningRate 0.000997   Epoch: 0   Global Step: 760   Fp16 Grad Scale: 131072   Required: 155 hours
Training: 2025-03-26 20:30:34,323-Speed 79.81 samples/sec   Loss 2.0292   LearningRate 0.000997   Epoch: 0   Global Step: 770   Fp16 Grad Scale: 131072   Required: 155 hours
Training: 2025-03-26 20:30:52,199-Speed 71.60 samples/sec   Loss 2.2543   LearningRate 0.000997   Epoch: 0   Global Step: 780   Fp16 Grad Scale: 131072   Required: 155 hours
Training: 2025-03-26 20:31:08,225-Speed 79.87 samples/sec   Loss 2.1058   LearningRate 0.000997   Epoch: 0   Global Step: 790   Fp16 Grad Scale: 131072   Required: 154 hours
Training: 2025-03-26 20:31:24,252-Speed 79.87 samples/sec   Loss 2.1594   LearningRate 0.000997   Epoch: 0   Global Step: 800   Fp16 Grad Scale: 131072   Required: 154 hours
Training: 2025-03-26 20:31:40,308-Speed 79.73 samples/sec   Loss 2.2913   LearningRate 0.000997   Epoch: 0   Global Step: 810   Fp16 Grad Scale: 131072   Required: 154 hours
Training: 2025-03-26 20:31:56,399-Speed 79.55 samples/sec   Loss 2.0966   LearningRate 0.000997   Epoch: 0   Global Step: 820   Fp16 Grad Scale: 131072   Required: 153 hours
Training: 2025-03-26 20:32:12,502-Speed 79.49 samples/sec   Loss 2.1746   LearningRate 0.000997   Epoch: 0   Global Step: 830   Fp16 Grad Scale: 131072   Required: 153 hours
Training: 2025-03-26 20:32:28,537-Speed 79.83 samples/sec   Loss 2.2336   LearningRate 0.000997   Epoch: 0   Global Step: 840   Fp16 Grad Scale: 131072   Required: 153 hours
Training: 2025-03-26 20:32:44,591-Speed 79.74 samples/sec   Loss 1.9393   LearningRate 0.000997   Epoch: 0   Global Step: 850   Fp16 Grad Scale: 131072   Required: 152 hours
Training: 2025-03-26 20:33:00,707-Speed 79.43 samples/sec   Loss 1.9894   LearningRate 0.000997   Epoch: 0   Global Step: 860   Fp16 Grad Scale: 131072   Required: 152 hours
Training: 2025-03-26 20:33:16,817-Speed 79.46 samples/sec   Loss 1.7717   LearningRate 0.000997   Epoch: 0   Global Step: 870   Fp16 Grad Scale: 131072   Required: 152 hours
Training: 2025-03-26 20:33:32,908-Speed 79.55 samples/sec   Loss 2.0767   LearningRate 0.000997   Epoch: 0   Global Step: 880   Fp16 Grad Scale: 131072   Required: 152 hours
Training: 2025-03-26 20:33:49,014-Speed 79.48 samples/sec   Loss 1.9975   LearningRate 0.000997   Epoch: 0   Global Step: 890   Fp16 Grad Scale: 131072   Required: 151 hours
Training: 2025-03-26 20:34:05,182-Speed 79.18 samples/sec   Loss 1.9224   LearningRate 0.000997   Epoch: 0   Global Step: 900   Fp16 Grad Scale: 131072   Required: 151 hours
Training: 2025-03-26 20:34:21,201-Speed 79.91 samples/sec   Loss 2.0351   LearningRate 0.000997   Epoch: 0   Global Step: 910   Fp16 Grad Scale: 131072   Required: 151 hours
Training: 2025-03-26 20:34:37,281-Speed 79.61 samples/sec   Loss 2.0441   LearningRate 0.000997   Epoch: 0   Global Step: 920   Fp16 Grad Scale: 131072   Required: 150 hours
Training: 2025-03-26 20:34:53,348-Speed 79.67 samples/sec   Loss 2.0310   LearningRate 0.000997   Epoch: 0   Global Step: 930   Fp16 Grad Scale: 131072   Required: 150 hours
Training: 2025-03-26 20:35:17,411-Speed 79.54 samples/sec   Loss 1.8120   LearningRate 0.000997   Epoch: 0   Global Step: 940   Fp16 Grad Scale: 131072   Required: 151 hours
Training: 2025-03-26 20:35:33,489-Speed 79.61 samples/sec   Loss 1.7672   LearningRate 0.000997   Epoch: 0   Global Step: 950   Fp16 Grad Scale: 131072   Required: 150 hours
Training: 2025-03-26 20:35:51,472-Speed 71.18 samples/sec   Loss 1.6533   LearningRate 0.000997   Epoch: 0   Global Step: 960   Fp16 Grad Scale: 131072   Required: 150 hours
Training: 2025-03-26 20:36:07,534-Speed 79.69 samples/sec   Loss 1.9276   LearningRate 0.000997   Epoch: 0   Global Step: 970   Fp16 Grad Scale: 131072   Required: 150 hours
Training: 2025-03-26 20:36:23,563-Speed 79.86 samples/sec   Loss 2.0207   LearningRate 0.000997   Epoch: 0   Global Step: 980   Fp16 Grad Scale: 65536   Required: 150 hours
Training: 2025-03-26 20:36:39,623-Speed 79.70 samples/sec   Loss 1.6571   LearningRate 0.000997   Epoch: 0   Global Step: 990   Fp16 Grad Scale: 65536   Required: 150 hours
Training: 2025-03-26 20:36:55,731-Speed 79.46 samples/sec   Loss 1.6180   LearningRate 0.000996   Epoch: 0   Global Step: 1000   Fp16 Grad Scale: 65536   Required: 149 hours
Training: 2025-03-26 20:37:11,823-Speed 79.55 samples/sec   Loss 1.8187   LearningRate 0.000996   Epoch: 0   Global Step: 1010   Fp16 Grad Scale: 65536   Required: 149 hours
Training: 2025-03-26 20:37:27,899-Speed 79.62 samples/sec   Loss 1.6523   LearningRate 0.000996   Epoch: 0   Global Step: 1020   Fp16 Grad Scale: 65536   Required: 149 hours
Training: 2025-03-26 20:37:43,949-Speed 79.75 samples/sec   Loss 1.5994   LearningRate 0.000996   Epoch: 0   Global Step: 1030   Fp16 Grad Scale: 65536   Required: 149 hours
Training: 2025-03-26 20:38:00,053-Speed 79.49 samples/sec   Loss 1.6416   LearningRate 0.000996   Epoch: 0   Global Step: 1040   Fp16 Grad Scale: 65536   Required: 148 hours
Training: 2025-03-26 20:38:16,081-Speed 79.87 samples/sec   Loss 1.7688   LearningRate 0.000996   Epoch: 0   Global Step: 1050   Fp16 Grad Scale: 65536   Required: 148 hours
Training: 2025-03-26 20:38:32,290-Speed 78.97 samples/sec   Loss 1.6984   LearningRate 0.000996   Epoch: 0   Global Step: 1060   Fp16 Grad Scale: 65536   Required: 148 hours
Training: 2025-03-26 20:38:48,364-Speed 79.63 samples/sec   Loss 1.5182   LearningRate 0.000996   Epoch: 0   Global Step: 1070   Fp16 Grad Scale: 65536   Required: 148 hours
Training: 2025-03-26 20:39:04,404-Speed 79.81 samples/sec   Loss 1.5025   LearningRate 0.000996   Epoch: 0   Global Step: 1080   Fp16 Grad Scale: 131072   Required: 148 hours
Training: 2025-03-26 20:39:20,508-Speed 79.48 samples/sec   Loss 1.4925   LearningRate 0.000996   Epoch: 0   Global Step: 1090   Fp16 Grad Scale: 131072   Required: 147 hours
Training: 2025-03-26 20:39:36,596-Speed 79.57 samples/sec   Loss 1.5847   LearningRate 0.000996   Epoch: 0   Global Step: 1100   Fp16 Grad Scale: 131072   Required: 147 hours
Training: 2025-03-26 20:39:52,671-Speed 79.63 samples/sec   Loss 1.4876   LearningRate 0.000996   Epoch: 0   Global Step: 1110   Fp16 Grad Scale: 131072   Required: 147 hours
Training: 2025-03-26 20:40:08,734-Speed 79.69 samples/sec   Loss 1.4764   LearningRate 0.000996   Epoch: 0   Global Step: 1120   Fp16 Grad Scale: 131072   Required: 147 hours
Training: 2025-03-26 20:40:24,774-Speed 79.80 samples/sec   Loss 1.5217   LearningRate 0.000996   Epoch: 0   Global Step: 1130   Fp16 Grad Scale: 131072   Required: 147 hours
Training: 2025-03-26 20:40:40,893-Speed 79.41 samples/sec   Loss 1.3840   LearningRate 0.000996   Epoch: 0   Global Step: 1140   Fp16 Grad Scale: 131072   Required: 146 hours
Training: 2025-03-26 20:40:58,869-Speed 71.21 samples/sec   Loss 1.5162   LearningRate 0.000996   Epoch: 0   Global Step: 1150   Fp16 Grad Scale: 131072   Required: 146 hours
Training: 2025-03-26 20:41:14,953-Speed 79.59 samples/sec   Loss 1.5843   LearningRate 0.000996   Epoch: 0   Global Step: 1160   Fp16 Grad Scale: 131072   Required: 146 hours
Training: 2025-03-26 20:41:31,013-Speed 79.70 samples/sec   Loss 1.5191   LearningRate 0.000996   Epoch: 0   Global Step: 1170   Fp16 Grad Scale: 131072   Required: 146 hours
Training: 2025-03-26 20:41:47,067-Speed 79.74 samples/sec   Loss 1.2831   LearningRate 0.000996   Epoch: 0   Global Step: 1180   Fp16 Grad Scale: 262144   Required: 146 hours
Training: 2025-03-26 20:42:03,153-Speed 79.57 samples/sec   Loss 1.3211   LearningRate 0.000996   Epoch: 0   Global Step: 1190   Fp16 Grad Scale: 262144   Required: 146 hours
Training: 2025-03-26 20:42:19,256-Speed 79.49 samples/sec   Loss 1.2194   LearningRate 0.000996   Epoch: 0   Global Step: 1200   Fp16 Grad Scale: 262144   Required: 146 hours
Training: 2025-03-26 20:42:35,491-Speed 78.85 samples/sec   Loss 1.4064   LearningRate 0.000996   Epoch: 0   Global Step: 1210   Fp16 Grad Scale: 131072   Required: 145 hours
Training: 2025-03-26 20:42:51,533-Speed 79.79 samples/sec   Loss 1.3379   LearningRate 0.000996   Epoch: 0   Global Step: 1220   Fp16 Grad Scale: 131072   Required: 145 hours
Training: 2025-03-26 20:43:07,557-Speed 79.88 samples/sec   Loss 1.3535   LearningRate 0.000996   Epoch: 0   Global Step: 1230   Fp16 Grad Scale: 131072   Required: 145 hours
Training: 2025-03-26 20:43:23,696-Speed 79.31 samples/sec   Loss 1.3099   LearningRate 0.000996   Epoch: 0   Global Step: 1240   Fp16 Grad Scale: 131072   Required: 145 hours
Training: 2025-03-26 20:43:39,746-Speed 79.75 samples/sec   Loss 1.2750   LearningRate 0.000996   Epoch: 0   Global Step: 1250   Fp16 Grad Scale: 131072   Required: 145 hours
Training: 2025-03-26 20:43:55,826-Speed 79.61 samples/sec   Loss 1.1277   LearningRate 0.000996   Epoch: 0   Global Step: 1260   Fp16 Grad Scale: 131072   Required: 145 hours
Training: 2025-03-26 20:44:11,892-Speed 79.67 samples/sec   Loss 1.2940   LearningRate 0.000996   Epoch: 0   Global Step: 1270   Fp16 Grad Scale: 131072   Required: 145 hours
Training: 2025-03-26 20:44:27,941-Speed 79.75 samples/sec   Loss 1.1545   LearningRate 0.000996   Epoch: 0   Global Step: 1280   Fp16 Grad Scale: 131072   Required: 144 hours
Training: 2025-03-26 20:44:43,979-Speed 79.82 samples/sec   Loss 1.4293   LearningRate 0.000995   Epoch: 0   Global Step: 1290   Fp16 Grad Scale: 131072   Required: 144 hours
Training: 2025-03-26 20:45:00,012-Speed 79.84 samples/sec   Loss 1.2256   LearningRate 0.000995   Epoch: 0   Global Step: 1300   Fp16 Grad Scale: 131072   Required: 144 hours
Training: 2025-03-26 20:45:16,101-Speed 79.56 samples/sec   Loss 1.2802   LearningRate 0.000995   Epoch: 0   Global Step: 1310   Fp16 Grad Scale: 262144   Required: 144 hours
Training: 2025-03-26 20:45:32,120-Speed 79.91 samples/sec   Loss 1.1096   LearningRate 0.000995   Epoch: 0   Global Step: 1320   Fp16 Grad Scale: 131072   Required: 144 hours
Training: 2025-03-26 20:45:48,141-Speed 79.90 samples/sec   Loss 1.3214   LearningRate 0.000995   Epoch: 0   Global Step: 1330   Fp16 Grad Scale: 131072   Required: 144 hours
Training: 2025-03-26 20:46:06,047-Speed 71.49 samples/sec   Loss 1.2326   LearningRate 0.000995   Epoch: 0   Global Step: 1340   Fp16 Grad Scale: 131072   Required: 144 hours
Training: 2025-03-26 20:46:22,120-Speed 79.64 samples/sec   Loss 1.2335   LearningRate 0.000995   Epoch: 0   Global Step: 1350   Fp16 Grad Scale: 131072   Required: 144 hours
Training: 2025-03-26 20:46:38,218-Speed 79.51 samples/sec   Loss 1.2292   LearningRate 0.000995   Epoch: 0   Global Step: 1360   Fp16 Grad Scale: 131072   Required: 143 hours
Training: 2025-03-26 20:46:54,304-Speed 79.58 samples/sec   Loss 1.1359   LearningRate 0.000995   Epoch: 0   Global Step: 1370   Fp16 Grad Scale: 131072   Required: 143 hours
Training: 2025-03-26 20:47:10,371-Speed 79.67 samples/sec   Loss 1.2671   LearningRate 0.000995   Epoch: 0   Global Step: 1380   Fp16 Grad Scale: 131072   Required: 143 hours
Training: 2025-03-26 20:47:26,461-Speed 79.55 samples/sec   Loss 1.2679   LearningRate 0.000995   Epoch: 0   Global Step: 1390   Fp16 Grad Scale: 131072   Required: 143 hours
Training: 2025-03-26 20:47:42,561-Speed 79.51 samples/sec   Loss 1.3180   LearningRate 0.000995   Epoch: 0   Global Step: 1400   Fp16 Grad Scale: 131072   Required: 143 hours
Training: 2025-03-26 20:47:58,656-Speed 79.53 samples/sec   Loss 1.2477   LearningRate 0.000995   Epoch: 0   Global Step: 1410   Fp16 Grad Scale: 131072   Required: 143 hours
Training: 2025-03-26 20:48:14,146-Speed 82.63 samples/sec   Loss 1.1503   LearningRate 0.000995   Epoch: 0   Global Step: 1420   Fp16 Grad Scale: 131072   Required: 143 hours
Training: 2025-03-26 20:48:32,669-Speed 69.11 samples/sec   Loss 1.0362   LearningRate 0.000995   Epoch: 1   Global Step: 1430   Fp16 Grad Scale: 131072   Required: 143 hours
Training: 2025-03-26 20:48:48,708-Speed 79.81 samples/sec   Loss 0.9534   LearningRate 0.000995   Epoch: 1   Global Step: 1440   Fp16 Grad Scale: 131072   Required: 143 hours
Training: 2025-03-26 20:49:04,909-Speed 79.01 samples/sec   Loss 0.9249   LearningRate 0.000995   Epoch: 1   Global Step: 1450   Fp16 Grad Scale: 131072   Required: 142 hours
Training: 2025-03-26 20:49:20,988-Speed 79.61 samples/sec   Loss 0.7262   LearningRate 0.000995   Epoch: 1   Global Step: 1460   Fp16 Grad Scale: 131072   Required: 142 hours
Training: 2025-03-26 20:49:37,052-Speed 79.68 samples/sec   Loss 0.9778   LearningRate 0.000995   Epoch: 1   Global Step: 1470   Fp16 Grad Scale: 131072   Required: 142 hours
Training: 2025-03-26 20:49:53,044-Speed 80.04 samples/sec   Loss 0.8585   LearningRate 0.000995   Epoch: 1   Global Step: 1480   Fp16 Grad Scale: 131072   Required: 142 hours
Training: 2025-03-26 20:50:09,067-Speed 79.89 samples/sec   Loss 0.9465   LearningRate 0.000995   Epoch: 1   Global Step: 1490   Fp16 Grad Scale: 131072   Required: 142 hours
Training: 2025-03-26 20:50:25,147-Speed 79.60 samples/sec   Loss 0.9503   LearningRate 0.000995   Epoch: 1   Global Step: 1500   Fp16 Grad Scale: 131072   Required: 142 hours
Training: 2025-03-26 20:50:41,182-Speed 79.83 samples/sec   Loss 0.8581   LearningRate 0.000995   Epoch: 1   Global Step: 1510   Fp16 Grad Scale: 131072   Required: 142 hours
Training: 2025-03-26 20:50:57,388-Speed 78.98 samples/sec   Loss 0.8407   LearningRate 0.000995   Epoch: 1   Global Step: 1520   Fp16 Grad Scale: 262144   Required: 142 hours
Training: 2025-03-26 20:51:15,184-Speed 71.93 samples/sec   Loss 0.8496   LearningRate 0.000995   Epoch: 1   Global Step: 1530   Fp16 Grad Scale: 262144   Required: 142 hours
Training: 2025-03-26 20:51:31,185-Speed 80.00 samples/sec   Loss 0.9341   LearningRate 0.000995   Epoch: 1   Global Step: 1540   Fp16 Grad Scale: 262144   Required: 142 hours
Training: 2025-03-26 20:51:47,189-Speed 79.98 samples/sec   Loss 0.9463   LearningRate 0.000995   Epoch: 1   Global Step: 1550   Fp16 Grad Scale: 131072   Required: 141 hours
Training: 2025-03-26 20:52:03,270-Speed 79.60 samples/sec   Loss 1.0057   LearningRate 0.000995   Epoch: 1   Global Step: 1560   Fp16 Grad Scale: 131072   Required: 141 hours
Training: 2025-03-26 20:52:19,323-Speed 79.74 samples/sec   Loss 0.9910   LearningRate 0.000994   Epoch: 1   Global Step: 1570   Fp16 Grad Scale: 131072   Required: 141 hours
Training: 2025-03-26 20:52:35,393-Speed 79.65 samples/sec   Loss 0.9707   LearningRate 0.000994   Epoch: 1   Global Step: 1580   Fp16 Grad Scale: 131072   Required: 141 hours
Training: 2025-03-26 20:52:51,514-Speed 79.40 samples/sec   Loss 0.8245   LearningRate 0.000994   Epoch: 1   Global Step: 1590   Fp16 Grad Scale: 131072   Required: 141 hours
Training: 2025-03-26 20:53:07,559-Speed 79.78 samples/sec   Loss 0.8853   LearningRate 0.000994   Epoch: 1   Global Step: 1600   Fp16 Grad Scale: 131072   Required: 141 hours
Training: 2025-03-26 20:53:23,580-Speed 79.89 samples/sec   Loss 0.7721   LearningRate 0.000994   Epoch: 1   Global Step: 1610   Fp16 Grad Scale: 131072   Required: 141 hours
Training: 2025-03-26 20:53:39,671-Speed 79.55 samples/sec   Loss 0.8744   LearningRate 0.000994   Epoch: 1   Global Step: 1620   Fp16 Grad Scale: 131072   Required: 141 hours
Training: 2025-03-26 20:53:55,699-Speed 79.86 samples/sec   Loss 0.9286   LearningRate 0.000994   Epoch: 1   Global Step: 1630   Fp16 Grad Scale: 131072   Required: 141 hours
Training: 2025-03-26 20:54:11,758-Speed 79.71 samples/sec   Loss 0.9535   LearningRate 0.000994   Epoch: 1   Global Step: 1640   Fp16 Grad Scale: 131072   Required: 141 hours
Training: 2025-03-26 20:54:27,779-Speed 79.90 samples/sec   Loss 0.7801   LearningRate 0.000994   Epoch: 1   Global Step: 1650   Fp16 Grad Scale: 262144   Required: 140 hours
Training: 2025-03-26 20:54:43,841-Speed 79.70 samples/sec   Loss 0.6475   LearningRate 0.000994   Epoch: 1   Global Step: 1660   Fp16 Grad Scale: 262144   Required: 140 hours
Training: 2025-03-26 20:54:59,947-Speed 79.48 samples/sec   Loss 0.7801   LearningRate 0.000994   Epoch: 1   Global Step: 1670   Fp16 Grad Scale: 131072   Required: 140 hours
Training: 2025-03-26 20:55:16,002-Speed 79.73 samples/sec   Loss 0.9587   LearningRate 0.000994   Epoch: 1   Global Step: 1680   Fp16 Grad Scale: 131072   Required: 140 hours
Training: 2025-03-26 20:55:32,081-Speed 79.61 samples/sec   Loss 0.7601   LearningRate 0.000994   Epoch: 1   Global Step: 1690   Fp16 Grad Scale: 131072   Required: 140 hours
Training: 2025-03-26 20:55:48,144-Speed 79.69 samples/sec   Loss 0.7475   LearningRate 0.000994   Epoch: 1   Global Step: 1700   Fp16 Grad Scale: 131072   Required: 140 hours
Training: 2025-03-26 20:56:06,006-Speed 71.66 samples/sec   Loss 0.7961   LearningRate 0.000994   Epoch: 1   Global Step: 1710   Fp16 Grad Scale: 131072   Required: 140 hours
Training: 2025-03-26 20:56:22,077-Speed 79.65 samples/sec   Loss 0.8106   LearningRate 0.000994   Epoch: 1   Global Step: 1720   Fp16 Grad Scale: 131072   Required: 140 hours
Training: 2025-03-26 20:56:38,152-Speed 79.63 samples/sec   Loss 0.7025   LearningRate 0.000994   Epoch: 1   Global Step: 1730   Fp16 Grad Scale: 131072   Required: 140 hours
Training: 2025-03-26 20:56:54,205-Speed 79.74 samples/sec   Loss 0.8207   LearningRate 0.000994   Epoch: 1   Global Step: 1740   Fp16 Grad Scale: 131072   Required: 140 hours
Training: 2025-03-26 20:57:10,223-Speed 79.91 samples/sec   Loss 0.6877   LearningRate 0.000994   Epoch: 1   Global Step: 1750   Fp16 Grad Scale: 131072   Required: 140 hours
Training: 2025-03-26 20:57:26,308-Speed 79.58 samples/sec   Loss 0.8504   LearningRate 0.000994   Epoch: 1   Global Step: 1760   Fp16 Grad Scale: 131072   Required: 140 hours
Training: 2025-03-26 20:57:42,349-Speed 79.80 samples/sec   Loss 0.7065   LearningRate 0.000994   Epoch: 1   Global Step: 1770   Fp16 Grad Scale: 262144   Required: 140 hours
Training: 2025-03-26 20:57:58,376-Speed 79.87 samples/sec   Loss 0.7625   LearningRate 0.000994   Epoch: 1   Global Step: 1780   Fp16 Grad Scale: 131072   Required: 140 hours
Training: 2025-03-26 20:58:14,470-Speed 79.54 samples/sec   Loss 0.6502   LearningRate 0.000994   Epoch: 1   Global Step: 1790   Fp16 Grad Scale: 131072   Required: 139 hours
Training: 2025-03-26 20:58:30,552-Speed 79.59 samples/sec   Loss 0.7244   LearningRate 0.000994   Epoch: 1   Global Step: 1800   Fp16 Grad Scale: 131072   Required: 139 hours
Training: 2025-03-26 20:58:46,630-Speed 79.62 samples/sec   Loss 0.7848   LearningRate 0.000994   Epoch: 1   Global Step: 1810   Fp16 Grad Scale: 131072   Required: 139 hours
Training: 2025-03-26 20:59:02,652-Speed 79.89 samples/sec   Loss 0.6967   LearningRate 0.000994   Epoch: 1   Global Step: 1820   Fp16 Grad Scale: 131072   Required: 139 hours
Training: 2025-03-26 20:59:18,699-Speed 79.77 samples/sec   Loss 0.6835   LearningRate 0.000994   Epoch: 1   Global Step: 1830   Fp16 Grad Scale: 131072   Required: 139 hours
Training: 2025-03-26 20:59:34,774-Speed 79.63 samples/sec   Loss 0.7633   LearningRate 0.000994   Epoch: 1   Global Step: 1840   Fp16 Grad Scale: 131072   Required: 139 hours
Training: 2025-03-26 20:59:50,841-Speed 79.67 samples/sec   Loss 0.7055   LearningRate 0.000994   Epoch: 1   Global Step: 1850   Fp16 Grad Scale: 131072   Required: 139 hours
Training: 2025-03-26 21:00:06,899-Speed 79.71 samples/sec   Loss 0.7466   LearningRate 0.000993   Epoch: 1   Global Step: 1860   Fp16 Grad Scale: 131072   Required: 139 hours
Training: 2025-03-26 21:00:22,931-Speed 79.84 samples/sec   Loss 0.8304   LearningRate 0.000993   Epoch: 1   Global Step: 1870   Fp16 Grad Scale: 131072   Required: 139 hours
Training: 2025-03-26 21:00:40,334-Speed 79.89 samples/sec   Loss 0.7924   LearningRate 0.000993   Epoch: 1   Global Step: 1880   Fp16 Grad Scale: 262144   Required: 139 hours
Training: 2025-03-26 21:00:56,314-Speed 80.10 samples/sec   Loss 0.9013   LearningRate 0.000993   Epoch: 1   Global Step: 1890   Fp16 Grad Scale: 131072   Required: 139 hours
Training: 2025-03-26 21:01:13,966-Speed 72.52 samples/sec   Loss 0.8091   LearningRate 0.000993   Epoch: 1   Global Step: 1900   Fp16 Grad Scale: 131072   Required: 139 hours
Training: 2025-03-26 21:01:30,010-Speed 79.78 samples/sec   Loss 0.7877   LearningRate 0.000993   Epoch: 1   Global Step: 1910   Fp16 Grad Scale: 65536   Required: 139 hours
Training: 2025-03-26 21:01:46,070-Speed 79.70 samples/sec   Loss 0.6491   LearningRate 0.000993   Epoch: 1   Global Step: 1920   Fp16 Grad Scale: 65536   Required: 139 hours
Training: 2025-03-26 21:02:02,150-Speed 79.61 samples/sec   Loss 0.7642   LearningRate 0.000993   Epoch: 1   Global Step: 1930   Fp16 Grad Scale: 65536   Required: 139 hours
Training: 2025-03-26 21:02:18,141-Speed 80.04 samples/sec   Loss 0.8096   LearningRate 0.000993   Epoch: 1   Global Step: 1940   Fp16 Grad Scale: 65536   Required: 138 hours
Training: 2025-03-26 21:02:34,157-Speed 79.92 samples/sec   Loss 0.7664   LearningRate 0.000993   Epoch: 1   Global Step: 1950   Fp16 Grad Scale: 65536   Required: 138 hours
Training: 2025-03-26 21:02:50,177-Speed 79.90 samples/sec   Loss 0.6831   LearningRate 0.000993   Epoch: 1   Global Step: 1960   Fp16 Grad Scale: 65536   Required: 138 hours
Training: 2025-03-26 21:03:06,176-Speed 80.00 samples/sec   Loss 0.5622   LearningRate 0.000993   Epoch: 1   Global Step: 1970   Fp16 Grad Scale: 65536   Required: 138 hours
Training: 2025-03-26 21:03:22,265-Speed 79.56 samples/sec   Loss 0.6182   LearningRate 0.000993   Epoch: 1   Global Step: 1980   Fp16 Grad Scale: 65536   Required: 138 hours
Training: 2025-03-26 21:03:38,339-Speed 79.64 samples/sec   Loss 0.5958   LearningRate 0.000993   Epoch: 1   Global Step: 1990   Fp16 Grad Scale: 65536   Required: 138 hours
Training: 2025-03-26 21:03:54,308-Speed 80.16 samples/sec   Loss 0.8460   LearningRate 0.000993   Epoch: 1   Global Step: 2000   Fp16 Grad Scale: 65536   Required: 138 hours
net_out.shape: torch.Size([128, 512])
net_out.shape: torch.Size([128, 512])
net_out.shape: torch.Size([128, 512])
net_out.shape: torch.Size([128, 512])
net_out.shape: torch.Size([128, 512])
net_out.shape: torch.Size([128, 512])
net_out.shape: torch.Size([128, 512])
net_out.shape: torch.Size([128, 512])
net_out.shape: torch.Size([128, 512])
net_out.shape: torch.Size([128, 512])
net_out.shape: torch.Size([128, 512])
net_out.shape: torch.Size([128, 512])
net_out.shape: torch.Size([128, 512])
net_out.shape: torch.Size([128, 512])
net_out.shape: torch.Size([128, 512])
net_out.shape: torch.Size([128, 512])
net_out.shape: torch.Size([128, 512])
net_out.shape: torch.Size([128, 512])
net_out.shape: torch.Size([128, 512])
net_out.shape: torch.Size([128, 512])
net_out.shape: torch.Size([128, 512])
net_out.shape: torch.Size([128, 512])
net_out.shape: torch.Size([128, 512])
net_out.shape: torch.Size([128, 512])
net_out.shape: torch.Size([128, 512])
net_out.shape: torch.Size([128, 512])
net_out.shape: torch.Size([128, 512])
net_out.shape: torch.Size([128, 512])
net_out.shape: torch.Size([128, 512])
net_out.shape: torch.Size([128, 512])
net_out.shape: torch.Size([128, 512])
net_out.shape: torch.Size([128, 512])
net_out.shape: torch.Size([128, 512])
net_out.shape: torch.Size([128, 512])
net_out.shape: torch.Size([128, 512])
net_out.shape: torch.Size([128, 512])
net_out.shape: torch.Size([128, 512])
net_out.shape: torch.Size([128, 512])
net_out.shape: torch.Size([128, 512])
net_out.shape: torch.Size([128, 512])
net_out.shape: torch.Size([128, 512])
net_out.shape: torch.Size([128, 512])
net_out.shape: torch.Size([128, 512])
net_out.shape: torch.Size([128, 512])
net_out.shape: torch.Size([128, 512])
net_out.shape: torch.Size([128, 512])
net_out.shape: torch.Size([128, 512])
net_out.shape: torch.Size([128, 512])
net_out.shape: torch.Size([128, 512])
net_out.shape: torch.Size([128, 512])
net_out.shape: torch.Size([128, 512])
net_out.shape: torch.Size([128, 512])
net_out.shape: torch.Size([128, 512])
net_out.shape: torch.Size([128, 512])
net_out.shape: torch.Size([128, 512])
net_out.shape: torch.Size([128, 512])
net_out.shape: torch.Size([128, 512])
net_out.shape: torch.Size([128, 512])
net_out.shape: torch.Size([128, 512])
net_out.shape: torch.Size([128, 512])
net_out.shape: torch.Size([128, 512])
net_out.shape: torch.Size([128, 512])
net_out.shape: torch.Size([128, 512])
net_out.shape: torch.Size([128, 512])
Training: 2025-03-26 21:05:05,054-[val][2000]XNorm: 21.954498291015625
Training: 2025-03-26 21:05:05,055-[val][2000]val: nan
Training: 2025-03-26 21:05:05,055-[val][2000]val_std: nan
Training: 2025-03-26 21:05:05,055-[val][2000]far: 0.0011273242998868227
Training: 2025-03-26 21:05:05,055-[val][2000]Accuracy: 1.0±0.0
New best model saved with accuracy: 1.0
Training: 2025-03-26 21:05:22,323-Speed 14.54 samples/sec   Loss 0.6158   LearningRate 0.000993   Epoch: 1   Global Step: 2010   Fp16 Grad Scale: 131072   Required: 141 hours
Training: 2025-03-26 21:05:38,354-Speed 79.85 samples/sec   Loss 0.8340   LearningRate 0.000993   Epoch: 1   Global Step: 2020   Fp16 Grad Scale: 131072   Required: 141 hours
Training: 2025-03-26 21:05:54,366-Speed 79.94 samples/sec   Loss 0.6524   LearningRate 0.000993   Epoch: 1   Global Step: 2030   Fp16 Grad Scale: 131072   Required: 141 hours
Training: 2025-03-26 21:06:12,362-Speed 71.13 samples/sec   Loss 0.7824   LearningRate 0.000993   Epoch: 1   Global Step: 2040   Fp16 Grad Scale: 131072   Required: 141 hours
Training: 2025-03-26 21:06:28,364-Speed 79.99 samples/sec   Loss 0.7917   LearningRate 0.000993   Epoch: 1   Global Step: 2050   Fp16 Grad Scale: 131072   Required: 141 hours
Training: 2025-03-26 21:06:44,438-Speed 79.63 samples/sec   Loss 0.8123   LearningRate 0.000993   Epoch: 1   Global Step: 2060   Fp16 Grad Scale: 131072   Required: 141 hours
Training: 2025-03-26 21:07:00,458-Speed 79.90 samples/sec   Loss 0.5604   LearningRate 0.000993   Epoch: 1   Global Step: 2070   Fp16 Grad Scale: 131072   Required: 140 hours
Training: 2025-03-26 21:07:16,538-Speed 79.61 samples/sec   Loss 0.6808   LearningRate 0.000993   Epoch: 1   Global Step: 2080   Fp16 Grad Scale: 131072   Required: 140 hours
Training: 2025-03-26 21:07:32,605-Speed 79.67 samples/sec   Loss 0.7475   LearningRate 0.000993   Epoch: 1   Global Step: 2090   Fp16 Grad Scale: 131072   Required: 140 hours
Training: 2025-03-26 21:07:48,637-Speed 79.85 samples/sec   Loss 0.6294   LearningRate 0.000993   Epoch: 1   Global Step: 2100   Fp16 Grad Scale: 131072   Required: 140 hours
Training: 2025-03-26 21:08:04,710-Speed 79.64 samples/sec   Loss 0.6950   LearningRate 0.000993   Epoch: 1   Global Step: 2110   Fp16 Grad Scale: 262144   Required: 140 hours
Training: 2025-03-26 21:08:20,766-Speed 79.72 samples/sec   Loss 0.6306   LearningRate 0.000993   Epoch: 1   Global Step: 2120   Fp16 Grad Scale: 262144   Required: 140 hours
Training: 2025-03-26 21:08:36,831-Speed 79.68 samples/sec   Loss 0.6617   LearningRate 0.000993   Epoch: 1   Global Step: 2130   Fp16 Grad Scale: 262144   Required: 140 hours
Training: 2025-03-26 21:08:52,847-Speed 79.92 samples/sec   Loss 0.7612   LearningRate 0.000992   Epoch: 1   Global Step: 2140   Fp16 Grad Scale: 262144   Required: 140 hours
Training: 2025-03-26 21:09:08,883-Speed 79.82 samples/sec   Loss 0.5973   LearningRate 0.000992   Epoch: 1   Global Step: 2150   Fp16 Grad Scale: 262144   Required: 140 hours
Training: 2025-03-26 21:09:24,888-Speed 79.98 samples/sec   Loss 0.7669   LearningRate 0.000992   Epoch: 1   Global Step: 2160   Fp16 Grad Scale: 131072   Required: 140 hours
Training: 2025-03-26 21:09:40,989-Speed 79.50 samples/sec   Loss 0.6114   LearningRate 0.000992   Epoch: 1   Global Step: 2170   Fp16 Grad Scale: 131072   Required: 140 hours
Training: 2025-03-26 21:09:57,051-Speed 79.69 samples/sec   Loss 0.7759   LearningRate 0.000992   Epoch: 1   Global Step: 2180   Fp16 Grad Scale: 131072   Required: 140 hours
Training: 2025-03-26 21:10:13,118-Speed 79.67 samples/sec   Loss 0.8611   LearningRate 0.000992   Epoch: 1   Global Step: 2190   Fp16 Grad Scale: 131072   Required: 140 hours
Training: 2025-03-26 21:10:29,170-Speed 79.75 samples/sec   Loss 0.6592   LearningRate 0.000992   Epoch: 1   Global Step: 2200   Fp16 Grad Scale: 131072   Required: 140 hours
Training: 2025-03-26 21:10:45,198-Speed 79.86 samples/sec   Loss 0.7221   LearningRate 0.000992   Epoch: 1   Global Step: 2210   Fp16 Grad Scale: 131072   Required: 139 hours
Training: 2025-03-26 21:11:01,239-Speed 79.80 samples/sec   Loss 0.5766   LearningRate 0.000992   Epoch: 1   Global Step: 2220   Fp16 Grad Scale: 131072   Required: 139 hours
Training: 2025-03-26 21:11:19,073-Speed 71.78 samples/sec   Loss 0.7567   LearningRate 0.000992   Epoch: 1   Global Step: 2230   Fp16 Grad Scale: 131072   Required: 139 hours
Training: 2025-03-26 21:11:35,093-Speed 79.90 samples/sec   Loss 0.5452   LearningRate 0.000992   Epoch: 1   Global Step: 2240   Fp16 Grad Scale: 131072   Required: 139 hours
Training: 2025-03-26 21:11:51,197-Speed 79.49 samples/sec   Loss 0.6433   LearningRate 0.000992   Epoch: 1   Global Step: 2250   Fp16 Grad Scale: 131072   Required: 139 hours
Training: 2025-03-26 21:12:07,215-Speed 79.91 samples/sec   Loss 0.6791   LearningRate 0.000992   Epoch: 1   Global Step: 2260   Fp16 Grad Scale: 262144   Required: 139 hours
Training: 2025-03-26 21:12:23,257-Speed 79.79 samples/sec   Loss 0.7618   LearningRate 0.000992   Epoch: 1   Global Step: 2270   Fp16 Grad Scale: 262144   Required: 139 hours
Training: 2025-03-26 21:12:39,284-Speed 79.87 samples/sec   Loss 0.5817   LearningRate 0.000992   Epoch: 1   Global Step: 2280   Fp16 Grad Scale: 131072   Required: 139 hours
Training: 2025-03-26 21:12:55,333-Speed 79.76 samples/sec   Loss 0.6008   LearningRate 0.000992   Epoch: 1   Global Step: 2290   Fp16 Grad Scale: 131072   Required: 139 hours
Training: 2025-03-26 21:13:11,429-Speed 79.52 samples/sec   Loss 0.6521   LearningRate 0.000992   Epoch: 1   Global Step: 2300   Fp16 Grad Scale: 131072   Required: 139 hours
Training: 2025-03-26 21:13:27,511-Speed 79.60 samples/sec   Loss 0.6055   LearningRate 0.000992   Epoch: 1   Global Step: 2310   Fp16 Grad Scale: 131072   Required: 139 hours
Training: 2025-03-26 21:13:43,558-Speed 79.77 samples/sec   Loss 0.6449   LearningRate 0.000992   Epoch: 1   Global Step: 2320   Fp16 Grad Scale: 131072   Required: 139 hours
Training: 2025-03-26 21:13:59,596-Speed 79.81 samples/sec   Loss 0.6031   LearningRate 0.000992   Epoch: 1   Global Step: 2330   Fp16 Grad Scale: 131072   Required: 139 hours
Training: 2025-03-26 21:14:15,641-Speed 79.78 samples/sec   Loss 0.6324   LearningRate 0.000992   Epoch: 1   Global Step: 2340   Fp16 Grad Scale: 131072   Required: 139 hours
Training: 2025-03-26 21:14:31,634-Speed 80.04 samples/sec   Loss 0.4433   LearningRate 0.000992   Epoch: 1   Global Step: 2350   Fp16 Grad Scale: 65536   Required: 139 hours
Training: 2025-03-26 21:14:47,727-Speed 79.54 samples/sec   Loss 0.5938   LearningRate 0.000992   Epoch: 1   Global Step: 2360   Fp16 Grad Scale: 65536   Required: 139 hours
Training: 2025-03-26 21:15:03,793-Speed 79.67 samples/sec   Loss 0.5158   LearningRate 0.000992   Epoch: 1   Global Step: 2370   Fp16 Grad Scale: 65536   Required: 139 hours
Training: 2025-03-26 21:15:19,843-Speed 79.75 samples/sec   Loss 0.5864   LearningRate 0.000992   Epoch: 1   Global Step: 2380   Fp16 Grad Scale: 65536   Required: 138 hours
Training: 2025-03-26 21:15:35,924-Speed 79.60 samples/sec   Loss 0.5789   LearningRate 0.000992   Epoch: 1   Global Step: 2390   Fp16 Grad Scale: 65536   Required: 138 hours
Training: 2025-03-26 21:15:52,000-Speed 79.62 samples/sec   Loss 0.7941   LearningRate 0.000992   Epoch: 1   Global Step: 2400   Fp16 Grad Scale: 65536   Required: 138 hours
Training: 2025-03-26 21:16:08,021-Speed 79.90 samples/sec   Loss 0.5750   LearningRate 0.000992   Epoch: 1   Global Step: 2410   Fp16 Grad Scale: 65536   Required: 138 hours
Training: 2025-03-26 21:16:26,012-Speed 71.15 samples/sec   Loss 0.7035   LearningRate 0.000992   Epoch: 1   Global Step: 2420   Fp16 Grad Scale: 65536   Required: 138 hours
Training: 2025-03-26 21:16:42,070-Speed 79.71 samples/sec   Loss 0.5810   LearningRate 0.000991   Epoch: 1   Global Step: 2430   Fp16 Grad Scale: 65536   Required: 138 hours
Training: 2025-03-26 21:16:58,087-Speed 79.92 samples/sec   Loss 0.5816   LearningRate 0.000991   Epoch: 1   Global Step: 2440   Fp16 Grad Scale: 65536   Required: 138 hours
Training: 2025-03-26 21:17:14,167-Speed 79.61 samples/sec   Loss 0.4585   LearningRate 0.000991   Epoch: 1   Global Step: 2450   Fp16 Grad Scale: 131072   Required: 138 hours
Training: 2025-03-26 21:17:30,291-Speed 79.39 samples/sec   Loss 0.6271   LearningRate 0.000991   Epoch: 1   Global Step: 2460   Fp16 Grad Scale: 131072   Required: 138 hours
Training: 2025-03-26 21:17:46,324-Speed 79.84 samples/sec   Loss 0.7138   LearningRate 0.000991   Epoch: 1   Global Step: 2470   Fp16 Grad Scale: 131072   Required: 138 hours
Training: 2025-03-26 21:18:02,370-Speed 79.78 samples/sec   Loss 0.5850   LearningRate 0.000991   Epoch: 1   Global Step: 2480   Fp16 Grad Scale: 131072   Required: 138 hours
Training: 2025-03-26 21:18:18,469-Speed 79.51 samples/sec   Loss 0.7178   LearningRate 0.000991   Epoch: 1   Global Step: 2490   Fp16 Grad Scale: 131072   Required: 138 hours
Training: 2025-03-26 21:18:34,492-Speed 79.89 samples/sec   Loss 0.5668   LearningRate 0.000991   Epoch: 1   Global Step: 2500   Fp16 Grad Scale: 131072   Required: 138 hours
Training: 2025-03-26 21:18:50,513-Speed 79.90 samples/sec   Loss 0.5020   LearningRate 0.000991   Epoch: 1   Global Step: 2510   Fp16 Grad Scale: 131072   Required: 138 hours
Training: 2025-03-26 21:19:06,555-Speed 79.80 samples/sec   Loss 0.5326   LearningRate 0.000991   Epoch: 1   Global Step: 2520   Fp16 Grad Scale: 131072   Required: 138 hours
Training: 2025-03-26 21:19:22,613-Speed 79.71 samples/sec   Loss 0.4772   LearningRate 0.000991   Epoch: 1   Global Step: 2530   Fp16 Grad Scale: 131072   Required: 138 hours
Training: 2025-03-26 21:19:38,680-Speed 79.67 samples/sec   Loss 0.5634   LearningRate 0.000991   Epoch: 1   Global Step: 2540   Fp16 Grad Scale: 131072   Required: 138 hours
Training: 2025-03-26 21:19:54,721-Speed 79.80 samples/sec   Loss 0.5899   LearningRate 0.000991   Epoch: 1   Global Step: 2550   Fp16 Grad Scale: 262144   Required: 138 hours
Training: 2025-03-26 21:20:10,744-Speed 79.89 samples/sec   Loss 0.6234   LearningRate 0.000991   Epoch: 1   Global Step: 2560   Fp16 Grad Scale: 262144   Required: 138 hours
Training: 2025-03-26 21:20:26,835-Speed 79.55 samples/sec   Loss 0.4857   LearningRate 0.000991   Epoch: 1   Global Step: 2570   Fp16 Grad Scale: 262144   Required: 138 hours
Training: 2025-03-26 21:20:42,891-Speed 79.72 samples/sec   Loss 0.5549   LearningRate 0.000991   Epoch: 1   Global Step: 2580   Fp16 Grad Scale: 262144   Required: 137 hours
Training: 2025-03-26 21:20:58,921-Speed 79.85 samples/sec   Loss 0.4685   LearningRate 0.000991   Epoch: 1   Global Step: 2590   Fp16 Grad Scale: 262144   Required: 137 hours
Training: 2025-03-26 21:21:15,002-Speed 79.60 samples/sec   Loss 0.5319   LearningRate 0.000991   Epoch: 1   Global Step: 2600   Fp16 Grad Scale: 262144   Required: 137 hours
Training: 2025-03-26 21:21:32,631-Speed 72.61 samples/sec   Loss 0.6171   LearningRate 0.000991   Epoch: 1   Global Step: 2610   Fp16 Grad Scale: 131072   Required: 137 hours
Training: 2025-03-26 21:21:48,676-Speed 79.78 samples/sec   Loss 0.5804   LearningRate 0.000991   Epoch: 1   Global Step: 2620   Fp16 Grad Scale: 131072   Required: 137 hours
Training: 2025-03-26 21:22:04,726-Speed 79.75 samples/sec   Loss 0.6293   LearningRate 0.000991   Epoch: 1   Global Step: 2630   Fp16 Grad Scale: 131072   Required: 137 hours
Training: 2025-03-26 21:22:20,795-Speed 79.66 samples/sec   Loss 0.5923   LearningRate 0.000991   Epoch: 1   Global Step: 2640   Fp16 Grad Scale: 131072   Required: 137 hours
Training: 2025-03-26 21:22:36,848-Speed 79.74 samples/sec   Loss 0.7465   LearningRate 0.000991   Epoch: 1   Global Step: 2650   Fp16 Grad Scale: 131072   Required: 137 hours
Training: 2025-03-26 21:22:52,874-Speed 79.87 samples/sec   Loss 0.6504   LearningRate 0.000991   Epoch: 1   Global Step: 2660   Fp16 Grad Scale: 131072   Required: 137 hours
Training: 2025-03-26 21:23:08,971-Speed 79.52 samples/sec   Loss 0.6865   LearningRate 0.000991   Epoch: 1   Global Step: 2670   Fp16 Grad Scale: 131072   Required: 137 hours
Training: 2025-03-26 21:23:25,007-Speed 79.82 samples/sec   Loss 0.5348   LearningRate 0.000991   Epoch: 1   Global Step: 2680   Fp16 Grad Scale: 131072   Required: 137 hours
Training: 2025-03-26 21:23:41,040-Speed 79.84 samples/sec   Loss 0.5057   LearningRate 0.000991   Epoch: 1   Global Step: 2690   Fp16 Grad Scale: 131072   Required: 137 hours
Training: 2025-03-26 21:23:57,085-Speed 79.78 samples/sec   Loss 0.5851   LearningRate 0.000991   Epoch: 1   Global Step: 2700   Fp16 Grad Scale: 131072   Required: 137 hours
Training: 2025-03-26 21:24:13,171-Speed 79.58 samples/sec   Loss 0.4732   LearningRate 0.000990   Epoch: 1   Global Step: 2710   Fp16 Grad Scale: 262144   Required: 137 hours
Training: 2025-03-26 21:24:29,200-Speed 79.86 samples/sec   Loss 0.4811   LearningRate 0.000990   Epoch: 1   Global Step: 2720   Fp16 Grad Scale: 262144   Required: 137 hours
Training: 2025-03-26 21:24:45,233-Speed 79.84 samples/sec   Loss 0.4384   LearningRate 0.000990   Epoch: 1   Global Step: 2730   Fp16 Grad Scale: 262144   Required: 137 hours
Training: 2025-03-26 21:25:01,315-Speed 79.60 samples/sec   Loss 0.5365   LearningRate 0.000990   Epoch: 1   Global Step: 2740   Fp16 Grad Scale: 262144   Required: 137 hours
Training: 2025-03-26 21:25:17,314-Speed 80.01 samples/sec   Loss 0.5029   LearningRate 0.000990   Epoch: 1   Global Step: 2750   Fp16 Grad Scale: 131072   Required: 137 hours
Training: 2025-03-26 21:25:33,356-Speed 79.79 samples/sec   Loss 0.4949   LearningRate 0.000990   Epoch: 1   Global Step: 2760   Fp16 Grad Scale: 131072   Required: 137 hours
Training: 2025-03-26 21:26:04,802-Speed 79.70 samples/sec   Loss 0.6085   LearningRate 0.000990   Epoch: 1   Global Step: 2770   Fp16 Grad Scale: 131072   Required: 137 hours
Training: 2025-03-26 21:26:21,696-Speed 75.77 samples/sec   Loss 0.4624   LearningRate 0.000990   Epoch: 1   Global Step: 2780   Fp16 Grad Scale: 131072   Required: 137 hours
Training: 2025-03-26 21:26:38,624-Speed 75.62 samples/sec   Loss 0.4646   LearningRate 0.000990   Epoch: 1   Global Step: 2790   Fp16 Grad Scale: 131072   Required: 137 hours
Training: 2025-03-26 21:26:54,627-Speed 79.99 samples/sec   Loss 0.5181   LearningRate 0.000990   Epoch: 1   Global Step: 2800   Fp16 Grad Scale: 131072   Required: 137 hours
Training: 2025-03-26 21:27:10,704-Speed 79.62 samples/sec   Loss 0.3851   LearningRate 0.000990   Epoch: 1   Global Step: 2810   Fp16 Grad Scale: 131072   Required: 137 hours
Training: 2025-03-26 21:27:26,804-Speed 79.51 samples/sec   Loss 0.5227   LearningRate 0.000990   Epoch: 1   Global Step: 2820   Fp16 Grad Scale: 131072   Required: 137 hours
Training: 2025-03-26 21:27:42,777-Speed 80.13 samples/sec   Loss 0.5802   LearningRate 0.000990   Epoch: 1   Global Step: 2830   Fp16 Grad Scale: 131072   Required: 137 hours
Training: 2025-03-26 21:27:58,828-Speed 79.75 samples/sec   Loss 0.6221   LearningRate 0.000990   Epoch: 1   Global Step: 2840   Fp16 Grad Scale: 131072   Required: 137 hours
Training: 2025-03-26 21:28:13,793-Speed 85.54 samples/sec   Loss 0.5487   LearningRate 0.000990   Epoch: 1   Global Step: 2850   Fp16 Grad Scale: 262144   Required: 137 hours
Training: 2025-03-26 21:28:32,812-Speed 67.30 samples/sec   Loss 0.5442   LearningRate 0.000990   Epoch: 2   Global Step: 2860   Fp16 Grad Scale: 262144   Required: 137 hours
Training: 2025-03-26 21:28:48,968-Speed 79.23 samples/sec   Loss 0.4311   LearningRate 0.000990   Epoch: 2   Global Step: 2870   Fp16 Grad Scale: 262144   Required: 137 hours
Training: 2025-03-26 21:29:05,019-Speed 79.75 samples/sec   Loss 0.2637   LearningRate 0.000990   Epoch: 2   Global Step: 2880   Fp16 Grad Scale: 262144   Required: 137 hours
Training: 2025-03-26 21:29:21,032-Speed 79.94 samples/sec   Loss 0.3318   LearningRate 0.000990   Epoch: 2   Global Step: 2890   Fp16 Grad Scale: 262144   Required: 137 hours
Training: 2025-03-26 21:29:37,085-Speed 79.74 samples/sec   Loss 0.3231   LearningRate 0.000990   Epoch: 2   Global Step: 2900   Fp16 Grad Scale: 262144   Required: 137 hours
Training: 2025-03-26 21:29:53,076-Speed 80.05 samples/sec   Loss 0.4094   LearningRate 0.000990   Epoch: 2   Global Step: 2910   Fp16 Grad Scale: 262144   Required: 137 hours
Training: 2025-03-26 21:30:09,277-Speed 79.01 samples/sec   Loss 0.2862   LearningRate 0.000990   Epoch: 2   Global Step: 2920   Fp16 Grad Scale: 262144   Required: 137 hours
Training: 2025-03-26 21:30:25,325-Speed 79.77 samples/sec   Loss 0.4506   LearningRate 0.000990   Epoch: 2   Global Step: 2930   Fp16 Grad Scale: 262144   Required: 137 hours
Training: 2025-03-26 21:30:41,358-Speed 79.84 samples/sec   Loss 0.2696   LearningRate 0.000990   Epoch: 2   Global Step: 2940   Fp16 Grad Scale: 262144   Required: 136 hours
Training: 2025-03-26 21:30:57,416-Speed 79.71 samples/sec   Loss 0.2358   LearningRate 0.000990   Epoch: 2   Global Step: 2950   Fp16 Grad Scale: 262144   Required: 136 hours
Training: 2025-03-26 21:31:13,435-Speed 79.91 samples/sec   Loss 0.4175   LearningRate 0.000990   Epoch: 2   Global Step: 2960   Fp16 Grad Scale: 131072   Required: 136 hours
Training: 2025-03-26 21:31:31,351-Speed 71.45 samples/sec   Loss 0.5400   LearningRate 0.000990   Epoch: 2   Global Step: 2970   Fp16 Grad Scale: 131072   Required: 136 hours
Training: 2025-03-26 21:31:47,388-Speed 79.82 samples/sec   Loss 0.3245   LearningRate 0.000990   Epoch: 2   Global Step: 2980   Fp16 Grad Scale: 131072   Required: 136 hours
Training: 2025-03-26 21:32:03,473-Speed 79.58 samples/sec   Loss 0.2319   LearningRate 0.000990   Epoch: 2   Global Step: 2990   Fp16 Grad Scale: 131072   Required: 136 hours
Training: 2025-03-26 21:32:19,553-Speed 79.61 samples/sec   Loss 0.3448   LearningRate 0.000989   Epoch: 2   Global Step: 3000   Fp16 Grad Scale: 131072   Required: 136 hours
Training: 2025-03-26 21:32:35,629-Speed 79.62 samples/sec   Loss 0.4126   LearningRate 0.000989   Epoch: 2   Global Step: 3010   Fp16 Grad Scale: 131072   Required: 136 hours
Training: 2025-03-26 21:32:51,648-Speed 79.91 samples/sec   Loss 0.2898   LearningRate 0.000989   Epoch: 2   Global Step: 3020   Fp16 Grad Scale: 131072   Required: 136 hours
Training: 2025-03-26 21:33:07,861-Speed 78.95 samples/sec   Loss 0.3624   LearningRate 0.000989   Epoch: 2   Global Step: 3030   Fp16 Grad Scale: 131072   Required: 136 hours
Training: 2025-03-26 21:33:23,886-Speed 79.88 samples/sec   Loss 0.3551   LearningRate 0.000989   Epoch: 2   Global Step: 3040   Fp16 Grad Scale: 131072   Required: 136 hours
Training: 2025-03-26 21:33:39,933-Speed 79.77 samples/sec   Loss 0.3401   LearningRate 0.000989   Epoch: 2   Global Step: 3050   Fp16 Grad Scale: 131072   Required: 136 hours
Training: 2025-03-26 21:33:55,946-Speed 79.94 samples/sec   Loss 0.4452   LearningRate 0.000989   Epoch: 2   Global Step: 3060   Fp16 Grad Scale: 262144   Required: 136 hours
Training: 2025-03-26 21:34:12,026-Speed 79.60 samples/sec   Loss 0.3589   LearningRate 0.000989   Epoch: 2   Global Step: 3070   Fp16 Grad Scale: 262144   Required: 136 hours
Training: 2025-03-26 21:34:28,142-Speed 79.43 samples/sec   Loss 0.1997   LearningRate 0.000989   Epoch: 2   Global Step: 3080   Fp16 Grad Scale: 262144   Required: 136 hours
Training: 2025-03-26 21:34:44,214-Speed 79.64 samples/sec   Loss 0.3084   LearningRate 0.000989   Epoch: 2   Global Step: 3090   Fp16 Grad Scale: 262144   Required: 136 hours
Training: 2025-03-26 21:35:00,323-Speed 79.46 samples/sec   Loss 0.3964   LearningRate 0.000989   Epoch: 2   Global Step: 3100   Fp16 Grad Scale: 262144   Required: 136 hours
Training: 2025-03-26 21:35:16,359-Speed 79.82 samples/sec   Loss 0.2827   LearningRate 0.000989   Epoch: 2   Global Step: 3110   Fp16 Grad Scale: 262144   Required: 136 hours
Training: 2025-03-26 21:35:32,406-Speed 79.77 samples/sec   Loss 0.3282   LearningRate 0.000989   Epoch: 2   Global Step: 3120   Fp16 Grad Scale: 262144   Required: 136 hours
Training: 2025-03-26 21:35:48,517-Speed 79.45 samples/sec   Loss 0.4061   LearningRate 0.000989   Epoch: 2   Global Step: 3130   Fp16 Grad Scale: 262144   Required: 136 hours
Training: 2025-03-26 21:36:04,583-Speed 79.67 samples/sec   Loss 0.3847   LearningRate 0.000989   Epoch: 2   Global Step: 3140   Fp16 Grad Scale: 262144   Required: 136 hours
Training: 2025-03-26 21:36:20,638-Speed 79.73 samples/sec   Loss 0.4023   LearningRate 0.000989   Epoch: 2   Global Step: 3150   Fp16 Grad Scale: 262144   Required: 136 hours
Training: 2025-03-26 21:36:38,407-Speed 72.04 samples/sec   Loss 0.3888   LearningRate 0.000989   Epoch: 2   Global Step: 3160   Fp16 Grad Scale: 524288   Required: 136 hours
Training: 2025-03-26 21:36:54,447-Speed 79.81 samples/sec   Loss 0.3261   LearningRate 0.000989   Epoch: 2   Global Step: 3170   Fp16 Grad Scale: 524288   Required: 136 hours
Training: 2025-03-26 21:37:10,700-Speed 78.76 samples/sec   Loss 0.2963   LearningRate 0.000989   Epoch: 2   Global Step: 3180   Fp16 Grad Scale: 524288   Required: 136 hours
Training: 2025-03-26 21:37:26,753-Speed 79.74 samples/sec   Loss 0.4022   LearningRate 0.000989   Epoch: 2   Global Step: 3190   Fp16 Grad Scale: 262144   Required: 136 hours
Training: 2025-03-26 21:37:42,810-Speed 79.72 samples/sec   Loss 0.3591   LearningRate 0.000989   Epoch: 2   Global Step: 3200   Fp16 Grad Scale: 262144   Required: 136 hours
Training: 2025-03-26 21:37:58,838-Speed 79.86 samples/sec   Loss 0.4876   LearningRate 0.000989   Epoch: 2   Global Step: 3210   Fp16 Grad Scale: 262144   Required: 136 hours
Training: 2025-03-26 21:38:14,861-Speed 79.89 samples/sec   Loss 0.4921   LearningRate 0.000989   Epoch: 2   Global Step: 3220   Fp16 Grad Scale: 262144   Required: 135 hours
Training: 2025-03-26 21:38:30,888-Speed 79.86 samples/sec   Loss 0.2703   LearningRate 0.000989   Epoch: 2   Global Step: 3230   Fp16 Grad Scale: 262144   Required: 135 hours
Training: 2025-03-26 21:38:46,967-Speed 79.61 samples/sec   Loss 0.3224   LearningRate 0.000989   Epoch: 2   Global Step: 3240   Fp16 Grad Scale: 262144   Required: 135 hours
Training: 2025-03-26 21:39:03,024-Speed 79.72 samples/sec   Loss 0.3699   LearningRate 0.000989   Epoch: 2   Global Step: 3250   Fp16 Grad Scale: 262144   Required: 135 hours
Training: 2025-03-26 21:39:19,022-Speed 80.02 samples/sec   Loss 0.3887   LearningRate 0.000989   Epoch: 2   Global Step: 3260   Fp16 Grad Scale: 262144   Required: 135 hours
Training: 2025-03-26 21:39:35,056-Speed 79.83 samples/sec   Loss 0.3218   LearningRate 0.000989   Epoch: 2   Global Step: 3270   Fp16 Grad Scale: 262144   Required: 135 hours
Training: 2025-03-26 21:39:51,089-Speed 79.84 samples/sec   Loss 0.3768   LearningRate 0.000988   Epoch: 2   Global Step: 3280   Fp16 Grad Scale: 262144   Required: 135 hours
Training: 2025-03-26 21:40:07,138-Speed 79.76 samples/sec   Loss 0.3759   LearningRate 0.000988   Epoch: 2   Global Step: 3290   Fp16 Grad Scale: 524288   Required: 135 hours
Training: 2025-03-26 21:40:23,168-Speed 79.85 samples/sec   Loss 0.2726   LearningRate 0.000988   Epoch: 2   Global Step: 3300   Fp16 Grad Scale: 262144   Required: 135 hours
Training: 2025-03-26 21:40:39,269-Speed 79.50 samples/sec   Loss 0.3042   LearningRate 0.000988   Epoch: 2   Global Step: 3310   Fp16 Grad Scale: 262144   Required: 135 hours
Training: 2025-03-26 21:40:55,340-Speed 79.65 samples/sec   Loss 0.3693   LearningRate 0.000988   Epoch: 2   Global Step: 3320   Fp16 Grad Scale: 262144   Required: 135 hours
Training: 2025-03-26 21:41:11,409-Speed 79.66 samples/sec   Loss 0.2951   LearningRate 0.000988   Epoch: 2   Global Step: 3330   Fp16 Grad Scale: 262144   Required: 135 hours
Training: 2025-03-26 21:41:27,574-Speed 79.18 samples/sec   Loss 0.2391   LearningRate 0.000988   Epoch: 2   Global Step: 3340   Fp16 Grad Scale: 262144   Required: 135 hours
Training: 2025-03-26 21:41:45,387-Speed 71.86 samples/sec   Loss 0.2887   LearningRate 0.000988   Epoch: 2   Global Step: 3350   Fp16 Grad Scale: 262144   Required: 135 hours
Training: 2025-03-26 21:42:01,487-Speed 79.50 samples/sec   Loss 0.3374   LearningRate 0.000988   Epoch: 2   Global Step: 3360   Fp16 Grad Scale: 262144   Required: 135 hours
Training: 2025-03-26 21:42:17,542-Speed 79.73 samples/sec   Loss 0.2145   LearningRate 0.000988   Epoch: 2   Global Step: 3370   Fp16 Grad Scale: 262144   Required: 135 hours
Training: 2025-03-26 21:42:33,573-Speed 79.85 samples/sec   Loss 0.3305   LearningRate 0.000988   Epoch: 2   Global Step: 3380   Fp16 Grad Scale: 262144   Required: 135 hours
Training: 2025-03-26 21:42:49,601-Speed 79.86 samples/sec   Loss 0.2568   LearningRate 0.000988   Epoch: 2   Global Step: 3390   Fp16 Grad Scale: 262144   Required: 135 hours
Training: 2025-03-26 21:43:05,645-Speed 79.78 samples/sec   Loss 0.3722   LearningRate 0.000988   Epoch: 2   Global Step: 3400   Fp16 Grad Scale: 524288   Required: 135 hours
Training: 2025-03-26 21:43:21,657-Speed 79.94 samples/sec   Loss 0.4329   LearningRate 0.000988   Epoch: 2   Global Step: 3410   Fp16 Grad Scale: 262144   Required: 135 hours
Training: 2025-03-26 21:43:37,714-Speed 79.72 samples/sec   Loss 0.3948   LearningRate 0.000988   Epoch: 2   Global Step: 3420   Fp16 Grad Scale: 262144   Required: 135 hours
Training: 2025-03-26 21:43:53,755-Speed 79.80 samples/sec   Loss 0.3714   LearningRate 0.000988   Epoch: 2   Global Step: 3430   Fp16 Grad Scale: 262144   Required: 135 hours
Training: 2025-03-26 21:44:09,912-Speed 79.23 samples/sec   Loss 0.1943   LearningRate 0.000988   Epoch: 2   Global Step: 3440   Fp16 Grad Scale: 262144   Required: 135 hours
Training: 2025-03-26 21:44:26,027-Speed 79.43 samples/sec   Loss 0.2414   LearningRate 0.000988   Epoch: 2   Global Step: 3450   Fp16 Grad Scale: 262144   Required: 135 hours
Training: 2025-03-26 21:44:42,089-Speed 79.70 samples/sec   Loss 0.3684   LearningRate 0.000988   Epoch: 2   Global Step: 3460   Fp16 Grad Scale: 262144   Required: 135 hours
Training: 2025-03-26 21:44:58,109-Speed 79.90 samples/sec   Loss 0.4075   LearningRate 0.000988   Epoch: 2   Global Step: 3470   Fp16 Grad Scale: 262144   Required: 135 hours
Training: 2025-03-26 21:45:14,200-Speed 79.55 samples/sec   Loss 0.4132   LearningRate 0.000988   Epoch: 2   Global Step: 3480   Fp16 Grad Scale: 262144   Required: 135 hours
Training: 2025-03-26 21:45:30,417-Speed 78.93 samples/sec   Loss 0.4430   LearningRate 0.000988   Epoch: 2   Global Step: 3490   Fp16 Grad Scale: 262144   Required: 135 hours
Training: 2025-03-26 21:45:46,601-Speed 79.09 samples/sec   Loss 0.2726   LearningRate 0.000988   Epoch: 2   Global Step: 3500   Fp16 Grad Scale: 262144   Required: 135 hours
Training: 2025-03-26 21:46:02,700-Speed 79.51 samples/sec   Loss 0.4261   LearningRate 0.000988   Epoch: 2   Global Step: 3510   Fp16 Grad Scale: 262144   Required: 135 hours
Training: 2025-03-26 21:46:37,346-Speed 75.70 samples/sec   Loss 0.3075   LearningRate 0.000988   Epoch: 2   Global Step: 3520   Fp16 Grad Scale: 262144   Required: 135 hours
Training: 2025-03-26 21:46:54,250-Speed 75.73 samples/sec   Loss 0.4877   LearningRate 0.000988   Epoch: 2   Global Step: 3530   Fp16 Grad Scale: 262144   Required: 135 hours
Training: 2025-03-26 21:47:10,281-Speed 79.85 samples/sec   Loss 0.4123   LearningRate 0.000988   Epoch: 2   Global Step: 3540   Fp16 Grad Scale: 262144   Required: 135 hours
Training: 2025-03-26 21:47:26,353-Speed 79.64 samples/sec   Loss 0.2909   LearningRate 0.000988   Epoch: 2   Global Step: 3550   Fp16 Grad Scale: 262144   Required: 135 hours
Training: 2025-03-26 21:47:42,409-Speed 79.73 samples/sec   Loss 0.4426   LearningRate 0.000988   Epoch: 2   Global Step: 3560   Fp16 Grad Scale: 262144   Required: 135 hours
Training: 2025-03-26 21:47:58,413-Speed 79.99 samples/sec   Loss 0.3489   LearningRate 0.000987   Epoch: 2   Global Step: 3570   Fp16 Grad Scale: 262144   Required: 135 hours
Training: 2025-03-26 21:48:14,443-Speed 79.85 samples/sec   Loss 0.2430   LearningRate 0.000987   Epoch: 2   Global Step: 3580   Fp16 Grad Scale: 262144   Required: 135 hours
Training: 2025-03-26 21:48:30,452-Speed 79.96 samples/sec   Loss 0.3018   LearningRate 0.000987   Epoch: 2   Global Step: 3590   Fp16 Grad Scale: 262144   Required: 135 hours
Training: 2025-03-26 21:48:46,464-Speed 79.94 samples/sec   Loss 0.3303   LearningRate 0.000987   Epoch: 2   Global Step: 3600   Fp16 Grad Scale: 262144   Required: 135 hours
Training: 2025-03-26 21:49:02,467-Speed 79.99 samples/sec   Loss 0.2162   LearningRate 0.000987   Epoch: 2   Global Step: 3610   Fp16 Grad Scale: 524288   Required: 135 hours
Training: 2025-03-26 21:49:18,546-Speed 79.61 samples/sec   Loss 0.3260   LearningRate 0.000987   Epoch: 2   Global Step: 3620   Fp16 Grad Scale: 262144   Required: 135 hours
Training: 2025-03-26 21:49:34,623-Speed 79.62 samples/sec   Loss 0.4475   LearningRate 0.000987   Epoch: 2   Global Step: 3630   Fp16 Grad Scale: 262144   Required: 135 hours
Training: 2025-03-26 21:49:50,651-Speed 79.86 samples/sec   Loss 0.3437   LearningRate 0.000987   Epoch: 2   Global Step: 3640   Fp16 Grad Scale: 262144   Required: 135 hours
Training: 2025-03-26 21:50:06,827-Speed 79.13 samples/sec   Loss 0.5120   LearningRate 0.000987   Epoch: 2   Global Step: 3650   Fp16 Grad Scale: 262144   Required: 135 hours
Training: 2025-03-26 21:50:22,893-Speed 79.67 samples/sec   Loss 0.3248   LearningRate 0.000987   Epoch: 2   Global Step: 3660   Fp16 Grad Scale: 131072   Required: 135 hours
Training: 2025-03-26 21:50:38,919-Speed 79.87 samples/sec   Loss 0.3012   LearningRate 0.000987   Epoch: 2   Global Step: 3670   Fp16 Grad Scale: 131072   Required: 135 hours
Training: 2025-03-26 21:50:54,984-Speed 79.68 samples/sec   Loss 0.3174   LearningRate 0.000987   Epoch: 2   Global Step: 3680   Fp16 Grad Scale: 131072   Required: 135 hours
Training: 2025-03-26 21:51:11,072-Speed 79.57 samples/sec   Loss 0.3102   LearningRate 0.000987   Epoch: 2   Global Step: 3690   Fp16 Grad Scale: 131072   Required: 135 hours
Training: 2025-03-26 21:51:27,166-Speed 79.53 samples/sec   Loss 0.3233   LearningRate 0.000987   Epoch: 2   Global Step: 3700   Fp16 Grad Scale: 131072   Required: 134 hours
Training: 2025-03-26 21:51:44,989-Speed 71.82 samples/sec   Loss 0.2949   LearningRate 0.000987   Epoch: 2   Global Step: 3710   Fp16 Grad Scale: 131072   Required: 134 hours
Training: 2025-03-26 21:52:01,057-Speed 79.66 samples/sec   Loss 0.3538   LearningRate 0.000987   Epoch: 2   Global Step: 3720   Fp16 Grad Scale: 131072   Required: 134 hours
Training: 2025-03-26 21:52:17,136-Speed 79.61 samples/sec   Loss 0.4727   LearningRate 0.000987   Epoch: 2   Global Step: 3730   Fp16 Grad Scale: 131072   Required: 134 hours
Training: 2025-03-26 21:52:33,225-Speed 79.56 samples/sec   Loss 0.3661   LearningRate 0.000987   Epoch: 2   Global Step: 3740   Fp16 Grad Scale: 131072   Required: 134 hours
Training: 2025-03-26 21:52:49,271-Speed 79.77 samples/sec   Loss 0.2215   LearningRate 0.000987   Epoch: 2   Global Step: 3750   Fp16 Grad Scale: 131072   Required: 134 hours
Training: 2025-03-26 21:53:05,284-Speed 79.93 samples/sec   Loss 0.2557   LearningRate 0.000987   Epoch: 2   Global Step: 3760   Fp16 Grad Scale: 262144   Required: 134 hours
Training: 2025-03-26 21:53:21,288-Speed 79.98 samples/sec   Loss 0.3535   LearningRate 0.000987   Epoch: 2   Global Step: 3770   Fp16 Grad Scale: 262144   Required: 134 hours
Training: 2025-03-26 21:53:37,351-Speed 79.69 samples/sec   Loss 0.2342   LearningRate 0.000987   Epoch: 2   Global Step: 3780   Fp16 Grad Scale: 262144   Required: 134 hours
Training: 2025-03-26 21:53:53,429-Speed 79.61 samples/sec   Loss 0.3396   LearningRate 0.000987   Epoch: 2   Global Step: 3790   Fp16 Grad Scale: 262144   Required: 134 hours
Training: 2025-03-26 21:54:09,452-Speed 79.89 samples/sec   Loss 0.3617   LearningRate 0.000987   Epoch: 2   Global Step: 3800   Fp16 Grad Scale: 262144   Required: 134 hours
Training: 2025-03-26 21:54:25,656-Speed 79.00 samples/sec   Loss 0.5183   LearningRate 0.000987   Epoch: 2   Global Step: 3810   Fp16 Grad Scale: 262144   Required: 134 hours
Training: 2025-03-26 21:54:41,693-Speed 79.81 samples/sec   Loss 0.2823   LearningRate 0.000987   Epoch: 2   Global Step: 3820   Fp16 Grad Scale: 262144   Required: 134 hours
Training: 2025-03-26 21:54:57,721-Speed 79.87 samples/sec   Loss 0.3824   LearningRate 0.000987   Epoch: 2   Global Step: 3830   Fp16 Grad Scale: 262144   Required: 134 hours
Training: 2025-03-26 21:55:13,756-Speed 79.82 samples/sec   Loss 0.3441   LearningRate 0.000987   Epoch: 2   Global Step: 3840   Fp16 Grad Scale: 131072   Required: 134 hours
Training: 2025-03-26 21:55:29,827-Speed 79.65 samples/sec   Loss 0.2989   LearningRate 0.000987   Epoch: 2   Global Step: 3850   Fp16 Grad Scale: 131072   Required: 134 hours
Training: 2025-03-26 21:55:45,868-Speed 79.80 samples/sec   Loss 0.3379   LearningRate 0.000986   Epoch: 2   Global Step: 3860   Fp16 Grad Scale: 131072   Required: 134 hours
Training: 2025-03-26 21:56:01,939-Speed 79.65 samples/sec   Loss 0.3579   LearningRate 0.000986   Epoch: 2   Global Step: 3870   Fp16 Grad Scale: 131072   Required: 134 hours
Training: 2025-03-26 21:56:17,997-Speed 79.71 samples/sec   Loss 0.3763   LearningRate 0.000986   Epoch: 2   Global Step: 3880   Fp16 Grad Scale: 131072   Required: 134 hours
Training: 2025-03-26 21:56:34,020-Speed 79.89 samples/sec   Loss 0.2964   LearningRate 0.000986   Epoch: 2   Global Step: 3890   Fp16 Grad Scale: 131072   Required: 134 hours
Training: 2025-03-26 21:56:51,812-Speed 71.95 samples/sec   Loss 0.3579   LearningRate 0.000986   Epoch: 2   Global Step: 3900   Fp16 Grad Scale: 131072   Required: 134 hours
Training: 2025-03-26 21:57:07,898-Speed 79.57 samples/sec   Loss 0.3045   LearningRate 0.000986   Epoch: 2   Global Step: 3910   Fp16 Grad Scale: 131072   Required: 134 hours
Training: 2025-03-26 21:57:23,937-Speed 79.80 samples/sec   Loss 0.3640   LearningRate 0.000986   Epoch: 2   Global Step: 3920   Fp16 Grad Scale: 131072   Required: 134 hours
Training: 2025-03-26 21:57:39,964-Speed 79.87 samples/sec   Loss 0.3151   LearningRate 0.000986   Epoch: 2   Global Step: 3930   Fp16 Grad Scale: 131072   Required: 134 hours
Training: 2025-03-26 21:57:56,040-Speed 79.62 samples/sec   Loss 0.2938   LearningRate 0.000986   Epoch: 2   Global Step: 3940   Fp16 Grad Scale: 262144   Required: 134 hours
Training: 2025-03-26 21:58:12,168-Speed 79.37 samples/sec   Loss 0.4628   LearningRate 0.000986   Epoch: 2   Global Step: 3950   Fp16 Grad Scale: 262144   Required: 134 hours
Training: 2025-03-26 21:58:28,336-Speed 79.17 samples/sec   Loss 0.3487   LearningRate 0.000986   Epoch: 2   Global Step: 3960   Fp16 Grad Scale: 262144   Required: 134 hours
Training: 2025-03-26 21:58:44,395-Speed 79.71 samples/sec   Loss 0.2927   LearningRate 0.000986   Epoch: 2   Global Step: 3970   Fp16 Grad Scale: 262144   Required: 134 hours
Training: 2025-03-26 21:59:00,457-Speed 79.69 samples/sec   Loss 0.2769   LearningRate 0.000986   Epoch: 2   Global Step: 3980   Fp16 Grad Scale: 262144   Required: 134 hours
Training: 2025-03-26 21:59:16,480-Speed 79.89 samples/sec   Loss 0.2106   LearningRate 0.000986   Epoch: 2   Global Step: 3990   Fp16 Grad Scale: 262144   Required: 134 hours
Training: 2025-03-26 21:59:32,512-Speed 79.84 samples/sec   Loss 0.1997   LearningRate 0.000986   Epoch: 2   Global Step: 4000   Fp16 Grad Scale: 262144   Required: 134 hours
net_out.shape: torch.Size([128, 512])
net_out.shape: torch.Size([128, 512])
net_out.shape: torch.Size([128, 512])
net_out.shape: torch.Size([128, 512])
net_out.shape: torch.Size([128, 512])
net_out.shape: torch.Size([128, 512])
net_out.shape: torch.Size([128, 512])
net_out.shape: torch.Size([128, 512])
net_out.shape: torch.Size([128, 512])
net_out.shape: torch.Size([128, 512])
net_out.shape: torch.Size([128, 512])
net_out.shape: torch.Size([128, 512])
net_out.shape: torch.Size([128, 512])
net_out.shape: torch.Size([128, 512])
net_out.shape: torch.Size([128, 512])
net_out.shape: torch.Size([128, 512])
net_out.shape: torch.Size([128, 512])
net_out.shape: torch.Size([128, 512])
net_out.shape: torch.Size([128, 512])
net_out.shape: torch.Size([128, 512])
net_out.shape: torch.Size([128, 512])
net_out.shape: torch.Size([128, 512])
net_out.shape: torch.Size([128, 512])
net_out.shape: torch.Size([128, 512])
net_out.shape: torch.Size([128, 512])
net_out.shape: torch.Size([128, 512])
net_out.shape: torch.Size([128, 512])
net_out.shape: torch.Size([128, 512])
net_out.shape: torch.Size([128, 512])
net_out.shape: torch.Size([128, 512])
net_out.shape: torch.Size([128, 512])
net_out.shape: torch.Size([128, 512])
net_out.shape: torch.Size([128, 512])
net_out.shape: torch.Size([128, 512])
net_out.shape: torch.Size([128, 512])
net_out.shape: torch.Size([128, 512])
net_out.shape: torch.Size([128, 512])
net_out.shape: torch.Size([128, 512])
net_out.shape: torch.Size([128, 512])
net_out.shape: torch.Size([128, 512])
net_out.shape: torch.Size([128, 512])
net_out.shape: torch.Size([128, 512])
net_out.shape: torch.Size([128, 512])
net_out.shape: torch.Size([128, 512])
net_out.shape: torch.Size([128, 512])
net_out.shape: torch.Size([128, 512])
net_out.shape: torch.Size([128, 512])
net_out.shape: torch.Size([128, 512])
net_out.shape: torch.Size([128, 512])
net_out.shape: torch.Size([128, 512])
net_out.shape: torch.Size([128, 512])
net_out.shape: torch.Size([128, 512])
net_out.shape: torch.Size([128, 512])
net_out.shape: torch.Size([128, 512])
net_out.shape: torch.Size([128, 512])
net_out.shape: torch.Size([128, 512])
net_out.shape: torch.Size([128, 512])
net_out.shape: torch.Size([128, 512])
net_out.shape: torch.Size([128, 512])
net_out.shape: torch.Size([128, 512])
net_out.shape: torch.Size([128, 512])
net_out.shape: torch.Size([128, 512])
net_out.shape: torch.Size([128, 512])
net_out.shape: torch.Size([128, 512])
Training: 2025-03-26 22:00:43,228-[val][4000]XNorm: 20.88849639892578
Training: 2025-03-26 22:00:43,228-[val][4000]val: nan
Training: 2025-03-26 22:00:43,228-[val][4000]val_std: nan
Training: 2025-03-26 22:00:43,228-[val][4000]far: 0.0011244434863328934
Training: 2025-03-26 22:00:43,228-[val][4000]Accuracy: 1.0±0.0
Training: 2025-03-26 22:00:59,135-Speed 14.78 samples/sec   Loss 0.2647   LearningRate 0.000986   Epoch: 2   Global Step: 4010   Fp16 Grad Scale: 262144   Required: 135 hours
Training: 2025-03-26 22:01:15,185-Speed 79.75 samples/sec   Loss 0.2922   LearningRate 0.000986   Epoch: 2   Global Step: 4020   Fp16 Grad Scale: 262144   Required: 135 hours
Training: 2025-03-26 22:01:31,233-Speed 79.76 samples/sec   Loss 0.3101   LearningRate 0.000986   Epoch: 2   Global Step: 4030   Fp16 Grad Scale: 262144   Required: 135 hours
Training: 2025-03-26 22:01:48,175-Speed 75.55 samples/sec   Loss 0.3622   LearningRate 0.000986   Epoch: 2   Global Step: 4040   Fp16 Grad Scale: 262144   Required: 135 hours
Training: 2025-03-26 22:02:05,147-Speed 75.42 samples/sec   Loss 0.2081   LearningRate 0.000986   Epoch: 2   Global Step: 4050   Fp16 Grad Scale: 262144   Required: 135 hours
Training: 2025-03-26 22:02:21,357-Speed 78.97 samples/sec   Loss 0.3117   LearningRate 0.000986   Epoch: 2   Global Step: 4060   Fp16 Grad Scale: 262144   Required: 135 hours
Training: 2025-03-26 22:02:37,422-Speed 79.68 samples/sec   Loss 0.3700   LearningRate 0.000986   Epoch: 2   Global Step: 4070   Fp16 Grad Scale: 262144   Required: 135 hours
Training: 2025-03-26 22:02:53,503-Speed 79.60 samples/sec   Loss 0.3136   LearningRate 0.000986   Epoch: 2   Global Step: 4080   Fp16 Grad Scale: 262144   Required: 135 hours
Training: 2025-03-26 22:03:09,562-Speed 79.71 samples/sec   Loss 0.2183   LearningRate 0.000986   Epoch: 2   Global Step: 4090   Fp16 Grad Scale: 262144   Required: 135 hours
Training: 2025-03-26 22:03:25,647-Speed 79.58 samples/sec   Loss 0.4468   LearningRate 0.000986   Epoch: 2   Global Step: 4100   Fp16 Grad Scale: 262144   Required: 135 hours
Training: 2025-03-26 22:03:41,689-Speed 79.80 samples/sec   Loss 0.3636   LearningRate 0.000986   Epoch: 2   Global Step: 4110   Fp16 Grad Scale: 262144   Required: 135 hours
Training: 2025-03-26 22:03:57,749-Speed 79.70 samples/sec   Loss 0.3140   LearningRate 0.000986   Epoch: 2   Global Step: 4120   Fp16 Grad Scale: 262144   Required: 135 hours
Training: 2025-03-26 22:04:13,819-Speed 79.65 samples/sec   Loss 0.3975   LearningRate 0.000986   Epoch: 2   Global Step: 4130   Fp16 Grad Scale: 262144   Required: 135 hours
Training: 2025-03-26 22:04:29,879-Speed 79.70 samples/sec   Loss 0.3342   LearningRate 0.000985   Epoch: 2   Global Step: 4140   Fp16 Grad Scale: 524288   Required: 135 hours
Training: 2025-03-26 22:04:45,909-Speed 79.86 samples/sec   Loss 0.4333   LearningRate 0.000985   Epoch: 2   Global Step: 4150   Fp16 Grad Scale: 262144   Required: 135 hours
Training: 2025-03-26 22:05:01,953-Speed 79.78 samples/sec   Loss 0.2680   LearningRate 0.000985   Epoch: 2   Global Step: 4160   Fp16 Grad Scale: 262144   Required: 135 hours
Training: 2025-03-26 22:05:18,001-Speed 79.76 samples/sec   Loss 0.2426   LearningRate 0.000985   Epoch: 2   Global Step: 4170   Fp16 Grad Scale: 262144   Required: 135 hours
Training: 2025-03-26 22:05:33,995-Speed 80.03 samples/sec   Loss 0.4787   LearningRate 0.000985   Epoch: 2   Global Step: 4180   Fp16 Grad Scale: 262144   Required: 135 hours
Training: 2025-03-26 22:05:50,042-Speed 79.77 samples/sec   Loss 0.2905   LearningRate 0.000985   Epoch: 2   Global Step: 4190   Fp16 Grad Scale: 262144   Required: 135 hours
Training: 2025-03-26 22:06:06,098-Speed 79.72 samples/sec   Loss 0.3248   LearningRate 0.000985   Epoch: 2   Global Step: 4200   Fp16 Grad Scale: 262144   Required: 135 hours
Training: 2025-03-26 22:06:22,326-Speed 78.88 samples/sec   Loss 0.4293   LearningRate 0.000985   Epoch: 2   Global Step: 4210   Fp16 Grad Scale: 262144   Required: 135 hours
Training: 2025-03-26 22:06:38,425-Speed 79.51 samples/sec   Loss 0.2160   LearningRate 0.000985   Epoch: 2   Global Step: 4220   Fp16 Grad Scale: 262144   Required: 135 hours
Training: 2025-03-26 22:06:56,183-Speed 72.08 samples/sec   Loss 0.3506   LearningRate 0.000985   Epoch: 2   Global Step: 4230   Fp16 Grad Scale: 262144   Required: 135 hours
Training: 2025-03-26 22:07:12,239-Speed 79.72 samples/sec   Loss 0.2228   LearningRate 0.000985   Epoch: 2   Global Step: 4240   Fp16 Grad Scale: 262144   Required: 135 hours
Training: 2025-03-26 22:07:28,303-Speed 79.69 samples/sec   Loss 0.3463   LearningRate 0.000985   Epoch: 2   Global Step: 4250   Fp16 Grad Scale: 524288   Required: 134 hours
Training: 2025-03-26 22:07:44,359-Speed 79.72 samples/sec   Loss 0.2317   LearningRate 0.000985   Epoch: 2   Global Step: 4260   Fp16 Grad Scale: 524288   Required: 134 hours
Training: 2025-03-26 22:08:00,152-Speed 81.05 samples/sec   Loss 0.3041   LearningRate 0.000985   Epoch: 2   Global Step: 4270   Fp16 Grad Scale: 524288   Required: 134 hours
Training: 2025-03-26 22:08:18,332-Speed 70.41 samples/sec   Loss 0.2669   LearningRate 0.000985   Epoch: 3   Global Step: 4280   Fp16 Grad Scale: 524288   Required: 134 hours
Training: 2025-03-26 22:08:34,424-Speed 79.54 samples/sec   Loss 0.2596   LearningRate 0.000985   Epoch: 3   Global Step: 4290   Fp16 Grad Scale: 524288   Required: 134 hours
Training: 2025-03-26 22:08:50,605-Speed 79.11 samples/sec   Loss 0.1173   LearningRate 0.000985   Epoch: 3   Global Step: 4300   Fp16 Grad Scale: 524288   Required: 134 hours
Training: 2025-03-26 22:09:06,667-Speed 79.69 samples/sec   Loss 0.1693   LearningRate 0.000985   Epoch: 3   Global Step: 4310   Fp16 Grad Scale: 524288   Required: 134 hours
Training: 2025-03-26 22:09:22,678-Speed 79.95 samples/sec   Loss 0.2441   LearningRate 0.000985   Epoch: 3   Global Step: 4320   Fp16 Grad Scale: 524288   Required: 134 hours
Training: 2025-03-26 22:09:38,737-Speed 79.71 samples/sec   Loss 0.1804   LearningRate 0.000985   Epoch: 3   Global Step: 4330   Fp16 Grad Scale: 524288   Required: 134 hours
Training: 2025-03-26 22:09:54,773-Speed 79.82 samples/sec   Loss 0.3081   LearningRate 0.000985   Epoch: 3   Global Step: 4340   Fp16 Grad Scale: 524288   Required: 134 hours
Training: 2025-03-26 22:10:10,871-Speed 79.51 samples/sec   Loss 0.1490   LearningRate 0.000985   Epoch: 3   Global Step: 4350   Fp16 Grad Scale: 1048576   Required: 134 hours
Training: 2025-03-26 22:10:26,911-Speed 79.81 samples/sec   Loss 0.1752   LearningRate 0.000985   Epoch: 3   Global Step: 4360   Fp16 Grad Scale: 524288   Required: 134 hours
Training: 2025-03-26 22:10:43,105-Speed 79.04 samples/sec   Loss 0.1608   LearningRate 0.000985   Epoch: 3   Global Step: 4370   Fp16 Grad Scale: 524288   Required: 134 hours
Training: 2025-03-26 22:10:59,135-Speed 79.86 samples/sec   Loss 0.3123   LearningRate 0.000985   Epoch: 3   Global Step: 4380   Fp16 Grad Scale: 524288   Required: 134 hours
Training: 2025-03-26 22:11:15,168-Speed 79.84 samples/sec   Loss 0.1192   LearningRate 0.000985   Epoch: 3   Global Step: 4390   Fp16 Grad Scale: 524288   Required: 134 hours
Training: 2025-03-26 22:11:31,203-Speed 79.83 samples/sec   Loss 0.1584   LearningRate 0.000985   Epoch: 3   Global Step: 4400   Fp16 Grad Scale: 262144   Required: 134 hours
Training: 2025-03-26 22:11:47,214-Speed 79.95 samples/sec   Loss 0.2056   LearningRate 0.000985   Epoch: 3   Global Step: 4410   Fp16 Grad Scale: 262144   Required: 134 hours
Training: 2025-03-26 22:12:05,000-Speed 71.97 samples/sec   Loss 0.2232   LearningRate 0.000985   Epoch: 3   Global Step: 4420   Fp16 Grad Scale: 262144   Required: 134 hours
Training: 2025-03-26 22:12:21,084-Speed 79.58 samples/sec   Loss 0.1983   LearningRate 0.000984   Epoch: 3   Global Step: 4430   Fp16 Grad Scale: 262144   Required: 134 hours
Training: 2025-03-26 22:12:37,265-Speed 79.11 samples/sec   Loss 0.2016   LearningRate 0.000984   Epoch: 3   Global Step: 4440   Fp16 Grad Scale: 262144   Required: 134 hours
Training: 2025-03-26 22:12:53,335-Speed 79.65 samples/sec   Loss 0.2887   LearningRate 0.000984   Epoch: 3   Global Step: 4450   Fp16 Grad Scale: 262144   Required: 134 hours
Training: 2025-03-26 22:13:09,347-Speed 79.94 samples/sec   Loss 0.2058   LearningRate 0.000984   Epoch: 3   Global Step: 4460   Fp16 Grad Scale: 262144   Required: 134 hours
Training: 2025-03-26 22:13:25,400-Speed 79.74 samples/sec   Loss 0.2276   LearningRate 0.000984   Epoch: 3   Global Step: 4470   Fp16 Grad Scale: 262144   Required: 134 hours
Training: 2025-03-26 22:13:41,427-Speed 79.87 samples/sec   Loss 0.2678   LearningRate 0.000984   Epoch: 3   Global Step: 4480   Fp16 Grad Scale: 262144   Required: 134 hours
Training: 2025-03-26 22:13:57,507-Speed 79.61 samples/sec   Loss 0.2066   LearningRate 0.000984   Epoch: 3   Global Step: 4490   Fp16 Grad Scale: 262144   Required: 134 hours
Training: 2025-03-26 22:14:13,497-Speed 80.05 samples/sec   Loss 0.2079   LearningRate 0.000984   Epoch: 3   Global Step: 4500   Fp16 Grad Scale: 524288   Required: 134 hours
Training: 2025-03-26 22:14:29,569-Speed 79.64 samples/sec   Loss 0.2012   LearningRate 0.000984   Epoch: 3   Global Step: 4510   Fp16 Grad Scale: 524288   Required: 134 hours
Training: 2025-03-26 22:14:45,730-Speed 79.21 samples/sec   Loss 0.2601   LearningRate 0.000984   Epoch: 3   Global Step: 4520   Fp16 Grad Scale: 524288   Required: 134 hours
Training: 2025-03-26 22:15:01,801-Speed 79.65 samples/sec   Loss 0.1865   LearningRate 0.000984   Epoch: 3   Global Step: 4530   Fp16 Grad Scale: 524288   Required: 134 hours
Training: 2025-03-26 22:15:17,864-Speed 79.69 samples/sec   Loss 0.3079   LearningRate 0.000984   Epoch: 3   Global Step: 4540   Fp16 Grad Scale: 524288   Required: 134 hours
Training: 2025-03-26 22:15:33,871-Speed 79.97 samples/sec   Loss 0.2311   LearningRate 0.000984   Epoch: 3   Global Step: 4550   Fp16 Grad Scale: 262144   Required: 134 hours
Training: 2025-03-26 22:15:49,901-Speed 79.85 samples/sec   Loss 0.1336   LearningRate 0.000984   Epoch: 3   Global Step: 4560   Fp16 Grad Scale: 262144   Required: 134 hours
Training: 2025-03-26 22:16:05,919-Speed 79.91 samples/sec   Loss 0.2217   LearningRate 0.000984   Epoch: 3   Global Step: 4570   Fp16 Grad Scale: 262144   Required: 134 hours
Training: 2025-03-26 22:16:21,999-Speed 79.60 samples/sec   Loss 0.1393   LearningRate 0.000984   Epoch: 3   Global Step: 4580   Fp16 Grad Scale: 262144   Required: 134 hours
Training: 2025-03-26 22:16:38,043-Speed 79.78 samples/sec   Loss 0.2011   LearningRate 0.000984   Epoch: 3   Global Step: 4590   Fp16 Grad Scale: 262144   Required: 134 hours
Training: 2025-03-26 22:16:54,093-Speed 79.75 samples/sec   Loss 0.1507   LearningRate 0.000984   Epoch: 3   Global Step: 4600   Fp16 Grad Scale: 262144   Required: 134 hours
Training: 2025-03-26 22:17:11,935-Speed 71.74 samples/sec   Loss 0.1842   LearningRate 0.000984   Epoch: 3   Global Step: 4610   Fp16 Grad Scale: 262144   Required: 134 hours
Training: 2025-03-26 22:17:28,077-Speed 79.30 samples/sec   Loss 0.1619   LearningRate 0.000984   Epoch: 3   Global Step: 4620   Fp16 Grad Scale: 262144   Required: 134 hours
Training: 2025-03-26 22:17:44,076-Speed 80.00 samples/sec   Loss 0.1495   LearningRate 0.000984   Epoch: 3   Global Step: 4630   Fp16 Grad Scale: 262144   Required: 134 hours
Training: 2025-03-26 22:18:00,166-Speed 79.56 samples/sec   Loss 0.2335   LearningRate 0.000984   Epoch: 3   Global Step: 4640   Fp16 Grad Scale: 262144   Required: 134 hours
Training: 2025-03-26 22:18:16,248-Speed 79.59 samples/sec   Loss 0.1661   LearningRate 0.000984   Epoch: 3   Global Step: 4650   Fp16 Grad Scale: 524288   Required: 134 hours
Training: 2025-03-26 22:18:32,313-Speed 79.68 samples/sec   Loss 0.2232   LearningRate 0.000984   Epoch: 3   Global Step: 4660   Fp16 Grad Scale: 524288   Required: 134 hours
Training: 2025-03-26 22:18:48,343-Speed 79.85 samples/sec   Loss 0.1857   LearningRate 0.000984   Epoch: 3   Global Step: 4670   Fp16 Grad Scale: 524288   Required: 134 hours
Training: 2025-03-26 22:19:04,519-Speed 79.13 samples/sec   Loss 0.1609   LearningRate 0.000984   Epoch: 3   Global Step: 4680   Fp16 Grad Scale: 524288   Required: 134 hours
Training: 2025-03-26 22:19:20,556-Speed 79.82 samples/sec   Loss 0.1799   LearningRate 0.000984   Epoch: 3   Global Step: 4690   Fp16 Grad Scale: 131072   Required: 134 hours
Training: 2025-03-26 22:19:36,560-Speed 79.98 samples/sec   Loss 0.2018   LearningRate 0.000984   Epoch: 3   Global Step: 4700   Fp16 Grad Scale: 131072   Required: 133 hours
Training: 2025-03-26 22:19:52,607-Speed 79.77 samples/sec   Loss 0.1274   LearningRate 0.000983   Epoch: 3   Global Step: 4710   Fp16 Grad Scale: 131072   Required: 133 hours
Training: 2025-03-26 22:20:08,646-Speed 79.81 samples/sec   Loss 0.2787   LearningRate 0.000983   Epoch: 3   Global Step: 4720   Fp16 Grad Scale: 131072   Required: 133 hours
Training: 2025-03-26 22:20:24,719-Speed 79.64 samples/sec   Loss 0.2146   LearningRate 0.000983   Epoch: 3   Global Step: 4730   Fp16 Grad Scale: 65536   Required: 133 hours
Training: 2025-03-26 22:20:40,725-Speed 79.97 samples/sec   Loss 0.2782   LearningRate 0.000983   Epoch: 3   Global Step: 4740   Fp16 Grad Scale: 65536   Required: 133 hours
Training: 2025-03-26 22:20:56,808-Speed 79.59 samples/sec   Loss 0.2019   LearningRate 0.000983   Epoch: 3   Global Step: 4750   Fp16 Grad Scale: 65536   Required: 133 hours
Training: 2025-03-26 22:21:12,844-Speed 79.82 samples/sec   Loss 0.2090   LearningRate 0.000983   Epoch: 3   Global Step: 4760   Fp16 Grad Scale: 65536   Required: 133 hours
Training: 2025-03-26 22:21:28,871-Speed 79.87 samples/sec   Loss 0.2034   LearningRate 0.000983   Epoch: 3   Global Step: 4770   Fp16 Grad Scale: 65536   Required: 133 hours
Training: 2025-03-26 22:21:44,874-Speed 79.99 samples/sec   Loss 0.1809   LearningRate 0.000983   Epoch: 3   Global Step: 4780   Fp16 Grad Scale: 65536   Required: 133 hours
Training: 2025-03-26 22:22:00,904-Speed 79.86 samples/sec   Loss 0.2001   LearningRate 0.000983   Epoch: 3   Global Step: 4790   Fp16 Grad Scale: 65536   Required: 133 hours
Training: 2025-03-26 22:22:18,635-Speed 72.19 samples/sec   Loss 0.2216   LearningRate 0.000983   Epoch: 3   Global Step: 4800   Fp16 Grad Scale: 65536   Required: 133 hours
Training: 2025-03-26 22:22:34,707-Speed 79.64 samples/sec   Loss 0.1863   LearningRate 0.000983   Epoch: 3   Global Step: 4810   Fp16 Grad Scale: 65536   Required: 133 hours
Training: 2025-03-26 22:22:50,808-Speed 79.50 samples/sec   Loss 0.3733   LearningRate 0.000983   Epoch: 3   Global Step: 4820   Fp16 Grad Scale: 65536   Required: 133 hours
Training: 2025-03-26 22:23:07,031-Speed 78.90 samples/sec   Loss 0.1448   LearningRate 0.000983   Epoch: 3   Global Step: 4830   Fp16 Grad Scale: 131072   Required: 133 hours
Training: 2025-03-26 22:23:23,042-Speed 79.95 samples/sec   Loss 0.2129   LearningRate 0.000983   Epoch: 3   Global Step: 4840   Fp16 Grad Scale: 131072   Required: 133 hours
Training: 2025-03-26 22:23:39,097-Speed 79.73 samples/sec   Loss 0.2129   LearningRate 0.000983   Epoch: 3   Global Step: 4850   Fp16 Grad Scale: 131072   Required: 133 hours
Training: 2025-03-26 22:23:55,104-Speed 79.96 samples/sec   Loss 0.1860   LearningRate 0.000983   Epoch: 3   Global Step: 4860   Fp16 Grad Scale: 131072   Required: 133 hours
Training: 2025-03-26 22:24:11,107-Speed 79.99 samples/sec   Loss 0.1818   LearningRate 0.000983   Epoch: 3   Global Step: 4870   Fp16 Grad Scale: 131072   Required: 133 hours
Training: 2025-03-26 22:24:27,143-Speed 79.82 samples/sec   Loss 0.1150   LearningRate 0.000983   Epoch: 3   Global Step: 4880   Fp16 Grad Scale: 131072   Required: 133 hours
Training: 2025-03-26 22:24:43,170-Speed 79.87 samples/sec   Loss 0.2612   LearningRate 0.000983   Epoch: 3   Global Step: 4890   Fp16 Grad Scale: 131072   Required: 133 hours
Training: 2025-03-26 22:24:59,251-Speed 79.60 samples/sec   Loss 0.1988   LearningRate 0.000983   Epoch: 3   Global Step: 4900   Fp16 Grad Scale: 131072   Required: 133 hours
Training: 2025-03-26 22:25:15,347-Speed 79.53 samples/sec   Loss 0.2147   LearningRate 0.000983   Epoch: 3   Global Step: 4910   Fp16 Grad Scale: 131072   Required: 133 hours
Training: 2025-03-26 22:25:31,414-Speed 79.67 samples/sec   Loss 0.2576   LearningRate 0.000983   Epoch: 3   Global Step: 4920   Fp16 Grad Scale: 131072   Required: 133 hours
Training: 2025-03-26 22:25:47,439-Speed 79.88 samples/sec   Loss 0.2649   LearningRate 0.000983   Epoch: 3   Global Step: 4930   Fp16 Grad Scale: 262144   Required: 133 hours
Training: 2025-03-26 22:26:03,483-Speed 79.79 samples/sec   Loss 0.1521   LearningRate 0.000983   Epoch: 3   Global Step: 4940   Fp16 Grad Scale: 262144   Required: 133 hours
Training: 2025-03-26 22:26:19,521-Speed 79.81 samples/sec   Loss 0.2634   LearningRate 0.000983   Epoch: 3   Global Step: 4950   Fp16 Grad Scale: 262144   Required: 133 hours
Training: 2025-03-26 22:26:35,551-Speed 79.85 samples/sec   Loss 0.2011   LearningRate 0.000983   Epoch: 3   Global Step: 4960   Fp16 Grad Scale: 262144   Required: 133 hours
Training: 2025-03-26 22:26:51,990-Speed 79.85 samples/sec   Loss 0.1904   LearningRate 0.000983   Epoch: 3   Global Step: 4970   Fp16 Grad Scale: 262144   Required: 133 hours
Training: 2025-03-26 22:27:09,850-Speed 71.67 samples/sec   Loss 0.1922   LearningRate 0.000983   Epoch: 3   Global Step: 4980   Fp16 Grad Scale: 262144   Required: 133 hours
Training: 2025-03-26 22:27:26,046-Speed 79.03 samples/sec   Loss 0.1750   LearningRate 0.000983   Epoch: 3   Global Step: 4990   Fp16 Grad Scale: 262144   Required: 133 hours
Training: 2025-03-26 22:27:42,062-Speed 79.93 samples/sec   Loss 0.2014   LearningRate 0.000982   Epoch: 3   Global Step: 5000   Fp16 Grad Scale: 262144   Required: 133 hours
Training: 2025-03-26 22:27:58,218-Speed 79.23 samples/sec   Loss 0.1103   LearningRate 0.000982   Epoch: 3   Global Step: 5010   Fp16 Grad Scale: 262144   Required: 133 hours
Training: 2025-03-26 22:28:14,267-Speed 79.76 samples/sec   Loss 0.1875   LearningRate 0.000982   Epoch: 3   Global Step: 5020   Fp16 Grad Scale: 262144   Required: 133 hours
Training: 2025-03-26 22:28:30,251-Speed 80.08 samples/sec   Loss 0.1443   LearningRate 0.000982   Epoch: 3   Global Step: 5030   Fp16 Grad Scale: 262144   Required: 133 hours
Training: 2025-03-26 22:28:46,314-Speed 79.69 samples/sec   Loss 0.3491   LearningRate 0.000982   Epoch: 3   Global Step: 5040   Fp16 Grad Scale: 262144   Required: 133 hours
Training: 2025-03-26 22:29:02,373-Speed 79.71 samples/sec   Loss 0.2080   LearningRate 0.000982   Epoch: 3   Global Step: 5050   Fp16 Grad Scale: 262144   Required: 133 hours
Training: 2025-03-26 22:29:18,430-Speed 79.72 samples/sec   Loss 0.1637   LearningRate 0.000982   Epoch: 3   Global Step: 5060   Fp16 Grad Scale: 262144   Required: 133 hours
Training: 2025-03-26 22:29:34,477-Speed 79.77 samples/sec   Loss 0.2298   LearningRate 0.000982   Epoch: 3   Global Step: 5070   Fp16 Grad Scale: 262144   Required: 133 hours
Training: 2025-03-26 22:29:50,577-Speed 79.50 samples/sec   Loss 0.1943   LearningRate 0.000982   Epoch: 3   Global Step: 5080   Fp16 Grad Scale: 262144   Required: 133 hours
Training: 2025-03-26 22:30:06,599-Speed 79.89 samples/sec   Loss 0.1942   LearningRate 0.000982   Epoch: 3   Global Step: 5090   Fp16 Grad Scale: 262144   Required: 133 hours
Training: 2025-03-26 22:30:22,599-Speed 80.01 samples/sec   Loss 0.1696   LearningRate 0.000982   Epoch: 3   Global Step: 5100   Fp16 Grad Scale: 262144   Required: 133 hours
Training: 2025-03-26 22:30:38,699-Speed 79.50 samples/sec   Loss 0.2130   LearningRate 0.000982   Epoch: 3   Global Step: 5110   Fp16 Grad Scale: 262144   Required: 133 hours
Training: 2025-03-26 22:30:54,739-Speed 79.81 samples/sec   Loss 0.1581   LearningRate 0.000982   Epoch: 3   Global Step: 5120   Fp16 Grad Scale: 262144   Required: 133 hours
Training: 2025-03-26 22:31:10,782-Speed 79.79 samples/sec   Loss 0.2822   LearningRate 0.000982   Epoch: 3   Global Step: 5130   Fp16 Grad Scale: 524288   Required: 133 hours
Training: 2025-03-26 22:31:26,967-Speed 79.09 samples/sec   Loss 0.1902   LearningRate 0.000982   Epoch: 3   Global Step: 5140   Fp16 Grad Scale: 524288   Required: 133 hours
Training: 2025-03-26 22:31:43,052-Speed 79.58 samples/sec   Loss 0.2265   LearningRate 0.000982   Epoch: 3   Global Step: 5150   Fp16 Grad Scale: 262144   Required: 133 hours
Training: 2025-03-26 22:31:59,081-Speed 79.85 samples/sec   Loss 0.1632   LearningRate 0.000982   Epoch: 3   Global Step: 5160   Fp16 Grad Scale: 262144   Required: 133 hours
Training: 2025-03-26 22:32:16,849-Speed 72.05 samples/sec   Loss 0.1712   LearningRate 0.000982   Epoch: 3   Global Step: 5170   Fp16 Grad Scale: 262144   Required: 133 hours
Training: 2025-03-26 22:32:32,900-Speed 79.75 samples/sec   Loss 0.1848   LearningRate 0.000982   Epoch: 3   Global Step: 5180   Fp16 Grad Scale: 262144   Required: 133 hours
Training: 2025-03-26 22:32:48,982-Speed 79.60 samples/sec   Loss 0.2352   LearningRate 0.000982   Epoch: 3   Global Step: 5190   Fp16 Grad Scale: 262144   Required: 133 hours
Training: 2025-03-26 22:33:05,046-Speed 79.68 samples/sec   Loss 0.2129   LearningRate 0.000982   Epoch: 3   Global Step: 5200   Fp16 Grad Scale: 262144   Required: 133 hours
Training: 2025-03-26 22:33:21,069-Speed 79.89 samples/sec   Loss 0.2079   LearningRate 0.000982   Epoch: 3   Global Step: 5210   Fp16 Grad Scale: 262144   Required: 133 hours
Training: 2025-03-26 22:33:37,141-Speed 79.64 samples/sec   Loss 0.2051   LearningRate 0.000982   Epoch: 3   Global Step: 5220   Fp16 Grad Scale: 262144   Required: 132 hours
Training: 2025-03-26 22:33:53,203-Speed 79.70 samples/sec   Loss 0.2777   LearningRate 0.000982   Epoch: 3   Global Step: 5230   Fp16 Grad Scale: 262144   Required: 132 hours
Training: 2025-03-26 22:34:09,324-Speed 79.40 samples/sec   Loss 0.1150   LearningRate 0.000982   Epoch: 3   Global Step: 5240   Fp16 Grad Scale: 262144   Required: 132 hours
Training: 2025-03-26 22:34:25,354-Speed 79.85 samples/sec   Loss 0.1812   LearningRate 0.000982   Epoch: 3   Global Step: 5250   Fp16 Grad Scale: 524288   Required: 132 hours
Training: 2025-03-26 22:34:41,373-Speed 79.91 samples/sec   Loss 0.2674   LearningRate 0.000982   Epoch: 3   Global Step: 5260   Fp16 Grad Scale: 262144   Required: 132 hours
Training: 2025-03-26 22:34:57,408-Speed 79.82 samples/sec   Loss 0.2313   LearningRate 0.000982   Epoch: 3   Global Step: 5270   Fp16 Grad Scale: 131072   Required: 132 hours
Training: 2025-03-26 22:35:13,508-Speed 79.51 samples/sec   Loss 0.2406   LearningRate 0.000981   Epoch: 3   Global Step: 5280   Fp16 Grad Scale: 131072   Required: 132 hours
Training: 2025-03-26 22:35:29,591-Speed 79.59 samples/sec   Loss 0.2153   LearningRate 0.000981   Epoch: 3   Global Step: 5290   Fp16 Grad Scale: 131072   Required: 132 hours
Training: 2025-03-26 22:35:45,784-Speed 79.05 samples/sec   Loss 0.2805   LearningRate 0.000981   Epoch: 3   Global Step: 5300   Fp16 Grad Scale: 131072   Required: 132 hours
Training: 2025-03-26 22:36:01,850-Speed 79.67 samples/sec   Loss 0.1910   LearningRate 0.000981   Epoch: 3   Global Step: 5310   Fp16 Grad Scale: 131072   Required: 132 hours
Training: 2025-03-26 22:36:17,904-Speed 79.73 samples/sec   Loss 0.2001   LearningRate 0.000981   Epoch: 3   Global Step: 5320   Fp16 Grad Scale: 131072   Required: 132 hours
Training: 2025-03-26 22:36:33,918-Speed 79.93 samples/sec   Loss 0.2884   LearningRate 0.000981   Epoch: 3   Global Step: 5330   Fp16 Grad Scale: 131072   Required: 132 hours
Training: 2025-03-26 22:36:50,003-Speed 79.58 samples/sec   Loss 0.2804   LearningRate 0.000981   Epoch: 3   Global Step: 5340   Fp16 Grad Scale: 131072   Required: 132 hours
Training: 2025-03-26 22:37:06,083-Speed 79.60 samples/sec   Loss 0.2032   LearningRate 0.000981   Epoch: 3   Global Step: 5350   Fp16 Grad Scale: 131072   Required: 132 hours
Training: 2025-03-26 22:37:23,921-Speed 71.76 samples/sec   Loss 0.2824   LearningRate 0.000981   Epoch: 3   Global Step: 5360   Fp16 Grad Scale: 131072   Required: 132 hours
Training: 2025-03-26 22:37:39,966-Speed 79.78 samples/sec   Loss 0.2941   LearningRate 0.000981   Epoch: 3   Global Step: 5370   Fp16 Grad Scale: 262144   Required: 132 hours
Training: 2025-03-26 22:37:55,986-Speed 79.90 samples/sec   Loss 0.2310   LearningRate 0.000981   Epoch: 3   Global Step: 5380   Fp16 Grad Scale: 262144   Required: 132 hours
Training: 2025-03-26 22:38:12,073-Speed 79.57 samples/sec   Loss 0.2643   LearningRate 0.000981   Epoch: 3   Global Step: 5390   Fp16 Grad Scale: 262144   Required: 132 hours
Training: 2025-03-26 22:38:28,128-Speed 79.73 samples/sec   Loss 0.2263   LearningRate 0.000981   Epoch: 3   Global Step: 5400   Fp16 Grad Scale: 262144   Required: 132 hours
Training: 2025-03-26 22:38:44,096-Speed 80.16 samples/sec   Loss 0.2081   LearningRate 0.000981   Epoch: 3   Global Step: 5410   Fp16 Grad Scale: 262144   Required: 132 hours
Training: 2025-03-26 22:39:00,164-Speed 79.67 samples/sec   Loss 0.4619   LearningRate 0.000981   Epoch: 3   Global Step: 5420   Fp16 Grad Scale: 262144   Required: 132 hours
Training: 2025-03-26 22:39:16,207-Speed 79.79 samples/sec   Loss 0.2820   LearningRate 0.000981   Epoch: 3   Global Step: 5430   Fp16 Grad Scale: 262144   Required: 132 hours
Training: 2025-03-26 22:39:32,242-Speed 79.83 samples/sec   Loss 0.2262   LearningRate 0.000981   Epoch: 3   Global Step: 5440   Fp16 Grad Scale: 262144   Required: 132 hours
Training: 2025-03-26 22:39:48,304-Speed 79.70 samples/sec   Loss 0.1816   LearningRate 0.000981   Epoch: 3   Global Step: 5450   Fp16 Grad Scale: 262144   Required: 132 hours
Training: 2025-03-26 22:40:04,539-Speed 78.84 samples/sec   Loss 0.2610   LearningRate 0.000981   Epoch: 3   Global Step: 5460   Fp16 Grad Scale: 262144   Required: 132 hours
Training: 2025-03-26 22:40:20,600-Speed 79.70 samples/sec   Loss 0.2596   LearningRate 0.000981   Epoch: 3   Global Step: 5470   Fp16 Grad Scale: 524288   Required: 132 hours
Training: 2025-03-26 22:40:36,659-Speed 79.71 samples/sec   Loss 0.1784   LearningRate 0.000981   Epoch: 3   Global Step: 5480   Fp16 Grad Scale: 524288   Required: 132 hours
Training: 2025-03-26 22:40:52,762-Speed 79.49 samples/sec   Loss 0.2108   LearningRate 0.000981   Epoch: 3   Global Step: 5490   Fp16 Grad Scale: 524288   Required: 132 hours
Training: 2025-03-26 22:41:08,810-Speed 79.76 samples/sec   Loss 0.2038   LearningRate 0.000981   Epoch: 3   Global Step: 5500   Fp16 Grad Scale: 524288   Required: 132 hours
Training: 2025-03-26 22:41:24,850-Speed 79.80 samples/sec   Loss 0.2788   LearningRate 0.000981   Epoch: 3   Global Step: 5510   Fp16 Grad Scale: 524288   Required: 132 hours
Training: 2025-03-26 22:41:40,911-Speed 79.70 samples/sec   Loss 0.1423   LearningRate 0.000981   Epoch: 3   Global Step: 5520   Fp16 Grad Scale: 524288   Required: 132 hours
Training: 2025-03-26 22:41:57,000-Speed 79.56 samples/sec   Loss 0.1908   LearningRate 0.000981   Epoch: 3   Global Step: 5530   Fp16 Grad Scale: 524288   Required: 132 hours
Training: 2025-03-26 22:42:13,097-Speed 79.52 samples/sec   Loss 0.2109   LearningRate 0.000981   Epoch: 3   Global Step: 5540   Fp16 Grad Scale: 524288   Required: 132 hours
Training: 2025-03-26 22:42:30,874-Speed 72.00 samples/sec   Loss 0.2216   LearningRate 0.000981   Epoch: 3   Global Step: 5550   Fp16 Grad Scale: 524288   Required: 132 hours
Training: 2025-03-26 22:42:46,939-Speed 79.68 samples/sec   Loss 0.3337   LearningRate 0.000981   Epoch: 3   Global Step: 5560   Fp16 Grad Scale: 524288   Required: 132 hours
Training: 2025-03-26 22:43:02,961-Speed 79.95 samples/sec   Loss 0.2113   LearningRate 0.000980   Epoch: 3   Global Step: 5570   Fp16 Grad Scale: 524288   Required: 132 hours
Training: 2025-03-26 22:43:19,045-Speed 79.66 samples/sec   Loss 0.2181   LearningRate 0.000980   Epoch: 3   Global Step: 5580   Fp16 Grad Scale: 524288   Required: 132 hours
Training: 2025-03-26 22:43:35,116-Speed 79.65 samples/sec   Loss 0.2212   LearningRate 0.000980   Epoch: 3   Global Step: 5590   Fp16 Grad Scale: 524288   Required: 132 hours
Training: 2025-03-26 22:43:51,168-Speed 79.74 samples/sec   Loss 0.2601   LearningRate 0.000980   Epoch: 3   Global Step: 5600   Fp16 Grad Scale: 262144   Required: 132 hours
Training: 2025-03-26 22:44:07,335-Speed 79.18 samples/sec   Loss 0.2781   LearningRate 0.000980   Epoch: 3   Global Step: 5610   Fp16 Grad Scale: 262144   Required: 132 hours
Training: 2025-03-26 22:44:23,419-Speed 79.59 samples/sec   Loss 0.2971   LearningRate 0.000980   Epoch: 3   Global Step: 5620   Fp16 Grad Scale: 262144   Required: 132 hours
Training: 2025-03-26 22:44:39,418-Speed 80.01 samples/sec   Loss 0.1695   LearningRate 0.000980   Epoch: 3   Global Step: 5630   Fp16 Grad Scale: 262144   Required: 132 hours
Training: 2025-03-26 22:44:55,524-Speed 79.48 samples/sec   Loss 0.2717   LearningRate 0.000980   Epoch: 3   Global Step: 5640   Fp16 Grad Scale: 262144   Required: 132 hours
Training: 2025-03-26 22:45:11,566-Speed 79.79 samples/sec   Loss 0.2312   LearningRate 0.000980   Epoch: 3   Global Step: 5650   Fp16 Grad Scale: 262144   Required: 132 hours
Training: 2025-03-26 22:45:27,609-Speed 79.79 samples/sec   Loss 0.1764   LearningRate 0.000980   Epoch: 3   Global Step: 5660   Fp16 Grad Scale: 262144   Required: 132 hours
Training: 2025-03-26 22:45:43,613-Speed 79.98 samples/sec   Loss 0.3717   LearningRate 0.000980   Epoch: 3   Global Step: 5670   Fp16 Grad Scale: 262144   Required: 132 hours
Training: 2025-03-26 22:45:59,748-Speed 79.33 samples/sec   Loss 0.2061   LearningRate 0.000980   Epoch: 3   Global Step: 5680   Fp16 Grad Scale: 262144   Required: 132 hours
Training: 2025-03-26 22:46:15,802-Speed 79.74 samples/sec   Loss 0.1910   LearningRate 0.000980   Epoch: 3   Global Step: 5690   Fp16 Grad Scale: 262144   Required: 132 hours
Training: 2025-03-26 22:46:31,098-Speed 83.68 samples/sec   Loss 0.2080   LearningRate 0.000980   Epoch: 3   Global Step: 5700   Fp16 Grad Scale: 524288   Required: 132 hours
Training: 2025-03-26 22:46:50,408-Speed 66.29 samples/sec   Loss 0.2425   LearningRate 0.000980   Epoch: 4   Global Step: 5710   Fp16 Grad Scale: 524288   Required: 132 hours
Training: 2025-03-26 22:47:06,539-Speed 79.35 samples/sec   Loss 0.1158   LearningRate 0.000980   Epoch: 4   Global Step: 5720   Fp16 Grad Scale: 524288   Required: 132 hours
Training: 2025-03-26 22:47:24,287-Speed 72.12 samples/sec   Loss 0.1399   LearningRate 0.000980   Epoch: 4   Global Step: 5730   Fp16 Grad Scale: 524288   Required: 132 hours
Training: 2025-03-26 22:47:40,351-Speed 79.68 samples/sec   Loss 0.1296   LearningRate 0.000980   Epoch: 4   Global Step: 5740   Fp16 Grad Scale: 524288   Required: 132 hours
Training: 2025-03-26 22:47:56,396-Speed 79.78 samples/sec   Loss 0.1664   LearningRate 0.000980   Epoch: 4   Global Step: 5750   Fp16 Grad Scale: 524288   Required: 132 hours
Training: 2025-03-26 22:48:12,394-Speed 80.01 samples/sec   Loss 0.1770   LearningRate 0.000980   Epoch: 4   Global Step: 5760   Fp16 Grad Scale: 524288   Required: 132 hours
Training: 2025-03-26 22:48:28,452-Speed 79.71 samples/sec   Loss 0.1170   LearningRate 0.000980   Epoch: 4   Global Step: 5770   Fp16 Grad Scale: 524288   Required: 132 hours
Training: 2025-03-26 22:48:44,491-Speed 79.81 samples/sec   Loss 0.1173   LearningRate 0.000980   Epoch: 4   Global Step: 5780   Fp16 Grad Scale: 524288   Required: 132 hours
Training: 2025-03-26 22:49:00,578-Speed 79.57 samples/sec   Loss 0.1282   LearningRate 0.000980   Epoch: 4   Global Step: 5790   Fp16 Grad Scale: 524288   Required: 132 hours
Training: 2025-03-26 22:49:16,656-Speed 79.62 samples/sec   Loss 0.1241   LearningRate 0.000980   Epoch: 4   Global Step: 5800   Fp16 Grad Scale: 1048576   Required: 132 hours
Training: 2025-03-26 22:49:32,725-Speed 79.66 samples/sec   Loss 0.1045   LearningRate 0.000980   Epoch: 4   Global Step: 5810   Fp16 Grad Scale: 1048576   Required: 132 hours
Training: 2025-03-26 22:49:48,935-Speed 78.97 samples/sec   Loss 0.1092   LearningRate 0.000980   Epoch: 4   Global Step: 5820   Fp16 Grad Scale: 524288   Required: 132 hours
Training: 2025-03-26 22:50:05,012-Speed 79.62 samples/sec   Loss 0.1371   LearningRate 0.000980   Epoch: 4   Global Step: 5830   Fp16 Grad Scale: 524288   Required: 132 hours
Training: 2025-03-26 22:50:21,043-Speed 79.85 samples/sec   Loss 0.1038   LearningRate 0.000980   Epoch: 4   Global Step: 5840   Fp16 Grad Scale: 524288   Required: 132 hours
Training: 2025-03-26 22:50:37,079-Speed 79.82 samples/sec   Loss 0.1139   LearningRate 0.000979   Epoch: 4   Global Step: 5850   Fp16 Grad Scale: 524288   Required: 131 hours
Training: 2025-03-26 22:50:53,165-Speed 79.57 samples/sec   Loss 0.1016   LearningRate 0.000979   Epoch: 4   Global Step: 5860   Fp16 Grad Scale: 524288   Required: 131 hours
Training: 2025-03-26 22:51:09,189-Speed 79.88 samples/sec   Loss 0.1731   LearningRate 0.000979   Epoch: 4   Global Step: 5870   Fp16 Grad Scale: 524288   Required: 131 hours
Training: 2025-03-26 22:51:25,246-Speed 79.72 samples/sec   Loss 0.1219   LearningRate 0.000979   Epoch: 4   Global Step: 5880   Fp16 Grad Scale: 524288   Required: 131 hours
Training: 2025-03-26 22:51:41,321-Speed 79.63 samples/sec   Loss 0.1486   LearningRate 0.000979   Epoch: 4   Global Step: 5890   Fp16 Grad Scale: 524288   Required: 131 hours
Training: 2025-03-26 22:51:57,393-Speed 79.64 samples/sec   Loss 0.1425   LearningRate 0.000979   Epoch: 4   Global Step: 5900   Fp16 Grad Scale: 524288   Required: 131 hours
Training: 2025-03-26 22:52:13,391-Speed 80.01 samples/sec   Loss 0.2024   LearningRate 0.000979   Epoch: 4   Global Step: 5910   Fp16 Grad Scale: 524288   Required: 131 hours
Training: 2025-03-26 22:52:31,263-Speed 71.62 samples/sec   Loss 0.1068   LearningRate 0.000979   Epoch: 4   Global Step: 5920   Fp16 Grad Scale: 1048576   Required: 131 hours
Training: 2025-03-26 22:52:47,264-Speed 80.00 samples/sec   Loss 0.2405   LearningRate 0.000979   Epoch: 4   Global Step: 5930   Fp16 Grad Scale: 262144   Required: 131 hours
Training: 2025-03-26 22:53:03,288-Speed 79.88 samples/sec   Loss 0.1674   LearningRate 0.000979   Epoch: 4   Global Step: 5940   Fp16 Grad Scale: 262144   Required: 131 hours
Training: 2025-03-26 22:53:19,353-Speed 79.68 samples/sec   Loss 0.1605   LearningRate 0.000979   Epoch: 4   Global Step: 5950   Fp16 Grad Scale: 262144   Required: 131 hours
Training: 2025-03-26 22:53:35,350-Speed 80.02 samples/sec   Loss 0.1354   LearningRate 0.000979   Epoch: 4   Global Step: 5960   Fp16 Grad Scale: 262144   Required: 131 hours
Training: 2025-03-26 22:53:51,399-Speed 79.76 samples/sec   Loss 0.1087   LearningRate 0.000979   Epoch: 4   Global Step: 5970   Fp16 Grad Scale: 262144   Required: 131 hours
Training: 2025-03-26 22:54:07,466-Speed 79.67 samples/sec   Loss 0.0896   LearningRate 0.000979   Epoch: 4   Global Step: 5980   Fp16 Grad Scale: 262144   Required: 131 hours
Training: 2025-03-26 22:54:23,498-Speed 79.85 samples/sec   Loss 0.0809   LearningRate 0.000979   Epoch: 4   Global Step: 5990   Fp16 Grad Scale: 262144   Required: 131 hours
Training: 2025-03-26 22:54:39,520-Speed 79.89 samples/sec   Loss 0.0901   LearningRate 0.000979   Epoch: 4   Global Step: 6000   Fp16 Grad Scale: 262144   Required: 131 hours
net_out.shape: torch.Size([128, 512])
net_out.shape: torch.Size([128, 512])
net_out.shape: torch.Size([128, 512])
net_out.shape: torch.Size([128, 512])
net_out.shape: torch.Size([128, 512])
net_out.shape: torch.Size([128, 512])
net_out.shape: torch.Size([128, 512])
net_out.shape: torch.Size([128, 512])
net_out.shape: torch.Size([128, 512])
net_out.shape: torch.Size([128, 512])
net_out.shape: torch.Size([128, 512])
net_out.shape: torch.Size([128, 512])
net_out.shape: torch.Size([128, 512])
net_out.shape: torch.Size([128, 512])
net_out.shape: torch.Size([128, 512])
net_out.shape: torch.Size([128, 512])
net_out.shape: torch.Size([128, 512])
net_out.shape: torch.Size([128, 512])
net_out.shape: torch.Size([128, 512])
net_out.shape: torch.Size([128, 512])
net_out.shape: torch.Size([128, 512])
net_out.shape: torch.Size([128, 512])
net_out.shape: torch.Size([128, 512])
net_out.shape: torch.Size([128, 512])
net_out.shape: torch.Size([128, 512])
net_out.shape: torch.Size([128, 512])
net_out.shape: torch.Size([128, 512])
net_out.shape: torch.Size([128, 512])
net_out.shape: torch.Size([128, 512])
net_out.shape: torch.Size([128, 512])
net_out.shape: torch.Size([128, 512])
net_out.shape: torch.Size([128, 512])
net_out.shape: torch.Size([128, 512])
net_out.shape: torch.Size([128, 512])
net_out.shape: torch.Size([128, 512])
net_out.shape: torch.Size([128, 512])
net_out.shape: torch.Size([128, 512])
net_out.shape: torch.Size([128, 512])
net_out.shape: torch.Size([128, 512])
net_out.shape: torch.Size([128, 512])
net_out.shape: torch.Size([128, 512])
net_out.shape: torch.Size([128, 512])
net_out.shape: torch.Size([128, 512])
net_out.shape: torch.Size([128, 512])
net_out.shape: torch.Size([128, 512])
net_out.shape: torch.Size([128, 512])
net_out.shape: torch.Size([128, 512])
net_out.shape: torch.Size([128, 512])
net_out.shape: torch.Size([128, 512])
net_out.shape: torch.Size([128, 512])
net_out.shape: torch.Size([128, 512])
net_out.shape: torch.Size([128, 512])
net_out.shape: torch.Size([128, 512])
net_out.shape: torch.Size([128, 512])
net_out.shape: torch.Size([128, 512])
net_out.shape: torch.Size([128, 512])
net_out.shape: torch.Size([128, 512])
net_out.shape: torch.Size([128, 512])
net_out.shape: torch.Size([128, 512])
net_out.shape: torch.Size([128, 512])
net_out.shape: torch.Size([128, 512])
net_out.shape: torch.Size([128, 512])
net_out.shape: torch.Size([128, 512])
net_out.shape: torch.Size([128, 512])
Training: 2025-03-26 22:55:50,213-[val][6000]XNorm: 21.320701599121094
Training: 2025-03-26 22:55:50,213-[val][6000]val: nan
Training: 2025-03-26 22:55:50,213-[val][6000]val_std: nan
Training: 2025-03-26 22:55:50,213-[val][6000]far: 0.001125403679907322
Training: 2025-03-26 22:55:50,214-[val][6000]Accuracy: 1.0±0.0
Training: 2025-03-26 22:56:06,055-Speed 14.79 samples/sec   Loss 0.1153   LearningRate 0.000979   Epoch: 4   Global Step: 6010   Fp16 Grad Scale: 262144   Required: 132 hours
Training: 2025-03-26 22:56:22,258-Speed 79.00 samples/sec   Loss 0.0822   LearningRate 0.000979   Epoch: 4   Global Step: 6020   Fp16 Grad Scale: 262144   Required: 132 hours
Training: 2025-03-26 22:56:38,290-Speed 79.84 samples/sec   Loss 0.0825   LearningRate 0.000979   Epoch: 4   Global Step: 6030   Fp16 Grad Scale: 524288   Required: 132 hours
Training: 2025-03-26 22:56:54,398-Speed 79.47 samples/sec   Loss 0.0885   LearningRate 0.000979   Epoch: 4   Global Step: 6040   Fp16 Grad Scale: 524288   Required: 132 hours
Training: 2025-03-26 22:57:10,487-Speed 79.56 samples/sec   Loss 0.1633   LearningRate 0.000979   Epoch: 4   Global Step: 6050   Fp16 Grad Scale: 524288   Required: 132 hours
Training: 2025-03-26 22:57:26,529-Speed 79.79 samples/sec   Loss 0.1009   LearningRate 0.000979   Epoch: 4   Global Step: 6060   Fp16 Grad Scale: 524288   Required: 132 hours
Training: 2025-03-26 22:57:44,494-Speed 71.25 samples/sec   Loss 0.0608   LearningRate 0.000979   Epoch: 4   Global Step: 6070   Fp16 Grad Scale: 524288   Required: 132 hours
Training: 2025-03-26 22:58:00,523-Speed 79.86 samples/sec   Loss 0.1584   LearningRate 0.000979   Epoch: 4   Global Step: 6080   Fp16 Grad Scale: 524288   Required: 132 hours
Training: 2025-03-26 22:58:16,585-Speed 79.69 samples/sec   Loss 0.1949   LearningRate 0.000979   Epoch: 4   Global Step: 6090   Fp16 Grad Scale: 524288   Required: 132 hours
Training: 2025-03-26 22:58:32,650-Speed 79.68 samples/sec   Loss 0.1431   LearningRate 0.000979   Epoch: 4   Global Step: 6100   Fp16 Grad Scale: 524288   Required: 132 hours
Training: 2025-03-26 22:58:48,645-Speed 80.03 samples/sec   Loss 0.1014   LearningRate 0.000979   Epoch: 4   Global Step: 6110   Fp16 Grad Scale: 524288   Required: 132 hours
Training: 2025-03-26 22:59:04,681-Speed 79.82 samples/sec   Loss 0.2006   LearningRate 0.000979   Epoch: 4   Global Step: 6120   Fp16 Grad Scale: 262144   Required: 132 hours
Training: 2025-03-26 22:59:20,727-Speed 79.78 samples/sec   Loss 0.1749   LearningRate 0.000979   Epoch: 4   Global Step: 6130   Fp16 Grad Scale: 262144   Required: 132 hours
Training: 2025-03-26 22:59:36,760-Speed 79.84 samples/sec   Loss 0.0952   LearningRate 0.000978   Epoch: 4   Global Step: 6140   Fp16 Grad Scale: 262144   Required: 132 hours
Training: 2025-03-26 22:59:52,818-Speed 79.71 samples/sec   Loss 0.1873   LearningRate 0.000978   Epoch: 4   Global Step: 6150   Fp16 Grad Scale: 262144   Required: 132 hours
Training: 2025-03-26 23:00:08,872-Speed 79.74 samples/sec   Loss 0.1429   LearningRate 0.000978   Epoch: 4   Global Step: 6160   Fp16 Grad Scale: 262144   Required: 132 hours
Training: 2025-03-26 23:00:25,074-Speed 79.00 samples/sec   Loss 0.1982   LearningRate 0.000978   Epoch: 4   Global Step: 6170   Fp16 Grad Scale: 262144   Required: 132 hours
Training: 2025-03-26 23:00:41,172-Speed 79.52 samples/sec   Loss 0.1246   LearningRate 0.000978   Epoch: 4   Global Step: 6180   Fp16 Grad Scale: 262144   Required: 132 hours
Training: 2025-03-26 23:00:57,247-Speed 79.63 samples/sec   Loss 0.1683   LearningRate 0.000978   Epoch: 4   Global Step: 6190   Fp16 Grad Scale: 262144   Required: 132 hours
Training: 2025-03-26 23:01:13,293-Speed 79.77 samples/sec   Loss 0.1821   LearningRate 0.000978   Epoch: 4   Global Step: 6200   Fp16 Grad Scale: 262144   Required: 132 hours
Training: 2025-03-26 23:01:29,311-Speed 79.92 samples/sec   Loss 0.0981   LearningRate 0.000978   Epoch: 4   Global Step: 6210   Fp16 Grad Scale: 262144   Required: 132 hours
Training: 2025-03-26 23:01:45,375-Speed 79.68 samples/sec   Loss 0.1193   LearningRate 0.000978   Epoch: 4   Global Step: 6220   Fp16 Grad Scale: 524288   Required: 132 hours
Training: 2025-03-26 23:02:01,442-Speed 79.67 samples/sec   Loss 0.0983   LearningRate 0.000978   Epoch: 4   Global Step: 6230   Fp16 Grad Scale: 524288   Required: 132 hours
Training: 2025-03-26 23:02:17,544-Speed 79.50 samples/sec   Loss 0.1123   LearningRate 0.000978   Epoch: 4   Global Step: 6240   Fp16 Grad Scale: 524288   Required: 132 hours
Training: 2025-03-26 23:02:35,511-Speed 71.25 samples/sec   Loss 0.1272   LearningRate 0.000978   Epoch: 4   Global Step: 6250   Fp16 Grad Scale: 524288   Required: 132 hours
Training: 2025-03-26 23:02:51,565-Speed 79.73 samples/sec   Loss 0.1456   LearningRate 0.000978   Epoch: 4   Global Step: 6260   Fp16 Grad Scale: 524288   Required: 132 hours
Training: 2025-03-26 23:03:07,669-Speed 79.49 samples/sec   Loss 0.2337   LearningRate 0.000978   Epoch: 4   Global Step: 6270   Fp16 Grad Scale: 524288   Required: 132 hours
Training: 2025-03-26 23:03:23,691-Speed 79.89 samples/sec   Loss 0.1992   LearningRate 0.000978   Epoch: 4   Global Step: 6280   Fp16 Grad Scale: 524288   Required: 132 hours
Training: 2025-03-26 23:03:39,759-Speed 79.67 samples/sec   Loss 0.1387   LearningRate 0.000978   Epoch: 4   Global Step: 6290   Fp16 Grad Scale: 524288   Required: 132 hours
Training: 2025-03-26 23:03:55,885-Speed 79.38 samples/sec   Loss 0.1927   LearningRate 0.000978   Epoch: 4   Global Step: 6300   Fp16 Grad Scale: 524288   Required: 132 hours
Training: 2025-03-26 23:04:12,022-Speed 79.32 samples/sec   Loss 0.1244   LearningRate 0.000978   Epoch: 4   Global Step: 6310   Fp16 Grad Scale: 524288   Required: 132 hours
Training: 2025-03-26 23:04:28,048-Speed 79.87 samples/sec   Loss 0.1339   LearningRate 0.000978   Epoch: 4   Global Step: 6320   Fp16 Grad Scale: 524288   Required: 132 hours
Training: 2025-03-26 23:04:44,260-Speed 78.95 samples/sec   Loss 0.1835   LearningRate 0.000978   Epoch: 4   Global Step: 6330   Fp16 Grad Scale: 524288   Required: 132 hours
Training: 2025-03-26 23:05:00,356-Speed 79.53 samples/sec   Loss 0.0866   LearningRate 0.000978   Epoch: 4   Global Step: 6340   Fp16 Grad Scale: 524288   Required: 132 hours
Training: 2025-03-26 23:05:16,363-Speed 79.97 samples/sec   Loss 0.1939   LearningRate 0.000978   Epoch: 4   Global Step: 6350   Fp16 Grad Scale: 524288   Required: 132 hours
Training: 2025-03-26 23:05:32,420-Speed 79.72 samples/sec   Loss 0.2376   LearningRate 0.000978   Epoch: 4   Global Step: 6360   Fp16 Grad Scale: 524288   Required: 132 hours
Training: 2025-03-26 23:05:48,523-Speed 79.49 samples/sec   Loss 0.1408   LearningRate 0.000978   Epoch: 4   Global Step: 6370   Fp16 Grad Scale: 524288   Required: 132 hours
Training: 2025-03-26 23:06:04,553-Speed 79.85 samples/sec   Loss 0.1281   LearningRate 0.000978   Epoch: 4   Global Step: 6380   Fp16 Grad Scale: 524288   Required: 132 hours
Training: 2025-03-26 23:06:20,595-Speed 79.79 samples/sec   Loss 0.1143   LearningRate 0.000978   Epoch: 4   Global Step: 6390   Fp16 Grad Scale: 524288   Required: 132 hours
Training: 2025-03-26 23:06:36,674-Speed 79.61 samples/sec   Loss 0.1902   LearningRate 0.000978   Epoch: 4   Global Step: 6400   Fp16 Grad Scale: 524288   Required: 132 hours
Training: 2025-03-26 23:06:52,672-Speed 80.01 samples/sec   Loss 0.0957   LearningRate 0.000978   Epoch: 4   Global Step: 6410   Fp16 Grad Scale: 524288   Required: 132 hours
Training: 2025-03-26 23:07:08,733-Speed 79.70 samples/sec   Loss 0.1250   LearningRate 0.000977   Epoch: 4   Global Step: 6420   Fp16 Grad Scale: 1048576   Required: 132 hours
Training: 2025-03-26 23:07:24,784-Speed 79.75 samples/sec   Loss 0.1164   LearningRate 0.000977   Epoch: 4   Global Step: 6430   Fp16 Grad Scale: 1048576   Required: 132 hours
Training: 2025-03-26 23:07:42,752-Speed 71.24 samples/sec   Loss 0.2115   LearningRate 0.000977   Epoch: 4   Global Step: 6440   Fp16 Grad Scale: 524288   Required: 132 hours
Training: 2025-03-26 23:07:58,813-Speed 79.70 samples/sec   Loss 0.1999   LearningRate 0.000977   Epoch: 4   Global Step: 6450   Fp16 Grad Scale: 524288   Required: 132 hours
Training: 2025-03-26 23:08:14,893-Speed 79.61 samples/sec   Loss 0.1285   LearningRate 0.000977   Epoch: 4   Global Step: 6460   Fp16 Grad Scale: 524288   Required: 131 hours
Training: 2025-03-26 23:08:30,997-Speed 79.49 samples/sec   Loss 0.0869   LearningRate 0.000977   Epoch: 4   Global Step: 6470   Fp16 Grad Scale: 524288   Required: 131 hours
Training: 2025-03-26 23:08:47,217-Speed 78.92 samples/sec   Loss 0.0949   LearningRate 0.000977   Epoch: 4   Global Step: 6480   Fp16 Grad Scale: 524288   Required: 131 hours
Training: 2025-03-26 23:09:03,320-Speed 79.49 samples/sec   Loss 0.2069   LearningRate 0.000977   Epoch: 4   Global Step: 6490   Fp16 Grad Scale: 524288   Required: 131 hours
Training: 2025-03-26 23:09:19,411-Speed 79.55 samples/sec   Loss 0.1210   LearningRate 0.000977   Epoch: 4   Global Step: 6500   Fp16 Grad Scale: 524288   Required: 131 hours
Training: 2025-03-26 23:09:35,497-Speed 79.58 samples/sec   Loss 0.1031   LearningRate 0.000977   Epoch: 4   Global Step: 6510   Fp16 Grad Scale: 524288   Required: 131 hours
Training: 2025-03-26 23:09:51,552-Speed 79.73 samples/sec   Loss 0.1179   LearningRate 0.000977   Epoch: 4   Global Step: 6520   Fp16 Grad Scale: 524288   Required: 131 hours
Training: 2025-03-26 23:10:07,676-Speed 79.39 samples/sec   Loss 0.1272   LearningRate 0.000977   Epoch: 4   Global Step: 6530   Fp16 Grad Scale: 524288   Required: 131 hours
Training: 2025-03-26 23:10:23,740-Speed 79.68 samples/sec   Loss 0.1270   LearningRate 0.000977   Epoch: 4   Global Step: 6540   Fp16 Grad Scale: 1048576   Required: 131 hours
Training: 2025-03-26 23:10:39,817-Speed 79.62 samples/sec   Loss 0.1794   LearningRate 0.000977   Epoch: 4   Global Step: 6550   Fp16 Grad Scale: 1048576   Required: 131 hours
Training: 2025-03-26 23:10:55,838-Speed 79.90 samples/sec   Loss 0.1630   LearningRate 0.000977   Epoch: 4   Global Step: 6560   Fp16 Grad Scale: 1048576   Required: 131 hours
Training: 2025-03-26 23:11:11,905-Speed 79.67 samples/sec   Loss 0.1276   LearningRate 0.000977   Epoch: 4   Global Step: 6570   Fp16 Grad Scale: 524288   Required: 131 hours
Training: 2025-03-26 23:11:27,989-Speed 79.58 samples/sec   Loss 0.0942   LearningRate 0.000977   Epoch: 4   Global Step: 6580   Fp16 Grad Scale: 524288   Required: 131 hours
Training: 2025-03-26 23:11:44,065-Speed 79.63 samples/sec   Loss 0.1445   LearningRate 0.000977   Epoch: 4   Global Step: 6590   Fp16 Grad Scale: 524288   Required: 131 hours
Training: 2025-03-26 23:12:00,149-Speed 79.58 samples/sec   Loss 0.0971   LearningRate 0.000977   Epoch: 4   Global Step: 6600   Fp16 Grad Scale: 262144   Required: 131 hours
Training: 2025-03-26 23:12:16,252-Speed 79.49 samples/sec   Loss 0.1970   LearningRate 0.000977   Epoch: 4   Global Step: 6610   Fp16 Grad Scale: 262144   Required: 131 hours
Training: 2025-03-26 23:12:32,362-Speed 79.46 samples/sec   Loss 0.1293   LearningRate 0.000977   Epoch: 4   Global Step: 6620   Fp16 Grad Scale: 262144   Required: 131 hours
Training: 2025-03-26 23:12:50,281-Speed 71.43 samples/sec   Loss 0.1457   LearningRate 0.000977   Epoch: 4   Global Step: 6630   Fp16 Grad Scale: 262144   Required: 131 hours
Training: 2025-03-26 23:13:06,502-Speed 78.91 samples/sec   Loss 0.1775   LearningRate 0.000977   Epoch: 4   Global Step: 6640   Fp16 Grad Scale: 262144   Required: 131 hours
Training: 2025-03-26 23:13:22,569-Speed 79.67 samples/sec   Loss 0.2509   LearningRate 0.000977   Epoch: 4   Global Step: 6650   Fp16 Grad Scale: 262144   Required: 131 hours
Training: 2025-03-26 23:13:38,659-Speed 79.55 samples/sec   Loss 0.1771   LearningRate 0.000977   Epoch: 4   Global Step: 6660   Fp16 Grad Scale: 262144   Required: 131 hours
Training: 2025-03-26 23:13:54,729-Speed 79.66 samples/sec   Loss 0.1872   LearningRate 0.000977   Epoch: 4   Global Step: 6670   Fp16 Grad Scale: 262144   Required: 131 hours
Training: 2025-03-26 23:14:10,841-Speed 79.59 samples/sec   Loss 0.1812   LearningRate 0.000977   Epoch: 4   Global Step: 6680   Fp16 Grad Scale: 262144   Required: 131 hours
Training: 2025-03-26 23:14:26,907-Speed 79.67 samples/sec   Loss 0.1294   LearningRate 0.000977   Epoch: 4   Global Step: 6690   Fp16 Grad Scale: 262144   Required: 131 hours
Training: 2025-03-26 23:14:42,944-Speed 79.82 samples/sec   Loss 0.1780   LearningRate 0.000977   Epoch: 4   Global Step: 6700   Fp16 Grad Scale: 524288   Required: 131 hours
Training: 2025-03-26 23:14:59,001-Speed 79.72 samples/sec   Loss 0.1770   LearningRate 0.000976   Epoch: 4   Global Step: 6710   Fp16 Grad Scale: 524288   Required: 131 hours
Training: 2025-03-26 23:15:15,071-Speed 79.65 samples/sec   Loss 0.1719   LearningRate 0.000976   Epoch: 4   Global Step: 6720   Fp16 Grad Scale: 524288   Required: 131 hours
Training: 2025-03-26 23:15:31,098-Speed 79.87 samples/sec   Loss 0.1864   LearningRate 0.000976   Epoch: 4   Global Step: 6730   Fp16 Grad Scale: 524288   Required: 131 hours
Training: 2025-03-26 23:15:47,201-Speed 79.50 samples/sec   Loss 0.1864   LearningRate 0.000976   Epoch: 4   Global Step: 6740   Fp16 Grad Scale: 524288   Required: 131 hours
Training: 2025-03-26 23:16:03,254-Speed 79.74 samples/sec   Loss 0.1305   LearningRate 0.000976   Epoch: 4   Global Step: 6750   Fp16 Grad Scale: 524288   Required: 131 hours
Training: 2025-03-26 23:16:19,338-Speed 79.58 samples/sec   Loss 0.1542   LearningRate 0.000976   Epoch: 4   Global Step: 6760   Fp16 Grad Scale: 524288   Required: 131 hours
Training: 2025-03-26 23:16:35,394-Speed 79.73 samples/sec   Loss 0.1085   LearningRate 0.000976   Epoch: 4   Global Step: 6770   Fp16 Grad Scale: 524288   Required: 131 hours
Training: 2025-03-26 23:16:51,417-Speed 79.89 samples/sec   Loss 0.2007   LearningRate 0.000976   Epoch: 4   Global Step: 6780   Fp16 Grad Scale: 524288   Required: 131 hours
Training: 2025-03-26 23:17:07,497-Speed 79.60 samples/sec   Loss 0.1752   LearningRate 0.000976   Epoch: 4   Global Step: 6790   Fp16 Grad Scale: 262144   Required: 131 hours
Training: 2025-03-26 23:17:23,968-Speed 79.12 samples/sec   Loss 0.1365   LearningRate 0.000976   Epoch: 4   Global Step: 6800   Fp16 Grad Scale: 131072   Required: 131 hours
Training: 2025-03-26 23:17:40,024-Speed 79.72 samples/sec   Loss 0.1733   LearningRate 0.000976   Epoch: 4   Global Step: 6810   Fp16 Grad Scale: 131072   Required: 131 hours
Training: 2025-03-26 23:17:57,939-Speed 71.45 samples/sec   Loss 0.1638   LearningRate 0.000976   Epoch: 4   Global Step: 6820   Fp16 Grad Scale: 131072   Required: 131 hours
Training: 2025-03-26 23:18:14,005-Speed 79.67 samples/sec   Loss 0.1778   LearningRate 0.000976   Epoch: 4   Global Step: 6830   Fp16 Grad Scale: 131072   Required: 131 hours
Training: 2025-03-26 23:18:30,052-Speed 79.77 samples/sec   Loss 0.1178   LearningRate 0.000976   Epoch: 4   Global Step: 6840   Fp16 Grad Scale: 131072   Required: 131 hours
Training: 2025-03-26 23:18:46,191-Speed 79.31 samples/sec   Loss 0.1768   LearningRate 0.000976   Epoch: 4   Global Step: 6850   Fp16 Grad Scale: 131072   Required: 131 hours
Training: 2025-03-26 23:19:02,277-Speed 79.58 samples/sec   Loss 0.1620   LearningRate 0.000976   Epoch: 4   Global Step: 6860   Fp16 Grad Scale: 131072   Required: 131 hours
Training: 2025-03-26 23:19:18,311-Speed 79.83 samples/sec   Loss 0.1674   LearningRate 0.000976   Epoch: 4   Global Step: 6870   Fp16 Grad Scale: 131072   Required: 131 hours
Training: 2025-03-26 23:19:34,425-Speed 79.43 samples/sec   Loss 0.1606   LearningRate 0.000976   Epoch: 4   Global Step: 6880   Fp16 Grad Scale: 131072   Required: 131 hours
Training: 2025-03-26 23:19:50,542-Speed 79.42 samples/sec   Loss 0.2651   LearningRate 0.000976   Epoch: 4   Global Step: 6890   Fp16 Grad Scale: 131072   Required: 131 hours
Training: 2025-03-26 23:20:06,676-Speed 79.34 samples/sec   Loss 0.2116   LearningRate 0.000976   Epoch: 4   Global Step: 6900   Fp16 Grad Scale: 262144   Required: 131 hours
Training: 2025-03-26 23:20:22,768-Speed 79.54 samples/sec   Loss 0.1574   LearningRate 0.000976   Epoch: 4   Global Step: 6910   Fp16 Grad Scale: 262144   Required: 131 hours
Training: 2025-03-26 23:20:38,821-Speed 79.74 samples/sec   Loss 0.2480   LearningRate 0.000976   Epoch: 4   Global Step: 6920   Fp16 Grad Scale: 262144   Required: 131 hours
Training: 2025-03-26 23:20:54,928-Speed 79.47 samples/sec   Loss 0.1934   LearningRate 0.000976   Epoch: 4   Global Step: 6930   Fp16 Grad Scale: 262144   Required: 131 hours
Training: 2025-03-26 23:21:11,069-Speed 79.31 samples/sec   Loss 0.1456   LearningRate 0.000976   Epoch: 4   Global Step: 6940   Fp16 Grad Scale: 262144   Required: 131 hours
Training: 2025-03-26 23:21:27,294-Speed 78.89 samples/sec   Loss 0.1622   LearningRate 0.000976   Epoch: 4   Global Step: 6950   Fp16 Grad Scale: 262144   Required: 131 hours
Training: 2025-03-26 23:21:43,333-Speed 79.81 samples/sec   Loss 0.2061   LearningRate 0.000976   Epoch: 4   Global Step: 6960   Fp16 Grad Scale: 262144   Required: 131 hours
Training: 2025-03-26 23:21:59,426-Speed 79.54 samples/sec   Loss 0.1275   LearningRate 0.000976   Epoch: 4   Global Step: 6970   Fp16 Grad Scale: 262144   Required: 131 hours
Training: 2025-03-26 23:22:15,457-Speed 79.85 samples/sec   Loss 0.1686   LearningRate 0.000976   Epoch: 4   Global Step: 6980   Fp16 Grad Scale: 262144   Required: 131 hours
Training: 2025-03-26 23:22:31,481-Speed 79.88 samples/sec   Loss 0.2204   LearningRate 0.000975   Epoch: 4   Global Step: 6990   Fp16 Grad Scale: 262144   Required: 131 hours
Training: 2025-03-26 23:22:48,516-Speed 75.14 samples/sec   Loss 0.2273   LearningRate 0.000975   Epoch: 4   Global Step: 7000   Fp16 Grad Scale: 524288   Required: 131 hours
Training: 2025-03-26 23:23:05,627-Speed 74.81 samples/sec   Loss 0.1706   LearningRate 0.000975   Epoch: 4   Global Step: 7010   Fp16 Grad Scale: 262144   Required: 131 hours
Training: 2025-03-26 23:23:21,660-Speed 79.84 samples/sec   Loss 0.1776   LearningRate 0.000975   Epoch: 4   Global Step: 7020   Fp16 Grad Scale: 262144   Required: 131 hours
Training: 2025-03-26 23:23:37,707-Speed 79.77 samples/sec   Loss 0.1630   LearningRate 0.000975   Epoch: 4   Global Step: 7030   Fp16 Grad Scale: 262144   Required: 131 hours
Training: 2025-03-26 23:23:53,788-Speed 79.60 samples/sec   Loss 0.1363   LearningRate 0.000975   Epoch: 4   Global Step: 7040   Fp16 Grad Scale: 262144   Required: 131 hours
Training: 2025-03-26 23:24:09,845-Speed 79.72 samples/sec   Loss 0.1329   LearningRate 0.000975   Epoch: 4   Global Step: 7050   Fp16 Grad Scale: 262144   Required: 131 hours
Training: 2025-03-26 23:24:25,935-Speed 79.56 samples/sec   Loss 0.2949   LearningRate 0.000975   Epoch: 4   Global Step: 7060   Fp16 Grad Scale: 262144   Required: 131 hours
Training: 2025-03-26 23:24:42,045-Speed 79.46 samples/sec   Loss 0.1311   LearningRate 0.000975   Epoch: 4   Global Step: 7070   Fp16 Grad Scale: 262144   Required: 131 hours
Training: 2025-03-26 23:24:58,071-Speed 79.87 samples/sec   Loss 0.1691   LearningRate 0.000975   Epoch: 4   Global Step: 7080   Fp16 Grad Scale: 262144   Required: 131 hours
Training: 2025-03-26 23:25:14,129-Speed 79.72 samples/sec   Loss 0.1669   LearningRate 0.000975   Epoch: 4   Global Step: 7090   Fp16 Grad Scale: 262144   Required: 131 hours
Training: 2025-03-26 23:25:30,222-Speed 79.54 samples/sec   Loss 0.1248   LearningRate 0.000975   Epoch: 4   Global Step: 7100   Fp16 Grad Scale: 262144   Required: 131 hours
Training: 2025-03-26 23:25:46,396-Speed 79.14 samples/sec   Loss 0.2873   LearningRate 0.000975   Epoch: 4   Global Step: 7110   Fp16 Grad Scale: 524288   Required: 131 hours
Training: 2025-03-26 23:26:02,434-Speed 79.81 samples/sec   Loss 0.1714   LearningRate 0.000975   Epoch: 4   Global Step: 7120   Fp16 Grad Scale: 524288   Required: 131 hours
Training: 2025-03-26 23:26:17,164-Speed 86.90 samples/sec   Loss 0.1775   LearningRate 0.000975   Epoch: 4   Global Step: 7130   Fp16 Grad Scale: 524288   Required: 131 hours
Training: 2025-03-26 23:26:38,499-Speed 60.00 samples/sec   Loss 0.1520   LearningRate 0.000975   Epoch: 5   Global Step: 7140   Fp16 Grad Scale: 524288   Required: 131 hours
Training: 2025-03-26 23:26:54,577-Speed 79.61 samples/sec   Loss 0.0518   LearningRate 0.000975   Epoch: 5   Global Step: 7150   Fp16 Grad Scale: 524288   Required: 131 hours
Training: 2025-03-26 23:27:10,707-Speed 79.36 samples/sec   Loss 0.0651   LearningRate 0.000975   Epoch: 5   Global Step: 7160   Fp16 Grad Scale: 524288   Required: 131 hours
Training: 2025-03-26 23:27:26,937-Speed 78.87 samples/sec   Loss 0.0813   LearningRate 0.000975   Epoch: 5   Global Step: 7170   Fp16 Grad Scale: 524288   Required: 131 hours
Training: 2025-03-26 23:27:42,984-Speed 79.77 samples/sec   Loss 0.1173   LearningRate 0.000975   Epoch: 5   Global Step: 7180   Fp16 Grad Scale: 524288   Required: 131 hours
Training: 2025-03-26 23:28:00,875-Speed 71.55 samples/sec   Loss 0.1003   LearningRate 0.000975   Epoch: 5   Global Step: 7190   Fp16 Grad Scale: 524288   Required: 131 hours
Training: 2025-03-26 23:28:16,937-Speed 79.70 samples/sec   Loss 0.1231   LearningRate 0.000975   Epoch: 5   Global Step: 7200   Fp16 Grad Scale: 524288   Required: 131 hours
Training: 2025-03-26 23:28:32,982-Speed 79.78 samples/sec   Loss 0.0438   LearningRate 0.000975   Epoch: 5   Global Step: 7210   Fp16 Grad Scale: 1048576   Required: 131 hours
Training: 2025-03-26 23:28:48,995-Speed 79.94 samples/sec   Loss 0.1382   LearningRate 0.000975   Epoch: 5   Global Step: 7220   Fp16 Grad Scale: 1048576   Required: 131 hours
Training: 2025-03-26 23:29:05,072-Speed 79.62 samples/sec   Loss 0.0753   LearningRate 0.000975   Epoch: 5   Global Step: 7230   Fp16 Grad Scale: 1048576   Required: 131 hours
Training: 2025-03-26 23:29:21,176-Speed 79.48 samples/sec   Loss 0.0694   LearningRate 0.000975   Epoch: 5   Global Step: 7240   Fp16 Grad Scale: 1048576   Required: 131 hours
Training: 2025-03-26 23:29:37,261-Speed 79.58 samples/sec   Loss 0.1214   LearningRate 0.000975   Epoch: 5   Global Step: 7250   Fp16 Grad Scale: 1048576   Required: 130 hours
Training: 2025-03-26 23:29:53,484-Speed 78.91 samples/sec   Loss 0.0438   LearningRate 0.000975   Epoch: 5   Global Step: 7260   Fp16 Grad Scale: 1048576   Required: 130 hours
Training: 2025-03-26 23:30:09,515-Speed 79.85 samples/sec   Loss 0.0840   LearningRate 0.000975   Epoch: 5   Global Step: 7270   Fp16 Grad Scale: 1048576   Required: 130 hours
Training: 2025-03-26 23:30:25,602-Speed 79.57 samples/sec   Loss 0.0621   LearningRate 0.000974   Epoch: 5   Global Step: 7280   Fp16 Grad Scale: 1048576   Required: 130 hours
Training: 2025-03-26 23:30:41,645-Speed 79.79 samples/sec   Loss 0.1336   LearningRate 0.000974   Epoch: 5   Global Step: 7290   Fp16 Grad Scale: 1048576   Required: 130 hours
Training: 2025-03-26 23:30:57,693-Speed 79.76 samples/sec   Loss 0.0757   LearningRate 0.000974   Epoch: 5   Global Step: 7300   Fp16 Grad Scale: 1048576   Required: 130 hours
Training: 2025-03-26 23:31:13,746-Speed 79.74 samples/sec   Loss 0.1029   LearningRate 0.000974   Epoch: 5   Global Step: 7310   Fp16 Grad Scale: 2097152   Required: 130 hours
Training: 2025-03-26 23:31:29,792-Speed 79.77 samples/sec   Loss 0.0537   LearningRate 0.000974   Epoch: 5   Global Step: 7320   Fp16 Grad Scale: 524288   Required: 130 hours
Training: 2025-03-26 23:31:45,844-Speed 79.75 samples/sec   Loss 0.1107   LearningRate 0.000974   Epoch: 5   Global Step: 7330   Fp16 Grad Scale: 524288   Required: 130 hours
Training: 2025-03-26 23:32:01,889-Speed 79.78 samples/sec   Loss 0.0888   LearningRate 0.000974   Epoch: 5   Global Step: 7340   Fp16 Grad Scale: 524288   Required: 130 hours
Training: 2025-03-26 23:32:17,922-Speed 79.84 samples/sec   Loss 0.1271   LearningRate 0.000974   Epoch: 5   Global Step: 7350   Fp16 Grad Scale: 524288   Required: 130 hours
Training: 2025-03-26 23:32:33,925-Speed 79.99 samples/sec   Loss 0.0706   LearningRate 0.000974   Epoch: 5   Global Step: 7360   Fp16 Grad Scale: 524288   Required: 130 hours
Training: 2025-03-26 23:32:49,982-Speed 79.72 samples/sec   Loss 0.0600   LearningRate 0.000974   Epoch: 5   Global Step: 7370   Fp16 Grad Scale: 524288   Required: 130 hours
Training: 2025-03-26 23:33:07,868-Speed 71.57 samples/sec   Loss 0.0525   LearningRate 0.000974   Epoch: 5   Global Step: 7380   Fp16 Grad Scale: 524288   Required: 130 hours
Training: 2025-03-26 23:33:23,916-Speed 79.76 samples/sec   Loss 0.0986   LearningRate 0.000974   Epoch: 5   Global Step: 7390   Fp16 Grad Scale: 524288   Required: 130 hours
Training: 2025-03-26 23:33:39,988-Speed 79.65 samples/sec   Loss 0.0792   LearningRate 0.000974   Epoch: 5   Global Step: 7400   Fp16 Grad Scale: 524288   Required: 130 hours
Training: 2025-03-26 23:33:56,086-Speed 79.52 samples/sec   Loss 0.0710   LearningRate 0.000974   Epoch: 5   Global Step: 7410   Fp16 Grad Scale: 524288   Required: 130 hours
Training: 2025-03-26 23:34:12,280-Speed 79.05 samples/sec   Loss 0.0557   LearningRate 0.000974   Epoch: 5   Global Step: 7420   Fp16 Grad Scale: 1048576   Required: 130 hours
Training: 2025-03-26 23:34:28,322-Speed 79.79 samples/sec   Loss 0.1249   LearningRate 0.000974   Epoch: 5   Global Step: 7430   Fp16 Grad Scale: 524288   Required: 130 hours
Training: 2025-03-26 23:34:44,380-Speed 79.71 samples/sec   Loss 0.1127   LearningRate 0.000974   Epoch: 5   Global Step: 7440   Fp16 Grad Scale: 524288   Required: 130 hours
Training: 2025-03-26 23:35:00,440-Speed 79.71 samples/sec   Loss 0.0912   LearningRate 0.000974   Epoch: 5   Global Step: 7450   Fp16 Grad Scale: 524288   Required: 130 hours
Training: 2025-03-26 23:35:16,498-Speed 79.71 samples/sec   Loss 0.1495   LearningRate 0.000974   Epoch: 5   Global Step: 7460   Fp16 Grad Scale: 524288   Required: 130 hours
Training: 2025-03-26 23:35:32,568-Speed 79.66 samples/sec   Loss 0.0857   LearningRate 0.000974   Epoch: 5   Global Step: 7470   Fp16 Grad Scale: 524288   Required: 130 hours
Training: 2025-03-26 23:35:48,659-Speed 79.55 samples/sec   Loss 0.0816   LearningRate 0.000974   Epoch: 5   Global Step: 7480   Fp16 Grad Scale: 524288   Required: 130 hours
Training: 2025-03-26 23:36:04,722-Speed 79.69 samples/sec   Loss 0.0929   LearningRate 0.000974   Epoch: 5   Global Step: 7490   Fp16 Grad Scale: 524288   Required: 130 hours
Training: 2025-03-26 23:36:20,803-Speed 79.60 samples/sec   Loss 0.0617   LearningRate 0.000974   Epoch: 5   Global Step: 7500   Fp16 Grad Scale: 524288   Required: 130 hours
Training: 2025-03-26 23:36:36,836-Speed 79.84 samples/sec   Loss 0.1023   LearningRate 0.000974   Epoch: 5   Global Step: 7510   Fp16 Grad Scale: 524288   Required: 130 hours
Training: 2025-03-26 23:36:52,928-Speed 79.54 samples/sec   Loss 0.1886   LearningRate 0.000974   Epoch: 5   Global Step: 7520   Fp16 Grad Scale: 524288   Required: 130 hours
Training: 2025-03-26 23:37:08,979-Speed 79.75 samples/sec   Loss 0.1558   LearningRate 0.000974   Epoch: 5   Global Step: 7530   Fp16 Grad Scale: 524288   Required: 130 hours
Training: 2025-03-26 23:37:25,065-Speed 79.58 samples/sec   Loss 0.0614   LearningRate 0.000974   Epoch: 5   Global Step: 7540   Fp16 Grad Scale: 524288   Required: 130 hours
Training: 2025-03-26 23:37:41,145-Speed 79.61 samples/sec   Loss 0.1067   LearningRate 0.000974   Epoch: 5   Global Step: 7550   Fp16 Grad Scale: 524288   Required: 130 hours
Training: 2025-03-26 23:37:57,223-Speed 79.61 samples/sec   Loss 0.1061   LearningRate 0.000973   Epoch: 5   Global Step: 7560   Fp16 Grad Scale: 524288   Required: 130 hours
Training: 2025-03-26 23:38:15,097-Speed 71.61 samples/sec   Loss 0.1261   LearningRate 0.000973   Epoch: 5   Global Step: 7570   Fp16 Grad Scale: 524288   Required: 130 hours
Training: 2025-03-26 23:38:31,182-Speed 79.58 samples/sec   Loss 0.0377   LearningRate 0.000973   Epoch: 5   Global Step: 7580   Fp16 Grad Scale: 524288   Required: 130 hours
Training: 2025-03-26 23:38:47,223-Speed 79.80 samples/sec   Loss 0.0517   LearningRate 0.000973   Epoch: 5   Global Step: 7590   Fp16 Grad Scale: 524288   Required: 130 hours
Training: 2025-03-26 23:39:03,224-Speed 80.00 samples/sec   Loss 0.1107   LearningRate 0.000973   Epoch: 5   Global Step: 7600   Fp16 Grad Scale: 524288   Required: 130 hours
Training: 2025-03-26 23:39:19,256-Speed 79.84 samples/sec   Loss 0.0971   LearningRate 0.000973   Epoch: 5   Global Step: 7610   Fp16 Grad Scale: 524288   Required: 130 hours
Training: 2025-03-26 23:39:35,347-Speed 79.55 samples/sec   Loss 0.0948   LearningRate 0.000973   Epoch: 5   Global Step: 7620   Fp16 Grad Scale: 524288   Required: 130 hours
Training: 2025-03-26 23:39:51,410-Speed 79.69 samples/sec   Loss 0.0810   LearningRate 0.000973   Epoch: 5   Global Step: 7630   Fp16 Grad Scale: 524288   Required: 130 hours
Training: 2025-03-26 23:40:07,426-Speed 79.92 samples/sec   Loss 0.1820   LearningRate 0.000973   Epoch: 5   Global Step: 7640   Fp16 Grad Scale: 524288   Required: 130 hours
Training: 2025-03-26 23:40:23,473-Speed 79.77 samples/sec   Loss 0.1033   LearningRate 0.000973   Epoch: 5   Global Step: 7650   Fp16 Grad Scale: 524288   Required: 130 hours
Training: 2025-03-26 23:40:39,533-Speed 79.70 samples/sec   Loss 0.1088   LearningRate 0.000973   Epoch: 5   Global Step: 7660   Fp16 Grad Scale: 524288   Required: 130 hours
Training: 2025-03-26 23:40:55,604-Speed 79.65 samples/sec   Loss 0.0827   LearningRate 0.000973   Epoch: 5   Global Step: 7670   Fp16 Grad Scale: 524288   Required: 130 hours
Training: 2025-03-26 23:41:11,683-Speed 79.61 samples/sec   Loss 0.0632   LearningRate 0.000973   Epoch: 5   Global Step: 7680   Fp16 Grad Scale: 524288   Required: 130 hours
Training: 2025-03-26 23:41:27,711-Speed 79.86 samples/sec   Loss 0.1637   LearningRate 0.000973   Epoch: 5   Global Step: 7690   Fp16 Grad Scale: 524288   Required: 130 hours
Training: 2025-03-26 23:41:43,819-Speed 79.47 samples/sec   Loss 0.0840   LearningRate 0.000973   Epoch: 5   Global Step: 7700   Fp16 Grad Scale: 524288   Required: 130 hours
Training: 2025-03-26 23:41:59,899-Speed 79.61 samples/sec   Loss 0.1325   LearningRate 0.000973   Epoch: 5   Global Step: 7710   Fp16 Grad Scale: 524288   Required: 130 hours
Training: 2025-03-26 23:42:15,963-Speed 79.68 samples/sec   Loss 0.0799   LearningRate 0.000973   Epoch: 5   Global Step: 7720   Fp16 Grad Scale: 524288   Required: 130 hours
Training: 2025-03-26 23:42:31,963-Speed 80.00 samples/sec   Loss 0.0655   LearningRate 0.000973   Epoch: 5   Global Step: 7730   Fp16 Grad Scale: 1048576   Required: 130 hours
Training: 2025-03-26 23:42:47,978-Speed 79.93 samples/sec   Loss 0.0877   LearningRate 0.000973   Epoch: 5   Global Step: 7740   Fp16 Grad Scale: 1048576   Required: 130 hours
Training: 2025-03-26 23:43:05,848-Speed 71.63 samples/sec   Loss 0.1079   LearningRate 0.000973   Epoch: 5   Global Step: 7750   Fp16 Grad Scale: 1048576   Required: 130 hours
Training: 2025-03-26 23:43:21,906-Speed 79.71 samples/sec   Loss 0.1512   LearningRate 0.000973   Epoch: 5   Global Step: 7760   Fp16 Grad Scale: 524288   Required: 130 hours
Training: 2025-03-26 23:43:37,968-Speed 79.70 samples/sec   Loss 0.0674   LearningRate 0.000973   Epoch: 5   Global Step: 7770   Fp16 Grad Scale: 524288   Required: 130 hours
Training: 2025-03-26 23:43:54,062-Speed 79.53 samples/sec   Loss 0.1081   LearningRate 0.000973   Epoch: 5   Global Step: 7780   Fp16 Grad Scale: 524288   Required: 130 hours
Training: 2025-03-26 23:44:10,199-Speed 79.33 samples/sec   Loss 0.0648   LearningRate 0.000973   Epoch: 5   Global Step: 7790   Fp16 Grad Scale: 524288   Required: 130 hours
Training: 2025-03-26 23:44:26,226-Speed 79.87 samples/sec   Loss 0.1078   LearningRate 0.000973   Epoch: 5   Global Step: 7800   Fp16 Grad Scale: 524288   Required: 130 hours
Training: 2025-03-26 23:44:42,280-Speed 79.74 samples/sec   Loss 0.1070   LearningRate 0.000973   Epoch: 5   Global Step: 7810   Fp16 Grad Scale: 262144   Required: 130 hours
Training: 2025-03-26 23:44:58,403-Speed 79.39 samples/sec   Loss 0.1032   LearningRate 0.000973   Epoch: 5   Global Step: 7820   Fp16 Grad Scale: 262144   Required: 130 hours
Training: 2025-03-26 23:45:14,448-Speed 79.78 samples/sec   Loss 0.1154   LearningRate 0.000973   Epoch: 5   Global Step: 7830   Fp16 Grad Scale: 262144   Required: 130 hours
Training: 2025-03-26 23:45:30,487-Speed 79.81 samples/sec   Loss 0.1671   LearningRate 0.000973   Epoch: 5   Global Step: 7840   Fp16 Grad Scale: 262144   Required: 130 hours
Training: 2025-03-26 23:45:46,524-Speed 79.82 samples/sec   Loss 0.1048   LearningRate 0.000972   Epoch: 5   Global Step: 7850   Fp16 Grad Scale: 262144   Required: 130 hours
Training: 2025-03-26 23:46:02,572-Speed 79.76 samples/sec   Loss 0.0757   LearningRate 0.000972   Epoch: 5   Global Step: 7860   Fp16 Grad Scale: 262144   Required: 130 hours
Training: 2025-03-26 23:46:18,603-Speed 79.85 samples/sec   Loss 0.0846   LearningRate 0.000972   Epoch: 5   Global Step: 7870   Fp16 Grad Scale: 262144   Required: 130 hours
Training: 2025-03-26 23:46:34,667-Speed 79.68 samples/sec   Loss 0.0959   LearningRate 0.000972   Epoch: 5   Global Step: 7880   Fp16 Grad Scale: 262144   Required: 130 hours
Training: 2025-03-26 23:46:50,783-Speed 79.43 samples/sec   Loss 0.1024   LearningRate 0.000972   Epoch: 5   Global Step: 7890   Fp16 Grad Scale: 262144   Required: 130 hours
Training: 2025-03-26 23:47:06,880-Speed 79.52 samples/sec   Loss 0.0935   LearningRate 0.000972   Epoch: 5   Global Step: 7900   Fp16 Grad Scale: 262144   Required: 130 hours
Training: 2025-03-26 23:47:22,967-Speed 79.57 samples/sec   Loss 0.0590   LearningRate 0.000972   Epoch: 5   Global Step: 7910   Fp16 Grad Scale: 524288   Required: 130 hours
Training: 2025-03-26 23:47:39,017-Speed 79.75 samples/sec   Loss 0.1444   LearningRate 0.000972   Epoch: 5   Global Step: 7920   Fp16 Grad Scale: 524288   Required: 130 hours
Training: 2025-03-26 23:47:55,009-Speed 80.04 samples/sec   Loss 0.1161   LearningRate 0.000972   Epoch: 5   Global Step: 7930   Fp16 Grad Scale: 524288   Required: 130 hours
Training: 2025-03-26 23:48:12,989-Speed 71.19 samples/sec   Loss 0.0892   LearningRate 0.000972   Epoch: 5   Global Step: 7940   Fp16 Grad Scale: 524288   Required: 130 hours
Training: 2025-03-26 23:48:29,026-Speed 79.82 samples/sec   Loss 0.1144   LearningRate 0.000972   Epoch: 5   Global Step: 7950   Fp16 Grad Scale: 524288   Required: 130 hours
Training: 2025-03-26 23:48:45,112-Speed 79.57 samples/sec   Loss 0.1432   LearningRate 0.000972   Epoch: 5   Global Step: 7960   Fp16 Grad Scale: 524288   Required: 130 hours
Training: 2025-03-26 23:49:01,164-Speed 79.75 samples/sec   Loss 0.1064   LearningRate 0.000972   Epoch: 5   Global Step: 7970   Fp16 Grad Scale: 262144   Required: 130 hours
Training: 2025-03-26 23:49:17,222-Speed 79.71 samples/sec   Loss 0.1921   LearningRate 0.000972   Epoch: 5   Global Step: 7980   Fp16 Grad Scale: 262144   Required: 130 hours
Training: 2025-03-26 23:49:33,240-Speed 79.91 samples/sec   Loss 0.1007   LearningRate 0.000972   Epoch: 5   Global Step: 7990   Fp16 Grad Scale: 262144   Required: 130 hours
Training: 2025-03-26 23:49:49,349-Speed 79.46 samples/sec   Loss 0.1007   LearningRate 0.000972   Epoch: 5   Global Step: 8000   Fp16 Grad Scale: 262144   Required: 130 hours
net_out.shape: torch.Size([128, 512])
net_out.shape: torch.Size([128, 512])
net_out.shape: torch.Size([128, 512])
net_out.shape: torch.Size([128, 512])
net_out.shape: torch.Size([128, 512])
net_out.shape: torch.Size([128, 512])
net_out.shape: torch.Size([128, 512])
net_out.shape: torch.Size([128, 512])
net_out.shape: torch.Size([128, 512])
net_out.shape: torch.Size([128, 512])
net_out.shape: torch.Size([128, 512])
net_out.shape: torch.Size([128, 512])
net_out.shape: torch.Size([128, 512])
net_out.shape: torch.Size([128, 512])
net_out.shape: torch.Size([128, 512])
net_out.shape: torch.Size([128, 512])
net_out.shape: torch.Size([128, 512])
net_out.shape: torch.Size([128, 512])
net_out.shape: torch.Size([128, 512])
net_out.shape: torch.Size([128, 512])
net_out.shape: torch.Size([128, 512])
net_out.shape: torch.Size([128, 512])
net_out.shape: torch.Size([128, 512])
net_out.shape: torch.Size([128, 512])
net_out.shape: torch.Size([128, 512])
net_out.shape: torch.Size([128, 512])
net_out.shape: torch.Size([128, 512])
net_out.shape: torch.Size([128, 512])
net_out.shape: torch.Size([128, 512])
net_out.shape: torch.Size([128, 512])
net_out.shape: torch.Size([128, 512])
net_out.shape: torch.Size([128, 512])
net_out.shape: torch.Size([128, 512])
net_out.shape: torch.Size([128, 512])
net_out.shape: torch.Size([128, 512])
net_out.shape: torch.Size([128, 512])
net_out.shape: torch.Size([128, 512])
net_out.shape: torch.Size([128, 512])
net_out.shape: torch.Size([128, 512])
net_out.shape: torch.Size([128, 512])
net_out.shape: torch.Size([128, 512])
net_out.shape: torch.Size([128, 512])
net_out.shape: torch.Size([128, 512])
net_out.shape: torch.Size([128, 512])
net_out.shape: torch.Size([128, 512])
net_out.shape: torch.Size([128, 512])
net_out.shape: torch.Size([128, 512])
net_out.shape: torch.Size([128, 512])
net_out.shape: torch.Size([128, 512])
net_out.shape: torch.Size([128, 512])
net_out.shape: torch.Size([128, 512])
net_out.shape: torch.Size([128, 512])
net_out.shape: torch.Size([128, 512])
net_out.shape: torch.Size([128, 512])
net_out.shape: torch.Size([128, 512])
net_out.shape: torch.Size([128, 512])
net_out.shape: torch.Size([128, 512])
net_out.shape: torch.Size([128, 512])
net_out.shape: torch.Size([128, 512])
net_out.shape: torch.Size([128, 512])
net_out.shape: torch.Size([128, 512])
net_out.shape: torch.Size([128, 512])
net_out.shape: torch.Size([128, 512])
net_out.shape: torch.Size([128, 512])
Training: 2025-03-26 23:51:00,081-[val][8000]XNorm: 19.53499984741211
Training: 2025-03-26 23:51:00,081-[val][8000]val: nan
Training: 2025-03-26 23:51:00,081-[val][8000]val_std: nan
Training: 2025-03-26 23:51:00,082-[val][8000]far: 0.0011263641063123941
Training: 2025-03-26 23:51:00,082-[val][8000]Accuracy: 1.0±0.0
Training: 2025-03-26 23:51:15,924-Speed 14.79 samples/sec   Loss 0.1500   LearningRate 0.000972   Epoch: 5   Global Step: 8010   Fp16 Grad Scale: 262144   Required: 130 hours
Training: 2025-03-26 23:51:32,007-Speed 79.59 samples/sec   Loss 0.0773   LearningRate 0.000972   Epoch: 5   Global Step: 8020   Fp16 Grad Scale: 262144   Required: 130 hours
Training: 2025-03-26 23:51:48,086-Speed 79.61 samples/sec   Loss 0.1152   LearningRate 0.000972   Epoch: 5   Global Step: 8030   Fp16 Grad Scale: 262144   Required: 130 hours
Training: 2025-03-26 23:52:04,170-Speed 79.58 samples/sec   Loss 0.1245   LearningRate 0.000972   Epoch: 5   Global Step: 8040   Fp16 Grad Scale: 262144   Required: 130 hours
Training: 2025-03-26 23:52:20,243-Speed 79.64 samples/sec   Loss 0.1159   LearningRate 0.000972   Epoch: 5   Global Step: 8050   Fp16 Grad Scale: 262144   Required: 130 hours
Training: 2025-03-26 23:52:36,904-Speed 79.67 samples/sec   Loss 0.1093   LearningRate 0.000972   Epoch: 5   Global Step: 8060   Fp16 Grad Scale: 262144   Required: 130 hours
Training: 2025-03-26 23:52:52,938-Speed 79.83 samples/sec   Loss 0.1069   LearningRate 0.000972   Epoch: 5   Global Step: 8070   Fp16 Grad Scale: 524288   Required: 130 hours
Training: 2025-03-26 23:53:09,001-Speed 79.69 samples/sec   Loss 0.0906   LearningRate 0.000972   Epoch: 5   Global Step: 8080   Fp16 Grad Scale: 524288   Required: 130 hours
Training: 2025-03-26 23:53:27,046-Speed 70.94 samples/sec   Loss 0.1113   LearningRate 0.000972   Epoch: 5   Global Step: 8090   Fp16 Grad Scale: 524288   Required: 130 hours
Training: 2025-03-26 23:53:43,131-Speed 79.58 samples/sec   Loss 0.0599   LearningRate 0.000972   Epoch: 5   Global Step: 8100   Fp16 Grad Scale: 524288   Required: 130 hours
Training: 2025-03-26 23:53:59,201-Speed 79.65 samples/sec   Loss 0.1490   LearningRate 0.000972   Epoch: 5   Global Step: 8110   Fp16 Grad Scale: 524288   Required: 130 hours
Training: 2025-03-26 23:54:15,275-Speed 79.63 samples/sec   Loss 0.0837   LearningRate 0.000972   Epoch: 5   Global Step: 8120   Fp16 Grad Scale: 524288   Required: 130 hours
Training: 2025-03-26 23:54:31,342-Speed 79.67 samples/sec   Loss 0.1085   LearningRate 0.000971   Epoch: 5   Global Step: 8130   Fp16 Grad Scale: 524288   Required: 130 hours
Training: 2025-03-26 23:54:47,590-Speed 78.78 samples/sec   Loss 0.1775   LearningRate 0.000971   Epoch: 5   Global Step: 8140   Fp16 Grad Scale: 524288   Required: 130 hours
Training: 2025-03-26 23:55:03,689-Speed 79.51 samples/sec   Loss 0.0974   LearningRate 0.000971   Epoch: 5   Global Step: 8150   Fp16 Grad Scale: 262144   Required: 130 hours
Training: 2025-03-26 23:55:19,732-Speed 79.79 samples/sec   Loss 0.1205   LearningRate 0.000971   Epoch: 5   Global Step: 8160   Fp16 Grad Scale: 262144   Required: 130 hours
Training: 2025-03-26 23:55:35,817-Speed 79.58 samples/sec   Loss 0.1010   LearningRate 0.000971   Epoch: 5   Global Step: 8170   Fp16 Grad Scale: 262144   Required: 130 hours
Training: 2025-03-26 23:55:51,904-Speed 79.57 samples/sec   Loss 0.0935   LearningRate 0.000971   Epoch: 5   Global Step: 8180   Fp16 Grad Scale: 262144   Required: 130 hours
Training: 2025-03-26 23:56:07,995-Speed 79.55 samples/sec   Loss 0.1264   LearningRate 0.000971   Epoch: 5   Global Step: 8190   Fp16 Grad Scale: 262144   Required: 130 hours
Training: 2025-03-26 23:56:24,103-Speed 79.47 samples/sec   Loss 0.1604   LearningRate 0.000971   Epoch: 5   Global Step: 8200   Fp16 Grad Scale: 262144   Required: 130 hours
Training: 2025-03-26 23:56:40,171-Speed 79.67 samples/sec   Loss 0.1106   LearningRate 0.000971   Epoch: 5   Global Step: 8210   Fp16 Grad Scale: 262144   Required: 130 hours
Training: 2025-03-26 23:56:56,226-Speed 79.73 samples/sec   Loss 0.1573   LearningRate 0.000971   Epoch: 5   Global Step: 8220   Fp16 Grad Scale: 262144   Required: 130 hours
Training: 2025-03-26 23:57:12,296-Speed 79.66 samples/sec   Loss 0.1652   LearningRate 0.000971   Epoch: 5   Global Step: 8230   Fp16 Grad Scale: 262144   Required: 130 hours
Training: 2025-03-26 23:57:28,362-Speed 79.67 samples/sec   Loss 0.0623   LearningRate 0.000971   Epoch: 5   Global Step: 8240   Fp16 Grad Scale: 262144   Required: 130 hours
Training: 2025-03-26 23:57:44,413-Speed 79.75 samples/sec   Loss 0.0948   LearningRate 0.000971   Epoch: 5   Global Step: 8250   Fp16 Grad Scale: 524288   Required: 130 hours
Training: 2025-03-26 23:58:00,462-Speed 79.76 samples/sec   Loss 0.1530   LearningRate 0.000971   Epoch: 5   Global Step: 8260   Fp16 Grad Scale: 524288   Required: 130 hours
Training: 2025-03-26 23:58:18,248-Speed 71.97 samples/sec   Loss 0.1011   LearningRate 0.000971   Epoch: 5   Global Step: 8270   Fp16 Grad Scale: 524288   Required: 130 hours
Training: 2025-03-26 23:58:34,342-Speed 79.54 samples/sec   Loss 0.1511   LearningRate 0.000971   Epoch: 5   Global Step: 8280   Fp16 Grad Scale: 524288   Required: 130 hours
Training: 2025-03-26 23:58:50,460-Speed 79.42 samples/sec   Loss 0.1060   LearningRate 0.000971   Epoch: 5   Global Step: 8290   Fp16 Grad Scale: 524288   Required: 130 hours
Training: 2025-03-26 23:59:06,670-Speed 78.97 samples/sec   Loss 0.2177   LearningRate 0.000971   Epoch: 5   Global Step: 8300   Fp16 Grad Scale: 524288   Required: 130 hours
Training: 2025-03-26 23:59:22,784-Speed 79.44 samples/sec   Loss 0.0746   LearningRate 0.000971   Epoch: 5   Global Step: 8310   Fp16 Grad Scale: 524288   Required: 130 hours
Training: 2025-03-26 23:59:38,855-Speed 79.65 samples/sec   Loss 0.0833   LearningRate 0.000971   Epoch: 5   Global Step: 8320   Fp16 Grad Scale: 524288   Required: 130 hours
Training: 2025-03-26 23:59:54,919-Speed 79.68 samples/sec   Loss 0.0767   LearningRate 0.000971   Epoch: 5   Global Step: 8330   Fp16 Grad Scale: 524288   Required: 130 hours
Training: 2025-03-27 00:00:10,969-Speed 79.75 samples/sec   Loss 0.1372   LearningRate 0.000971   Epoch: 5   Global Step: 8340   Fp16 Grad Scale: 524288   Required: 130 hours
Training: 2025-03-27 00:00:26,980-Speed 79.95 samples/sec   Loss 0.1444   LearningRate 0.000971   Epoch: 5   Global Step: 8350   Fp16 Grad Scale: 1048576   Required: 130 hours
Training: 2025-03-27 00:00:43,054-Speed 79.63 samples/sec   Loss 0.0850   LearningRate 0.000971   Epoch: 5   Global Step: 8360   Fp16 Grad Scale: 1048576   Required: 130 hours
Training: 2025-03-27 00:00:59,124-Speed 79.66 samples/sec   Loss 0.0977   LearningRate 0.000971   Epoch: 5   Global Step: 8370   Fp16 Grad Scale: 1048576   Required: 130 hours
Training: 2025-03-27 00:01:15,206-Speed 79.60 samples/sec   Loss 0.0949   LearningRate 0.000971   Epoch: 5   Global Step: 8380   Fp16 Grad Scale: 1048576   Required: 130 hours
Training: 2025-03-27 00:01:31,295-Speed 79.56 samples/sec   Loss 0.1787   LearningRate 0.000971   Epoch: 5   Global Step: 8390   Fp16 Grad Scale: 524288   Required: 130 hours
Training: 2025-03-27 00:01:47,304-Speed 79.96 samples/sec   Loss 0.1501   LearningRate 0.000971   Epoch: 5   Global Step: 8400   Fp16 Grad Scale: 524288   Required: 130 hours
Training: 2025-03-27 00:02:03,418-Speed 79.43 samples/sec   Loss 0.0943   LearningRate 0.000971   Epoch: 5   Global Step: 8410   Fp16 Grad Scale: 524288   Required: 130 hours
Training: 2025-03-27 00:02:19,473-Speed 79.73 samples/sec   Loss 0.2461   LearningRate 0.000970   Epoch: 5   Global Step: 8420   Fp16 Grad Scale: 524288   Required: 130 hours
Training: 2025-03-27 00:02:35,559-Speed 79.57 samples/sec   Loss 0.1073   LearningRate 0.000970   Epoch: 5   Global Step: 8430   Fp16 Grad Scale: 524288   Required: 130 hours
Training: 2025-03-27 00:02:51,562-Speed 79.99 samples/sec   Loss 0.1414   LearningRate 0.000970   Epoch: 5   Global Step: 8440   Fp16 Grad Scale: 262144   Required: 130 hours
Training: 2025-03-27 00:03:07,606-Speed 79.78 samples/sec   Loss 0.0966   LearningRate 0.000970   Epoch: 5   Global Step: 8450   Fp16 Grad Scale: 262144   Required: 130 hours
Training: 2025-03-27 00:03:25,165-Speed 72.90 samples/sec   Loss 0.1192   LearningRate 0.000970   Epoch: 5   Global Step: 8460   Fp16 Grad Scale: 262144   Required: 130 hours
Training: 2025-03-27 00:03:41,236-Speed 79.65 samples/sec   Loss 0.1033   LearningRate 0.000970   Epoch: 5   Global Step: 8470   Fp16 Grad Scale: 262144   Required: 130 hours
Training: 2025-03-27 00:03:57,296-Speed 79.70 samples/sec   Loss 0.0778   LearningRate 0.000970   Epoch: 5   Global Step: 8480   Fp16 Grad Scale: 262144   Required: 130 hours
Training: 2025-03-27 00:04:13,384-Speed 79.56 samples/sec   Loss 0.0738   LearningRate 0.000970   Epoch: 5   Global Step: 8490   Fp16 Grad Scale: 262144   Required: 130 hours
Training: 2025-03-27 00:04:29,453-Speed 79.66 samples/sec   Loss 0.1593   LearningRate 0.000970   Epoch: 5   Global Step: 8500   Fp16 Grad Scale: 262144   Required: 130 hours
Training: 2025-03-27 00:04:45,503-Speed 79.75 samples/sec   Loss 0.1410   LearningRate 0.000970   Epoch: 5   Global Step: 8510   Fp16 Grad Scale: 262144   Required: 130 hours
Training: 2025-03-27 00:05:01,565-Speed 79.69 samples/sec   Loss 0.1145   LearningRate 0.000970   Epoch: 5   Global Step: 8520   Fp16 Grad Scale: 262144   Required: 130 hours
Training: 2025-03-27 00:05:17,605-Speed 79.80 samples/sec   Loss 0.1753   LearningRate 0.000970   Epoch: 5   Global Step: 8530   Fp16 Grad Scale: 262144   Required: 130 hours
Training: 2025-03-27 00:05:33,700-Speed 79.53 samples/sec   Loss 0.1150   LearningRate 0.000970   Epoch: 5   Global Step: 8540   Fp16 Grad Scale: 524288   Required: 130 hours
Training: 2025-03-27 00:05:49,245-Speed 82.34 samples/sec   Loss 0.1486   LearningRate 0.000970   Epoch: 5   Global Step: 8550   Fp16 Grad Scale: 524288   Required: 130 hours
Training: 2025-03-27 00:06:08,812-Speed 65.42 samples/sec   Loss 0.0895   LearningRate 0.000970   Epoch: 6   Global Step: 8560   Fp16 Grad Scale: 524288   Required: 130 hours
Training: 2025-03-27 00:06:24,855-Speed 79.79 samples/sec   Loss 0.0713   LearningRate 0.000970   Epoch: 6   Global Step: 8570   Fp16 Grad Scale: 524288   Required: 130 hours
Training: 2025-03-27 00:06:40,922-Speed 79.66 samples/sec   Loss 0.0368   LearningRate 0.000970   Epoch: 6   Global Step: 8580   Fp16 Grad Scale: 524288   Required: 130 hours
Training: 2025-03-27 00:06:56,985-Speed 79.70 samples/sec   Loss 0.0993   LearningRate 0.000970   Epoch: 6   Global Step: 8590   Fp16 Grad Scale: 524288   Required: 130 hours
Training: 2025-03-27 00:07:13,066-Speed 79.60 samples/sec   Loss 0.0963   LearningRate 0.000970   Epoch: 6   Global Step: 8600   Fp16 Grad Scale: 524288   Required: 130 hours
Training: 2025-03-27 00:07:29,273-Speed 78.98 samples/sec   Loss 0.1146   LearningRate 0.000970   Epoch: 6   Global Step: 8610   Fp16 Grad Scale: 524288   Required: 130 hours
Training: 2025-03-27 00:07:45,322-Speed 79.76 samples/sec   Loss 0.0609   LearningRate 0.000970   Epoch: 6   Global Step: 8620   Fp16 Grad Scale: 524288   Required: 130 hours
Training: 2025-03-27 00:08:01,353-Speed 79.85 samples/sec   Loss 0.0383   LearningRate 0.000970   Epoch: 6   Global Step: 8630   Fp16 Grad Scale: 524288   Required: 130 hours
Training: 2025-03-27 00:08:17,486-Speed 79.34 samples/sec   Loss 0.0665   LearningRate 0.000970   Epoch: 6   Global Step: 8640   Fp16 Grad Scale: 1048576   Required: 130 hours
Training: 2025-03-27 00:08:35,214-Speed 72.20 samples/sec   Loss 0.0538   LearningRate 0.000970   Epoch: 6   Global Step: 8650   Fp16 Grad Scale: 524288   Required: 130 hours
Training: 2025-03-27 00:08:51,366-Speed 79.25 samples/sec   Loss 0.0560   LearningRate 0.000970   Epoch: 6   Global Step: 8660   Fp16 Grad Scale: 524288   Required: 130 hours
Training: 2025-03-27 00:09:07,437-Speed 79.65 samples/sec   Loss 0.0563   LearningRate 0.000970   Epoch: 6   Global Step: 8670   Fp16 Grad Scale: 524288   Required: 130 hours
Training: 2025-03-27 00:09:23,481-Speed 79.78 samples/sec   Loss 0.0457   LearningRate 0.000970   Epoch: 6   Global Step: 8680   Fp16 Grad Scale: 524288   Required: 130 hours
Training: 2025-03-27 00:09:39,506-Speed 79.88 samples/sec   Loss 0.0314   LearningRate 0.000970   Epoch: 6   Global Step: 8690   Fp16 Grad Scale: 524288   Required: 130 hours
Training: 2025-03-27 00:09:55,553-Speed 79.77 samples/sec   Loss 0.0556   LearningRate 0.000969   Epoch: 6   Global Step: 8700   Fp16 Grad Scale: 524288   Required: 130 hours
Training: 2025-03-27 00:10:11,638-Speed 79.58 samples/sec   Loss 0.0510   LearningRate 0.000969   Epoch: 6   Global Step: 8710   Fp16 Grad Scale: 262144   Required: 130 hours
Training: 2025-03-27 00:10:27,687-Speed 79.76 samples/sec   Loss 0.0437   LearningRate 0.000969   Epoch: 6   Global Step: 8720   Fp16 Grad Scale: 262144   Required: 129 hours
Training: 2025-03-27 00:10:43,727-Speed 79.80 samples/sec   Loss 0.0475   LearningRate 0.000969   Epoch: 6   Global Step: 8730   Fp16 Grad Scale: 262144   Required: 129 hours
Training: 2025-03-27 00:10:59,803-Speed 79.62 samples/sec   Loss 0.0214   LearningRate 0.000969   Epoch: 6   Global Step: 8740   Fp16 Grad Scale: 262144   Required: 129 hours
Training: 2025-03-27 00:11:15,916-Speed 79.44 samples/sec   Loss 0.0377   LearningRate 0.000969   Epoch: 6   Global Step: 8750   Fp16 Grad Scale: 262144   Required: 129 hours
Training: 2025-03-27 00:11:32,086-Speed 79.16 samples/sec   Loss 0.0693   LearningRate 0.000969   Epoch: 6   Global Step: 8760   Fp16 Grad Scale: 262144   Required: 129 hours
Training: 2025-03-27 00:11:48,161-Speed 79.63 samples/sec   Loss 0.0255   LearningRate 0.000969   Epoch: 6   Global Step: 8770   Fp16 Grad Scale: 262144   Required: 129 hours
Training: 2025-03-27 00:12:04,201-Speed 79.80 samples/sec   Loss 0.0988   LearningRate 0.000969   Epoch: 6   Global Step: 8780   Fp16 Grad Scale: 262144   Required: 129 hours
Training: 2025-03-27 00:12:20,298-Speed 79.52 samples/sec   Loss 0.0666   LearningRate 0.000969   Epoch: 6   Global Step: 8790   Fp16 Grad Scale: 262144   Required: 129 hours
Training: 2025-03-27 00:12:36,350-Speed 79.75 samples/sec   Loss 0.0413   LearningRate 0.000969   Epoch: 6   Global Step: 8800   Fp16 Grad Scale: 262144   Required: 129 hours
Training: 2025-03-27 00:12:52,480-Speed 79.35 samples/sec   Loss 0.1400   LearningRate 0.000969   Epoch: 6   Global Step: 8810   Fp16 Grad Scale: 524288   Required: 129 hours
Training: 2025-03-27 00:13:08,531-Speed 79.75 samples/sec   Loss 0.0911   LearningRate 0.000969   Epoch: 6   Global Step: 8820   Fp16 Grad Scale: 524288   Required: 129 hours
Training: 2025-03-27 00:13:24,618-Speed 79.57 samples/sec   Loss 0.0557   LearningRate 0.000969   Epoch: 6   Global Step: 8830   Fp16 Grad Scale: 524288   Required: 129 hours
Training: 2025-03-27 00:13:42,256-Speed 72.57 samples/sec   Loss 0.0696   LearningRate 0.000969   Epoch: 6   Global Step: 8840   Fp16 Grad Scale: 524288   Required: 129 hours
Training: 2025-03-27 00:13:58,375-Speed 79.41 samples/sec   Loss 0.0400   LearningRate 0.000969   Epoch: 6   Global Step: 8850   Fp16 Grad Scale: 524288   Required: 129 hours
Training: 2025-03-27 00:14:14,469-Speed 79.54 samples/sec   Loss 0.0628   LearningRate 0.000969   Epoch: 6   Global Step: 8860   Fp16 Grad Scale: 524288   Required: 129 hours
Training: 2025-03-27 00:14:30,524-Speed 79.73 samples/sec   Loss 0.0524   LearningRate 0.000969   Epoch: 6   Global Step: 8870   Fp16 Grad Scale: 524288   Required: 129 hours
Training: 2025-03-27 00:14:46,610-Speed 79.58 samples/sec   Loss 0.0639   LearningRate 0.000969   Epoch: 6   Global Step: 8880   Fp16 Grad Scale: 524288   Required: 129 hours
Training: 2025-03-27 00:15:02,703-Speed 79.54 samples/sec   Loss 0.0655   LearningRate 0.000969   Epoch: 6   Global Step: 8890   Fp16 Grad Scale: 524288   Required: 129 hours
Training: 2025-03-27 00:15:18,781-Speed 79.61 samples/sec   Loss 0.0659   LearningRate 0.000969   Epoch: 6   Global Step: 8900   Fp16 Grad Scale: 524288   Required: 129 hours
Training: 2025-03-27 00:15:34,823-Speed 79.79 samples/sec   Loss 0.0517   LearningRate 0.000969   Epoch: 6   Global Step: 8910   Fp16 Grad Scale: 1048576   Required: 129 hours
Training: 2025-03-27 00:15:51,013-Speed 79.06 samples/sec   Loss 0.1144   LearningRate 0.000969   Epoch: 6   Global Step: 8920   Fp16 Grad Scale: 1048576   Required: 129 hours
Training: 2025-03-27 00:16:07,080-Speed 79.67 samples/sec   Loss 0.0589   LearningRate 0.000969   Epoch: 6   Global Step: 8930   Fp16 Grad Scale: 1048576   Required: 129 hours
Training: 2025-03-27 00:16:23,153-Speed 79.64 samples/sec   Loss 0.0427   LearningRate 0.000969   Epoch: 6   Global Step: 8940   Fp16 Grad Scale: 1048576   Required: 129 hours
Training: 2025-03-27 00:16:39,208-Speed 79.73 samples/sec   Loss 0.0764   LearningRate 0.000969   Epoch: 6   Global Step: 8950   Fp16 Grad Scale: 1048576   Required: 129 hours
Training: 2025-03-27 00:16:55,264-Speed 79.72 samples/sec   Loss 0.0454   LearningRate 0.000969   Epoch: 6   Global Step: 8960   Fp16 Grad Scale: 1048576   Required: 129 hours
Training: 2025-03-27 00:17:11,283-Speed 79.91 samples/sec   Loss 0.1618   LearningRate 0.000969   Epoch: 6   Global Step: 8970   Fp16 Grad Scale: 524288   Required: 129 hours
Training: 2025-03-27 00:17:27,328-Speed 79.78 samples/sec   Loss 0.0316   LearningRate 0.000969   Epoch: 6   Global Step: 8980   Fp16 Grad Scale: 524288   Required: 129 hours
Training: 2025-03-27 00:17:43,384-Speed 79.72 samples/sec   Loss 0.0577   LearningRate 0.000968   Epoch: 6   Global Step: 8990   Fp16 Grad Scale: 524288   Required: 129 hours
Training: 2025-03-27 00:17:59,505-Speed 79.40 samples/sec   Loss 0.0826   LearningRate 0.000968   Epoch: 6   Global Step: 9000   Fp16 Grad Scale: 524288   Required: 129 hours
Training: 2025-03-27 00:18:15,596-Speed 79.55 samples/sec   Loss 0.0730   LearningRate 0.000968   Epoch: 6   Global Step: 9010   Fp16 Grad Scale: 524288   Required: 129 hours
Training: 2025-03-27 00:18:33,204-Speed 72.69 samples/sec   Loss 0.0835   LearningRate 0.000968   Epoch: 6   Global Step: 9020   Fp16 Grad Scale: 524288   Required: 129 hours
Training: 2025-03-27 00:18:49,250-Speed 79.77 samples/sec   Loss 0.0914   LearningRate 0.000968   Epoch: 6   Global Step: 9030   Fp16 Grad Scale: 524288   Required: 129 hours
Training: 2025-03-27 00:19:05,368-Speed 79.42 samples/sec   Loss 0.0348   LearningRate 0.000968   Epoch: 6   Global Step: 9040   Fp16 Grad Scale: 524288   Required: 129 hours
Training: 2025-03-27 00:19:21,398-Speed 79.86 samples/sec   Loss 0.0447   LearningRate 0.000968   Epoch: 6   Global Step: 9050   Fp16 Grad Scale: 524288   Required: 129 hours
Training: 2025-03-27 00:19:37,433-Speed 79.83 samples/sec   Loss 0.0599   LearningRate 0.000968   Epoch: 6   Global Step: 9060   Fp16 Grad Scale: 524288   Required: 129 hours
Training: 2025-03-27 00:19:53,515-Speed 79.59 samples/sec   Loss 0.0424   LearningRate 0.000968   Epoch: 6   Global Step: 9070   Fp16 Grad Scale: 1048576   Required: 129 hours
Training: 2025-03-27 00:20:09,768-Speed 78.76 samples/sec   Loss 0.1231   LearningRate 0.000968   Epoch: 6   Global Step: 9080   Fp16 Grad Scale: 1048576   Required: 129 hours
Training: 2025-03-27 00:20:25,858-Speed 79.56 samples/sec   Loss 0.0495   LearningRate 0.000968   Epoch: 6   Global Step: 9090   Fp16 Grad Scale: 1048576   Required: 129 hours
Training: 2025-03-27 00:20:41,872-Speed 79.93 samples/sec   Loss 0.0614   LearningRate 0.000968   Epoch: 6   Global Step: 9100   Fp16 Grad Scale: 1048576   Required: 129 hours
Training: 2025-03-27 00:20:57,945-Speed 79.64 samples/sec   Loss 0.0372   LearningRate 0.000968   Epoch: 6   Global Step: 9110   Fp16 Grad Scale: 1048576   Required: 129 hours
Training: 2025-03-27 00:21:13,994-Speed 79.76 samples/sec   Loss 0.1041   LearningRate 0.000968   Epoch: 6   Global Step: 9120   Fp16 Grad Scale: 1048576   Required: 129 hours
Training: 2025-03-27 00:21:30,026-Speed 79.84 samples/sec   Loss 0.0389   LearningRate 0.000968   Epoch: 6   Global Step: 9130   Fp16 Grad Scale: 1048576   Required: 129 hours
Training: 2025-03-27 00:21:46,093-Speed 79.67 samples/sec   Loss 0.0874   LearningRate 0.000968   Epoch: 6   Global Step: 9140   Fp16 Grad Scale: 1048576   Required: 129 hours
Training: 2025-03-27 00:22:02,141-Speed 79.76 samples/sec   Loss 0.0266   LearningRate 0.000968   Epoch: 6   Global Step: 9150   Fp16 Grad Scale: 1048576   Required: 129 hours
Training: 2025-03-27 00:22:18,226-Speed 79.58 samples/sec   Loss 0.0423   LearningRate 0.000968   Epoch: 6   Global Step: 9160   Fp16 Grad Scale: 1048576   Required: 129 hours
Training: 2025-03-27 00:22:34,281-Speed 79.73 samples/sec   Loss 0.0611   LearningRate 0.000968   Epoch: 6   Global Step: 9170   Fp16 Grad Scale: 1048576   Required: 129 hours
Training: 2025-03-27 00:22:50,300-Speed 79.91 samples/sec   Loss 0.0338   LearningRate 0.000968   Epoch: 6   Global Step: 9180   Fp16 Grad Scale: 1048576   Required: 129 hours
Training: 2025-03-27 00:23:06,392-Speed 79.54 samples/sec   Loss 0.0699   LearningRate 0.000968   Epoch: 6   Global Step: 9190   Fp16 Grad Scale: 1048576   Required: 129 hours
Training: 2025-03-27 00:23:22,437-Speed 79.78 samples/sec   Loss 0.0307   LearningRate 0.000968   Epoch: 6   Global Step: 9200   Fp16 Grad Scale: 1048576   Required: 129 hours
Training: 2025-03-27 00:23:40,235-Speed 71.92 samples/sec   Loss 0.0356   LearningRate 0.000968   Epoch: 6   Global Step: 9210   Fp16 Grad Scale: 1048576   Required: 129 hours
Training: 2025-03-27 00:23:56,287-Speed 79.74 samples/sec   Loss 0.0543   LearningRate 0.000968   Epoch: 6   Global Step: 9220   Fp16 Grad Scale: 524288   Required: 129 hours
Training: 2025-03-27 00:24:12,483-Speed 79.03 samples/sec   Loss 0.0381   LearningRate 0.000968   Epoch: 6   Global Step: 9230   Fp16 Grad Scale: 524288   Required: 129 hours
Training: 2025-03-27 00:24:28,529-Speed 79.77 samples/sec   Loss 0.1727   LearningRate 0.000968   Epoch: 6   Global Step: 9240   Fp16 Grad Scale: 524288   Required: 129 hours
Training: 2025-03-27 00:24:44,629-Speed 79.51 samples/sec   Loss 0.1282   LearningRate 0.000968   Epoch: 6   Global Step: 9250   Fp16 Grad Scale: 524288   Required: 129 hours
Training: 2025-03-27 00:25:00,706-Speed 79.62 samples/sec   Loss 0.0809   LearningRate 0.000968   Epoch: 6   Global Step: 9260   Fp16 Grad Scale: 524288   Required: 129 hours
Training: 2025-03-27 00:25:16,813-Speed 79.47 samples/sec   Loss 0.0724   LearningRate 0.000967   Epoch: 6   Global Step: 9270   Fp16 Grad Scale: 524288   Required: 129 hours
Training: 2025-03-27 00:25:32,864-Speed 79.75 samples/sec   Loss 0.0727   LearningRate 0.000967   Epoch: 6   Global Step: 9280   Fp16 Grad Scale: 524288   Required: 129 hours
Training: 2025-03-27 00:25:49,000-Speed 79.33 samples/sec   Loss 0.0670   LearningRate 0.000967   Epoch: 6   Global Step: 9290   Fp16 Grad Scale: 524288   Required: 129 hours
Training: 2025-03-27 00:26:05,071-Speed 79.65 samples/sec   Loss 0.0419   LearningRate 0.000967   Epoch: 6   Global Step: 9300   Fp16 Grad Scale: 524288   Required: 129 hours
Training: 2025-03-27 00:26:21,161-Speed 79.56 samples/sec   Loss 0.0246   LearningRate 0.000967   Epoch: 6   Global Step: 9310   Fp16 Grad Scale: 524288   Required: 129 hours
Training: 2025-03-27 00:26:37,232-Speed 79.65 samples/sec   Loss 0.0393   LearningRate 0.000967   Epoch: 6   Global Step: 9320   Fp16 Grad Scale: 1048576   Required: 129 hours
Training: 2025-03-27 00:26:53,281-Speed 79.76 samples/sec   Loss 0.0465   LearningRate 0.000967   Epoch: 6   Global Step: 9330   Fp16 Grad Scale: 1048576   Required: 129 hours
Training: 2025-03-27 00:27:09,311-Speed 79.86 samples/sec   Loss 0.0868   LearningRate 0.000967   Epoch: 6   Global Step: 9340   Fp16 Grad Scale: 1048576   Required: 129 hours
Training: 2025-03-27 00:27:25,402-Speed 79.55 samples/sec   Loss 0.1051   LearningRate 0.000967   Epoch: 6   Global Step: 9350   Fp16 Grad Scale: 1048576   Required: 129 hours
Training: 2025-03-27 00:27:41,461-Speed 79.71 samples/sec   Loss 0.0418   LearningRate 0.000967   Epoch: 6   Global Step: 9360   Fp16 Grad Scale: 1048576   Required: 129 hours
Training: 2025-03-27 00:27:57,539-Speed 79.61 samples/sec   Loss 0.2021   LearningRate 0.000967   Epoch: 6   Global Step: 9370   Fp16 Grad Scale: 1048576   Required: 129 hours
Training: 2025-03-27 00:28:13,657-Speed 79.42 samples/sec   Loss 0.0971   LearningRate 0.000967   Epoch: 6   Global Step: 9380   Fp16 Grad Scale: 1048576   Required: 129 hours
Training: 2025-03-27 00:28:29,903-Speed 78.79 samples/sec   Loss 0.1217   LearningRate 0.000967   Epoch: 6   Global Step: 9390   Fp16 Grad Scale: 1048576   Required: 129 hours
Training: 2025-03-27 00:28:47,905-Speed 71.11 samples/sec   Loss 0.1459   LearningRate 0.000967   Epoch: 6   Global Step: 9400   Fp16 Grad Scale: 524288   Required: 129 hours
Training: 2025-03-27 00:29:04,030-Speed 79.38 samples/sec   Loss 0.0693   LearningRate 0.000967   Epoch: 6   Global Step: 9410   Fp16 Grad Scale: 524288   Required: 129 hours
Training: 2025-03-27 00:29:20,126-Speed 79.53 samples/sec   Loss 0.0726   LearningRate 0.000967   Epoch: 6   Global Step: 9420   Fp16 Grad Scale: 524288   Required: 129 hours
Training: 2025-03-27 00:29:36,218-Speed 79.54 samples/sec   Loss 0.0446   LearningRate 0.000967   Epoch: 6   Global Step: 9430   Fp16 Grad Scale: 524288   Required: 129 hours
Training: 2025-03-27 00:29:52,389-Speed 79.16 samples/sec   Loss 0.0552   LearningRate 0.000967   Epoch: 6   Global Step: 9440   Fp16 Grad Scale: 524288   Required: 129 hours
Training: 2025-03-27 00:30:08,420-Speed 79.85 samples/sec   Loss 0.0703   LearningRate 0.000967   Epoch: 6   Global Step: 9450   Fp16 Grad Scale: 524288   Required: 129 hours
Training: 2025-03-27 00:30:24,543-Speed 79.39 samples/sec   Loss 0.0395   LearningRate 0.000967   Epoch: 6   Global Step: 9460   Fp16 Grad Scale: 524288   Required: 129 hours
Training: 2025-03-27 00:30:40,646-Speed 79.49 samples/sec   Loss 0.0714   LearningRate 0.000967   Epoch: 6   Global Step: 9470   Fp16 Grad Scale: 524288   Required: 129 hours
Training: 2025-03-27 00:30:56,689-Speed 79.79 samples/sec   Loss 0.0705   LearningRate 0.000967   Epoch: 6   Global Step: 9480   Fp16 Grad Scale: 524288   Required: 129 hours
Training: 2025-03-27 00:31:12,752-Speed 79.69 samples/sec   Loss 0.1353   LearningRate 0.000967   Epoch: 6   Global Step: 9490   Fp16 Grad Scale: 524288   Required: 129 hours
Training: 2025-03-27 00:31:28,861-Speed 79.46 samples/sec   Loss 0.0715   LearningRate 0.000967   Epoch: 6   Global Step: 9500   Fp16 Grad Scale: 1048576   Required: 129 hours
Training: 2025-03-27 00:31:44,935-Speed 79.63 samples/sec   Loss 0.0812   LearningRate 0.000967   Epoch: 6   Global Step: 9510   Fp16 Grad Scale: 1048576   Required: 129 hours
Training: 2025-03-27 00:32:01,008-Speed 79.64 samples/sec   Loss 0.0700   LearningRate 0.000967   Epoch: 6   Global Step: 9520   Fp16 Grad Scale: 1048576   Required: 129 hours
Training: 2025-03-27 00:32:17,097-Speed 79.56 samples/sec   Loss 0.0406   LearningRate 0.000967   Epoch: 6   Global Step: 9530   Fp16 Grad Scale: 524288   Required: 129 hours
Training: 2025-03-27 00:32:33,379-Speed 78.62 samples/sec   Loss 0.0629   LearningRate 0.000967   Epoch: 6   Global Step: 9540   Fp16 Grad Scale: 524288   Required: 129 hours
Training: 2025-03-27 00:32:49,477-Speed 79.51 samples/sec   Loss 0.0862   LearningRate 0.000967   Epoch: 6   Global Step: 9550   Fp16 Grad Scale: 524288   Required: 129 hours
Training: 2025-03-27 00:33:05,503-Speed 79.88 samples/sec   Loss 0.0921   LearningRate 0.000966   Epoch: 6   Global Step: 9560   Fp16 Grad Scale: 524288   Required: 129 hours
Training: 2025-03-27 00:33:21,591-Speed 79.56 samples/sec   Loss 0.0681   LearningRate 0.000966   Epoch: 6   Global Step: 9570   Fp16 Grad Scale: 524288   Required: 129 hours
Training: 2025-03-27 00:33:37,702-Speed 79.45 samples/sec   Loss 0.1016   LearningRate 0.000966   Epoch: 6   Global Step: 9580   Fp16 Grad Scale: 524288   Required: 129 hours
Training: 2025-03-27 00:33:55,526-Speed 71.81 samples/sec   Loss 0.1030   LearningRate 0.000966   Epoch: 6   Global Step: 9590   Fp16 Grad Scale: 524288   Required: 129 hours
Training: 2025-03-27 00:34:11,569-Speed 79.79 samples/sec   Loss 0.0737   LearningRate 0.000966   Epoch: 6   Global Step: 9600   Fp16 Grad Scale: 524288   Required: 129 hours
Training: 2025-03-27 00:34:27,682-Speed 79.44 samples/sec   Loss 0.1204   LearningRate 0.000966   Epoch: 6   Global Step: 9610   Fp16 Grad Scale: 524288   Required: 129 hours
Training: 2025-03-27 00:34:43,764-Speed 79.59 samples/sec   Loss 0.0917   LearningRate 0.000966   Epoch: 6   Global Step: 9620   Fp16 Grad Scale: 524288   Required: 129 hours
Training: 2025-03-27 00:34:59,886-Speed 79.40 samples/sec   Loss 0.0873   LearningRate 0.000966   Epoch: 6   Global Step: 9630   Fp16 Grad Scale: 1048576   Required: 129 hours
Training: 2025-03-27 00:35:16,099-Speed 78.95 samples/sec   Loss 0.1094   LearningRate 0.000966   Epoch: 6   Global Step: 9640   Fp16 Grad Scale: 262144   Required: 129 hours
Training: 2025-03-27 00:35:32,213-Speed 79.44 samples/sec   Loss 0.0873   LearningRate 0.000966   Epoch: 6   Global Step: 9650   Fp16 Grad Scale: 262144   Required: 129 hours
Training: 2025-03-27 00:35:48,353-Speed 79.31 samples/sec   Loss 0.1186   LearningRate 0.000966   Epoch: 6   Global Step: 9660   Fp16 Grad Scale: 262144   Required: 129 hours
Training: 2025-03-27 00:36:04,445-Speed 79.55 samples/sec   Loss 0.1013   LearningRate 0.000966   Epoch: 6   Global Step: 9670   Fp16 Grad Scale: 262144   Required: 129 hours
Training: 2025-03-27 00:36:20,598-Speed 79.25 samples/sec   Loss 0.0534   LearningRate 0.000966   Epoch: 6   Global Step: 9680   Fp16 Grad Scale: 262144   Required: 129 hours
Training: 2025-03-27 00:36:36,690-Speed 79.54 samples/sec   Loss 0.0641   LearningRate 0.000966   Epoch: 6   Global Step: 9690   Fp16 Grad Scale: 262144   Required: 129 hours
Training: 2025-03-27 00:36:52,870-Speed 79.11 samples/sec   Loss 0.0890   LearningRate 0.000966   Epoch: 6   Global Step: 9700   Fp16 Grad Scale: 262144   Required: 129 hours
Training: 2025-03-27 00:37:08,933-Speed 79.69 samples/sec   Loss 0.0787   LearningRate 0.000966   Epoch: 6   Global Step: 9710   Fp16 Grad Scale: 262144   Required: 128 hours
Training: 2025-03-27 00:37:25,056-Speed 79.39 samples/sec   Loss 0.0982   LearningRate 0.000966   Epoch: 6   Global Step: 9720   Fp16 Grad Scale: 262144   Required: 128 hours
Training: 2025-03-27 00:37:41,183-Speed 79.37 samples/sec   Loss 0.1165   LearningRate 0.000966   Epoch: 6   Global Step: 9730   Fp16 Grad Scale: 262144   Required: 128 hours
Training: 2025-03-27 00:37:57,301-Speed 79.42 samples/sec   Loss 0.0789   LearningRate 0.000966   Epoch: 6   Global Step: 9740   Fp16 Grad Scale: 524288   Required: 128 hours
Training: 2025-03-27 00:38:13,417-Speed 79.43 samples/sec   Loss 0.1616   LearningRate 0.000966   Epoch: 6   Global Step: 9750   Fp16 Grad Scale: 524288   Required: 128 hours
Training: 2025-03-27 00:38:29,475-Speed 79.72 samples/sec   Loss 0.0558   LearningRate 0.000966   Epoch: 6   Global Step: 9760   Fp16 Grad Scale: 524288   Required: 128 hours
Training: 2025-03-27 00:38:47,366-Speed 71.55 samples/sec   Loss 0.1051   LearningRate 0.000966   Epoch: 6   Global Step: 9770   Fp16 Grad Scale: 524288   Required: 128 hours
Training: 2025-03-27 00:39:03,458-Speed 79.55 samples/sec   Loss 0.0876   LearningRate 0.000966   Epoch: 6   Global Step: 9780   Fp16 Grad Scale: 524288   Required: 128 hours
Training: 2025-03-27 00:39:19,546-Speed 79.57 samples/sec   Loss 0.1765   LearningRate 0.000966   Epoch: 6   Global Step: 9790   Fp16 Grad Scale: 524288   Required: 128 hours
Training: 2025-03-27 00:39:35,724-Speed 79.12 samples/sec   Loss 0.0916   LearningRate 0.000966   Epoch: 6   Global Step: 9800   Fp16 Grad Scale: 524288   Required: 128 hours
Training: 2025-03-27 00:39:51,805-Speed 79.60 samples/sec   Loss 0.1482   LearningRate 0.000966   Epoch: 6   Global Step: 9810   Fp16 Grad Scale: 524288   Required: 128 hours
Training: 2025-03-27 00:40:07,834-Speed 79.86 samples/sec   Loss 0.1293   LearningRate 0.000966   Epoch: 6   Global Step: 9820   Fp16 Grad Scale: 524288   Required: 128 hours
Training: 2025-03-27 00:40:23,873-Speed 79.81 samples/sec   Loss 0.0858   LearningRate 0.000966   Epoch: 6   Global Step: 9830   Fp16 Grad Scale: 524288   Required: 128 hours
Training: 2025-03-27 00:40:39,981-Speed 79.47 samples/sec   Loss 0.1652   LearningRate 0.000965   Epoch: 6   Global Step: 9840   Fp16 Grad Scale: 1048576   Required: 128 hours
Training: 2025-03-27 00:40:56,013-Speed 79.84 samples/sec   Loss 0.1397   LearningRate 0.000965   Epoch: 6   Global Step: 9850   Fp16 Grad Scale: 1048576   Required: 128 hours
Training: 2025-03-27 00:41:12,238-Speed 78.89 samples/sec   Loss 0.0870   LearningRate 0.000965   Epoch: 6   Global Step: 9860   Fp16 Grad Scale: 524288   Required: 128 hours
Training: 2025-03-27 00:41:28,339-Speed 79.50 samples/sec   Loss 0.0864   LearningRate 0.000965   Epoch: 6   Global Step: 9870   Fp16 Grad Scale: 524288   Required: 128 hours
Training: 2025-03-27 00:41:44,356-Speed 79.92 samples/sec   Loss 0.1079   LearningRate 0.000965   Epoch: 6   Global Step: 9880   Fp16 Grad Scale: 524288   Required: 128 hours
Training: 2025-03-27 00:42:00,360-Speed 79.98 samples/sec   Loss 0.0717   LearningRate 0.000965   Epoch: 6   Global Step: 9890   Fp16 Grad Scale: 524288   Required: 128 hours
Training: 2025-03-27 00:42:16,401-Speed 79.80 samples/sec   Loss 0.1646   LearningRate 0.000965   Epoch: 6   Global Step: 9900   Fp16 Grad Scale: 524288   Required: 128 hours
Training: 2025-03-27 00:42:32,482-Speed 79.60 samples/sec   Loss 0.1144   LearningRate 0.000965   Epoch: 6   Global Step: 9910   Fp16 Grad Scale: 524288   Required: 128 hours
Training: 2025-03-27 00:42:48,521-Speed 79.81 samples/sec   Loss 0.0619   LearningRate 0.000965   Epoch: 6   Global Step: 9920   Fp16 Grad Scale: 524288   Required: 128 hours
Training: 2025-03-27 00:43:04,552-Speed 79.85 samples/sec   Loss 0.0728   LearningRate 0.000965   Epoch: 6   Global Step: 9930   Fp16 Grad Scale: 524288   Required: 128 hours
Training: 2025-03-27 00:43:20,615-Speed 79.69 samples/sec   Loss 0.1030   LearningRate 0.000965   Epoch: 6   Global Step: 9940   Fp16 Grad Scale: 524288   Required: 128 hours
Training: 2025-03-27 00:43:36,637-Speed 79.89 samples/sec   Loss 0.1078   LearningRate 0.000965   Epoch: 6   Global Step: 9950   Fp16 Grad Scale: 524288   Required: 128 hours
Training: 2025-03-27 00:43:54,542-Speed 71.49 samples/sec   Loss 0.1264   LearningRate 0.000965   Epoch: 6   Global Step: 9960   Fp16 Grad Scale: 1048576   Required: 128 hours
Training: 2025-03-27 00:44:10,597-Speed 79.73 samples/sec   Loss 0.0852   LearningRate 0.000965   Epoch: 6   Global Step: 9970   Fp16 Grad Scale: 1048576   Required: 128 hours
Training: 2025-03-27 00:44:25,538-Speed 85.67 samples/sec   Loss 0.0946   LearningRate 0.000965   Epoch: 6   Global Step: 9980   Fp16 Grad Scale: 1048576   Required: 128 hours
Training: 2025-03-27 00:44:44,784-Speed 66.51 samples/sec   Loss 0.0393   LearningRate 0.000965   Epoch: 7   Global Step: 9990   Fp16 Grad Scale: 1048576   Required: 128 hours
Training: 2025-03-27 00:45:00,843-Speed 79.71 samples/sec   Loss 0.0402   LearningRate 0.000965   Epoch: 7   Global Step: 10000   Fp16 Grad Scale: 1048576   Required: 128 hours
net_out.shape: torch.Size([128, 512])
net_out.shape: torch.Size([128, 512])
net_out.shape: torch.Size([128, 512])
net_out.shape: torch.Size([128, 512])
net_out.shape: torch.Size([128, 512])
net_out.shape: torch.Size([128, 512])
net_out.shape: torch.Size([128, 512])
net_out.shape: torch.Size([128, 512])
net_out.shape: torch.Size([128, 512])
net_out.shape: torch.Size([128, 512])
net_out.shape: torch.Size([128, 512])
net_out.shape: torch.Size([128, 512])
net_out.shape: torch.Size([128, 512])
net_out.shape: torch.Size([128, 512])
net_out.shape: torch.Size([128, 512])
net_out.shape: torch.Size([128, 512])
net_out.shape: torch.Size([128, 512])
net_out.shape: torch.Size([128, 512])
net_out.shape: torch.Size([128, 512])
net_out.shape: torch.Size([128, 512])
net_out.shape: torch.Size([128, 512])
net_out.shape: torch.Size([128, 512])
net_out.shape: torch.Size([128, 512])
net_out.shape: torch.Size([128, 512])
net_out.shape: torch.Size([128, 512])
net_out.shape: torch.Size([128, 512])
net_out.shape: torch.Size([128, 512])
net_out.shape: torch.Size([128, 512])
net_out.shape: torch.Size([128, 512])
net_out.shape: torch.Size([128, 512])
net_out.shape: torch.Size([128, 512])
net_out.shape: torch.Size([128, 512])
net_out.shape: torch.Size([128, 512])
net_out.shape: torch.Size([128, 512])
net_out.shape: torch.Size([128, 512])
net_out.shape: torch.Size([128, 512])
net_out.shape: torch.Size([128, 512])
net_out.shape: torch.Size([128, 512])
net_out.shape: torch.Size([128, 512])
net_out.shape: torch.Size([128, 512])
net_out.shape: torch.Size([128, 512])
net_out.shape: torch.Size([128, 512])
net_out.shape: torch.Size([128, 512])
net_out.shape: torch.Size([128, 512])
net_out.shape: torch.Size([128, 512])
net_out.shape: torch.Size([128, 512])
net_out.shape: torch.Size([128, 512])
net_out.shape: torch.Size([128, 512])
net_out.shape: torch.Size([128, 512])
net_out.shape: torch.Size([128, 512])
net_out.shape: torch.Size([128, 512])
net_out.shape: torch.Size([128, 512])
net_out.shape: torch.Size([128, 512])
net_out.shape: torch.Size([128, 512])
net_out.shape: torch.Size([128, 512])
net_out.shape: torch.Size([128, 512])
net_out.shape: torch.Size([128, 512])
net_out.shape: torch.Size([128, 512])
net_out.shape: torch.Size([128, 512])
net_out.shape: torch.Size([128, 512])
net_out.shape: torch.Size([128, 512])
net_out.shape: torch.Size([128, 512])
net_out.shape: torch.Size([128, 512])
net_out.shape: torch.Size([128, 512])
Training: 2025-03-27 00:46:11,769-[val][10000]XNorm: 20.894817352294922
Training: 2025-03-27 00:46:11,769-[val][10000]val: nan
Training: 2025-03-27 00:46:11,769-[val][10000]val_std: nan
Training: 2025-03-27 00:46:11,769-[val][10000]far: 0.0011292448034510016
Training: 2025-03-27 00:46:11,769-[val][10000]Accuracy: 1.0±0.0
Training: 2025-03-27 00:46:27,669-Speed 14.74 samples/sec   Loss 0.0278   LearningRate 0.000965   Epoch: 7   Global Step: 10010   Fp16 Grad Scale: 1048576   Required: 129 hours
Training: 2025-03-27 00:46:43,777-Speed 79.47 samples/sec   Loss 0.0558   LearningRate 0.000965   Epoch: 7   Global Step: 10020   Fp16 Grad Scale: 1048576   Required: 129 hours
Training: 2025-03-27 00:46:59,897-Speed 79.41 samples/sec   Loss 0.0359   LearningRate 0.000965   Epoch: 7   Global Step: 10030   Fp16 Grad Scale: 1048576   Required: 129 hours
Training: 2025-03-27 00:47:16,003-Speed 79.47 samples/sec   Loss 0.0766   LearningRate 0.000965   Epoch: 7   Global Step: 10040   Fp16 Grad Scale: 1048576   Required: 129 hours
Training: 2025-03-27 00:47:32,108-Speed 79.48 samples/sec   Loss 0.0159   LearningRate 0.000965   Epoch: 7   Global Step: 10050   Fp16 Grad Scale: 1048576   Required: 129 hours
Training: 2025-03-27 00:47:48,323-Speed 79.38 samples/sec   Loss 0.0911   LearningRate 0.000965   Epoch: 7   Global Step: 10060   Fp16 Grad Scale: 2097152   Required: 129 hours
Training: 2025-03-27 00:48:04,437-Speed 79.44 samples/sec   Loss 0.0156   LearningRate 0.000965   Epoch: 7   Global Step: 10070   Fp16 Grad Scale: 2097152   Required: 129 hours
Training: 2025-03-27 00:48:20,545-Speed 79.46 samples/sec   Loss 0.0288   LearningRate 0.000965   Epoch: 7   Global Step: 10080   Fp16 Grad Scale: 1048576   Required: 129 hours
Training: 2025-03-27 00:48:36,614-Speed 79.66 samples/sec   Loss 0.0249   LearningRate 0.000965   Epoch: 7   Global Step: 10090   Fp16 Grad Scale: 1048576   Required: 129 hours
Training: 2025-03-27 00:48:54,761-Speed 70.54 samples/sec   Loss 0.0608   LearningRate 0.000965   Epoch: 7   Global Step: 10100   Fp16 Grad Scale: 1048576   Required: 129 hours
Training: 2025-03-27 00:49:10,815-Speed 79.73 samples/sec   Loss 0.0580   LearningRate 0.000965   Epoch: 7   Global Step: 10110   Fp16 Grad Scale: 1048576   Required: 129 hours
Training: 2025-03-27 00:49:26,899-Speed 79.59 samples/sec   Loss 0.0403   LearningRate 0.000965   Epoch: 7   Global Step: 10120   Fp16 Grad Scale: 1048576   Required: 129 hours
Training: 2025-03-27 00:49:43,181-Speed 78.62 samples/sec   Loss 0.0266   LearningRate 0.000964   Epoch: 7   Global Step: 10130   Fp16 Grad Scale: 1048576   Required: 129 hours
Training: 2025-03-27 00:49:59,246-Speed 79.68 samples/sec   Loss 0.0205   LearningRate 0.000964   Epoch: 7   Global Step: 10140   Fp16 Grad Scale: 1048576   Required: 129 hours
Training: 2025-03-27 00:50:15,370-Speed 79.39 samples/sec   Loss 0.0701   LearningRate 0.000964   Epoch: 7   Global Step: 10150   Fp16 Grad Scale: 1048576   Required: 129 hours
Training: 2025-03-27 00:50:31,491-Speed 79.40 samples/sec   Loss 0.0867   LearningRate 0.000964   Epoch: 7   Global Step: 10160   Fp16 Grad Scale: 1048576   Required: 129 hours
Training: 2025-03-27 00:50:47,572-Speed 79.60 samples/sec   Loss 0.0406   LearningRate 0.000964   Epoch: 7   Global Step: 10170   Fp16 Grad Scale: 1048576   Required: 129 hours
Training: 2025-03-27 00:51:03,612-Speed 79.81 samples/sec   Loss 0.1042   LearningRate 0.000964   Epoch: 7   Global Step: 10180   Fp16 Grad Scale: 1048576   Required: 129 hours
Training: 2025-03-27 00:51:19,678-Speed 79.67 samples/sec   Loss 0.0855   LearningRate 0.000964   Epoch: 7   Global Step: 10190   Fp16 Grad Scale: 1048576   Required: 129 hours
Training: 2025-03-27 00:51:35,749-Speed 79.65 samples/sec   Loss 0.0523   LearningRate 0.000964   Epoch: 7   Global Step: 10200   Fp16 Grad Scale: 1048576   Required: 129 hours
Training: 2025-03-27 00:51:51,818-Speed 79.66 samples/sec   Loss 0.0319   LearningRate 0.000964   Epoch: 7   Global Step: 10210   Fp16 Grad Scale: 1048576   Required: 129 hours
Training: 2025-03-27 00:52:07,934-Speed 79.43 samples/sec   Loss 0.0357   LearningRate 0.000964   Epoch: 7   Global Step: 10220   Fp16 Grad Scale: 1048576   Required: 129 hours
Training: 2025-03-27 00:52:23,989-Speed 79.73 samples/sec   Loss 0.0321   LearningRate 0.000964   Epoch: 7   Global Step: 10230   Fp16 Grad Scale: 1048576   Required: 129 hours
Training: 2025-03-27 00:52:40,045-Speed 79.72 samples/sec   Loss 0.0437   LearningRate 0.000964   Epoch: 7   Global Step: 10240   Fp16 Grad Scale: 1048576   Required: 129 hours
Training: 2025-03-27 00:52:56,107-Speed 79.70 samples/sec   Loss 0.0355   LearningRate 0.000964   Epoch: 7   Global Step: 10250   Fp16 Grad Scale: 1048576   Required: 129 hours
Training: 2025-03-27 00:53:12,136-Speed 79.86 samples/sec   Loss 0.0274   LearningRate 0.000964   Epoch: 7   Global Step: 10260   Fp16 Grad Scale: 1048576   Required: 129 hours
Training: 2025-03-27 00:53:28,163-Speed 79.87 samples/sec   Loss 0.0430   LearningRate 0.000964   Epoch: 7   Global Step: 10270   Fp16 Grad Scale: 1048576   Required: 129 hours
Training: 2025-03-27 00:53:44,368-Speed 78.99 samples/sec   Loss 0.0364   LearningRate 0.000964   Epoch: 7   Global Step: 10280   Fp16 Grad Scale: 2097152   Required: 129 hours
Training: 2025-03-27 00:54:02,388-Speed 71.04 samples/sec   Loss 0.0440   LearningRate 0.000964   Epoch: 7   Global Step: 10290   Fp16 Grad Scale: 2097152   Required: 129 hours
Training: 2025-03-27 00:54:18,382-Speed 80.03 samples/sec   Loss 0.0318   LearningRate 0.000964   Epoch: 7   Global Step: 10300   Fp16 Grad Scale: 2097152   Required: 129 hours
Training: 2025-03-27 00:54:34,493-Speed 79.45 samples/sec   Loss 0.0507   LearningRate 0.000964   Epoch: 7   Global Step: 10310   Fp16 Grad Scale: 2097152   Required: 129 hours
Training: 2025-03-27 00:54:50,584-Speed 79.55 samples/sec   Loss 0.0438   LearningRate 0.000964   Epoch: 7   Global Step: 10320   Fp16 Grad Scale: 1048576   Required: 128 hours
Training: 2025-03-27 00:55:06,699-Speed 79.43 samples/sec   Loss 0.0736   LearningRate 0.000964   Epoch: 7   Global Step: 10330   Fp16 Grad Scale: 1048576   Required: 128 hours
Training: 2025-03-27 00:55:22,766-Speed 79.67 samples/sec   Loss 0.0387   LearningRate 0.000964   Epoch: 7   Global Step: 10340   Fp16 Grad Scale: 1048576   Required: 128 hours
Training: 2025-03-27 00:55:38,852-Speed 79.57 samples/sec   Loss 0.0259   LearningRate 0.000964   Epoch: 7   Global Step: 10350   Fp16 Grad Scale: 1048576   Required: 128 hours
Training: 2025-03-27 00:55:54,942-Speed 79.56 samples/sec   Loss 0.0485   LearningRate 0.000964   Epoch: 7   Global Step: 10360   Fp16 Grad Scale: 1048576   Required: 128 hours
Training: 2025-03-27 00:56:11,023-Speed 79.60 samples/sec   Loss 0.0590   LearningRate 0.000964   Epoch: 7   Global Step: 10370   Fp16 Grad Scale: 1048576   Required: 128 hours
Training: 2025-03-27 00:56:27,085-Speed 79.70 samples/sec   Loss 0.0779   LearningRate 0.000964   Epoch: 7   Global Step: 10380   Fp16 Grad Scale: 1048576   Required: 128 hours
Training: 2025-03-27 00:56:43,159-Speed 79.64 samples/sec   Loss 0.0456   LearningRate 0.000964   Epoch: 7   Global Step: 10390   Fp16 Grad Scale: 1048576   Required: 128 hours
Training: 2025-03-27 00:56:59,243-Speed 79.58 samples/sec   Loss 0.0526   LearningRate 0.000964   Epoch: 7   Global Step: 10400   Fp16 Grad Scale: 1048576   Required: 128 hours
Training: 2025-03-27 00:57:15,265-Speed 79.89 samples/sec   Loss 0.0580   LearningRate 0.000963   Epoch: 7   Global Step: 10410   Fp16 Grad Scale: 1048576   Required: 128 hours
Training: 2025-03-27 00:57:31,379-Speed 79.44 samples/sec   Loss 0.0414   LearningRate 0.000963   Epoch: 7   Global Step: 10420   Fp16 Grad Scale: 2097152   Required: 128 hours
Training: 2025-03-27 00:57:47,444-Speed 79.68 samples/sec   Loss 0.0359   LearningRate 0.000963   Epoch: 7   Global Step: 10430   Fp16 Grad Scale: 1048576   Required: 128 hours
Training: 2025-03-27 00:58:03,666-Speed 78.91 samples/sec   Loss 0.0150   LearningRate 0.000963   Epoch: 7   Global Step: 10440   Fp16 Grad Scale: 1048576   Required: 128 hours
Training: 2025-03-27 00:58:19,717-Speed 79.75 samples/sec   Loss 0.0400   LearningRate 0.000963   Epoch: 7   Global Step: 10450   Fp16 Grad Scale: 1048576   Required: 128 hours
Training: 2025-03-27 00:58:35,838-Speed 79.41 samples/sec   Loss 0.0966   LearningRate 0.000963   Epoch: 7   Global Step: 10460   Fp16 Grad Scale: 1048576   Required: 128 hours
Training: 2025-03-27 00:58:51,982-Speed 79.29 samples/sec   Loss 0.0445   LearningRate 0.000963   Epoch: 7   Global Step: 10470   Fp16 Grad Scale: 1048576   Required: 128 hours
Training: 2025-03-27 00:59:09,868-Speed 71.57 samples/sec   Loss 0.0525   LearningRate 0.000963   Epoch: 7   Global Step: 10480   Fp16 Grad Scale: 1048576   Required: 128 hours
Training: 2025-03-27 00:59:25,903-Speed 79.83 samples/sec   Loss 0.0566   LearningRate 0.000963   Epoch: 7   Global Step: 10490   Fp16 Grad Scale: 524288   Required: 128 hours
Training: 2025-03-27 00:59:41,938-Speed 79.83 samples/sec   Loss 0.0395   LearningRate 0.000963   Epoch: 7   Global Step: 10500   Fp16 Grad Scale: 524288   Required: 128 hours
Training: 2025-03-27 00:59:58,037-Speed 79.51 samples/sec   Loss 0.0602   LearningRate 0.000963   Epoch: 7   Global Step: 10510   Fp16 Grad Scale: 524288   Required: 128 hours
Training: 2025-03-27 01:00:14,133-Speed 79.52 samples/sec   Loss 0.0617   LearningRate 0.000963   Epoch: 7   Global Step: 10520   Fp16 Grad Scale: 524288   Required: 128 hours
Training: 2025-03-27 01:00:30,224-Speed 79.55 samples/sec   Loss 0.0461   LearningRate 0.000963   Epoch: 7   Global Step: 10530   Fp16 Grad Scale: 524288   Required: 128 hours
Training: 2025-03-27 01:00:46,283-Speed 79.71 samples/sec   Loss 0.0393   LearningRate 0.000963   Epoch: 7   Global Step: 10540   Fp16 Grad Scale: 524288   Required: 128 hours
Training: 2025-03-27 01:01:02,330-Speed 79.77 samples/sec   Loss 0.0769   LearningRate 0.000963   Epoch: 7   Global Step: 10550   Fp16 Grad Scale: 524288   Required: 128 hours
Training: 2025-03-27 01:01:18,427-Speed 79.52 samples/sec   Loss 0.0741   LearningRate 0.000963   Epoch: 7   Global Step: 10560   Fp16 Grad Scale: 524288   Required: 128 hours
Training: 2025-03-27 01:01:34,459-Speed 79.84 samples/sec   Loss 0.0467   LearningRate 0.000963   Epoch: 7   Global Step: 10570   Fp16 Grad Scale: 524288   Required: 128 hours
Training: 2025-03-27 01:01:50,538-Speed 79.61 samples/sec   Loss 0.0669   LearningRate 0.000963   Epoch: 7   Global Step: 10580   Fp16 Grad Scale: 524288   Required: 128 hours
Training: 2025-03-27 01:02:06,789-Speed 78.77 samples/sec   Loss 0.0987   LearningRate 0.000963   Epoch: 7   Global Step: 10590   Fp16 Grad Scale: 1048576   Required: 128 hours
Training: 2025-03-27 01:02:22,844-Speed 79.73 samples/sec   Loss 0.0769   LearningRate 0.000963   Epoch: 7   Global Step: 10600   Fp16 Grad Scale: 1048576   Required: 128 hours
Training: 2025-03-27 01:02:38,947-Speed 79.49 samples/sec   Loss 0.0310   LearningRate 0.000963   Epoch: 7   Global Step: 10610   Fp16 Grad Scale: 1048576   Required: 128 hours
Training: 2025-03-27 01:02:55,048-Speed 79.50 samples/sec   Loss 0.0468   LearningRate 0.000963   Epoch: 7   Global Step: 10620   Fp16 Grad Scale: 1048576   Required: 128 hours
Training: 2025-03-27 01:03:11,067-Speed 79.91 samples/sec   Loss 0.0401   LearningRate 0.000963   Epoch: 7   Global Step: 10630   Fp16 Grad Scale: 1048576   Required: 128 hours
Training: 2025-03-27 01:03:27,152-Speed 79.58 samples/sec   Loss 0.0247   LearningRate 0.000963   Epoch: 7   Global Step: 10640   Fp16 Grad Scale: 1048576   Required: 128 hours
Training: 2025-03-27 01:03:43,232-Speed 79.61 samples/sec   Loss 0.0359   LearningRate 0.000963   Epoch: 7   Global Step: 10650   Fp16 Grad Scale: 1048576   Required: 128 hours
Training: 2025-03-27 01:03:59,310-Speed 79.61 samples/sec   Loss 0.0471   LearningRate 0.000963   Epoch: 7   Global Step: 10660   Fp16 Grad Scale: 1048576   Required: 128 hours
Training: 2025-03-27 01:04:16,814-Speed 73.13 samples/sec   Loss 0.1260   LearningRate 0.000963   Epoch: 7   Global Step: 10670   Fp16 Grad Scale: 1048576   Required: 128 hours
Training: 2025-03-27 01:04:32,864-Speed 79.75 samples/sec   Loss 0.0790   LearningRate 0.000963   Epoch: 7   Global Step: 10680   Fp16 Grad Scale: 1048576   Required: 128 hours
Training: 2025-03-27 01:04:48,984-Speed 79.41 samples/sec   Loss 0.0285   LearningRate 0.000963   Epoch: 7   Global Step: 10690   Fp16 Grad Scale: 2097152   Required: 128 hours
Training: 2025-03-27 01:05:05,033-Speed 79.76 samples/sec   Loss 0.0351   LearningRate 0.000962   Epoch: 7   Global Step: 10700   Fp16 Grad Scale: 1048576   Required: 128 hours
Training: 2025-03-27 01:05:21,101-Speed 79.66 samples/sec   Loss 0.1313   LearningRate 0.000962   Epoch: 7   Global Step: 10710   Fp16 Grad Scale: 1048576   Required: 128 hours
Training: 2025-03-27 01:05:37,181-Speed 79.61 samples/sec   Loss 0.0400   LearningRate 0.000962   Epoch: 7   Global Step: 10720   Fp16 Grad Scale: 1048576   Required: 128 hours
Training: 2025-03-27 01:05:53,254-Speed 79.64 samples/sec   Loss 0.0361   LearningRate 0.000962   Epoch: 7   Global Step: 10730   Fp16 Grad Scale: 1048576   Required: 128 hours
Training: 2025-03-27 01:06:09,340-Speed 79.58 samples/sec   Loss 0.0452   LearningRate 0.000962   Epoch: 7   Global Step: 10740   Fp16 Grad Scale: 1048576   Required: 128 hours
Training: 2025-03-27 01:06:25,582-Speed 78.81 samples/sec   Loss 0.0566   LearningRate 0.000962   Epoch: 7   Global Step: 10750   Fp16 Grad Scale: 1048576   Required: 128 hours
Training: 2025-03-27 01:06:41,611-Speed 79.86 samples/sec   Loss 0.0381   LearningRate 0.000962   Epoch: 7   Global Step: 10760   Fp16 Grad Scale: 524288   Required: 128 hours
Training: 2025-03-27 01:06:57,701-Speed 79.56 samples/sec   Loss 0.0389   LearningRate 0.000962   Epoch: 7   Global Step: 10770   Fp16 Grad Scale: 524288   Required: 128 hours
Training: 2025-03-27 01:07:13,795-Speed 79.54 samples/sec   Loss 0.0934   LearningRate 0.000962   Epoch: 7   Global Step: 10780   Fp16 Grad Scale: 524288   Required: 128 hours
Training: 2025-03-27 01:07:29,893-Speed 79.51 samples/sec   Loss 0.0465   LearningRate 0.000962   Epoch: 7   Global Step: 10790   Fp16 Grad Scale: 524288   Required: 128 hours
Training: 2025-03-27 01:07:45,976-Speed 79.59 samples/sec   Loss 0.0389   LearningRate 0.000962   Epoch: 7   Global Step: 10800   Fp16 Grad Scale: 524288   Required: 128 hours
Training: 2025-03-27 01:08:02,092-Speed 79.43 samples/sec   Loss 0.1908   LearningRate 0.000962   Epoch: 7   Global Step: 10810   Fp16 Grad Scale: 524288   Required: 128 hours
Training: 2025-03-27 01:08:18,364-Speed 78.66 samples/sec   Loss 0.0552   LearningRate 0.000962   Epoch: 7   Global Step: 10820   Fp16 Grad Scale: 524288   Required: 128 hours
Training: 2025-03-27 01:08:34,421-Speed 79.72 samples/sec   Loss 0.0440   LearningRate 0.000962   Epoch: 7   Global Step: 10830   Fp16 Grad Scale: 524288   Required: 128 hours
Training: 2025-03-27 01:08:50,625-Speed 79.00 samples/sec   Loss 0.0720   LearningRate 0.000962   Epoch: 7   Global Step: 10840   Fp16 Grad Scale: 524288   Required: 128 hours
Training: 2025-03-27 01:09:07,702-Speed 74.96 samples/sec   Loss 0.0916   LearningRate 0.000962   Epoch: 7   Global Step: 10850   Fp16 Grad Scale: 524288   Required: 128 hours
Training: 2025-03-27 01:09:24,714-Speed 75.25 samples/sec   Loss 0.0512   LearningRate 0.000962   Epoch: 7   Global Step: 10860   Fp16 Grad Scale: 1048576   Required: 128 hours
Training: 2025-03-27 01:09:40,833-Speed 79.41 samples/sec   Loss 0.0398   LearningRate 0.000962   Epoch: 7   Global Step: 10870   Fp16 Grad Scale: 1048576   Required: 128 hours
Training: 2025-03-27 01:09:56,948-Speed 79.43 samples/sec   Loss 0.0404   LearningRate 0.000962   Epoch: 7   Global Step: 10880   Fp16 Grad Scale: 1048576   Required: 128 hours
Training: 2025-03-27 01:10:13,035-Speed 79.57 samples/sec   Loss 0.0645   LearningRate 0.000962   Epoch: 7   Global Step: 10890   Fp16 Grad Scale: 1048576   Required: 128 hours
Training: 2025-03-27 01:10:29,108-Speed 79.64 samples/sec   Loss 0.0518   LearningRate 0.000962   Epoch: 7   Global Step: 10900   Fp16 Grad Scale: 524288   Required: 128 hours
Training: 2025-03-27 01:10:45,308-Speed 79.01 samples/sec   Loss 0.0747   LearningRate 0.000962   Epoch: 7   Global Step: 10910   Fp16 Grad Scale: 262144   Required: 128 hours
Training: 2025-03-27 01:11:01,450-Speed 79.30 samples/sec   Loss 0.0965   LearningRate 0.000962   Epoch: 7   Global Step: 10920   Fp16 Grad Scale: 262144   Required: 128 hours
Training: 2025-03-27 01:11:17,563-Speed 79.44 samples/sec   Loss 0.1213   LearningRate 0.000962   Epoch: 7   Global Step: 10930   Fp16 Grad Scale: 262144   Required: 128 hours
Training: 2025-03-27 01:11:33,626-Speed 79.69 samples/sec   Loss 0.0286   LearningRate 0.000962   Epoch: 7   Global Step: 10940   Fp16 Grad Scale: 262144   Required: 128 hours
Training: 2025-03-27 01:11:49,717-Speed 79.55 samples/sec   Loss 0.1074   LearningRate 0.000962   Epoch: 7   Global Step: 10950   Fp16 Grad Scale: 262144   Required: 128 hours
Training: 2025-03-27 01:12:05,799-Speed 79.60 samples/sec   Loss 0.0667   LearningRate 0.000962   Epoch: 7   Global Step: 10960   Fp16 Grad Scale: 262144   Required: 128 hours
Training: 2025-03-27 01:12:21,924-Speed 79.38 samples/sec   Loss 0.0439   LearningRate 0.000962   Epoch: 7   Global Step: 10970   Fp16 Grad Scale: 262144   Required: 128 hours
Training: 2025-03-27 01:12:38,006-Speed 79.60 samples/sec   Loss 0.0581   LearningRate 0.000962   Epoch: 7   Global Step: 10980   Fp16 Grad Scale: 262144   Required: 128 hours
Training: 2025-03-27 01:12:54,075-Speed 79.66 samples/sec   Loss 0.0858   LearningRate 0.000961   Epoch: 7   Global Step: 10990   Fp16 Grad Scale: 262144   Required: 128 hours
Training: 2025-03-27 01:13:10,196-Speed 79.40 samples/sec   Loss 0.0425   LearningRate 0.000961   Epoch: 7   Global Step: 11000   Fp16 Grad Scale: 262144   Required: 128 hours
Training: 2025-03-27 01:13:26,238-Speed 79.80 samples/sec   Loss 0.0425   LearningRate 0.000961   Epoch: 7   Global Step: 11010   Fp16 Grad Scale: 524288   Required: 128 hours
Training: 2025-03-27 01:13:42,342-Speed 79.48 samples/sec   Loss 0.0343   LearningRate 0.000961   Epoch: 7   Global Step: 11020   Fp16 Grad Scale: 524288   Required: 128 hours
Training: 2025-03-27 01:13:58,462-Speed 79.41 samples/sec   Loss 0.0449   LearningRate 0.000961   Epoch: 7   Global Step: 11030   Fp16 Grad Scale: 524288   Required: 128 hours
Training: 2025-03-27 01:14:16,328-Speed 71.65 samples/sec   Loss 0.0988   LearningRate 0.000961   Epoch: 7   Global Step: 11040   Fp16 Grad Scale: 262144   Required: 128 hours
Training: 2025-03-27 01:14:32,397-Speed 79.66 samples/sec   Loss 0.0459   LearningRate 0.000961   Epoch: 7   Global Step: 11050   Fp16 Grad Scale: 262144   Required: 128 hours
Training: 2025-03-27 01:14:48,692-Speed 78.55 samples/sec   Loss 0.0405   LearningRate 0.000961   Epoch: 7   Global Step: 11060   Fp16 Grad Scale: 262144   Required: 128 hours
Training: 2025-03-27 01:15:04,766-Speed 79.64 samples/sec   Loss 0.0552   LearningRate 0.000961   Epoch: 7   Global Step: 11070   Fp16 Grad Scale: 262144   Required: 128 hours
Training: 2025-03-27 01:15:20,897-Speed 79.36 samples/sec   Loss 0.1101   LearningRate 0.000961   Epoch: 7   Global Step: 11080   Fp16 Grad Scale: 262144   Required: 128 hours
Training: 2025-03-27 01:15:36,974-Speed 79.62 samples/sec   Loss 0.1173   LearningRate 0.000961   Epoch: 7   Global Step: 11090   Fp16 Grad Scale: 262144   Required: 128 hours
Training: 2025-03-27 01:15:53,071-Speed 79.52 samples/sec   Loss 0.1118   LearningRate 0.000961   Epoch: 7   Global Step: 11100   Fp16 Grad Scale: 262144   Required: 128 hours
Training: 2025-03-27 01:16:09,178-Speed 79.47 samples/sec   Loss 0.0694   LearningRate 0.000961   Epoch: 7   Global Step: 11110   Fp16 Grad Scale: 262144   Required: 128 hours
Training: 2025-03-27 01:16:25,262-Speed 79.59 samples/sec   Loss 0.1041   LearningRate 0.000961   Epoch: 7   Global Step: 11120   Fp16 Grad Scale: 262144   Required: 128 hours
Training: 2025-03-27 01:16:41,344-Speed 79.59 samples/sec   Loss 0.0763   LearningRate 0.000961   Epoch: 7   Global Step: 11130   Fp16 Grad Scale: 262144   Required: 128 hours
Training: 2025-03-27 01:16:57,419-Speed 79.63 samples/sec   Loss 0.0941   LearningRate 0.000961   Epoch: 7   Global Step: 11140   Fp16 Grad Scale: 524288   Required: 128 hours
Training: 2025-03-27 01:17:13,488-Speed 79.66 samples/sec   Loss 0.0737   LearningRate 0.000961   Epoch: 7   Global Step: 11150   Fp16 Grad Scale: 524288   Required: 128 hours
Training: 2025-03-27 01:17:29,593-Speed 79.48 samples/sec   Loss 0.1471   LearningRate 0.000961   Epoch: 7   Global Step: 11160   Fp16 Grad Scale: 524288   Required: 128 hours
Training: 2025-03-27 01:17:45,709-Speed 79.43 samples/sec   Loss 0.0595   LearningRate 0.000961   Epoch: 7   Global Step: 11170   Fp16 Grad Scale: 524288   Required: 128 hours
Training: 2025-03-27 01:18:01,782-Speed 79.64 samples/sec   Loss 0.0862   LearningRate 0.000961   Epoch: 7   Global Step: 11180   Fp16 Grad Scale: 524288   Required: 128 hours
Training: 2025-03-27 01:18:17,922-Speed 79.31 samples/sec   Loss 0.0409   LearningRate 0.000961   Epoch: 7   Global Step: 11190   Fp16 Grad Scale: 524288   Required: 128 hours
Training: 2025-03-27 01:18:34,006-Speed 79.59 samples/sec   Loss 0.0393   LearningRate 0.000961   Epoch: 7   Global Step: 11200   Fp16 Grad Scale: 524288   Required: 128 hours
Training: 2025-03-27 01:18:50,066-Speed 79.70 samples/sec   Loss 0.1093   LearningRate 0.000961   Epoch: 7   Global Step: 11210   Fp16 Grad Scale: 524288   Required: 128 hours
Training: 2025-03-27 01:19:06,263-Speed 79.03 samples/sec   Loss 0.0467   LearningRate 0.000961   Epoch: 7   Global Step: 11220   Fp16 Grad Scale: 524288   Required: 128 hours
Training: 2025-03-27 01:19:24,258-Speed 71.13 samples/sec   Loss 0.0914   LearningRate 0.000961   Epoch: 7   Global Step: 11230   Fp16 Grad Scale: 524288   Required: 128 hours
Training: 2025-03-27 01:19:40,317-Speed 79.71 samples/sec   Loss 0.0787   LearningRate 0.000961   Epoch: 7   Global Step: 11240   Fp16 Grad Scale: 1048576   Required: 128 hours
Training: 2025-03-27 01:19:56,365-Speed 79.77 samples/sec   Loss 0.0683   LearningRate 0.000961   Epoch: 7   Global Step: 11250   Fp16 Grad Scale: 524288   Required: 128 hours
Training: 2025-03-27 01:20:12,445-Speed 79.61 samples/sec   Loss 0.1086   LearningRate 0.000961   Epoch: 7   Global Step: 11260   Fp16 Grad Scale: 524288   Required: 128 hours
Training: 2025-03-27 01:20:28,511-Speed 79.67 samples/sec   Loss 0.0941   LearningRate 0.000960   Epoch: 7   Global Step: 11270   Fp16 Grad Scale: 524288   Required: 128 hours
Training: 2025-03-27 01:20:44,602-Speed 79.55 samples/sec   Loss 0.1093   LearningRate 0.000960   Epoch: 7   Global Step: 11280   Fp16 Grad Scale: 524288   Required: 128 hours
Training: 2025-03-27 01:21:00,659-Speed 79.72 samples/sec   Loss 0.1046   LearningRate 0.000960   Epoch: 7   Global Step: 11290   Fp16 Grad Scale: 524288   Required: 128 hours
Training: 2025-03-27 01:21:16,809-Speed 79.26 samples/sec   Loss 0.0779   LearningRate 0.000960   Epoch: 7   Global Step: 11300   Fp16 Grad Scale: 524288   Required: 128 hours
Training: 2025-03-27 01:21:32,863-Speed 79.73 samples/sec   Loss 0.0983   LearningRate 0.000960   Epoch: 7   Global Step: 11310   Fp16 Grad Scale: 524288   Required: 128 hours
Training: 2025-03-27 01:21:48,895-Speed 79.85 samples/sec   Loss 0.1041   LearningRate 0.000960   Epoch: 7   Global Step: 11320   Fp16 Grad Scale: 524288   Required: 128 hours
Training: 2025-03-27 01:22:04,974-Speed 79.61 samples/sec   Loss 0.0716   LearningRate 0.000960   Epoch: 7   Global Step: 11330   Fp16 Grad Scale: 524288   Required: 128 hours
Training: 2025-03-27 01:22:21,066-Speed 79.54 samples/sec   Loss 0.0430   LearningRate 0.000960   Epoch: 7   Global Step: 11340   Fp16 Grad Scale: 524288   Required: 128 hours
Training: 2025-03-27 01:22:37,198-Speed 79.35 samples/sec   Loss 0.0684   LearningRate 0.000960   Epoch: 7   Global Step: 11350   Fp16 Grad Scale: 1048576   Required: 128 hours
Training: 2025-03-27 01:22:53,333-Speed 79.33 samples/sec   Loss 0.0657   LearningRate 0.000960   Epoch: 7   Global Step: 11360   Fp16 Grad Scale: 1048576   Required: 128 hours
Training: 2025-03-27 01:23:09,620-Speed 78.60 samples/sec   Loss 0.0470   LearningRate 0.000960   Epoch: 7   Global Step: 11370   Fp16 Grad Scale: 1048576   Required: 128 hours
Training: 2025-03-27 01:23:25,681-Speed 79.70 samples/sec   Loss 0.0527   LearningRate 0.000960   Epoch: 7   Global Step: 11380   Fp16 Grad Scale: 1048576   Required: 128 hours
Training: 2025-03-27 01:23:41,757-Speed 79.62 samples/sec   Loss 0.0742   LearningRate 0.000960   Epoch: 7   Global Step: 11390   Fp16 Grad Scale: 1048576   Required: 128 hours
Training: 2025-03-27 01:23:57,536-Speed 81.12 samples/sec   Loss 0.0633   LearningRate 0.000960   Epoch: 7   Global Step: 11400   Fp16 Grad Scale: 1048576   Required: 128 hours
Training: 2025-03-27 01:24:15,980-Speed 69.40 samples/sec   Loss 0.0794   LearningRate 0.000960   Epoch: 8   Global Step: 11410   Fp16 Grad Scale: 1048576   Required: 128 hours
Training: 2025-03-27 01:24:33,514-Speed 73.00 samples/sec   Loss 0.0276   LearningRate 0.000960   Epoch: 8   Global Step: 11420   Fp16 Grad Scale: 1048576   Required: 128 hours
Training: 2025-03-27 01:24:49,536-Speed 79.89 samples/sec   Loss 0.0204   LearningRate 0.000960   Epoch: 8   Global Step: 11430   Fp16 Grad Scale: 1048576   Required: 128 hours
Training: 2025-03-27 01:25:05,759-Speed 78.90 samples/sec   Loss 0.0156   LearningRate 0.000960   Epoch: 8   Global Step: 11440   Fp16 Grad Scale: 1048576   Required: 128 hours
Training: 2025-03-27 01:25:21,818-Speed 79.71 samples/sec   Loss 0.0565   LearningRate 0.000960   Epoch: 8   Global Step: 11450   Fp16 Grad Scale: 2097152   Required: 127 hours
Training: 2025-03-27 01:25:37,843-Speed 79.88 samples/sec   Loss 0.0386   LearningRate 0.000960   Epoch: 8   Global Step: 11460   Fp16 Grad Scale: 2097152   Required: 127 hours
Training: 2025-03-27 01:25:53,906-Speed 79.69 samples/sec   Loss 0.0307   LearningRate 0.000960   Epoch: 8   Global Step: 11470   Fp16 Grad Scale: 2097152   Required: 127 hours
Training: 2025-03-27 01:26:09,958-Speed 79.75 samples/sec   Loss 0.0582   LearningRate 0.000960   Epoch: 8   Global Step: 11480   Fp16 Grad Scale: 1048576   Required: 127 hours
Training: 2025-03-27 01:26:26,025-Speed 79.67 samples/sec   Loss 0.0202   LearningRate 0.000960   Epoch: 8   Global Step: 11490   Fp16 Grad Scale: 1048576   Required: 127 hours
Training: 2025-03-27 01:26:42,179-Speed 79.24 samples/sec   Loss 0.0349   LearningRate 0.000960   Epoch: 8   Global Step: 11500   Fp16 Grad Scale: 1048576   Required: 127 hours
Training: 2025-03-27 01:26:58,237-Speed 79.72 samples/sec   Loss 0.0110   LearningRate 0.000960   Epoch: 8   Global Step: 11510   Fp16 Grad Scale: 1048576   Required: 127 hours
Training: 2025-03-27 01:27:14,384-Speed 79.28 samples/sec   Loss 0.0280   LearningRate 0.000960   Epoch: 8   Global Step: 11520   Fp16 Grad Scale: 1048576   Required: 127 hours
Training: 2025-03-27 01:27:30,605-Speed 78.91 samples/sec   Loss 0.0169   LearningRate 0.000960   Epoch: 8   Global Step: 11530   Fp16 Grad Scale: 1048576   Required: 127 hours
Training: 2025-03-27 01:27:46,681-Speed 79.62 samples/sec   Loss 0.0481   LearningRate 0.000960   Epoch: 8   Global Step: 11540   Fp16 Grad Scale: 1048576   Required: 127 hours
Training: 2025-03-27 01:28:02,739-Speed 79.72 samples/sec   Loss 0.0252   LearningRate 0.000960   Epoch: 8   Global Step: 11550   Fp16 Grad Scale: 1048576   Required: 127 hours
Training: 2025-03-27 01:28:18,858-Speed 79.41 samples/sec   Loss 0.0345   LearningRate 0.000959   Epoch: 8   Global Step: 11560   Fp16 Grad Scale: 1048576   Required: 127 hours
Training: 2025-03-27 01:28:34,944-Speed 79.58 samples/sec   Loss 0.0194   LearningRate 0.000959   Epoch: 8   Global Step: 11570   Fp16 Grad Scale: 1048576   Required: 127 hours
Training: 2025-03-27 01:28:51,054-Speed 79.46 samples/sec   Loss 0.0186   LearningRate 0.000959   Epoch: 8   Global Step: 11580   Fp16 Grad Scale: 2097152   Required: 127 hours
Training: 2025-03-27 01:29:07,119-Speed 79.68 samples/sec   Loss 0.0455   LearningRate 0.000959   Epoch: 8   Global Step: 11590   Fp16 Grad Scale: 1048576   Required: 127 hours
Training: 2025-03-27 01:29:25,032-Speed 71.46 samples/sec   Loss 0.0152   LearningRate 0.000959   Epoch: 8   Global Step: 11600   Fp16 Grad Scale: 1048576   Required: 127 hours
Training: 2025-03-27 01:29:41,065-Speed 79.83 samples/sec   Loss 0.0312   LearningRate 0.000959   Epoch: 8   Global Step: 11610   Fp16 Grad Scale: 1048576   Required: 127 hours
Training: 2025-03-27 01:29:57,103-Speed 79.81 samples/sec   Loss 0.0219   LearningRate 0.000959   Epoch: 8   Global Step: 11620   Fp16 Grad Scale: 1048576   Required: 127 hours
Training: 2025-03-27 01:30:13,129-Speed 79.88 samples/sec   Loss 0.0301   LearningRate 0.000959   Epoch: 8   Global Step: 11630   Fp16 Grad Scale: 1048576   Required: 127 hours
Training: 2025-03-27 01:30:29,200-Speed 79.65 samples/sec   Loss 0.1105   LearningRate 0.000959   Epoch: 8   Global Step: 11640   Fp16 Grad Scale: 1048576   Required: 127 hours
Training: 2025-03-27 01:30:45,273-Speed 79.64 samples/sec   Loss 0.0223   LearningRate 0.000959   Epoch: 8   Global Step: 11650   Fp16 Grad Scale: 1048576   Required: 127 hours
Training: 2025-03-27 01:31:01,491-Speed 78.93 samples/sec   Loss 0.0175   LearningRate 0.000959   Epoch: 8   Global Step: 11660   Fp16 Grad Scale: 1048576   Required: 127 hours
Training: 2025-03-27 01:31:17,557-Speed 79.67 samples/sec   Loss 0.0411   LearningRate 0.000959   Epoch: 8   Global Step: 11670   Fp16 Grad Scale: 1048576   Required: 127 hours
Training: 2025-03-27 01:31:33,576-Speed 79.91 samples/sec   Loss 0.0265   LearningRate 0.000959   Epoch: 8   Global Step: 11680   Fp16 Grad Scale: 1048576   Required: 127 hours
Training: 2025-03-27 01:31:49,657-Speed 79.60 samples/sec   Loss 0.0207   LearningRate 0.000959   Epoch: 8   Global Step: 11690   Fp16 Grad Scale: 2097152   Required: 127 hours
Training: 2025-03-27 01:32:05,753-Speed 79.53 samples/sec   Loss 0.0939   LearningRate 0.000959   Epoch: 8   Global Step: 11700   Fp16 Grad Scale: 2097152   Required: 127 hours
Training: 2025-03-27 01:32:21,832-Speed 79.61 samples/sec   Loss 0.0395   LearningRate 0.000959   Epoch: 8   Global Step: 11710   Fp16 Grad Scale: 2097152   Required: 127 hours
Training: 2025-03-27 01:32:37,929-Speed 79.52 samples/sec   Loss 0.0755   LearningRate 0.000959   Epoch: 8   Global Step: 11720   Fp16 Grad Scale: 2097152   Required: 127 hours
Training: 2025-03-27 01:32:54,004-Speed 79.63 samples/sec   Loss 0.0245   LearningRate 0.000959   Epoch: 8   Global Step: 11730   Fp16 Grad Scale: 2097152   Required: 127 hours
Training: 2025-03-27 01:33:10,091-Speed 79.57 samples/sec   Loss 0.0288   LearningRate 0.000959   Epoch: 8   Global Step: 11740   Fp16 Grad Scale: 1048576   Required: 127 hours
Training: 2025-03-27 01:33:26,141-Speed 79.75 samples/sec   Loss 0.0264   LearningRate 0.000959   Epoch: 8   Global Step: 11750   Fp16 Grad Scale: 524288   Required: 127 hours
Training: 2025-03-27 01:33:42,218-Speed 79.62 samples/sec   Loss 0.0294   LearningRate 0.000959   Epoch: 8   Global Step: 11760   Fp16 Grad Scale: 524288   Required: 127 hours
Training: 2025-03-27 01:33:58,321-Speed 79.49 samples/sec   Loss 0.0187   LearningRate 0.000959   Epoch: 8   Global Step: 11770   Fp16 Grad Scale: 524288   Required: 127 hours
Training: 2025-03-27 01:34:14,403-Speed 79.59 samples/sec   Loss 0.0377   LearningRate 0.000959   Epoch: 8   Global Step: 11780   Fp16 Grad Scale: 524288   Required: 127 hours
Training: 2025-03-27 01:34:32,343-Speed 71.35 samples/sec   Loss 0.0267   LearningRate 0.000959   Epoch: 8   Global Step: 11790   Fp16 Grad Scale: 524288   Required: 127 hours
Training: 2025-03-27 01:34:48,410-Speed 79.67 samples/sec   Loss 0.0527   LearningRate 0.000959   Epoch: 8   Global Step: 11800   Fp16 Grad Scale: 524288   Required: 127 hours
Training: 2025-03-27 01:35:04,465-Speed 79.73 samples/sec   Loss 0.0104   LearningRate 0.000959   Epoch: 8   Global Step: 11810   Fp16 Grad Scale: 524288   Required: 127 hours
Training: 2025-03-27 01:35:20,592-Speed 79.37 samples/sec   Loss 0.0298   LearningRate 0.000959   Epoch: 8   Global Step: 11820   Fp16 Grad Scale: 524288   Required: 127 hours
Training: 2025-03-27 01:35:36,636-Speed 79.78 samples/sec   Loss 0.0383   LearningRate 0.000959   Epoch: 8   Global Step: 11830   Fp16 Grad Scale: 524288   Required: 127 hours
Training: 2025-03-27 01:35:52,703-Speed 79.67 samples/sec   Loss 0.0386   LearningRate 0.000958   Epoch: 8   Global Step: 11840   Fp16 Grad Scale: 262144   Required: 127 hours
Training: 2025-03-27 01:36:08,774-Speed 79.65 samples/sec   Loss 0.0396   LearningRate 0.000958   Epoch: 8   Global Step: 11850   Fp16 Grad Scale: 262144   Required: 127 hours
Training: 2025-03-27 01:36:24,848-Speed 79.64 samples/sec   Loss 0.0553   LearningRate 0.000958   Epoch: 8   Global Step: 11860   Fp16 Grad Scale: 262144   Required: 127 hours
Training: 2025-03-27 01:36:40,944-Speed 79.53 samples/sec   Loss 0.0776   LearningRate 0.000958   Epoch: 8   Global Step: 11870   Fp16 Grad Scale: 262144   Required: 127 hours
Training: 2025-03-27 01:36:57,048-Speed 79.48 samples/sec   Loss 0.0416   LearningRate 0.000958   Epoch: 8   Global Step: 11880   Fp16 Grad Scale: 262144   Required: 127 hours
Training: 2025-03-27 01:37:13,173-Speed 79.38 samples/sec   Loss 0.0252   LearningRate 0.000958   Epoch: 8   Global Step: 11890   Fp16 Grad Scale: 262144   Required: 127 hours
Training: 2025-03-27 01:37:29,266-Speed 79.54 samples/sec   Loss 0.0495   LearningRate 0.000958   Epoch: 8   Global Step: 11900   Fp16 Grad Scale: 262144   Required: 127 hours
Training: 2025-03-27 01:37:45,298-Speed 79.84 samples/sec   Loss 0.0642   LearningRate 0.000958   Epoch: 8   Global Step: 11910   Fp16 Grad Scale: 262144   Required: 127 hours
Training: 2025-03-27 01:38:01,416-Speed 79.41 samples/sec   Loss 0.0651   LearningRate 0.000958   Epoch: 8   Global Step: 11920   Fp16 Grad Scale: 262144   Required: 127 hours
Training: 2025-03-27 01:38:17,462-Speed 79.78 samples/sec   Loss 0.0721   LearningRate 0.000958   Epoch: 8   Global Step: 11930   Fp16 Grad Scale: 262144   Required: 127 hours
Training: 2025-03-27 01:38:33,528-Speed 79.67 samples/sec   Loss 0.0464   LearningRate 0.000958   Epoch: 8   Global Step: 11940   Fp16 Grad Scale: 524288   Required: 127 hours
Training: 2025-03-27 01:38:49,613-Speed 79.58 samples/sec   Loss 0.0372   LearningRate 0.000958   Epoch: 8   Global Step: 11950   Fp16 Grad Scale: 524288   Required: 127 hours
Training: 2025-03-27 01:39:05,670-Speed 79.72 samples/sec   Loss 0.0522   LearningRate 0.000958   Epoch: 8   Global Step: 11960   Fp16 Grad Scale: 524288   Required: 127 hours
Training: 2025-03-27 01:39:21,704-Speed 79.83 samples/sec   Loss 0.0259   LearningRate 0.000958   Epoch: 8   Global Step: 11970   Fp16 Grad Scale: 524288   Required: 127 hours
Training: 2025-03-27 01:39:39,515-Speed 71.87 samples/sec   Loss 0.0245   LearningRate 0.000958   Epoch: 8   Global Step: 11980   Fp16 Grad Scale: 524288   Required: 127 hours
Training: 2025-03-27 01:39:55,585-Speed 79.65 samples/sec   Loss 0.0540   LearningRate 0.000958   Epoch: 8   Global Step: 11990   Fp16 Grad Scale: 524288   Required: 127 hours
Training: 2025-03-27 01:40:11,599-Speed 79.93 samples/sec   Loss 0.0293   LearningRate 0.000958   Epoch: 8   Global Step: 12000   Fp16 Grad Scale: 524288   Required: 127 hours
net_out.shape: torch.Size([128, 512])
net_out.shape: torch.Size([128, 512])
net_out.shape: torch.Size([128, 512])
net_out.shape: torch.Size([128, 512])
net_out.shape: torch.Size([128, 512])
net_out.shape: torch.Size([128, 512])
net_out.shape: torch.Size([128, 512])
net_out.shape: torch.Size([128, 512])
net_out.shape: torch.Size([128, 512])
net_out.shape: torch.Size([128, 512])
net_out.shape: torch.Size([128, 512])
net_out.shape: torch.Size([128, 512])
net_out.shape: torch.Size([128, 512])
net_out.shape: torch.Size([128, 512])
net_out.shape: torch.Size([128, 512])
net_out.shape: torch.Size([128, 512])
net_out.shape: torch.Size([128, 512])
net_out.shape: torch.Size([128, 512])
net_out.shape: torch.Size([128, 512])
net_out.shape: torch.Size([128, 512])
net_out.shape: torch.Size([128, 512])
net_out.shape: torch.Size([128, 512])
net_out.shape: torch.Size([128, 512])
net_out.shape: torch.Size([128, 512])
net_out.shape: torch.Size([128, 512])
net_out.shape: torch.Size([128, 512])
net_out.shape: torch.Size([128, 512])
net_out.shape: torch.Size([128, 512])
net_out.shape: torch.Size([128, 512])
net_out.shape: torch.Size([128, 512])
net_out.shape: torch.Size([128, 512])
net_out.shape: torch.Size([128, 512])
net_out.shape: torch.Size([128, 512])
net_out.shape: torch.Size([128, 512])
net_out.shape: torch.Size([128, 512])
net_out.shape: torch.Size([128, 512])
net_out.shape: torch.Size([128, 512])
net_out.shape: torch.Size([128, 512])
net_out.shape: torch.Size([128, 512])
net_out.shape: torch.Size([128, 512])
net_out.shape: torch.Size([128, 512])
net_out.shape: torch.Size([128, 512])
net_out.shape: torch.Size([128, 512])
net_out.shape: torch.Size([128, 512])
net_out.shape: torch.Size([128, 512])
net_out.shape: torch.Size([128, 512])
net_out.shape: torch.Size([128, 512])
net_out.shape: torch.Size([128, 512])
net_out.shape: torch.Size([128, 512])
net_out.shape: torch.Size([128, 512])
net_out.shape: torch.Size([128, 512])
net_out.shape: torch.Size([128, 512])
net_out.shape: torch.Size([128, 512])
net_out.shape: torch.Size([128, 512])
net_out.shape: torch.Size([128, 512])
net_out.shape: torch.Size([128, 512])
net_out.shape: torch.Size([128, 512])
net_out.shape: torch.Size([128, 512])
net_out.shape: torch.Size([128, 512])
net_out.shape: torch.Size([128, 512])
net_out.shape: torch.Size([128, 512])
net_out.shape: torch.Size([128, 512])
net_out.shape: torch.Size([128, 512])
net_out.shape: torch.Size([128, 512])
Training: 2025-03-27 01:41:22,190-[val][12000]XNorm: 21.111915588378906
Training: 2025-03-27 01:41:22,190-[val][12000]val: nan
Training: 2025-03-27 01:41:22,190-[val][12000]val_std: nan
Training: 2025-03-27 01:41:22,190-[val][12000]far: 0.0011273244163021445
Training: 2025-03-27 01:41:22,190-[val][12000]Accuracy: 1.0±0.0
Training: 2025-03-27 01:41:38,100-Speed 14.80 samples/sec   Loss 0.0245   LearningRate 0.000958   Epoch: 8   Global Step: 12010   Fp16 Grad Scale: 524288   Required: 127 hours
Training: 2025-03-27 01:41:54,109-Speed 79.96 samples/sec   Loss 0.0697   LearningRate 0.000958   Epoch: 8   Global Step: 12020   Fp16 Grad Scale: 524288   Required: 127 hours
Training: 2025-03-27 01:42:10,168-Speed 79.71 samples/sec   Loss 0.0453   LearningRate 0.000958   Epoch: 8   Global Step: 12030   Fp16 Grad Scale: 524288   Required: 127 hours
Training: 2025-03-27 01:42:26,324-Speed 79.23 samples/sec   Loss 0.0307   LearningRate 0.000958   Epoch: 8   Global Step: 12040   Fp16 Grad Scale: 1048576   Required: 127 hours
Training: 2025-03-27 01:42:42,371-Speed 79.77 samples/sec   Loss 0.0369   LearningRate 0.000958   Epoch: 8   Global Step: 12050   Fp16 Grad Scale: 1048576   Required: 127 hours
Training: 2025-03-27 01:42:58,599-Speed 78.88 samples/sec   Loss 0.0562   LearningRate 0.000958   Epoch: 8   Global Step: 12060   Fp16 Grad Scale: 1048576   Required: 127 hours
Training: 2025-03-27 01:43:14,708-Speed 79.46 samples/sec   Loss 0.0319   LearningRate 0.000958   Epoch: 8   Global Step: 12070   Fp16 Grad Scale: 1048576   Required: 127 hours
Training: 2025-03-27 01:43:30,787-Speed 79.61 samples/sec   Loss 0.0455   LearningRate 0.000958   Epoch: 8   Global Step: 12080   Fp16 Grad Scale: 1048576   Required: 127 hours
Training: 2025-03-27 01:43:46,865-Speed 79.61 samples/sec   Loss 0.0365   LearningRate 0.000958   Epoch: 8   Global Step: 12090   Fp16 Grad Scale: 1048576   Required: 127 hours
Training: 2025-03-27 01:44:02,956-Speed 79.55 samples/sec   Loss 0.0217   LearningRate 0.000958   Epoch: 8   Global Step: 12100   Fp16 Grad Scale: 1048576   Required: 127 hours
Training: 2025-03-27 01:44:19,039-Speed 79.59 samples/sec   Loss 0.0244   LearningRate 0.000958   Epoch: 8   Global Step: 12110   Fp16 Grad Scale: 1048576   Required: 127 hours
Training: 2025-03-27 01:44:36,960-Speed 71.42 samples/sec   Loss 0.0283   LearningRate 0.000958   Epoch: 8   Global Step: 12120   Fp16 Grad Scale: 1048576   Required: 127 hours
Training: 2025-03-27 01:44:53,000-Speed 79.81 samples/sec   Loss 0.0564   LearningRate 0.000957   Epoch: 8   Global Step: 12130   Fp16 Grad Scale: 1048576   Required: 127 hours
Training: 2025-03-27 01:45:09,050-Speed 79.75 samples/sec   Loss 0.0281   LearningRate 0.000957   Epoch: 8   Global Step: 12140   Fp16 Grad Scale: 2097152   Required: 127 hours
Training: 2025-03-27 01:45:25,134-Speed 79.58 samples/sec   Loss 0.0248   LearningRate 0.000957   Epoch: 8   Global Step: 12150   Fp16 Grad Scale: 1048576   Required: 127 hours
Training: 2025-03-27 01:45:41,278-Speed 79.29 samples/sec   Loss 0.0505   LearningRate 0.000957   Epoch: 8   Global Step: 12160   Fp16 Grad Scale: 1048576   Required: 127 hours
Training: 2025-03-27 01:45:57,367-Speed 79.56 samples/sec   Loss 0.0487   LearningRate 0.000957   Epoch: 8   Global Step: 12170   Fp16 Grad Scale: 1048576   Required: 127 hours
Training: 2025-03-27 01:46:13,435-Speed 79.66 samples/sec   Loss 0.0544   LearningRate 0.000957   Epoch: 8   Global Step: 12180   Fp16 Grad Scale: 1048576   Required: 127 hours
Training: 2025-03-27 01:46:29,505-Speed 79.66 samples/sec   Loss 0.0422   LearningRate 0.000957   Epoch: 8   Global Step: 12190   Fp16 Grad Scale: 1048576   Required: 127 hours
Training: 2025-03-27 01:46:45,570-Speed 79.68 samples/sec   Loss 0.0298   LearningRate 0.000957   Epoch: 8   Global Step: 12200   Fp16 Grad Scale: 1048576   Required: 127 hours
Training: 2025-03-27 01:47:01,663-Speed 79.54 samples/sec   Loss 0.0703   LearningRate 0.000957   Epoch: 8   Global Step: 12210   Fp16 Grad Scale: 524288   Required: 127 hours
Training: 2025-03-27 01:47:17,881-Speed 78.93 samples/sec   Loss 0.0239   LearningRate 0.000957   Epoch: 8   Global Step: 12220   Fp16 Grad Scale: 524288   Required: 127 hours
Training: 2025-03-27 01:47:33,938-Speed 79.72 samples/sec   Loss 0.0827   LearningRate 0.000957   Epoch: 8   Global Step: 12230   Fp16 Grad Scale: 524288   Required: 127 hours
Training: 2025-03-27 01:47:50,037-Speed 79.51 samples/sec   Loss 0.0466   LearningRate 0.000957   Epoch: 8   Global Step: 12240   Fp16 Grad Scale: 524288   Required: 127 hours
Training: 2025-03-27 01:48:06,117-Speed 79.61 samples/sec   Loss 0.0705   LearningRate 0.000957   Epoch: 8   Global Step: 12250   Fp16 Grad Scale: 524288   Required: 127 hours
Training: 2025-03-27 01:48:22,221-Speed 79.49 samples/sec   Loss 0.1223   LearningRate 0.000957   Epoch: 8   Global Step: 12260   Fp16 Grad Scale: 524288   Required: 127 hours
Training: 2025-03-27 01:48:38,333-Speed 79.44 samples/sec   Loss 0.0387   LearningRate 0.000957   Epoch: 8   Global Step: 12270   Fp16 Grad Scale: 524288   Required: 127 hours
Training: 2025-03-27 01:48:54,377-Speed 79.79 samples/sec   Loss 0.0685   LearningRate 0.000957   Epoch: 8   Global Step: 12280   Fp16 Grad Scale: 524288   Required: 127 hours
Training: 2025-03-27 01:49:10,469-Speed 79.55 samples/sec   Loss 0.0739   LearningRate 0.000957   Epoch: 8   Global Step: 12290   Fp16 Grad Scale: 524288   Required: 127 hours
Training: 2025-03-27 01:49:26,497-Speed 79.86 samples/sec   Loss 0.0270   LearningRate 0.000957   Epoch: 8   Global Step: 12300   Fp16 Grad Scale: 524288   Required: 127 hours
Training: 2025-03-27 01:49:44,364-Speed 71.64 samples/sec   Loss 0.0629   LearningRate 0.000957   Epoch: 8   Global Step: 12310   Fp16 Grad Scale: 524288   Required: 127 hours
Training: 2025-03-27 01:50:00,429-Speed 79.68 samples/sec   Loss 0.0356   LearningRate 0.000957   Epoch: 8   Global Step: 12320   Fp16 Grad Scale: 524288   Required: 127 hours
Training: 2025-03-27 01:50:16,517-Speed 79.56 samples/sec   Loss 0.0370   LearningRate 0.000957   Epoch: 8   Global Step: 12330   Fp16 Grad Scale: 524288   Required: 127 hours
Training: 2025-03-27 01:50:32,558-Speed 79.80 samples/sec   Loss 0.0346   LearningRate 0.000957   Epoch: 8   Global Step: 12340   Fp16 Grad Scale: 524288   Required: 127 hours
Training: 2025-03-27 01:50:48,616-Speed 79.71 samples/sec   Loss 0.0312   LearningRate 0.000957   Epoch: 8   Global Step: 12350   Fp16 Grad Scale: 524288   Required: 127 hours
Training: 2025-03-27 01:51:04,706-Speed 79.56 samples/sec   Loss 0.0479   LearningRate 0.000957   Epoch: 8   Global Step: 12360   Fp16 Grad Scale: 524288   Required: 127 hours
Training: 2025-03-27 01:51:20,833-Speed 79.37 samples/sec   Loss 0.0254   LearningRate 0.000957   Epoch: 8   Global Step: 12370   Fp16 Grad Scale: 524288   Required: 127 hours
Training: 2025-03-27 01:51:37,085-Speed 78.76 samples/sec   Loss 0.0276   LearningRate 0.000957   Epoch: 8   Global Step: 12380   Fp16 Grad Scale: 524288   Required: 127 hours
Training: 2025-03-27 01:51:53,145-Speed 79.71 samples/sec   Loss 0.0297   LearningRate 0.000957   Epoch: 8   Global Step: 12390   Fp16 Grad Scale: 524288   Required: 127 hours
Training: 2025-03-27 01:52:09,209-Speed 79.68 samples/sec   Loss 0.1183   LearningRate 0.000957   Epoch: 8   Global Step: 12400   Fp16 Grad Scale: 524288   Required: 127 hours
Training: 2025-03-27 01:52:25,296-Speed 79.57 samples/sec   Loss 0.0227   LearningRate 0.000956   Epoch: 8   Global Step: 12410   Fp16 Grad Scale: 1048576   Required: 127 hours
Training: 2025-03-27 01:52:41,330-Speed 79.83 samples/sec   Loss 0.1031   LearningRate 0.000956   Epoch: 8   Global Step: 12420   Fp16 Grad Scale: 1048576   Required: 127 hours
Training: 2025-03-27 01:52:57,382-Speed 79.74 samples/sec   Loss 0.0665   LearningRate 0.000956   Epoch: 8   Global Step: 12430   Fp16 Grad Scale: 524288   Required: 127 hours
Training: 2025-03-27 01:53:13,507-Speed 79.38 samples/sec   Loss 0.0882   LearningRate 0.000956   Epoch: 8   Global Step: 12440   Fp16 Grad Scale: 524288   Required: 127 hours
Training: 2025-03-27 01:53:29,669-Speed 79.20 samples/sec   Loss 0.0404   LearningRate 0.000956   Epoch: 8   Global Step: 12450   Fp16 Grad Scale: 524288   Required: 127 hours
Training: 2025-03-27 01:53:45,755-Speed 79.57 samples/sec   Loss 0.1160   LearningRate 0.000956   Epoch: 8   Global Step: 12460   Fp16 Grad Scale: 524288   Required: 127 hours
Training: 2025-03-27 01:54:01,919-Speed 79.19 samples/sec   Loss 0.0576   LearningRate 0.000956   Epoch: 8   Global Step: 12470   Fp16 Grad Scale: 524288   Required: 127 hours
Training: 2025-03-27 01:54:17,995-Speed 79.62 samples/sec   Loss 0.0909   LearningRate 0.000956   Epoch: 8   Global Step: 12480   Fp16 Grad Scale: 262144   Required: 127 hours
Training: 2025-03-27 01:54:34,066-Speed 79.65 samples/sec   Loss 0.0814   LearningRate 0.000956   Epoch: 8   Global Step: 12490   Fp16 Grad Scale: 262144   Required: 127 hours
Training: 2025-03-27 01:54:52,039-Speed 71.22 samples/sec   Loss 0.0573   LearningRate 0.000956   Epoch: 8   Global Step: 12500   Fp16 Grad Scale: 262144   Required: 127 hours
Training: 2025-03-27 01:55:08,120-Speed 79.60 samples/sec   Loss 0.0844   LearningRate 0.000956   Epoch: 8   Global Step: 12510   Fp16 Grad Scale: 262144   Required: 127 hours
Training: 2025-03-27 01:55:24,216-Speed 79.53 samples/sec   Loss 0.0579   LearningRate 0.000956   Epoch: 8   Global Step: 12520   Fp16 Grad Scale: 262144   Required: 127 hours
Training: 2025-03-27 01:55:40,486-Speed 78.67 samples/sec   Loss 0.0398   LearningRate 0.000956   Epoch: 8   Global Step: 12530   Fp16 Grad Scale: 262144   Required: 127 hours
Training: 2025-03-27 01:55:56,587-Speed 79.50 samples/sec   Loss 0.0643   LearningRate 0.000956   Epoch: 8   Global Step: 12540   Fp16 Grad Scale: 262144   Required: 127 hours
Training: 2025-03-27 01:56:12,753-Speed 79.18 samples/sec   Loss 0.0416   LearningRate 0.000956   Epoch: 8   Global Step: 12550   Fp16 Grad Scale: 262144   Required: 127 hours
Training: 2025-03-27 01:56:28,880-Speed 79.37 samples/sec   Loss 0.0177   LearningRate 0.000956   Epoch: 8   Global Step: 12560   Fp16 Grad Scale: 262144   Required: 127 hours
Training: 2025-03-27 01:56:44,984-Speed 79.49 samples/sec   Loss 0.0328   LearningRate 0.000956   Epoch: 8   Global Step: 12570   Fp16 Grad Scale: 262144   Required: 127 hours
Training: 2025-03-27 01:57:01,095-Speed 79.45 samples/sec   Loss 0.0353   LearningRate 0.000956   Epoch: 8   Global Step: 12580   Fp16 Grad Scale: 524288   Required: 127 hours
Training: 2025-03-27 01:57:17,215-Speed 79.41 samples/sec   Loss 0.0473   LearningRate 0.000956   Epoch: 8   Global Step: 12590   Fp16 Grad Scale: 524288   Required: 127 hours
Training: 2025-03-27 01:57:33,359-Speed 79.29 samples/sec   Loss 0.0959   LearningRate 0.000956   Epoch: 8   Global Step: 12600   Fp16 Grad Scale: 524288   Required: 127 hours
Training: 2025-03-27 01:57:49,467-Speed 79.47 samples/sec   Loss 0.0381   LearningRate 0.000956   Epoch: 8   Global Step: 12610   Fp16 Grad Scale: 524288   Required: 127 hours
Training: 2025-03-27 01:58:05,603-Speed 79.33 samples/sec   Loss 0.0605   LearningRate 0.000956   Epoch: 8   Global Step: 12620   Fp16 Grad Scale: 524288   Required: 127 hours
Training: 2025-03-27 01:58:21,735-Speed 79.35 samples/sec   Loss 0.0203   LearningRate 0.000956   Epoch: 8   Global Step: 12630   Fp16 Grad Scale: 524288   Required: 127 hours
Training: 2025-03-27 01:58:37,833-Speed 79.51 samples/sec   Loss 0.0488   LearningRate 0.000956   Epoch: 8   Global Step: 12640   Fp16 Grad Scale: 524288   Required: 127 hours
Training: 2025-03-27 01:58:53,931-Speed 79.52 samples/sec   Loss 0.0943   LearningRate 0.000956   Epoch: 8   Global Step: 12650   Fp16 Grad Scale: 524288   Required: 127 hours
Training: 2025-03-27 01:59:09,966-Speed 79.83 samples/sec   Loss 0.0266   LearningRate 0.000956   Epoch: 8   Global Step: 12660   Fp16 Grad Scale: 524288   Required: 127 hours
Training: 2025-03-27 01:59:26,082-Speed 79.42 samples/sec   Loss 0.0475   LearningRate 0.000956   Epoch: 8   Global Step: 12670   Fp16 Grad Scale: 524288   Required: 127 hours
Training: 2025-03-27 01:59:42,144-Speed 79.69 samples/sec   Loss 0.0791   LearningRate 0.000956   Epoch: 8   Global Step: 12680   Fp16 Grad Scale: 1048576   Required: 127 hours
Training: 2025-03-27 01:59:59,999-Speed 71.69 samples/sec   Loss 0.0512   LearningRate 0.000956   Epoch: 8   Global Step: 12690   Fp16 Grad Scale: 1048576   Required: 127 hours
Training: 2025-03-27 02:00:16,048-Speed 79.76 samples/sec   Loss 0.0519   LearningRate 0.000955   Epoch: 8   Global Step: 12700   Fp16 Grad Scale: 1048576   Required: 127 hours
Training: 2025-03-27 02:00:32,125-Speed 79.62 samples/sec   Loss 0.0339   LearningRate 0.000955   Epoch: 8   Global Step: 12710   Fp16 Grad Scale: 1048576   Required: 127 hours
Training: 2025-03-27 02:00:48,230-Speed 79.48 samples/sec   Loss 0.0326   LearningRate 0.000955   Epoch: 8   Global Step: 12720   Fp16 Grad Scale: 1048576   Required: 127 hours
Training: 2025-03-27 02:01:04,287-Speed 79.72 samples/sec   Loss 0.0254   LearningRate 0.000955   Epoch: 8   Global Step: 12730   Fp16 Grad Scale: 1048576   Required: 127 hours
Training: 2025-03-27 02:01:20,385-Speed 79.52 samples/sec   Loss 0.0537   LearningRate 0.000955   Epoch: 8   Global Step: 12740   Fp16 Grad Scale: 1048576   Required: 127 hours
Training: 2025-03-27 02:01:36,488-Speed 79.49 samples/sec   Loss 0.0752   LearningRate 0.000955   Epoch: 8   Global Step: 12750   Fp16 Grad Scale: 1048576   Required: 127 hours
Training: 2025-03-27 02:01:52,554-Speed 79.68 samples/sec   Loss 0.0873   LearningRate 0.000955   Epoch: 8   Global Step: 12760   Fp16 Grad Scale: 1048576   Required: 127 hours
Training: 2025-03-27 02:02:08,645-Speed 79.55 samples/sec   Loss 0.0531   LearningRate 0.000955   Epoch: 8   Global Step: 12770   Fp16 Grad Scale: 1048576   Required: 127 hours
Training: 2025-03-27 02:02:24,721-Speed 79.63 samples/sec   Loss 0.0582   LearningRate 0.000955   Epoch: 8   Global Step: 12780   Fp16 Grad Scale: 2097152   Required: 127 hours
Training: 2025-03-27 02:02:40,845-Speed 79.39 samples/sec   Loss 0.0860   LearningRate 0.000955   Epoch: 8   Global Step: 12790   Fp16 Grad Scale: 2097152   Required: 127 hours
Training: 2025-03-27 02:02:56,897-Speed 79.74 samples/sec   Loss 0.0371   LearningRate 0.000955   Epoch: 8   Global Step: 12800   Fp16 Grad Scale: 2097152   Required: 127 hours
Training: 2025-03-27 02:03:12,951-Speed 79.73 samples/sec   Loss 0.0314   LearningRate 0.000955   Epoch: 8   Global Step: 12810   Fp16 Grad Scale: 2097152   Required: 127 hours
Training: 2025-03-27 02:03:29,060-Speed 79.46 samples/sec   Loss 0.0754   LearningRate 0.000955   Epoch: 8   Global Step: 12820   Fp16 Grad Scale: 2097152   Required: 127 hours
Training: 2025-03-27 02:03:44,279-Speed 84.11 samples/sec   Loss 0.0431   LearningRate 0.000955   Epoch: 8   Global Step: 12830   Fp16 Grad Scale: 2097152   Required: 127 hours
Training: 2025-03-27 02:04:03,364-Speed 67.07 samples/sec   Loss 0.0254   LearningRate 0.000955   Epoch: 9   Global Step: 12840   Fp16 Grad Scale: 2097152   Required: 127 hours
Training: 2025-03-27 02:04:19,424-Speed 79.71 samples/sec   Loss 0.0160   LearningRate 0.000955   Epoch: 9   Global Step: 12850   Fp16 Grad Scale: 2097152   Required: 127 hours
Training: 2025-03-27 02:04:35,522-Speed 79.51 samples/sec   Loss 0.0116   LearningRate 0.000955   Epoch: 9   Global Step: 12860   Fp16 Grad Scale: 2097152   Required: 127 hours
Training: 2025-03-27 02:04:53,530-Speed 71.08 samples/sec   Loss 0.0147   LearningRate 0.000955   Epoch: 9   Global Step: 12870   Fp16 Grad Scale: 2097152   Required: 127 hours
Training: 2025-03-27 02:05:09,595-Speed 79.68 samples/sec   Loss 0.0255   LearningRate 0.000955   Epoch: 9   Global Step: 12880   Fp16 Grad Scale: 4194304   Required: 127 hours
Training: 2025-03-27 02:05:25,639-Speed 79.78 samples/sec   Loss 0.0149   LearningRate 0.000955   Epoch: 9   Global Step: 12890   Fp16 Grad Scale: 4194304   Required: 127 hours
Training: 2025-03-27 02:05:41,788-Speed 79.27 samples/sec   Loss 0.0206   LearningRate 0.000955   Epoch: 9   Global Step: 12900   Fp16 Grad Scale: 2097152   Required: 127 hours
Training: 2025-03-27 02:05:57,865-Speed 79.62 samples/sec   Loss 0.0240   LearningRate 0.000955   Epoch: 9   Global Step: 12910   Fp16 Grad Scale: 2097152   Required: 127 hours
Training: 2025-03-27 02:06:13,994-Speed 79.36 samples/sec   Loss 0.0134   LearningRate 0.000955   Epoch: 9   Global Step: 12920   Fp16 Grad Scale: 2097152   Required: 127 hours
Training: 2025-03-27 02:06:30,026-Speed 79.84 samples/sec   Loss 0.0169   LearningRate 0.000955   Epoch: 9   Global Step: 12930   Fp16 Grad Scale: 2097152   Required: 127 hours
Training: 2025-03-27 02:06:46,127-Speed 79.50 samples/sec   Loss 0.0560   LearningRate 0.000955   Epoch: 9   Global Step: 12940   Fp16 Grad Scale: 1048576   Required: 127 hours
Training: 2025-03-27 02:07:02,157-Speed 79.85 samples/sec   Loss 0.0125   LearningRate 0.000955   Epoch: 9   Global Step: 12950   Fp16 Grad Scale: 1048576   Required: 127 hours
Training: 2025-03-27 02:07:18,292-Speed 79.33 samples/sec   Loss 0.0261   LearningRate 0.000955   Epoch: 9   Global Step: 12960   Fp16 Grad Scale: 1048576   Required: 127 hours
Training: 2025-03-27 02:07:34,329-Speed 79.82 samples/sec   Loss 0.0177   LearningRate 0.000955   Epoch: 9   Global Step: 12970   Fp16 Grad Scale: 1048576   Required: 127 hours
Training: 2025-03-27 02:07:50,393-Speed 79.68 samples/sec   Loss 0.0293   LearningRate 0.000954   Epoch: 9   Global Step: 12980   Fp16 Grad Scale: 1048576   Required: 127 hours
Training: 2025-03-27 02:08:06,472-Speed 79.61 samples/sec   Loss 0.0127   LearningRate 0.000954   Epoch: 9   Global Step: 12990   Fp16 Grad Scale: 1048576   Required: 127 hours
Training: 2025-03-27 02:08:22,526-Speed 79.73 samples/sec   Loss 0.0230   LearningRate 0.000954   Epoch: 9   Global Step: 13000   Fp16 Grad Scale: 1048576   Required: 127 hours
Training: 2025-03-27 02:08:38,573-Speed 79.77 samples/sec   Loss 0.0077   LearningRate 0.000954   Epoch: 9   Global Step: 13010   Fp16 Grad Scale: 1048576   Required: 127 hours
Training: 2025-03-27 02:08:54,655-Speed 79.60 samples/sec   Loss 0.0170   LearningRate 0.000954   Epoch: 9   Global Step: 13020   Fp16 Grad Scale: 1048576   Required: 127 hours
Training: 2025-03-27 02:09:10,732-Speed 79.62 samples/sec   Loss 0.0206   LearningRate 0.000954   Epoch: 9   Global Step: 13030   Fp16 Grad Scale: 1048576   Required: 127 hours
Training: 2025-03-27 02:09:26,789-Speed 79.72 samples/sec   Loss 0.0218   LearningRate 0.000954   Epoch: 9   Global Step: 13040   Fp16 Grad Scale: 524288   Required: 127 hours
Training: 2025-03-27 02:09:42,824-Speed 79.83 samples/sec   Loss 0.0095   LearningRate 0.000954   Epoch: 9   Global Step: 13050   Fp16 Grad Scale: 524288   Required: 127 hours
Training: 2025-03-27 02:10:00,848-Speed 71.02 samples/sec   Loss 0.0151   LearningRate 0.000954   Epoch: 9   Global Step: 13060   Fp16 Grad Scale: 524288   Required: 127 hours
Training: 2025-03-27 02:10:16,868-Speed 79.90 samples/sec   Loss 0.0690   LearningRate 0.000954   Epoch: 9   Global Step: 13070   Fp16 Grad Scale: 524288   Required: 127 hours
Training: 2025-03-27 02:10:32,906-Speed 79.82 samples/sec   Loss 0.0784   LearningRate 0.000954   Epoch: 9   Global Step: 13080   Fp16 Grad Scale: 524288   Required: 127 hours
Training: 2025-03-27 02:10:48,987-Speed 79.60 samples/sec   Loss 0.0185   LearningRate 0.000954   Epoch: 9   Global Step: 13090   Fp16 Grad Scale: 524288   Required: 127 hours
Training: 2025-03-27 02:11:05,122-Speed 79.33 samples/sec   Loss 0.0190   LearningRate 0.000954   Epoch: 9   Global Step: 13100   Fp16 Grad Scale: 524288   Required: 127 hours
Training: 2025-03-27 02:11:21,164-Speed 79.79 samples/sec   Loss 0.1200   LearningRate 0.000954   Epoch: 9   Global Step: 13110   Fp16 Grad Scale: 524288   Required: 127 hours
Training: 2025-03-27 02:11:37,191-Speed 79.87 samples/sec   Loss 0.0122   LearningRate 0.000954   Epoch: 9   Global Step: 13120   Fp16 Grad Scale: 524288   Required: 127 hours
Training: 2025-03-27 02:11:53,247-Speed 79.72 samples/sec   Loss 0.0585   LearningRate 0.000954   Epoch: 9   Global Step: 13130   Fp16 Grad Scale: 524288   Required: 127 hours
Training: 2025-03-27 02:12:09,378-Speed 79.36 samples/sec   Loss 0.0114   LearningRate 0.000954   Epoch: 9   Global Step: 13140   Fp16 Grad Scale: 1048576   Required: 127 hours
Training: 2025-03-27 02:12:25,430-Speed 79.74 samples/sec   Loss 0.0837   LearningRate 0.000954   Epoch: 9   Global Step: 13150   Fp16 Grad Scale: 1048576   Required: 127 hours
Training: 2025-03-27 02:12:41,469-Speed 79.81 samples/sec   Loss 0.0303   LearningRate 0.000954   Epoch: 9   Global Step: 13160   Fp16 Grad Scale: 1048576   Required: 127 hours
Training: 2025-03-27 02:12:57,548-Speed 79.61 samples/sec   Loss 0.0183   LearningRate 0.000954   Epoch: 9   Global Step: 13170   Fp16 Grad Scale: 1048576   Required: 127 hours
Training: 2025-03-27 02:13:13,562-Speed 79.93 samples/sec   Loss 0.0203   LearningRate 0.000954   Epoch: 9   Global Step: 13180   Fp16 Grad Scale: 1048576   Required: 127 hours
Training: 2025-03-27 02:13:29,608-Speed 79.78 samples/sec   Loss 0.0172   LearningRate 0.000954   Epoch: 9   Global Step: 13190   Fp16 Grad Scale: 1048576   Required: 127 hours
Training: 2025-03-27 02:13:45,646-Speed 79.81 samples/sec   Loss 0.0639   LearningRate 0.000954   Epoch: 9   Global Step: 13200   Fp16 Grad Scale: 1048576   Required: 127 hours
Training: 2025-03-27 02:14:01,762-Speed 79.43 samples/sec   Loss 0.0435   LearningRate 0.000954   Epoch: 9   Global Step: 13210   Fp16 Grad Scale: 1048576   Required: 126 hours
Training: 2025-03-27 02:14:17,867-Speed 79.48 samples/sec   Loss 0.0185   LearningRate 0.000954   Epoch: 9   Global Step: 13220   Fp16 Grad Scale: 1048576   Required: 126 hours
Training: 2025-03-27 02:14:33,951-Speed 79.59 samples/sec   Loss 0.0166   LearningRate 0.000954   Epoch: 9   Global Step: 13230   Fp16 Grad Scale: 1048576   Required: 126 hours
Training: 2025-03-27 02:14:50,067-Speed 79.42 samples/sec   Loss 0.0365   LearningRate 0.000954   Epoch: 9   Global Step: 13240   Fp16 Grad Scale: 2097152   Required: 126 hours
Training: 2025-03-27 02:15:08,037-Speed 71.23 samples/sec   Loss 0.0157   LearningRate 0.000954   Epoch: 9   Global Step: 13250   Fp16 Grad Scale: 2097152   Required: 126 hours
Training: 2025-03-27 02:15:24,082-Speed 79.78 samples/sec   Loss 0.0104   LearningRate 0.000954   Epoch: 9   Global Step: 13260   Fp16 Grad Scale: 2097152   Required: 126 hours
Training: 2025-03-27 02:15:40,149-Speed 79.67 samples/sec   Loss 0.0546   LearningRate 0.000953   Epoch: 9   Global Step: 13270   Fp16 Grad Scale: 2097152   Required: 126 hours
Training: 2025-03-27 02:15:56,215-Speed 79.67 samples/sec   Loss 0.0105   LearningRate 0.000953   Epoch: 9   Global Step: 13280   Fp16 Grad Scale: 2097152   Required: 126 hours
Training: 2025-03-27 02:16:12,288-Speed 79.64 samples/sec   Loss 0.0140   LearningRate 0.000953   Epoch: 9   Global Step: 13290   Fp16 Grad Scale: 2097152   Required: 126 hours
Training: 2025-03-27 02:16:28,359-Speed 79.65 samples/sec   Loss 0.0653   LearningRate 0.000953   Epoch: 9   Global Step: 13300   Fp16 Grad Scale: 1048576   Required: 126 hours
Training: 2025-03-27 02:16:44,405-Speed 79.77 samples/sec   Loss 0.0141   LearningRate 0.000953   Epoch: 9   Global Step: 13310   Fp16 Grad Scale: 1048576   Required: 126 hours
Training: 2025-03-27 02:17:00,424-Speed 79.91 samples/sec   Loss 0.0135   LearningRate 0.000953   Epoch: 9   Global Step: 13320   Fp16 Grad Scale: 1048576   Required: 126 hours
Training: 2025-03-27 02:17:16,475-Speed 79.75 samples/sec   Loss 0.0227   LearningRate 0.000953   Epoch: 9   Global Step: 13330   Fp16 Grad Scale: 1048576   Required: 126 hours
Training: 2025-03-27 02:17:32,493-Speed 79.91 samples/sec   Loss 0.0502   LearningRate 0.000953   Epoch: 9   Global Step: 13340   Fp16 Grad Scale: 1048576   Required: 126 hours
Training: 2025-03-27 02:17:48,621-Speed 79.41 samples/sec   Loss 0.0233   LearningRate 0.000953   Epoch: 9   Global Step: 13350   Fp16 Grad Scale: 1048576   Required: 126 hours
Training: 2025-03-27 02:18:11,193-Speed 79.60 samples/sec   Loss 0.0599   LearningRate 0.000953   Epoch: 9   Global Step: 13360   Fp16 Grad Scale: 1048576   Required: 126 hours
Training: 2025-03-27 02:18:27,219-Speed 79.87 samples/sec   Loss 0.0253   LearningRate 0.000953   Epoch: 9   Global Step: 13370   Fp16 Grad Scale: 1048576   Required: 126 hours
Training: 2025-03-27 02:18:43,400-Speed 79.11 samples/sec   Loss 0.0427   LearningRate 0.000953   Epoch: 9   Global Step: 13380   Fp16 Grad Scale: 1048576   Required: 126 hours
Training: 2025-03-27 02:18:59,510-Speed 79.46 samples/sec   Loss 0.0226   LearningRate 0.000953   Epoch: 9   Global Step: 13390   Fp16 Grad Scale: 1048576   Required: 126 hours
Training: 2025-03-27 02:19:15,580-Speed 79.66 samples/sec   Loss 0.0217   LearningRate 0.000953   Epoch: 9   Global Step: 13400   Fp16 Grad Scale: 2097152   Required: 126 hours
Training: 2025-03-27 02:19:31,692-Speed 79.45 samples/sec   Loss 0.0188   LearningRate 0.000953   Epoch: 9   Global Step: 13410   Fp16 Grad Scale: 2097152   Required: 126 hours
Training: 2025-03-27 02:19:47,788-Speed 79.53 samples/sec   Loss 0.0429   LearningRate 0.000953   Epoch: 9   Global Step: 13420   Fp16 Grad Scale: 2097152   Required: 126 hours
Training: 2025-03-27 02:20:05,576-Speed 71.96 samples/sec   Loss 0.0865   LearningRate 0.000953   Epoch: 9   Global Step: 13430   Fp16 Grad Scale: 2097152   Required: 126 hours
Training: 2025-03-27 02:20:21,607-Speed 79.85 samples/sec   Loss 0.0226   LearningRate 0.000953   Epoch: 9   Global Step: 13440   Fp16 Grad Scale: 1048576   Required: 126 hours
Training: 2025-03-27 02:20:37,717-Speed 79.46 samples/sec   Loss 0.0271   LearningRate 0.000953   Epoch: 9   Global Step: 13450   Fp16 Grad Scale: 1048576   Required: 126 hours
Training: 2025-03-27 02:20:53,794-Speed 79.62 samples/sec   Loss 0.0310   LearningRate 0.000953   Epoch: 9   Global Step: 13460   Fp16 Grad Scale: 1048576   Required: 126 hours
Training: 2025-03-27 02:21:09,873-Speed 79.61 samples/sec   Loss 0.0297   LearningRate 0.000953   Epoch: 9   Global Step: 13470   Fp16 Grad Scale: 1048576   Required: 126 hours
Training: 2025-03-27 02:21:25,918-Speed 79.77 samples/sec   Loss 0.0220   LearningRate 0.000953   Epoch: 9   Global Step: 13480   Fp16 Grad Scale: 1048576   Required: 126 hours
Training: 2025-03-27 02:21:41,965-Speed 79.77 samples/sec   Loss 0.0435   LearningRate 0.000953   Epoch: 9   Global Step: 13490   Fp16 Grad Scale: 1048576   Required: 126 hours
Training: 2025-03-27 02:21:58,097-Speed 79.35 samples/sec   Loss 0.0306   LearningRate 0.000953   Epoch: 9   Global Step: 13500   Fp16 Grad Scale: 1048576   Required: 126 hours
Training: 2025-03-27 02:22:14,151-Speed 79.73 samples/sec   Loss 0.0247   LearningRate 0.000953   Epoch: 9   Global Step: 13510   Fp16 Grad Scale: 1048576   Required: 126 hours
Training: 2025-03-27 02:22:30,218-Speed 79.67 samples/sec   Loss 0.0248   LearningRate 0.000953   Epoch: 9   Global Step: 13520   Fp16 Grad Scale: 1048576   Required: 126 hours
Training: 2025-03-27 02:22:46,237-Speed 79.90 samples/sec   Loss 0.0318   LearningRate 0.000953   Epoch: 9   Global Step: 13530   Fp16 Grad Scale: 1048576   Required: 126 hours
Training: 2025-03-27 02:23:02,347-Speed 79.46 samples/sec   Loss 0.0214   LearningRate 0.000953   Epoch: 9   Global Step: 13540   Fp16 Grad Scale: 2097152   Required: 126 hours
Training: 2025-03-27 02:23:18,413-Speed 79.68 samples/sec   Loss 0.0322   LearningRate 0.000952   Epoch: 9   Global Step: 13550   Fp16 Grad Scale: 1048576   Required: 126 hours
Training: 2025-03-27 02:23:34,444-Speed 79.85 samples/sec   Loss 0.0118   LearningRate 0.000952   Epoch: 9   Global Step: 13560   Fp16 Grad Scale: 1048576   Required: 126 hours
Training: 2025-03-27 02:23:50,499-Speed 79.73 samples/sec   Loss 0.0590   LearningRate 0.000952   Epoch: 9   Global Step: 13570   Fp16 Grad Scale: 524288   Required: 126 hours
Training: 2025-03-27 02:24:06,604-Speed 79.48 samples/sec   Loss 0.0274   LearningRate 0.000952   Epoch: 9   Global Step: 13580   Fp16 Grad Scale: 524288   Required: 126 hours
Training: 2025-03-27 02:24:22,655-Speed 79.75 samples/sec   Loss 0.1148   LearningRate 0.000952   Epoch: 9   Global Step: 13590   Fp16 Grad Scale: 524288   Required: 126 hours
Training: 2025-03-27 02:24:38,717-Speed 79.69 samples/sec   Loss 0.0461   LearningRate 0.000952   Epoch: 9   Global Step: 13600   Fp16 Grad Scale: 524288   Required: 126 hours
Training: 2025-03-27 02:24:54,756-Speed 79.81 samples/sec   Loss 0.0474   LearningRate 0.000952   Epoch: 9   Global Step: 13610   Fp16 Grad Scale: 524288   Required: 126 hours
Training: 2025-03-27 02:25:12,554-Speed 71.92 samples/sec   Loss 0.0173   LearningRate 0.000952   Epoch: 9   Global Step: 13620   Fp16 Grad Scale: 524288   Required: 126 hours
Training: 2025-03-27 02:25:28,627-Speed 79.64 samples/sec   Loss 0.0394   LearningRate 0.000952   Epoch: 9   Global Step: 13630   Fp16 Grad Scale: 524288   Required: 126 hours
Training: 2025-03-27 02:25:44,715-Speed 79.57 samples/sec   Loss 0.0494   LearningRate 0.000952   Epoch: 9   Global Step: 13640   Fp16 Grad Scale: 524288   Required: 126 hours
Training: 2025-03-27 02:26:00,751-Speed 79.83 samples/sec   Loss 0.0288   LearningRate 0.000952   Epoch: 9   Global Step: 13650   Fp16 Grad Scale: 524288   Required: 126 hours
Training: 2025-03-27 02:26:16,826-Speed 79.63 samples/sec   Loss 0.0454   LearningRate 0.000952   Epoch: 9   Global Step: 13660   Fp16 Grad Scale: 524288   Required: 126 hours
Training: 2025-03-27 02:26:32,907-Speed 79.60 samples/sec   Loss 0.0751   LearningRate 0.000952   Epoch: 9   Global Step: 13670   Fp16 Grad Scale: 1048576   Required: 126 hours
Training: 2025-03-27 02:26:49,009-Speed 79.50 samples/sec   Loss 0.0848   LearningRate 0.000952   Epoch: 9   Global Step: 13680   Fp16 Grad Scale: 1048576   Required: 126 hours
Training: 2025-03-27 02:27:05,122-Speed 79.44 samples/sec   Loss 0.0481   LearningRate 0.000952   Epoch: 9   Global Step: 13690   Fp16 Grad Scale: 1048576   Required: 126 hours
Training: 2025-03-27 02:27:21,187-Speed 79.68 samples/sec   Loss 0.0473   LearningRate 0.000952   Epoch: 9   Global Step: 13700   Fp16 Grad Scale: 1048576   Required: 126 hours
Training: 2025-03-27 02:27:37,329-Speed 79.30 samples/sec   Loss 0.0252   LearningRate 0.000952   Epoch: 9   Global Step: 13710   Fp16 Grad Scale: 1048576   Required: 126 hours
Training: 2025-03-27 02:27:53,387-Speed 79.71 samples/sec   Loss 0.0279   LearningRate 0.000952   Epoch: 9   Global Step: 13720   Fp16 Grad Scale: 1048576   Required: 126 hours
Training: 2025-03-27 02:28:09,447-Speed 79.71 samples/sec   Loss 0.0206   LearningRate 0.000952   Epoch: 9   Global Step: 13730   Fp16 Grad Scale: 1048576   Required: 126 hours
Training: 2025-03-27 02:28:25,529-Speed 79.60 samples/sec   Loss 0.1434   LearningRate 0.000952   Epoch: 9   Global Step: 13740   Fp16 Grad Scale: 1048576   Required: 126 hours
Training: 2025-03-27 02:28:41,585-Speed 79.72 samples/sec   Loss 0.0262   LearningRate 0.000952   Epoch: 9   Global Step: 13750   Fp16 Grad Scale: 1048576   Required: 126 hours
Training: 2025-03-27 02:28:57,630-Speed 79.78 samples/sec   Loss 0.0184   LearningRate 0.000952   Epoch: 9   Global Step: 13760   Fp16 Grad Scale: 1048576   Required: 126 hours
Training: 2025-03-27 02:29:13,697-Speed 79.67 samples/sec   Loss 0.0221   LearningRate 0.000952   Epoch: 9   Global Step: 13770   Fp16 Grad Scale: 2097152   Required: 126 hours
Training: 2025-03-27 02:29:29,758-Speed 79.70 samples/sec   Loss 0.0425   LearningRate 0.000952   Epoch: 9   Global Step: 13780   Fp16 Grad Scale: 1048576   Required: 126 hours
Training: 2025-03-27 02:29:45,839-Speed 79.60 samples/sec   Loss 0.0292   LearningRate 0.000952   Epoch: 9   Global Step: 13790   Fp16 Grad Scale: 524288   Required: 126 hours
Training: 2025-03-27 02:30:01,948-Speed 79.47 samples/sec   Loss 0.0659   LearningRate 0.000952   Epoch: 9   Global Step: 13800   Fp16 Grad Scale: 524288   Required: 126 hours
Training: 2025-03-27 02:30:19,371-Speed 73.47 samples/sec   Loss 0.0302   LearningRate 0.000952   Epoch: 9   Global Step: 13810   Fp16 Grad Scale: 524288   Required: 126 hours
Training: 2025-03-27 02:30:35,418-Speed 79.77 samples/sec   Loss 0.0716   LearningRate 0.000952   Epoch: 9   Global Step: 13820   Fp16 Grad Scale: 524288   Required: 126 hours
Training: 2025-03-27 02:30:51,538-Speed 79.41 samples/sec   Loss 0.0190   LearningRate 0.000952   Epoch: 9   Global Step: 13830   Fp16 Grad Scale: 524288   Required: 126 hours
Training: 2025-03-27 02:31:07,649-Speed 79.45 samples/sec   Loss 0.0230   LearningRate 0.000951   Epoch: 9   Global Step: 13840   Fp16 Grad Scale: 524288   Required: 126 hours
Training: 2025-03-27 02:31:23,736-Speed 79.57 samples/sec   Loss 0.0338   LearningRate 0.000951   Epoch: 9   Global Step: 13850   Fp16 Grad Scale: 524288   Required: 126 hours
Training: 2025-03-27 02:31:39,839-Speed 79.50 samples/sec   Loss 0.0454   LearningRate 0.000951   Epoch: 9   Global Step: 13860   Fp16 Grad Scale: 524288   Required: 126 hours
Training: 2025-03-27 02:31:55,929-Speed 79.55 samples/sec   Loss 0.0297   LearningRate 0.000951   Epoch: 9   Global Step: 13870   Fp16 Grad Scale: 524288   Required: 126 hours
Training: 2025-03-27 02:32:12,004-Speed 79.63 samples/sec   Loss 0.0570   LearningRate 0.000951   Epoch: 9   Global Step: 13880   Fp16 Grad Scale: 524288   Required: 126 hours
Training: 2025-03-27 02:32:28,092-Speed 79.57 samples/sec   Loss 0.0363   LearningRate 0.000951   Epoch: 9   Global Step: 13890   Fp16 Grad Scale: 1048576   Required: 126 hours
Training: 2025-03-27 02:32:44,167-Speed 79.63 samples/sec   Loss 0.0286   LearningRate 0.000951   Epoch: 9   Global Step: 13900   Fp16 Grad Scale: 1048576   Required: 126 hours
Training: 2025-03-27 02:33:00,283-Speed 79.43 samples/sec   Loss 0.0418   LearningRate 0.000951   Epoch: 9   Global Step: 13910   Fp16 Grad Scale: 1048576   Required: 126 hours
Training: 2025-03-27 02:33:16,417-Speed 79.34 samples/sec   Loss 0.0304   LearningRate 0.000951   Epoch: 9   Global Step: 13920   Fp16 Grad Scale: 1048576   Required: 126 hours
Training: 2025-03-27 02:33:32,532-Speed 79.43 samples/sec   Loss 0.0090   LearningRate 0.000951   Epoch: 9   Global Step: 13930   Fp16 Grad Scale: 1048576   Required: 126 hours
Training: 2025-03-27 02:33:48,656-Speed 79.39 samples/sec   Loss 0.0264   LearningRate 0.000951   Epoch: 9   Global Step: 13940   Fp16 Grad Scale: 1048576   Required: 126 hours
Training: 2025-03-27 02:34:04,773-Speed 79.42 samples/sec   Loss 0.0518   LearningRate 0.000951   Epoch: 9   Global Step: 13950   Fp16 Grad Scale: 1048576   Required: 126 hours
Training: 2025-03-27 02:34:20,824-Speed 79.75 samples/sec   Loss 0.0455   LearningRate 0.000951   Epoch: 9   Global Step: 13960   Fp16 Grad Scale: 1048576   Required: 126 hours
Training: 2025-03-27 02:34:36,870-Speed 79.78 samples/sec   Loss 0.1203   LearningRate 0.000951   Epoch: 9   Global Step: 13970   Fp16 Grad Scale: 1048576   Required: 126 hours
Training: 2025-03-27 02:34:52,945-Speed 79.63 samples/sec   Loss 0.0338   LearningRate 0.000951   Epoch: 9   Global Step: 13980   Fp16 Grad Scale: 1048576   Required: 126 hours
Training: 2025-03-27 02:35:08,971-Speed 79.87 samples/sec   Loss 0.0204   LearningRate 0.000951   Epoch: 9   Global Step: 13990   Fp16 Grad Scale: 2097152   Required: 126 hours
Training: 2025-03-27 02:35:26,504-Speed 73.01 samples/sec   Loss 0.0431   LearningRate 0.000951   Epoch: 9   Global Step: 14000   Fp16 Grad Scale: 1048576   Required: 126 hours
net_out.shape: torch.Size([128, 512])
net_out.shape: torch.Size([128, 512])
net_out.shape: torch.Size([128, 512])
net_out.shape: torch.Size([128, 512])
net_out.shape: torch.Size([128, 512])
net_out.shape: torch.Size([128, 512])
net_out.shape: torch.Size([128, 512])
net_out.shape: torch.Size([128, 512])
net_out.shape: torch.Size([128, 512])
net_out.shape: torch.Size([128, 512])
net_out.shape: torch.Size([128, 512])
net_out.shape: torch.Size([128, 512])
net_out.shape: torch.Size([128, 512])
net_out.shape: torch.Size([128, 512])
net_out.shape: torch.Size([128, 512])
net_out.shape: torch.Size([128, 512])
net_out.shape: torch.Size([128, 512])
net_out.shape: torch.Size([128, 512])
net_out.shape: torch.Size([128, 512])
net_out.shape: torch.Size([128, 512])
net_out.shape: torch.Size([128, 512])
net_out.shape: torch.Size([128, 512])
net_out.shape: torch.Size([128, 512])
net_out.shape: torch.Size([128, 512])
net_out.shape: torch.Size([128, 512])
net_out.shape: torch.Size([128, 512])
net_out.shape: torch.Size([128, 512])
net_out.shape: torch.Size([128, 512])
net_out.shape: torch.Size([128, 512])
net_out.shape: torch.Size([128, 512])
net_out.shape: torch.Size([128, 512])
net_out.shape: torch.Size([128, 512])
net_out.shape: torch.Size([128, 512])
net_out.shape: torch.Size([128, 512])
net_out.shape: torch.Size([128, 512])
net_out.shape: torch.Size([128, 512])
net_out.shape: torch.Size([128, 512])
net_out.shape: torch.Size([128, 512])
net_out.shape: torch.Size([128, 512])
net_out.shape: torch.Size([128, 512])
net_out.shape: torch.Size([128, 512])
net_out.shape: torch.Size([128, 512])
net_out.shape: torch.Size([128, 512])
net_out.shape: torch.Size([128, 512])
net_out.shape: torch.Size([128, 512])
net_out.shape: torch.Size([128, 512])
net_out.shape: torch.Size([128, 512])
net_out.shape: torch.Size([128, 512])
net_out.shape: torch.Size([128, 512])
net_out.shape: torch.Size([128, 512])
net_out.shape: torch.Size([128, 512])
net_out.shape: torch.Size([128, 512])
net_out.shape: torch.Size([128, 512])
net_out.shape: torch.Size([128, 512])
net_out.shape: torch.Size([128, 512])
net_out.shape: torch.Size([128, 512])
net_out.shape: torch.Size([128, 512])
net_out.shape: torch.Size([128, 512])
net_out.shape: torch.Size([128, 512])
net_out.shape: torch.Size([128, 512])
net_out.shape: torch.Size([128, 512])
net_out.shape: torch.Size([128, 512])
net_out.shape: torch.Size([128, 512])
net_out.shape: torch.Size([128, 512])
Training: 2025-03-27 02:36:37,244-[val][14000]XNorm: 22.944129943847656
Training: 2025-03-27 02:36:37,244-[val][14000]val: nan
Training: 2025-03-27 02:36:37,244-[val][14000]val_std: nan
Training: 2025-03-27 02:36:37,244-[val][14000]far: 0.0011282848427072167
Training: 2025-03-27 02:36:37,244-[val][14000]Accuracy: 1.0±0.0
Training: 2025-03-27 02:36:53,165-Speed 14.77 samples/sec   Loss 0.0192   LearningRate 0.000951   Epoch: 9   Global Step: 14010   Fp16 Grad Scale: 1048576   Required: 126 hours
Training: 2025-03-27 02:37:09,226-Speed 79.70 samples/sec   Loss 0.0573   LearningRate 0.000951   Epoch: 9   Global Step: 14020   Fp16 Grad Scale: 524288   Required: 126 hours
Training: 2025-03-27 02:37:25,458-Speed 78.86 samples/sec   Loss 0.0481   LearningRate 0.000951   Epoch: 9   Global Step: 14030   Fp16 Grad Scale: 524288   Required: 126 hours
Training: 2025-03-27 02:37:41,565-Speed 79.47 samples/sec   Loss 0.0172   LearningRate 0.000951   Epoch: 9   Global Step: 14040   Fp16 Grad Scale: 524288   Required: 126 hours
Training: 2025-03-27 02:37:57,669-Speed 79.49 samples/sec   Loss 0.0209   LearningRate 0.000951   Epoch: 9   Global Step: 14050   Fp16 Grad Scale: 524288   Required: 126 hours
Training: 2025-03-27 02:38:13,748-Speed 79.61 samples/sec   Loss 0.0613   LearningRate 0.000951   Epoch: 9   Global Step: 14060   Fp16 Grad Scale: 524288   Required: 126 hours
Training: 2025-03-27 02:38:29,805-Speed 79.72 samples/sec   Loss 0.0432   LearningRate 0.000951   Epoch: 9   Global Step: 14070   Fp16 Grad Scale: 524288   Required: 126 hours
Training: 2025-03-27 02:38:45,836-Speed 79.85 samples/sec   Loss 0.0316   LearningRate 0.000951   Epoch: 9   Global Step: 14080   Fp16 Grad Scale: 524288   Required: 126 hours
Training: 2025-03-27 02:39:01,884-Speed 79.76 samples/sec   Loss 0.0420   LearningRate 0.000951   Epoch: 9   Global Step: 14090   Fp16 Grad Scale: 524288   Required: 126 hours
Training: 2025-03-27 02:39:17,956-Speed 79.64 samples/sec   Loss 0.0371   LearningRate 0.000951   Epoch: 9   Global Step: 14100   Fp16 Grad Scale: 524288   Required: 126 hours
Training: 2025-03-27 02:39:34,028-Speed 79.65 samples/sec   Loss 0.0300   LearningRate 0.000951   Epoch: 9   Global Step: 14110   Fp16 Grad Scale: 524288   Required: 126 hours
Training: 2025-03-27 02:39:50,099-Speed 79.65 samples/sec   Loss 0.0254   LearningRate 0.000950   Epoch: 9   Global Step: 14120   Fp16 Grad Scale: 1048576   Required: 126 hours
Training: 2025-03-27 02:40:06,206-Speed 79.47 samples/sec   Loss 0.0595   LearningRate 0.000950   Epoch: 9   Global Step: 14130   Fp16 Grad Scale: 1048576   Required: 126 hours
Training: 2025-03-27 02:40:23,699-Speed 73.18 samples/sec   Loss 0.0128   LearningRate 0.000950   Epoch: 9   Global Step: 14140   Fp16 Grad Scale: 1048576   Required: 126 hours
Training: 2025-03-27 02:40:39,769-Speed 79.65 samples/sec   Loss 0.0225   LearningRate 0.000950   Epoch: 9   Global Step: 14150   Fp16 Grad Scale: 1048576   Required: 126 hours
Training: 2025-03-27 02:40:55,816-Speed 79.77 samples/sec   Loss 0.0180   LearningRate 0.000950   Epoch: 9   Global Step: 14160   Fp16 Grad Scale: 1048576   Required: 126 hours
Training: 2025-03-27 02:41:11,934-Speed 79.42 samples/sec   Loss 0.0212   LearningRate 0.000950   Epoch: 9   Global Step: 14170   Fp16 Grad Scale: 1048576   Required: 126 hours
Training: 2025-03-27 02:41:28,197-Speed 78.71 samples/sec   Loss 0.0200   LearningRate 0.000950   Epoch: 9   Global Step: 14180   Fp16 Grad Scale: 1048576   Required: 126 hours
Training: 2025-03-27 02:41:44,291-Speed 79.53 samples/sec   Loss 0.0223   LearningRate 0.000950   Epoch: 9   Global Step: 14190   Fp16 Grad Scale: 1048576   Required: 126 hours
Training: 2025-03-27 02:42:00,318-Speed 79.87 samples/sec   Loss 0.0192   LearningRate 0.000950   Epoch: 9   Global Step: 14200   Fp16 Grad Scale: 1048576   Required: 126 hours
Training: 2025-03-27 02:42:16,412-Speed 79.54 samples/sec   Loss 0.0186   LearningRate 0.000950   Epoch: 9   Global Step: 14210   Fp16 Grad Scale: 1048576   Required: 126 hours
Training: 2025-03-27 02:42:32,496-Speed 79.58 samples/sec   Loss 0.0559   LearningRate 0.000950   Epoch: 9   Global Step: 14220   Fp16 Grad Scale: 1048576   Required: 126 hours
Training: 2025-03-27 02:42:48,560-Speed 79.68 samples/sec   Loss 0.0635   LearningRate 0.000950   Epoch: 9   Global Step: 14230   Fp16 Grad Scale: 1048576   Required: 126 hours
Training: 2025-03-27 02:43:04,595-Speed 79.83 samples/sec   Loss 0.0295   LearningRate 0.000950   Epoch: 9   Global Step: 14240   Fp16 Grad Scale: 524288   Required: 126 hours
Training: 2025-03-27 02:43:20,656-Speed 79.70 samples/sec   Loss 0.0571   LearningRate 0.000950   Epoch: 9   Global Step: 14250   Fp16 Grad Scale: 524288   Required: 126 hours
Training: 2025-03-27 02:43:35,391-Speed 86.87 samples/sec   Loss 0.0349   LearningRate 0.000950   Epoch: 9   Global Step: 14260   Fp16 Grad Scale: 524288   Required: 126 hours
Training: 2025-03-27 02:43:56,755-Speed 59.92 samples/sec   Loss 0.0303   LearningRate 0.000950   Epoch: 10   Global Step: 14270   Fp16 Grad Scale: 524288   Required: 126 hours
Training: 2025-03-27 02:44:12,917-Speed 79.20 samples/sec   Loss 0.0131   LearningRate 0.000950   Epoch: 10   Global Step: 14280   Fp16 Grad Scale: 524288   Required: 126 hours
Training: 2025-03-27 02:44:28,988-Speed 79.65 samples/sec   Loss 0.0093   LearningRate 0.000950   Epoch: 10   Global Step: 14290   Fp16 Grad Scale: 524288   Required: 126 hours
Training: 2025-03-27 02:44:45,038-Speed 79.75 samples/sec   Loss 0.0117   LearningRate 0.000950   Epoch: 10   Global Step: 14300   Fp16 Grad Scale: 524288   Required: 126 hours
Training: 2025-03-27 02:45:01,137-Speed 79.51 samples/sec   Loss 0.0170   LearningRate 0.000950   Epoch: 10   Global Step: 14310   Fp16 Grad Scale: 524288   Required: 126 hours
Training: 2025-03-27 02:45:17,173-Speed 79.82 samples/sec   Loss 0.0093   LearningRate 0.000950   Epoch: 10   Global Step: 14320   Fp16 Grad Scale: 524288   Required: 126 hours
Training: 2025-03-27 02:45:35,037-Speed 71.65 samples/sec   Loss 0.0150   LearningRate 0.000950   Epoch: 10   Global Step: 14330   Fp16 Grad Scale: 524288   Required: 126 hours
Training: 2025-03-27 02:45:51,301-Speed 78.71 samples/sec   Loss 0.0098   LearningRate 0.000950   Epoch: 10   Global Step: 14340   Fp16 Grad Scale: 1048576   Required: 126 hours
Training: 2025-03-27 02:46:07,359-Speed 79.71 samples/sec   Loss 0.0149   LearningRate 0.000950   Epoch: 10   Global Step: 14350   Fp16 Grad Scale: 1048576   Required: 126 hours
Training: 2025-03-27 02:46:23,421-Speed 79.69 samples/sec   Loss 0.0110   LearningRate 0.000950   Epoch: 10   Global Step: 14360   Fp16 Grad Scale: 1048576   Required: 126 hours
Training: 2025-03-27 02:46:39,520-Speed 79.51 samples/sec   Loss 0.0078   LearningRate 0.000950   Epoch: 10   Global Step: 14370   Fp16 Grad Scale: 1048576   Required: 126 hours
Training: 2025-03-27 02:46:55,596-Speed 79.63 samples/sec   Loss 0.0671   LearningRate 0.000950   Epoch: 10   Global Step: 14380   Fp16 Grad Scale: 1048576   Required: 126 hours
Training: 2025-03-27 02:47:11,695-Speed 79.51 samples/sec   Loss 0.0120   LearningRate 0.000950   Epoch: 10   Global Step: 14390   Fp16 Grad Scale: 1048576   Required: 126 hours
Training: 2025-03-27 02:47:27,913-Speed 78.93 samples/sec   Loss 0.0195   LearningRate 0.000950   Epoch: 10   Global Step: 14400   Fp16 Grad Scale: 1048576   Required: 126 hours
Training: 2025-03-27 02:47:44,024-Speed 79.45 samples/sec   Loss 0.0140   LearningRate 0.000949   Epoch: 10   Global Step: 14410   Fp16 Grad Scale: 1048576   Required: 126 hours
Training: 2025-03-27 02:48:00,041-Speed 79.92 samples/sec   Loss 0.0259   LearningRate 0.000949   Epoch: 10   Global Step: 14420   Fp16 Grad Scale: 1048576   Required: 126 hours
Training: 2025-03-27 02:48:16,120-Speed 79.61 samples/sec   Loss 0.0195   LearningRate 0.000949   Epoch: 10   Global Step: 14430   Fp16 Grad Scale: 1048576   Required: 126 hours
Training: 2025-03-27 02:48:32,209-Speed 79.56 samples/sec   Loss 0.0331   LearningRate 0.000949   Epoch: 10   Global Step: 14440   Fp16 Grad Scale: 2097152   Required: 126 hours
Training: 2025-03-27 02:48:48,244-Speed 79.83 samples/sec   Loss 0.0381   LearningRate 0.000949   Epoch: 10   Global Step: 14450   Fp16 Grad Scale: 2097152   Required: 126 hours
Training: 2025-03-27 02:49:04,335-Speed 79.55 samples/sec   Loss 0.0541   LearningRate 0.000949   Epoch: 10   Global Step: 14460   Fp16 Grad Scale: 524288   Required: 126 hours
Training: 2025-03-27 02:49:20,387-Speed 79.74 samples/sec   Loss 0.0225   LearningRate 0.000949   Epoch: 10   Global Step: 14470   Fp16 Grad Scale: 524288   Required: 126 hours
Training: 2025-03-27 02:49:36,506-Speed 79.41 samples/sec   Loss 0.0348   LearningRate 0.000949   Epoch: 10   Global Step: 14480   Fp16 Grad Scale: 524288   Required: 126 hours
Training: 2025-03-27 02:49:52,601-Speed 79.53 samples/sec   Loss 0.0240   LearningRate 0.000949   Epoch: 10   Global Step: 14490   Fp16 Grad Scale: 524288   Required: 126 hours
Training: 2025-03-27 02:50:08,684-Speed 79.59 samples/sec   Loss 0.0193   LearningRate 0.000949   Epoch: 10   Global Step: 14500   Fp16 Grad Scale: 524288   Required: 126 hours
Training: 2025-03-27 02:50:26,460-Speed 72.01 samples/sec   Loss 0.0285   LearningRate 0.000949   Epoch: 10   Global Step: 14510   Fp16 Grad Scale: 524288   Required: 126 hours
Training: 2025-03-27 02:50:42,497-Speed 79.82 samples/sec   Loss 0.0326   LearningRate 0.000949   Epoch: 10   Global Step: 14520   Fp16 Grad Scale: 524288   Required: 126 hours
Training: 2025-03-27 02:50:58,586-Speed 79.56 samples/sec   Loss 0.0113   LearningRate 0.000949   Epoch: 10   Global Step: 14530   Fp16 Grad Scale: 524288   Required: 126 hours
Training: 2025-03-27 02:51:14,689-Speed 79.49 samples/sec   Loss 0.0218   LearningRate 0.000949   Epoch: 10   Global Step: 14540   Fp16 Grad Scale: 524288   Required: 126 hours
Training: 2025-03-27 02:51:30,784-Speed 79.53 samples/sec   Loss 0.0211   LearningRate 0.000949   Epoch: 10   Global Step: 14550   Fp16 Grad Scale: 524288   Required: 126 hours
Training: 2025-03-27 02:51:46,783-Speed 80.01 samples/sec   Loss 0.0233   LearningRate 0.000949   Epoch: 10   Global Step: 14560   Fp16 Grad Scale: 1048576   Required: 126 hours
Training: 2025-03-27 02:52:02,869-Speed 79.57 samples/sec   Loss 0.0142   LearningRate 0.000949   Epoch: 10   Global Step: 14570   Fp16 Grad Scale: 1048576   Required: 126 hours
Training: 2025-03-27 02:52:18,948-Speed 79.61 samples/sec   Loss 0.0157   LearningRate 0.000949   Epoch: 10   Global Step: 14580   Fp16 Grad Scale: 1048576   Required: 126 hours
Training: 2025-03-27 02:52:35,008-Speed 79.70 samples/sec   Loss 0.0142   LearningRate 0.000949   Epoch: 10   Global Step: 14590   Fp16 Grad Scale: 1048576   Required: 126 hours
Training: 2025-03-27 02:52:51,085-Speed 79.62 samples/sec   Loss 0.0132   LearningRate 0.000949   Epoch: 10   Global Step: 14600   Fp16 Grad Scale: 1048576   Required: 126 hours
Training: 2025-03-27 02:53:07,165-Speed 79.61 samples/sec   Loss 0.0686   LearningRate 0.000949   Epoch: 10   Global Step: 14610   Fp16 Grad Scale: 1048576   Required: 126 hours
Training: 2025-03-27 02:53:23,211-Speed 79.77 samples/sec   Loss 0.0356   LearningRate 0.000949   Epoch: 10   Global Step: 14620   Fp16 Grad Scale: 1048576   Required: 126 hours
Training: 2025-03-27 02:53:39,236-Speed 79.88 samples/sec   Loss 0.0110   LearningRate 0.000949   Epoch: 10   Global Step: 14630   Fp16 Grad Scale: 1048576   Required: 126 hours
Training: 2025-03-27 02:53:55,340-Speed 79.48 samples/sec   Loss 0.0340   LearningRate 0.000949   Epoch: 10   Global Step: 14640   Fp16 Grad Scale: 1048576   Required: 126 hours
Training: 2025-03-27 02:54:11,445-Speed 79.48 samples/sec   Loss 0.0377   LearningRate 0.000949   Epoch: 10   Global Step: 14650   Fp16 Grad Scale: 1048576   Required: 126 hours
Training: 2025-03-27 02:54:27,510-Speed 79.68 samples/sec   Loss 0.0282   LearningRate 0.000949   Epoch: 10   Global Step: 14660   Fp16 Grad Scale: 2097152   Required: 126 hours
Training: 2025-03-27 02:54:43,611-Speed 79.50 samples/sec   Loss 0.0103   LearningRate 0.000949   Epoch: 10   Global Step: 14670   Fp16 Grad Scale: 2097152   Required: 126 hours
Training: 2025-03-27 02:54:59,705-Speed 79.54 samples/sec   Loss 0.0515   LearningRate 0.000949   Epoch: 10   Global Step: 14680   Fp16 Grad Scale: 2097152   Required: 126 hours
Training: 2025-03-27 02:55:15,798-Speed 79.54 samples/sec   Loss 0.0140   LearningRate 0.000948   Epoch: 10   Global Step: 14690   Fp16 Grad Scale: 2097152   Required: 126 hours
Training: 2025-03-27 02:55:33,518-Speed 72.23 samples/sec   Loss 0.0230   LearningRate 0.000948   Epoch: 10   Global Step: 14700   Fp16 Grad Scale: 2097152   Required: 126 hours
Training: 2025-03-27 02:55:49,637-Speed 79.41 samples/sec   Loss 0.0178   LearningRate 0.000948   Epoch: 10   Global Step: 14710   Fp16 Grad Scale: 2097152   Required: 126 hours
Training: 2025-03-27 02:56:05,683-Speed 79.77 samples/sec   Loss 0.0162   LearningRate 0.000948   Epoch: 10   Global Step: 14720   Fp16 Grad Scale: 2097152   Required: 126 hours
Training: 2025-03-27 02:56:21,763-Speed 79.61 samples/sec   Loss 0.0102   LearningRate 0.000948   Epoch: 10   Global Step: 14730   Fp16 Grad Scale: 2097152   Required: 126 hours
Training: 2025-03-27 02:56:37,849-Speed 79.57 samples/sec   Loss 0.0717   LearningRate 0.000948   Epoch: 10   Global Step: 14740   Fp16 Grad Scale: 2097152   Required: 126 hours
Training: 2025-03-27 02:56:53,941-Speed 79.54 samples/sec   Loss 0.0159   LearningRate 0.000948   Epoch: 10   Global Step: 14750   Fp16 Grad Scale: 1048576   Required: 126 hours
Training: 2025-03-27 02:57:10,041-Speed 79.51 samples/sec   Loss 0.0335   LearningRate 0.000948   Epoch: 10   Global Step: 14760   Fp16 Grad Scale: 1048576   Required: 126 hours
Training: 2025-03-27 02:57:26,159-Speed 79.41 samples/sec   Loss 0.0217   LearningRate 0.000948   Epoch: 10   Global Step: 14770   Fp16 Grad Scale: 1048576   Required: 126 hours
Training: 2025-03-27 02:57:42,253-Speed 79.54 samples/sec   Loss 0.0070   LearningRate 0.000948   Epoch: 10   Global Step: 14780   Fp16 Grad Scale: 1048576   Required: 126 hours
Training: 2025-03-27 02:57:58,348-Speed 79.53 samples/sec   Loss 0.0310   LearningRate 0.000948   Epoch: 10   Global Step: 14790   Fp16 Grad Scale: 524288   Required: 126 hours
Training: 2025-03-27 02:58:14,455-Speed 79.47 samples/sec   Loss 0.0121   LearningRate 0.000948   Epoch: 10   Global Step: 14800   Fp16 Grad Scale: 524288   Required: 126 hours
Training: 2025-03-27 02:58:30,556-Speed 79.50 samples/sec   Loss 0.0164   LearningRate 0.000948   Epoch: 10   Global Step: 14810   Fp16 Grad Scale: 524288   Required: 126 hours
Training: 2025-03-27 02:58:46,679-Speed 79.39 samples/sec   Loss 0.0541   LearningRate 0.000948   Epoch: 10   Global Step: 14820   Fp16 Grad Scale: 524288   Required: 126 hours
Training: 2025-03-27 02:59:02,750-Speed 79.65 samples/sec   Loss 0.0266   LearningRate 0.000948   Epoch: 10   Global Step: 14830   Fp16 Grad Scale: 524288   Required: 126 hours
Training: 2025-03-27 02:59:18,882-Speed 79.35 samples/sec   Loss 0.0380   LearningRate 0.000948   Epoch: 10   Global Step: 14840   Fp16 Grad Scale: 524288   Required: 126 hours
Training: 2025-03-27 02:59:34,936-Speed 79.74 samples/sec   Loss 0.0415   LearningRate 0.000948   Epoch: 10   Global Step: 14850   Fp16 Grad Scale: 524288   Required: 126 hours
Training: 2025-03-27 02:59:51,014-Speed 79.61 samples/sec   Loss 0.0223   LearningRate 0.000948   Epoch: 10   Global Step: 14860   Fp16 Grad Scale: 524288   Required: 126 hours
Training: 2025-03-27 03:00:07,054-Speed 79.81 samples/sec   Loss 0.0710   LearningRate 0.000948   Epoch: 10   Global Step: 14870   Fp16 Grad Scale: 524288   Required: 126 hours
Training: 2025-03-27 03:00:23,165-Speed 79.45 samples/sec   Loss 0.0632   LearningRate 0.000948   Epoch: 10   Global Step: 14880   Fp16 Grad Scale: 524288   Required: 126 hours
Training: 2025-03-27 03:00:41,175-Speed 71.07 samples/sec   Loss 0.0372   LearningRate 0.000948   Epoch: 10   Global Step: 14890   Fp16 Grad Scale: 524288   Required: 126 hours
Training: 2025-03-27 03:00:57,222-Speed 79.77 samples/sec   Loss 0.0948   LearningRate 0.000948   Epoch: 10   Global Step: 14900   Fp16 Grad Scale: 524288   Required: 126 hours
Training: 2025-03-27 03:01:13,293-Speed 79.65 samples/sec   Loss 0.0262   LearningRate 0.000948   Epoch: 10   Global Step: 14910   Fp16 Grad Scale: 524288   Required: 126 hours
Training: 2025-03-27 03:01:29,381-Speed 79.56 samples/sec   Loss 0.0671   LearningRate 0.000948   Epoch: 10   Global Step: 14920   Fp16 Grad Scale: 524288   Required: 126 hours
Training: 2025-03-27 03:01:45,476-Speed 79.53 samples/sec   Loss 0.0801   LearningRate 0.000948   Epoch: 10   Global Step: 14930   Fp16 Grad Scale: 524288   Required: 126 hours
Training: 2025-03-27 03:02:01,529-Speed 79.74 samples/sec   Loss 0.0276   LearningRate 0.000948   Epoch: 10   Global Step: 14940   Fp16 Grad Scale: 524288   Required: 126 hours
Training: 2025-03-27 03:02:17,582-Speed 79.74 samples/sec   Loss 0.0280   LearningRate 0.000948   Epoch: 10   Global Step: 14950   Fp16 Grad Scale: 524288   Required: 126 hours
Training: 2025-03-27 03:02:33,656-Speed 79.64 samples/sec   Loss 0.0355   LearningRate 0.000948   Epoch: 10   Global Step: 14960   Fp16 Grad Scale: 524288   Required: 126 hours
Training: 2025-03-27 03:02:49,708-Speed 79.74 samples/sec   Loss 0.0756   LearningRate 0.000948   Epoch: 10   Global Step: 14970   Fp16 Grad Scale: 524288   Required: 126 hours
Training: 2025-03-27 03:03:05,778-Speed 79.66 samples/sec   Loss 0.0454   LearningRate 0.000947   Epoch: 10   Global Step: 14980   Fp16 Grad Scale: 524288   Required: 126 hours
Training: 2025-03-27 03:03:21,852-Speed 79.63 samples/sec   Loss 0.0270   LearningRate 0.000947   Epoch: 10   Global Step: 14990   Fp16 Grad Scale: 1048576   Required: 126 hours
Training: 2025-03-27 03:03:37,939-Speed 79.57 samples/sec   Loss 0.0393   LearningRate 0.000947   Epoch: 10   Global Step: 15000   Fp16 Grad Scale: 1048576   Required: 126 hours
Training: 2025-03-27 03:03:54,037-Speed 79.51 samples/sec   Loss 0.0441   LearningRate 0.000947   Epoch: 10   Global Step: 15010   Fp16 Grad Scale: 1048576   Required: 126 hours
Training: 2025-03-27 03:04:10,181-Speed 79.29 samples/sec   Loss 0.0434   LearningRate 0.000947   Epoch: 10   Global Step: 15020   Fp16 Grad Scale: 1048576   Required: 126 hours
Training: 2025-03-27 03:04:26,260-Speed 79.61 samples/sec   Loss 0.0853   LearningRate 0.000947   Epoch: 10   Global Step: 15030   Fp16 Grad Scale: 1048576   Required: 126 hours
Training: 2025-03-27 03:04:42,334-Speed 79.64 samples/sec   Loss 0.0231   LearningRate 0.000947   Epoch: 10   Global Step: 15040   Fp16 Grad Scale: 524288   Required: 126 hours
Training: 2025-03-27 03:04:58,379-Speed 79.78 samples/sec   Loss 0.0206   LearningRate 0.000947   Epoch: 10   Global Step: 15050   Fp16 Grad Scale: 524288   Required: 126 hours
Training: 2025-03-27 03:05:14,442-Speed 79.69 samples/sec   Loss 0.0215   LearningRate 0.000947   Epoch: 10   Global Step: 15060   Fp16 Grad Scale: 524288   Required: 126 hours
Training: 2025-03-27 03:05:30,511-Speed 79.66 samples/sec   Loss 0.0227   LearningRate 0.000947   Epoch: 10   Global Step: 15070   Fp16 Grad Scale: 524288   Required: 126 hours
Training: 2025-03-27 03:05:48,510-Speed 71.11 samples/sec   Loss 0.0111   LearningRate 0.000947   Epoch: 10   Global Step: 15080   Fp16 Grad Scale: 524288   Required: 126 hours
Training: 2025-03-27 03:06:04,605-Speed 79.53 samples/sec   Loss 0.0150   LearningRate 0.000947   Epoch: 10   Global Step: 15090   Fp16 Grad Scale: 524288   Required: 125 hours
Training: 2025-03-27 03:06:20,708-Speed 79.49 samples/sec   Loss 0.0130   LearningRate 0.000947   Epoch: 10   Global Step: 15100   Fp16 Grad Scale: 524288   Required: 125 hours
Training: 2025-03-27 03:06:36,816-Speed 79.47 samples/sec   Loss 0.0855   LearningRate 0.000947   Epoch: 10   Global Step: 15110   Fp16 Grad Scale: 524288   Required: 125 hours
Training: 2025-03-27 03:06:52,943-Speed 79.37 samples/sec   Loss 0.0151   LearningRate 0.000947   Epoch: 10   Global Step: 15120   Fp16 Grad Scale: 524288   Required: 125 hours
Training: 2025-03-27 03:07:09,053-Speed 79.46 samples/sec   Loss 0.0261   LearningRate 0.000947   Epoch: 10   Global Step: 15130   Fp16 Grad Scale: 524288   Required: 125 hours
Training: 2025-03-27 03:07:25,153-Speed 79.51 samples/sec   Loss 0.0745   LearningRate 0.000947   Epoch: 10   Global Step: 15140   Fp16 Grad Scale: 524288   Required: 125 hours
Training: 2025-03-27 03:07:41,225-Speed 79.64 samples/sec   Loss 0.0273   LearningRate 0.000947   Epoch: 10   Global Step: 15150   Fp16 Grad Scale: 524288   Required: 125 hours
Training: 2025-03-27 03:07:57,277-Speed 79.75 samples/sec   Loss 0.0323   LearningRate 0.000947   Epoch: 10   Global Step: 15160   Fp16 Grad Scale: 524288   Required: 125 hours
Training: 2025-03-27 03:08:13,524-Speed 78.79 samples/sec   Loss 0.0152   LearningRate 0.000947   Epoch: 10   Global Step: 15170   Fp16 Grad Scale: 524288   Required: 125 hours
Training: 2025-03-27 03:08:29,641-Speed 79.42 samples/sec   Loss 0.0467   LearningRate 0.000947   Epoch: 10   Global Step: 15180   Fp16 Grad Scale: 524288   Required: 125 hours
Training: 2025-03-27 03:08:45,693-Speed 79.75 samples/sec   Loss 0.0335   LearningRate 0.000947   Epoch: 10   Global Step: 15190   Fp16 Grad Scale: 524288   Required: 125 hours
Training: 2025-03-27 03:09:01,762-Speed 79.66 samples/sec   Loss 0.0338   LearningRate 0.000947   Epoch: 10   Global Step: 15200   Fp16 Grad Scale: 524288   Required: 125 hours
Training: 2025-03-27 03:09:17,816-Speed 79.73 samples/sec   Loss 0.1117   LearningRate 0.000947   Epoch: 10   Global Step: 15210   Fp16 Grad Scale: 524288   Required: 125 hours
Training: 2025-03-27 03:09:33,885-Speed 79.66 samples/sec   Loss 0.0183   LearningRate 0.000947   Epoch: 10   Global Step: 15220   Fp16 Grad Scale: 524288   Required: 125 hours
Training: 2025-03-27 03:09:49,949-Speed 79.68 samples/sec   Loss 0.0894   LearningRate 0.000947   Epoch: 10   Global Step: 15230   Fp16 Grad Scale: 262144   Required: 125 hours
Training: 2025-03-27 03:10:06,046-Speed 79.52 samples/sec   Loss 0.0326   LearningRate 0.000947   Epoch: 10   Global Step: 15240   Fp16 Grad Scale: 262144   Required: 125 hours
Training: 2025-03-27 03:10:22,114-Speed 79.67 samples/sec   Loss 0.0291   LearningRate 0.000947   Epoch: 10   Global Step: 15250   Fp16 Grad Scale: 262144   Required: 125 hours
Training: 2025-03-27 03:10:39,208-Speed 74.88 samples/sec   Loss 0.0609   LearningRate 0.000946   Epoch: 10   Global Step: 15260   Fp16 Grad Scale: 262144   Required: 125 hours
Training: 2025-03-27 03:10:55,997-Speed 76.24 samples/sec   Loss 0.0309   LearningRate 0.000946   Epoch: 10   Global Step: 15270   Fp16 Grad Scale: 262144   Required: 125 hours
Training: 2025-03-27 03:11:12,075-Speed 79.61 samples/sec   Loss 0.0333   LearningRate 0.000946   Epoch: 10   Global Step: 15280   Fp16 Grad Scale: 262144   Required: 125 hours
Training: 2025-03-27 03:11:28,111-Speed 79.82 samples/sec   Loss 0.0680   LearningRate 0.000946   Epoch: 10   Global Step: 15290   Fp16 Grad Scale: 262144   Required: 125 hours
Training: 2025-03-27 03:11:44,211-Speed 79.51 samples/sec   Loss 0.0945   LearningRate 0.000946   Epoch: 10   Global Step: 15300   Fp16 Grad Scale: 262144   Required: 125 hours
Training: 2025-03-27 03:12:00,302-Speed 79.55 samples/sec   Loss 0.0621   LearningRate 0.000946   Epoch: 10   Global Step: 15310   Fp16 Grad Scale: 262144   Required: 125 hours
Training: 2025-03-27 03:12:16,355-Speed 79.74 samples/sec   Loss 0.0307   LearningRate 0.000946   Epoch: 10   Global Step: 15320   Fp16 Grad Scale: 262144   Required: 125 hours
Training: 2025-03-27 03:12:32,411-Speed 79.72 samples/sec   Loss 0.0347   LearningRate 0.000946   Epoch: 10   Global Step: 15330   Fp16 Grad Scale: 524288   Required: 125 hours
Training: 2025-03-27 03:12:48,469-Speed 79.71 samples/sec   Loss 0.0432   LearningRate 0.000946   Epoch: 10   Global Step: 15340   Fp16 Grad Scale: 524288   Required: 125 hours
Training: 2025-03-27 03:13:04,563-Speed 79.53 samples/sec   Loss 0.0458   LearningRate 0.000946   Epoch: 10   Global Step: 15350   Fp16 Grad Scale: 524288   Required: 125 hours
Training: 2025-03-27 03:13:20,686-Speed 79.39 samples/sec   Loss 0.0318   LearningRate 0.000946   Epoch: 10   Global Step: 15360   Fp16 Grad Scale: 524288   Required: 125 hours
Training: 2025-03-27 03:13:36,761-Speed 79.63 samples/sec   Loss 0.0343   LearningRate 0.000946   Epoch: 10   Global Step: 15370   Fp16 Grad Scale: 524288   Required: 125 hours
Training: 2025-03-27 03:13:52,875-Speed 79.44 samples/sec   Loss 0.0502   LearningRate 0.000946   Epoch: 10   Global Step: 15380   Fp16 Grad Scale: 524288   Required: 125 hours
Training: 2025-03-27 03:14:08,894-Speed 79.91 samples/sec   Loss 0.0131   LearningRate 0.000946   Epoch: 10   Global Step: 15390   Fp16 Grad Scale: 524288   Required: 125 hours
Training: 2025-03-27 03:14:24,974-Speed 79.61 samples/sec   Loss 0.0242   LearningRate 0.000946   Epoch: 10   Global Step: 15400   Fp16 Grad Scale: 524288   Required: 125 hours
Training: 2025-03-27 03:14:41,058-Speed 79.58 samples/sec   Loss 0.1060   LearningRate 0.000946   Epoch: 10   Global Step: 15410   Fp16 Grad Scale: 524288   Required: 125 hours
Training: 2025-03-27 03:14:57,198-Speed 79.31 samples/sec   Loss 0.0817   LearningRate 0.000946   Epoch: 10   Global Step: 15420   Fp16 Grad Scale: 524288   Required: 125 hours
Training: 2025-03-27 03:15:13,260-Speed 79.69 samples/sec   Loss 0.0271   LearningRate 0.000946   Epoch: 10   Global Step: 15430   Fp16 Grad Scale: 1048576   Required: 125 hours
Training: 2025-03-27 03:15:29,344-Speed 79.58 samples/sec   Loss 0.0381   LearningRate 0.000946   Epoch: 10   Global Step: 15440   Fp16 Grad Scale: 1048576   Required: 125 hours
Training: 2025-03-27 03:15:47,079-Speed 72.17 samples/sec   Loss 0.0207   LearningRate 0.000946   Epoch: 10   Global Step: 15450   Fp16 Grad Scale: 1048576   Required: 125 hours
Training: 2025-03-27 03:16:03,170-Speed 79.55 samples/sec   Loss 0.0821   LearningRate 0.000946   Epoch: 10   Global Step: 15460   Fp16 Grad Scale: 1048576   Required: 125 hours
Training: 2025-03-27 03:16:19,270-Speed 79.51 samples/sec   Loss 0.0163   LearningRate 0.000946   Epoch: 10   Global Step: 15470   Fp16 Grad Scale: 1048576   Required: 125 hours
Training: 2025-03-27 03:16:35,353-Speed 79.59 samples/sec   Loss 0.0333   LearningRate 0.000946   Epoch: 10   Global Step: 15480   Fp16 Grad Scale: 1048576   Required: 125 hours
Training: 2025-03-27 03:16:51,464-Speed 79.45 samples/sec   Loss 0.0296   LearningRate 0.000946   Epoch: 10   Global Step: 15490   Fp16 Grad Scale: 1048576   Required: 125 hours
Training: 2025-03-27 03:17:07,621-Speed 79.23 samples/sec   Loss 0.0278   LearningRate 0.000946   Epoch: 10   Global Step: 15500   Fp16 Grad Scale: 1048576   Required: 125 hours
Training: 2025-03-27 03:17:23,726-Speed 79.48 samples/sec   Loss 0.0260   LearningRate 0.000946   Epoch: 10   Global Step: 15510   Fp16 Grad Scale: 1048576   Required: 125 hours
Training: 2025-03-27 03:17:39,752-Speed 79.87 samples/sec   Loss 0.0316   LearningRate 0.000946   Epoch: 10   Global Step: 15520   Fp16 Grad Scale: 524288   Required: 125 hours
Training: 2025-03-27 03:17:55,799-Speed 79.77 samples/sec   Loss 0.0276   LearningRate 0.000946   Epoch: 10   Global Step: 15530   Fp16 Grad Scale: 524288   Required: 125 hours
Training: 2025-03-27 03:18:11,890-Speed 79.55 samples/sec   Loss 0.0268   LearningRate 0.000946   Epoch: 10   Global Step: 15540   Fp16 Grad Scale: 524288   Required: 125 hours
Training: 2025-03-27 03:18:28,006-Speed 79.43 samples/sec   Loss 0.0386   LearningRate 0.000945   Epoch: 10   Global Step: 15550   Fp16 Grad Scale: 524288   Required: 125 hours
Training: 2025-03-27 03:18:44,080-Speed 79.64 samples/sec   Loss 0.0171   LearningRate 0.000945   Epoch: 10   Global Step: 15560   Fp16 Grad Scale: 524288   Required: 125 hours
Training: 2025-03-27 03:19:00,227-Speed 79.27 samples/sec   Loss 0.0218   LearningRate 0.000945   Epoch: 10   Global Step: 15570   Fp16 Grad Scale: 524288   Required: 125 hours
Training: 2025-03-27 03:19:16,289-Speed 79.70 samples/sec   Loss 0.0446   LearningRate 0.000945   Epoch: 10   Global Step: 15580   Fp16 Grad Scale: 524288   Required: 125 hours
Training: 2025-03-27 03:19:32,373-Speed 79.58 samples/sec   Loss 0.0355   LearningRate 0.000945   Epoch: 10   Global Step: 15590   Fp16 Grad Scale: 524288   Required: 125 hours
Training: 2025-03-27 03:19:48,512-Speed 79.31 samples/sec   Loss 0.0522   LearningRate 0.000945   Epoch: 10   Global Step: 15600   Fp16 Grad Scale: 524288   Required: 125 hours
Training: 2025-03-27 03:20:04,603-Speed 79.55 samples/sec   Loss 0.0293   LearningRate 0.000945   Epoch: 10   Global Step: 15610   Fp16 Grad Scale: 524288   Required: 125 hours
Training: 2025-03-27 03:20:20,666-Speed 79.69 samples/sec   Loss 0.0275   LearningRate 0.000945   Epoch: 10   Global Step: 15620   Fp16 Grad Scale: 1048576   Required: 125 hours
Training: 2025-03-27 03:20:36,762-Speed 79.52 samples/sec   Loss 0.0225   LearningRate 0.000945   Epoch: 10   Global Step: 15630   Fp16 Grad Scale: 1048576   Required: 125 hours
Training: 2025-03-27 03:20:54,644-Speed 71.59 samples/sec   Loss 0.0282   LearningRate 0.000945   Epoch: 10   Global Step: 15640   Fp16 Grad Scale: 524288   Required: 125 hours
Training: 2025-03-27 03:21:10,745-Speed 79.50 samples/sec   Loss 0.0333   LearningRate 0.000945   Epoch: 10   Global Step: 15650   Fp16 Grad Scale: 524288   Required: 125 hours
Training: 2025-03-27 03:21:26,838-Speed 79.54 samples/sec   Loss 0.0855   LearningRate 0.000945   Epoch: 10   Global Step: 15660   Fp16 Grad Scale: 524288   Required: 125 hours
Training: 2025-03-27 03:21:42,895-Speed 79.72 samples/sec   Loss 0.0390   LearningRate 0.000945   Epoch: 10   Global Step: 15670   Fp16 Grad Scale: 524288   Required: 125 hours
Training: 2025-03-27 03:21:58,425-Speed 82.43 samples/sec   Loss 0.0325   LearningRate 0.000945   Epoch: 10   Global Step: 15680   Fp16 Grad Scale: 524288   Required: 125 hours
Training: 2025-03-27 03:22:17,155-Speed 68.34 samples/sec   Loss 0.0180   LearningRate 0.000945   Epoch: 11   Global Step: 15690   Fp16 Grad Scale: 524288   Required: 125 hours
Training: 2025-03-27 03:22:33,190-Speed 79.83 samples/sec   Loss 0.0145   LearningRate 0.000945   Epoch: 11   Global Step: 15700   Fp16 Grad Scale: 524288   Required: 125 hours
Training: 2025-03-27 03:22:49,216-Speed 79.88 samples/sec   Loss 0.0128   LearningRate 0.000945   Epoch: 11   Global Step: 15710   Fp16 Grad Scale: 524288   Required: 125 hours
Training: 2025-03-27 03:23:05,316-Speed 79.50 samples/sec   Loss 0.0200   LearningRate 0.000945   Epoch: 11   Global Step: 15720   Fp16 Grad Scale: 524288   Required: 125 hours
Training: 2025-03-27 03:23:21,336-Speed 79.91 samples/sec   Loss 0.0111   LearningRate 0.000945   Epoch: 11   Global Step: 15730   Fp16 Grad Scale: 524288   Required: 125 hours
Training: 2025-03-27 03:23:37,604-Speed 78.68 samples/sec   Loss 0.0167   LearningRate 0.000945   Epoch: 11   Global Step: 15740   Fp16 Grad Scale: 1048576   Required: 125 hours
Training: 2025-03-27 03:23:53,640-Speed 79.82 samples/sec   Loss 0.0169   LearningRate 0.000945   Epoch: 11   Global Step: 15750   Fp16 Grad Scale: 1048576   Required: 125 hours
Training: 2025-03-27 03:24:09,703-Speed 79.69 samples/sec   Loss 0.0075   LearningRate 0.000945   Epoch: 11   Global Step: 15760   Fp16 Grad Scale: 1048576   Required: 125 hours
Training: 2025-03-27 03:24:25,808-Speed 79.48 samples/sec   Loss 0.0657   LearningRate 0.000945   Epoch: 11   Global Step: 15770   Fp16 Grad Scale: 1048576   Required: 125 hours
Training: 2025-03-27 03:24:41,961-Speed 79.24 samples/sec   Loss 0.0107   LearningRate 0.000945   Epoch: 11   Global Step: 15780   Fp16 Grad Scale: 1048576   Required: 125 hours
Training: 2025-03-27 03:24:57,982-Speed 79.90 samples/sec   Loss 0.0525   LearningRate 0.000945   Epoch: 11   Global Step: 15790   Fp16 Grad Scale: 1048576   Required: 125 hours
Training: 2025-03-27 03:25:14,066-Speed 79.59 samples/sec   Loss 0.0082   LearningRate 0.000945   Epoch: 11   Global Step: 15800   Fp16 Grad Scale: 1048576   Required: 125 hours
Training: 2025-03-27 03:25:30,109-Speed 79.79 samples/sec   Loss 0.0145   LearningRate 0.000945   Epoch: 11   Global Step: 15810   Fp16 Grad Scale: 1048576   Required: 125 hours
Training: 2025-03-27 03:25:46,184-Speed 79.63 samples/sec   Loss 0.0180   LearningRate 0.000945   Epoch: 11   Global Step: 15820   Fp16 Grad Scale: 1048576   Required: 125 hours
Training: 2025-03-27 03:26:04,012-Speed 71.80 samples/sec   Loss 0.0112   LearningRate 0.000944   Epoch: 11   Global Step: 15830   Fp16 Grad Scale: 1048576   Required: 125 hours
Training: 2025-03-27 03:26:20,112-Speed 79.50 samples/sec   Loss 0.0044   LearningRate 0.000944   Epoch: 11   Global Step: 15840   Fp16 Grad Scale: 2097152   Required: 125 hours
Training: 2025-03-27 03:26:36,217-Speed 79.48 samples/sec   Loss 0.0134   LearningRate 0.000944   Epoch: 11   Global Step: 15850   Fp16 Grad Scale: 2097152   Required: 125 hours
Training: 2025-03-27 03:26:52,263-Speed 79.77 samples/sec   Loss 0.0062   LearningRate 0.000944   Epoch: 11   Global Step: 15860   Fp16 Grad Scale: 2097152   Required: 125 hours
Training: 2025-03-27 03:27:08,359-Speed 79.53 samples/sec   Loss 0.0082   LearningRate 0.000944   Epoch: 11   Global Step: 15870   Fp16 Grad Scale: 2097152   Required: 125 hours
Training: 2025-03-27 03:27:24,495-Speed 79.33 samples/sec   Loss 0.0070   LearningRate 0.000944   Epoch: 11   Global Step: 15880   Fp16 Grad Scale: 2097152   Required: 125 hours
Training: 2025-03-27 03:27:40,702-Speed 78.98 samples/sec   Loss 0.0128   LearningRate 0.000944   Epoch: 11   Global Step: 15890   Fp16 Grad Scale: 2097152   Required: 125 hours
Training: 2025-03-27 03:27:56,741-Speed 79.81 samples/sec   Loss 0.0309   LearningRate 0.000944   Epoch: 11   Global Step: 15900   Fp16 Grad Scale: 1048576   Required: 125 hours
Training: 2025-03-27 03:28:12,812-Speed 79.65 samples/sec   Loss 0.0057   LearningRate 0.000944   Epoch: 11   Global Step: 15910   Fp16 Grad Scale: 1048576   Required: 125 hours
Training: 2025-03-27 03:28:28,849-Speed 79.81 samples/sec   Loss 0.0049   LearningRate 0.000944   Epoch: 11   Global Step: 15920   Fp16 Grad Scale: 1048576   Required: 125 hours
Training: 2025-03-27 03:28:44,991-Speed 79.30 samples/sec   Loss 0.0038   LearningRate 0.000944   Epoch: 11   Global Step: 15930   Fp16 Grad Scale: 1048576   Required: 125 hours
Training: 2025-03-27 03:29:01,078-Speed 79.57 samples/sec   Loss 0.0154   LearningRate 0.000944   Epoch: 11   Global Step: 15940   Fp16 Grad Scale: 1048576   Required: 125 hours
Training: 2025-03-27 03:29:17,172-Speed 79.53 samples/sec   Loss 0.0066   LearningRate 0.000944   Epoch: 11   Global Step: 15950   Fp16 Grad Scale: 1048576   Required: 125 hours
Training: 2025-03-27 03:29:33,181-Speed 79.96 samples/sec   Loss 0.0185   LearningRate 0.000944   Epoch: 11   Global Step: 15960   Fp16 Grad Scale: 1048576   Required: 125 hours
Training: 2025-03-27 03:29:49,237-Speed 79.73 samples/sec   Loss 0.0106   LearningRate 0.000944   Epoch: 11   Global Step: 15970   Fp16 Grad Scale: 1048576   Required: 125 hours
Training: 2025-03-27 03:30:05,319-Speed 79.59 samples/sec   Loss 0.0539   LearningRate 0.000944   Epoch: 11   Global Step: 15980   Fp16 Grad Scale: 1048576   Required: 125 hours
Training: 2025-03-27 03:30:21,348-Speed 79.86 samples/sec   Loss 0.0247   LearningRate 0.000944   Epoch: 11   Global Step: 15990   Fp16 Grad Scale: 524288   Required: 125 hours
Training: 2025-03-27 03:30:37,373-Speed 79.88 samples/sec   Loss 0.0237   LearningRate 0.000944   Epoch: 11   Global Step: 16000   Fp16 Grad Scale: 524288   Required: 125 hours
net_out.shape: torch.Size([128, 512])
net_out.shape: torch.Size([128, 512])
net_out.shape: torch.Size([128, 512])
net_out.shape: torch.Size([128, 512])
net_out.shape: torch.Size([128, 512])
net_out.shape: torch.Size([128, 512])
net_out.shape: torch.Size([128, 512])
net_out.shape: torch.Size([128, 512])
net_out.shape: torch.Size([128, 512])
net_out.shape: torch.Size([128, 512])
net_out.shape: torch.Size([128, 512])
net_out.shape: torch.Size([128, 512])
net_out.shape: torch.Size([128, 512])
net_out.shape: torch.Size([128, 512])
net_out.shape: torch.Size([128, 512])
net_out.shape: torch.Size([128, 512])
net_out.shape: torch.Size([128, 512])
net_out.shape: torch.Size([128, 512])
net_out.shape: torch.Size([128, 512])
net_out.shape: torch.Size([128, 512])
net_out.shape: torch.Size([128, 512])
net_out.shape: torch.Size([128, 512])
net_out.shape: torch.Size([128, 512])
net_out.shape: torch.Size([128, 512])
net_out.shape: torch.Size([128, 512])
net_out.shape: torch.Size([128, 512])
net_out.shape: torch.Size([128, 512])
net_out.shape: torch.Size([128, 512])
net_out.shape: torch.Size([128, 512])
net_out.shape: torch.Size([128, 512])
net_out.shape: torch.Size([128, 512])
net_out.shape: torch.Size([128, 512])
net_out.shape: torch.Size([128, 512])
net_out.shape: torch.Size([128, 512])
net_out.shape: torch.Size([128, 512])
net_out.shape: torch.Size([128, 512])
net_out.shape: torch.Size([128, 512])
net_out.shape: torch.Size([128, 512])
net_out.shape: torch.Size([128, 512])
net_out.shape: torch.Size([128, 512])
net_out.shape: torch.Size([128, 512])
net_out.shape: torch.Size([128, 512])
net_out.shape: torch.Size([128, 512])
net_out.shape: torch.Size([128, 512])
net_out.shape: torch.Size([128, 512])
net_out.shape: torch.Size([128, 512])
net_out.shape: torch.Size([128, 512])
net_out.shape: torch.Size([128, 512])
net_out.shape: torch.Size([128, 512])
net_out.shape: torch.Size([128, 512])
net_out.shape: torch.Size([128, 512])
net_out.shape: torch.Size([128, 512])
net_out.shape: torch.Size([128, 512])
net_out.shape: torch.Size([128, 512])
net_out.shape: torch.Size([128, 512])
net_out.shape: torch.Size([128, 512])
net_out.shape: torch.Size([128, 512])
net_out.shape: torch.Size([128, 512])
net_out.shape: torch.Size([128, 512])
net_out.shape: torch.Size([128, 512])
net_out.shape: torch.Size([128, 512])
net_out.shape: torch.Size([128, 512])
net_out.shape: torch.Size([128, 512])
net_out.shape: torch.Size([128, 512])
Training: 2025-03-27 03:31:49,714-[val][16000]XNorm: 22.033397674560547
Training: 2025-03-27 03:31:49,714-[val][16000]val: nan
Training: 2025-03-27 03:31:49,714-[val][16000]val_std: nan
Training: 2025-03-27 03:31:49,714-[val][16000]far: 0.0011263641063123941
Training: 2025-03-27 03:31:49,714-[val][16000]Accuracy: 1.0±0.0
Training: 2025-03-27 03:32:05,689-Speed 14.49 samples/sec   Loss 0.0273   LearningRate 0.000944   Epoch: 11   Global Step: 16010   Fp16 Grad Scale: 524288   Required: 125 hours
Training: 2025-03-27 03:32:21,710-Speed 79.90 samples/sec   Loss 0.0864   LearningRate 0.000944   Epoch: 11   Global Step: 16020   Fp16 Grad Scale: 524288   Required: 125 hours
Training: 2025-03-27 03:32:37,772-Speed 79.69 samples/sec   Loss 0.0365   LearningRate 0.000944   Epoch: 11   Global Step: 16030   Fp16 Grad Scale: 524288   Required: 125 hours
Training: 2025-03-27 03:32:53,863-Speed 79.55 samples/sec   Loss 0.0282   LearningRate 0.000944   Epoch: 11   Global Step: 16040   Fp16 Grad Scale: 524288   Required: 125 hours
Training: 2025-03-27 03:33:09,939-Speed 79.63 samples/sec   Loss 0.0211   LearningRate 0.000944   Epoch: 11   Global Step: 16050   Fp16 Grad Scale: 524288   Required: 125 hours
Training: 2025-03-27 03:33:26,026-Speed 79.57 samples/sec   Loss 0.0273   LearningRate 0.000944   Epoch: 11   Global Step: 16060   Fp16 Grad Scale: 524288   Required: 125 hours
Training: 2025-03-27 03:33:42,119-Speed 79.54 samples/sec   Loss 0.0238   LearningRate 0.000944   Epoch: 11   Global Step: 16070   Fp16 Grad Scale: 524288   Required: 125 hours
Training: 2025-03-27 03:33:58,237-Speed 79.42 samples/sec   Loss 0.0110   LearningRate 0.000944   Epoch: 11   Global Step: 16080   Fp16 Grad Scale: 524288   Required: 125 hours
Training: 2025-03-27 03:34:14,326-Speed 79.56 samples/sec   Loss 0.0334   LearningRate 0.000944   Epoch: 11   Global Step: 16090   Fp16 Grad Scale: 1048576   Required: 125 hours
Training: 2025-03-27 03:34:30,427-Speed 79.50 samples/sec   Loss 0.0114   LearningRate 0.000944   Epoch: 11   Global Step: 16100   Fp16 Grad Scale: 1048576   Required: 125 hours
Training: 2025-03-27 03:34:46,520-Speed 79.54 samples/sec   Loss 0.0136   LearningRate 0.000944   Epoch: 11   Global Step: 16110   Fp16 Grad Scale: 1048576   Required: 125 hours
Training: 2025-03-27 03:35:02,572-Speed 79.74 samples/sec   Loss 0.0235   LearningRate 0.000943   Epoch: 11   Global Step: 16120   Fp16 Grad Scale: 1048576   Required: 125 hours
Training: 2025-03-27 03:35:18,785-Speed 78.95 samples/sec   Loss 0.0157   LearningRate 0.000943   Epoch: 11   Global Step: 16130   Fp16 Grad Scale: 1048576   Required: 125 hours
Training: 2025-03-27 03:35:34,903-Speed 79.42 samples/sec   Loss 0.0090   LearningRate 0.000943   Epoch: 11   Global Step: 16140   Fp16 Grad Scale: 1048576   Required: 125 hours
Training: 2025-03-27 03:35:51,024-Speed 79.40 samples/sec   Loss 0.0087   LearningRate 0.000943   Epoch: 11   Global Step: 16150   Fp16 Grad Scale: 1048576   Required: 125 hours
Training: 2025-03-27 03:36:08,789-Speed 72.06 samples/sec   Loss 0.0162   LearningRate 0.000943   Epoch: 11   Global Step: 16160   Fp16 Grad Scale: 1048576   Required: 125 hours
Training: 2025-03-27 03:36:24,864-Speed 79.63 samples/sec   Loss 0.0120   LearningRate 0.000943   Epoch: 11   Global Step: 16170   Fp16 Grad Scale: 1048576   Required: 125 hours
Training: 2025-03-27 03:36:40,876-Speed 79.94 samples/sec   Loss 0.0266   LearningRate 0.000943   Epoch: 11   Global Step: 16180   Fp16 Grad Scale: 1048576   Required: 125 hours
Training: 2025-03-27 03:36:57,005-Speed 79.36 samples/sec   Loss 0.0194   LearningRate 0.000943   Epoch: 11   Global Step: 16190   Fp16 Grad Scale: 1048576   Required: 125 hours
Training: 2025-03-27 03:37:13,102-Speed 79.52 samples/sec   Loss 0.0114   LearningRate 0.000943   Epoch: 11   Global Step: 16200   Fp16 Grad Scale: 1048576   Required: 125 hours
Training: 2025-03-27 03:37:29,144-Speed 79.79 samples/sec   Loss 0.0072   LearningRate 0.000943   Epoch: 11   Global Step: 16210   Fp16 Grad Scale: 1048576   Required: 125 hours
Training: 2025-03-27 03:37:45,227-Speed 79.59 samples/sec   Loss 0.0250   LearningRate 0.000943   Epoch: 11   Global Step: 16220   Fp16 Grad Scale: 1048576   Required: 125 hours
Training: 2025-03-27 03:38:01,296-Speed 79.66 samples/sec   Loss 0.0183   LearningRate 0.000943   Epoch: 11   Global Step: 16230   Fp16 Grad Scale: 1048576   Required: 125 hours
Training: 2025-03-27 03:38:17,371-Speed 79.63 samples/sec   Loss 0.0087   LearningRate 0.000943   Epoch: 11   Global Step: 16240   Fp16 Grad Scale: 1048576   Required: 125 hours
Training: 2025-03-27 03:38:33,428-Speed 79.72 samples/sec   Loss 0.0137   LearningRate 0.000943   Epoch: 11   Global Step: 16250   Fp16 Grad Scale: 1048576   Required: 125 hours
Training: 2025-03-27 03:38:49,457-Speed 79.86 samples/sec   Loss 0.0054   LearningRate 0.000943   Epoch: 11   Global Step: 16260   Fp16 Grad Scale: 1048576   Required: 125 hours
Training: 2025-03-27 03:39:05,541-Speed 79.59 samples/sec   Loss 0.0329   LearningRate 0.000943   Epoch: 11   Global Step: 16270   Fp16 Grad Scale: 1048576   Required: 125 hours
Training: 2025-03-27 03:39:21,757-Speed 78.94 samples/sec   Loss 0.0099   LearningRate 0.000943   Epoch: 11   Global Step: 16280   Fp16 Grad Scale: 1048576   Required: 125 hours
Training: 2025-03-27 03:39:37,830-Speed 79.64 samples/sec   Loss 0.0107   LearningRate 0.000943   Epoch: 11   Global Step: 16290   Fp16 Grad Scale: 2097152   Required: 125 hours
Training: 2025-03-27 03:39:53,932-Speed 79.50 samples/sec   Loss 0.0115   LearningRate 0.000943   Epoch: 11   Global Step: 16300   Fp16 Grad Scale: 2097152   Required: 125 hours
Training: 2025-03-27 03:40:10,012-Speed 79.61 samples/sec   Loss 0.0094   LearningRate 0.000943   Epoch: 11   Global Step: 16310   Fp16 Grad Scale: 2097152   Required: 125 hours
Training: 2025-03-27 03:40:26,065-Speed 79.74 samples/sec   Loss 0.0069   LearningRate 0.000943   Epoch: 11   Global Step: 16320   Fp16 Grad Scale: 2097152   Required: 125 hours
Training: 2025-03-27 03:40:42,166-Speed 79.50 samples/sec   Loss 0.0075   LearningRate 0.000943   Epoch: 11   Global Step: 16330   Fp16 Grad Scale: 2097152   Required: 125 hours
Training: 2025-03-27 03:40:58,201-Speed 79.83 samples/sec   Loss 0.0131   LearningRate 0.000943   Epoch: 11   Global Step: 16340   Fp16 Grad Scale: 1048576   Required: 125 hours
Training: 2025-03-27 03:41:15,758-Speed 72.91 samples/sec   Loss 0.0710   LearningRate 0.000943   Epoch: 11   Global Step: 16350   Fp16 Grad Scale: 524288   Required: 125 hours
Training: 2025-03-27 03:41:31,884-Speed 79.38 samples/sec   Loss 0.0182   LearningRate 0.000943   Epoch: 11   Global Step: 16360   Fp16 Grad Scale: 524288   Required: 125 hours
Training: 2025-03-27 03:41:47,977-Speed 79.54 samples/sec   Loss 0.0120   LearningRate 0.000943   Epoch: 11   Global Step: 16370   Fp16 Grad Scale: 524288   Required: 125 hours
Training: 2025-03-27 03:42:04,061-Speed 79.59 samples/sec   Loss 0.0294   LearningRate 0.000943   Epoch: 11   Global Step: 16380   Fp16 Grad Scale: 524288   Required: 125 hours
Training: 2025-03-27 03:42:20,114-Speed 79.74 samples/sec   Loss 0.0115   LearningRate 0.000943   Epoch: 11   Global Step: 16390   Fp16 Grad Scale: 524288   Required: 125 hours
Training: 2025-03-27 03:42:36,158-Speed 79.78 samples/sec   Loss 0.0092   LearningRate 0.000942   Epoch: 11   Global Step: 16400   Fp16 Grad Scale: 524288   Required: 125 hours
Training: 2025-03-27 03:42:52,269-Speed 79.45 samples/sec   Loss 0.0129   LearningRate 0.000942   Epoch: 11   Global Step: 16410   Fp16 Grad Scale: 524288   Required: 125 hours
Training: 2025-03-27 03:43:08,304-Speed 79.83 samples/sec   Loss 0.0149   LearningRate 0.000942   Epoch: 11   Global Step: 16420   Fp16 Grad Scale: 524288   Required: 125 hours
Training: 2025-03-27 03:43:24,432-Speed 79.37 samples/sec   Loss 0.0219   LearningRate 0.000942   Epoch: 11   Global Step: 16430   Fp16 Grad Scale: 524288   Required: 125 hours
Training: 2025-03-27 03:43:40,647-Speed 78.94 samples/sec   Loss 0.0856   LearningRate 0.000942   Epoch: 11   Global Step: 16440   Fp16 Grad Scale: 262144   Required: 125 hours
Training: 2025-03-27 03:43:56,697-Speed 79.75 samples/sec   Loss 0.0193   LearningRate 0.000942   Epoch: 11   Global Step: 16450   Fp16 Grad Scale: 262144   Required: 125 hours
Training: 2025-03-27 03:44:12,810-Speed 79.44 samples/sec   Loss 0.0343   LearningRate 0.000942   Epoch: 11   Global Step: 16460   Fp16 Grad Scale: 262144   Required: 125 hours
Training: 2025-03-27 03:44:28,886-Speed 79.62 samples/sec   Loss 0.0105   LearningRate 0.000942   Epoch: 11   Global Step: 16470   Fp16 Grad Scale: 262144   Required: 125 hours
Training: 2025-03-27 03:44:44,943-Speed 79.72 samples/sec   Loss 0.0318   LearningRate 0.000942   Epoch: 11   Global Step: 16480   Fp16 Grad Scale: 262144   Required: 125 hours
Training: 2025-03-27 03:45:01,064-Speed 79.40 samples/sec   Loss 0.0246   LearningRate 0.000942   Epoch: 11   Global Step: 16490   Fp16 Grad Scale: 262144   Required: 125 hours
Training: 2025-03-27 03:45:17,084-Speed 79.90 samples/sec   Loss 0.0399   LearningRate 0.000942   Epoch: 11   Global Step: 16500   Fp16 Grad Scale: 262144   Required: 125 hours
Training: 2025-03-27 03:45:33,177-Speed 79.54 samples/sec   Loss 0.0171   LearningRate 0.000942   Epoch: 11   Global Step: 16510   Fp16 Grad Scale: 262144   Required: 125 hours
Training: 2025-03-27 03:45:49,238-Speed 79.70 samples/sec   Loss 0.0311   LearningRate 0.000942   Epoch: 11   Global Step: 16520   Fp16 Grad Scale: 262144   Required: 125 hours
Training: 2025-03-27 03:46:05,981-Speed 76.45 samples/sec   Loss 0.0246   LearningRate 0.000942   Epoch: 11   Global Step: 16530   Fp16 Grad Scale: 262144   Required: 125 hours
Training: 2025-03-27 03:46:22,715-Speed 76.49 samples/sec   Loss 0.0235   LearningRate 0.000942   Epoch: 11   Global Step: 16540   Fp16 Grad Scale: 524288   Required: 125 hours
Training: 2025-03-27 03:46:38,864-Speed 79.26 samples/sec   Loss 0.0135   LearningRate 0.000942   Epoch: 11   Global Step: 16550   Fp16 Grad Scale: 524288   Required: 125 hours
Training: 2025-03-27 03:46:54,944-Speed 79.60 samples/sec   Loss 0.0118   LearningRate 0.000942   Epoch: 11   Global Step: 16560   Fp16 Grad Scale: 524288   Required: 125 hours
Training: 2025-03-27 03:47:11,004-Speed 79.70 samples/sec   Loss 0.0819   LearningRate 0.000942   Epoch: 11   Global Step: 16570   Fp16 Grad Scale: 524288   Required: 125 hours
Training: 2025-03-27 03:47:27,093-Speed 79.56 samples/sec   Loss 0.0221   LearningRate 0.000942   Epoch: 11   Global Step: 16580   Fp16 Grad Scale: 524288   Required: 125 hours
Training: 2025-03-27 03:47:43,189-Speed 79.53 samples/sec   Loss 0.0262   LearningRate 0.000942   Epoch: 11   Global Step: 16590   Fp16 Grad Scale: 524288   Required: 125 hours
Training: 2025-03-27 03:47:59,428-Speed 78.82 samples/sec   Loss 0.0139   LearningRate 0.000942   Epoch: 11   Global Step: 16600   Fp16 Grad Scale: 524288   Required: 125 hours
Training: 2025-03-27 03:48:15,416-Speed 80.06 samples/sec   Loss 0.0275   LearningRate 0.000942   Epoch: 11   Global Step: 16610   Fp16 Grad Scale: 524288   Required: 125 hours
Training: 2025-03-27 03:48:31,484-Speed 79.67 samples/sec   Loss 0.0296   LearningRate 0.000942   Epoch: 11   Global Step: 16620   Fp16 Grad Scale: 524288   Required: 125 hours
Training: 2025-03-27 03:48:47,544-Speed 79.70 samples/sec   Loss 0.0132   LearningRate 0.000942   Epoch: 11   Global Step: 16630   Fp16 Grad Scale: 524288   Required: 125 hours
Training: 2025-03-27 03:49:03,587-Speed 79.79 samples/sec   Loss 0.0175   LearningRate 0.000942   Epoch: 11   Global Step: 16640   Fp16 Grad Scale: 1048576   Required: 125 hours
Training: 2025-03-27 03:49:19,680-Speed 79.54 samples/sec   Loss 0.0885   LearningRate 0.000942   Epoch: 11   Global Step: 16650   Fp16 Grad Scale: 1048576   Required: 125 hours
Training: 2025-03-27 03:49:35,710-Speed 79.85 samples/sec   Loss 0.0107   LearningRate 0.000942   Epoch: 11   Global Step: 16660   Fp16 Grad Scale: 1048576   Required: 125 hours
Training: 2025-03-27 03:49:51,751-Speed 79.80 samples/sec   Loss 0.0965   LearningRate 0.000942   Epoch: 11   Global Step: 16670   Fp16 Grad Scale: 1048576   Required: 125 hours
Training: 2025-03-27 03:50:07,919-Speed 79.17 samples/sec   Loss 0.0378   LearningRate 0.000942   Epoch: 11   Global Step: 16680   Fp16 Grad Scale: 1048576   Required: 125 hours
Training: 2025-03-27 03:50:24,022-Speed 79.49 samples/sec   Loss 0.0096   LearningRate 0.000941   Epoch: 11   Global Step: 16690   Fp16 Grad Scale: 1048576   Required: 125 hours
Training: 2025-03-27 03:50:40,094-Speed 79.64 samples/sec   Loss 0.0197   LearningRate 0.000941   Epoch: 11   Global Step: 16700   Fp16 Grad Scale: 1048576   Required: 125 hours
Training: 2025-03-27 03:50:56,158-Speed 79.69 samples/sec   Loss 0.0295   LearningRate 0.000941   Epoch: 11   Global Step: 16710   Fp16 Grad Scale: 524288   Required: 125 hours
Training: 2025-03-27 03:51:13,625-Speed 73.28 samples/sec   Loss 0.0129   LearningRate 0.000941   Epoch: 11   Global Step: 16720   Fp16 Grad Scale: 524288   Required: 125 hours
Training: 2025-03-27 03:51:29,716-Speed 79.55 samples/sec   Loss 0.0750   LearningRate 0.000941   Epoch: 11   Global Step: 16730   Fp16 Grad Scale: 524288   Required: 125 hours
Training: 2025-03-27 03:51:45,800-Speed 79.58 samples/sec   Loss 0.0359   LearningRate 0.000941   Epoch: 11   Global Step: 16740   Fp16 Grad Scale: 524288   Required: 125 hours
Training: 2025-03-27 03:52:02,004-Speed 79.00 samples/sec   Loss 0.0175   LearningRate 0.000941   Epoch: 11   Global Step: 16750   Fp16 Grad Scale: 524288   Required: 125 hours
Training: 2025-03-27 03:52:18,078-Speed 79.64 samples/sec   Loss 0.0180   LearningRate 0.000941   Epoch: 11   Global Step: 16760   Fp16 Grad Scale: 524288   Required: 125 hours
Training: 2025-03-27 03:52:34,153-Speed 79.63 samples/sec   Loss 0.0733   LearningRate 0.000941   Epoch: 11   Global Step: 16770   Fp16 Grad Scale: 524288   Required: 125 hours
Training: 2025-03-27 03:52:50,274-Speed 79.40 samples/sec   Loss 0.0408   LearningRate 0.000941   Epoch: 11   Global Step: 16780   Fp16 Grad Scale: 524288   Required: 125 hours
Training: 2025-03-27 03:53:06,394-Speed 79.41 samples/sec   Loss 0.0305   LearningRate 0.000941   Epoch: 11   Global Step: 16790   Fp16 Grad Scale: 524288   Required: 125 hours
Training: 2025-03-27 03:53:22,459-Speed 79.68 samples/sec   Loss 0.0159   LearningRate 0.000941   Epoch: 11   Global Step: 16800   Fp16 Grad Scale: 524288   Required: 125 hours
Training: 2025-03-27 03:53:38,565-Speed 79.48 samples/sec   Loss 0.0306   LearningRate 0.000941   Epoch: 11   Global Step: 16810   Fp16 Grad Scale: 1048576   Required: 125 hours
Training: 2025-03-27 03:53:54,657-Speed 79.54 samples/sec   Loss 0.0522   LearningRate 0.000941   Epoch: 11   Global Step: 16820   Fp16 Grad Scale: 1048576   Required: 125 hours
Training: 2025-03-27 03:54:10,739-Speed 79.60 samples/sec   Loss 0.0230   LearningRate 0.000941   Epoch: 11   Global Step: 16830   Fp16 Grad Scale: 1048576   Required: 125 hours
Training: 2025-03-27 03:54:26,802-Speed 79.69 samples/sec   Loss 0.0367   LearningRate 0.000941   Epoch: 11   Global Step: 16840   Fp16 Grad Scale: 1048576   Required: 125 hours
Training: 2025-03-27 03:54:42,875-Speed 79.64 samples/sec   Loss 0.0182   LearningRate 0.000941   Epoch: 11   Global Step: 16850   Fp16 Grad Scale: 1048576   Required: 125 hours
Training: 2025-03-27 03:54:58,967-Speed 79.55 samples/sec   Loss 0.0129   LearningRate 0.000941   Epoch: 11   Global Step: 16860   Fp16 Grad Scale: 1048576   Required: 125 hours
Training: 2025-03-27 03:55:15,053-Speed 79.57 samples/sec   Loss 0.0642   LearningRate 0.000941   Epoch: 11   Global Step: 16870   Fp16 Grad Scale: 1048576   Required: 125 hours
Training: 2025-03-27 03:55:31,111-Speed 79.72 samples/sec   Loss 0.0238   LearningRate 0.000941   Epoch: 11   Global Step: 16880   Fp16 Grad Scale: 1048576   Required: 125 hours
Training: 2025-03-27 03:55:47,200-Speed 79.56 samples/sec   Loss 0.1265   LearningRate 0.000941   Epoch: 11   Global Step: 16890   Fp16 Grad Scale: 1048576   Required: 125 hours
Training: 2025-03-27 03:56:03,292-Speed 79.54 samples/sec   Loss 0.0176   LearningRate 0.000941   Epoch: 11   Global Step: 16900   Fp16 Grad Scale: 1048576   Required: 125 hours
Training: 2025-03-27 03:56:21,439-Speed 70.54 samples/sec   Loss 0.0508   LearningRate 0.000941   Epoch: 11   Global Step: 16910   Fp16 Grad Scale: 2097152   Required: 125 hours
Training: 2025-03-27 03:56:37,628-Speed 79.07 samples/sec   Loss 0.0183   LearningRate 0.000941   Epoch: 11   Global Step: 16920   Fp16 Grad Scale: 2097152   Required: 125 hours
Training: 2025-03-27 03:56:53,744-Speed 79.42 samples/sec   Loss 0.0435   LearningRate 0.000941   Epoch: 11   Global Step: 16930   Fp16 Grad Scale: 2097152   Required: 125 hours
Training: 2025-03-27 03:57:09,830-Speed 79.58 samples/sec   Loss 0.0420   LearningRate 0.000941   Epoch: 11   Global Step: 16940   Fp16 Grad Scale: 2097152   Required: 125 hours
Training: 2025-03-27 03:57:25,925-Speed 79.53 samples/sec   Loss 0.0235   LearningRate 0.000941   Epoch: 11   Global Step: 16950   Fp16 Grad Scale: 2097152   Required: 125 hours
Training: 2025-03-27 03:57:42,077-Speed 79.25 samples/sec   Loss 0.0306   LearningRate 0.000941   Epoch: 11   Global Step: 16960   Fp16 Grad Scale: 2097152   Required: 124 hours
Training: 2025-03-27 03:57:58,153-Speed 79.63 samples/sec   Loss 0.0492   LearningRate 0.000940   Epoch: 11   Global Step: 16970   Fp16 Grad Scale: 2097152   Required: 124 hours
Training: 2025-03-27 03:58:14,256-Speed 79.52 samples/sec   Loss 0.0227   LearningRate 0.000940   Epoch: 11   Global Step: 16980   Fp16 Grad Scale: 1048576   Required: 124 hours
Training: 2025-03-27 03:58:30,627-Speed 79.66 samples/sec   Loss 0.0200   LearningRate 0.000940   Epoch: 11   Global Step: 16990   Fp16 Grad Scale: 1048576   Required: 124 hours
Training: 2025-03-27 03:58:46,712-Speed 79.58 samples/sec   Loss 0.0194   LearningRate 0.000940   Epoch: 11   Global Step: 17000   Fp16 Grad Scale: 1048576   Required: 124 hours
Training: 2025-03-27 03:59:02,761-Speed 79.76 samples/sec   Loss 0.0147   LearningRate 0.000940   Epoch: 11   Global Step: 17010   Fp16 Grad Scale: 1048576   Required: 124 hours
Training: 2025-03-27 03:59:18,922-Speed 79.21 samples/sec   Loss 0.0482   LearningRate 0.000940   Epoch: 11   Global Step: 17020   Fp16 Grad Scale: 1048576   Required: 124 hours
Training: 2025-03-27 03:59:35,020-Speed 79.52 samples/sec   Loss 0.0249   LearningRate 0.000940   Epoch: 11   Global Step: 17030   Fp16 Grad Scale: 1048576   Required: 124 hours
Training: 2025-03-27 03:59:51,171-Speed 79.25 samples/sec   Loss 0.0101   LearningRate 0.000940   Epoch: 11   Global Step: 17040   Fp16 Grad Scale: 1048576   Required: 124 hours
Training: 2025-03-27 04:00:07,285-Speed 79.44 samples/sec   Loss 0.0079   LearningRate 0.000940   Epoch: 11   Global Step: 17050   Fp16 Grad Scale: 1048576   Required: 124 hours
Training: 2025-03-27 04:00:23,539-Speed 78.75 samples/sec   Loss 0.0123   LearningRate 0.000940   Epoch: 11   Global Step: 17060   Fp16 Grad Scale: 1048576   Required: 124 hours
Training: 2025-03-27 04:00:39,651-Speed 79.45 samples/sec   Loss 0.0312   LearningRate 0.000940   Epoch: 11   Global Step: 17070   Fp16 Grad Scale: 1048576   Required: 124 hours
Training: 2025-03-27 04:00:55,774-Speed 79.39 samples/sec   Loss 0.0098   LearningRate 0.000940   Epoch: 11   Global Step: 17080   Fp16 Grad Scale: 2097152   Required: 124 hours
Training: 2025-03-27 04:01:11,854-Speed 79.61 samples/sec   Loss 0.0800   LearningRate 0.000940   Epoch: 11   Global Step: 17090   Fp16 Grad Scale: 2097152   Required: 124 hours
Training: 2025-03-27 04:01:29,477-Speed 72.64 samples/sec   Loss 0.0244   LearningRate 0.000940   Epoch: 11   Global Step: 17100   Fp16 Grad Scale: 2097152   Required: 124 hours
Training: 2025-03-27 04:01:44,408-Speed 85.73 samples/sec   Loss 0.0098   LearningRate 0.000940   Epoch: 11   Global Step: 17110   Fp16 Grad Scale: 2097152   Required: 124 hours
Training: 2025-03-27 04:02:03,660-Speed 66.49 samples/sec   Loss 0.0202   LearningRate 0.000940   Epoch: 12   Global Step: 17120   Fp16 Grad Scale: 2097152   Required: 124 hours
Training: 2025-03-27 04:02:19,724-Speed 79.68 samples/sec   Loss 0.0056   LearningRate 0.000940   Epoch: 12   Global Step: 17130   Fp16 Grad Scale: 2097152   Required: 124 hours
Training: 2025-03-27 04:02:35,909-Speed 79.09 samples/sec   Loss 0.0142   LearningRate 0.000940   Epoch: 12   Global Step: 17140   Fp16 Grad Scale: 2097152   Required: 124 hours
Training: 2025-03-27 04:02:51,943-Speed 79.83 samples/sec   Loss 0.0125   LearningRate 0.000940   Epoch: 12   Global Step: 17150   Fp16 Grad Scale: 2097152   Required: 124 hours
Training: 2025-03-27 04:03:08,045-Speed 79.50 samples/sec   Loss 0.0084   LearningRate 0.000940   Epoch: 12   Global Step: 17160   Fp16 Grad Scale: 2097152   Required: 124 hours
Training: 2025-03-27 04:03:25,048-Speed 79.79 samples/sec   Loss 0.0158   LearningRate 0.000940   Epoch: 12   Global Step: 17170   Fp16 Grad Scale: 2097152   Required: 124 hours
Training: 2025-03-27 04:03:41,171-Speed 79.40 samples/sec   Loss 0.0085   LearningRate 0.000940   Epoch: 12   Global Step: 17180   Fp16 Grad Scale: 4194304   Required: 124 hours
Training: 2025-03-27 04:03:57,244-Speed 79.64 samples/sec   Loss 0.0167   LearningRate 0.000940   Epoch: 12   Global Step: 17190   Fp16 Grad Scale: 2097152   Required: 124 hours
Training: 2025-03-27 04:04:13,355-Speed 79.45 samples/sec   Loss 0.0462   LearningRate 0.000940   Epoch: 12   Global Step: 17200   Fp16 Grad Scale: 2097152   Required: 124 hours
Training: 2025-03-27 04:04:29,392-Speed 79.82 samples/sec   Loss 0.0053   LearningRate 0.000940   Epoch: 12   Global Step: 17210   Fp16 Grad Scale: 2097152   Required: 124 hours
Training: 2025-03-27 04:04:45,663-Speed 78.67 samples/sec   Loss 0.0324   LearningRate 0.000940   Epoch: 12   Global Step: 17220   Fp16 Grad Scale: 2097152   Required: 124 hours
Training: 2025-03-27 04:05:01,735-Speed 79.64 samples/sec   Loss 0.0090   LearningRate 0.000940   Epoch: 12   Global Step: 17230   Fp16 Grad Scale: 2097152   Required: 124 hours
Training: 2025-03-27 04:05:17,790-Speed 79.73 samples/sec   Loss 0.0081   LearningRate 0.000940   Epoch: 12   Global Step: 17240   Fp16 Grad Scale: 2097152   Required: 124 hours
Training: 2025-03-27 04:05:33,817-Speed 79.87 samples/sec   Loss 0.0041   LearningRate 0.000940   Epoch: 12   Global Step: 17250   Fp16 Grad Scale: 2097152   Required: 124 hours
Training: 2025-03-27 04:05:49,865-Speed 79.76 samples/sec   Loss 0.0294   LearningRate 0.000939   Epoch: 12   Global Step: 17260   Fp16 Grad Scale: 2097152   Required: 124 hours
Training: 2025-03-27 04:06:05,941-Speed 79.63 samples/sec   Loss 0.0122   LearningRate 0.000939   Epoch: 12   Global Step: 17270   Fp16 Grad Scale: 2097152   Required: 124 hours
Training: 2025-03-27 04:06:23,635-Speed 72.34 samples/sec   Loss 0.0090   LearningRate 0.000939   Epoch: 12   Global Step: 17280   Fp16 Grad Scale: 2097152   Required: 124 hours
Training: 2025-03-27 04:06:39,736-Speed 79.50 samples/sec   Loss 0.0081   LearningRate 0.000939   Epoch: 12   Global Step: 17290   Fp16 Grad Scale: 4194304   Required: 124 hours
Training: 2025-03-27 04:06:55,779-Speed 79.79 samples/sec   Loss 0.0128   LearningRate 0.000939   Epoch: 12   Global Step: 17300   Fp16 Grad Scale: 2097152   Required: 124 hours
Training: 2025-03-27 04:07:12,021-Speed 78.81 samples/sec   Loss 0.0025   LearningRate 0.000939   Epoch: 12   Global Step: 17310   Fp16 Grad Scale: 2097152   Required: 124 hours
Training: 2025-03-27 04:07:28,102-Speed 79.60 samples/sec   Loss 0.0088   LearningRate 0.000939   Epoch: 12   Global Step: 17320   Fp16 Grad Scale: 2097152   Required: 124 hours
Training: 2025-03-27 04:07:44,188-Speed 79.58 samples/sec   Loss 0.0034   LearningRate 0.000939   Epoch: 12   Global Step: 17330   Fp16 Grad Scale: 2097152   Required: 124 hours
Training: 2025-03-27 04:08:00,298-Speed 79.45 samples/sec   Loss 0.0127   LearningRate 0.000939   Epoch: 12   Global Step: 17340   Fp16 Grad Scale: 2097152   Required: 124 hours
Training: 2025-03-27 04:08:16,378-Speed 79.60 samples/sec   Loss 0.0042   LearningRate 0.000939   Epoch: 12   Global Step: 17350   Fp16 Grad Scale: 2097152   Required: 124 hours
Training: 2025-03-27 04:08:32,423-Speed 79.78 samples/sec   Loss 0.0073   LearningRate 0.000939   Epoch: 12   Global Step: 17360   Fp16 Grad Scale: 2097152   Required: 124 hours
Training: 2025-03-27 04:08:48,506-Speed 79.59 samples/sec   Loss 0.0155   LearningRate 0.000939   Epoch: 12   Global Step: 17370   Fp16 Grad Scale: 1048576   Required: 124 hours
Training: 2025-03-27 04:09:04,577-Speed 79.65 samples/sec   Loss 0.0135   LearningRate 0.000939   Epoch: 12   Global Step: 17380   Fp16 Grad Scale: 1048576   Required: 124 hours
Training: 2025-03-27 04:09:20,675-Speed 79.52 samples/sec   Loss 0.0305   LearningRate 0.000939   Epoch: 12   Global Step: 17390   Fp16 Grad Scale: 1048576   Required: 124 hours
Training: 2025-03-27 04:09:36,727-Speed 79.74 samples/sec   Loss 0.0161   LearningRate 0.000939   Epoch: 12   Global Step: 17400   Fp16 Grad Scale: 1048576   Required: 124 hours
Training: 2025-03-27 04:09:52,782-Speed 79.73 samples/sec   Loss 0.0204   LearningRate 0.000939   Epoch: 12   Global Step: 17410   Fp16 Grad Scale: 1048576   Required: 124 hours
Training: 2025-03-27 04:10:08,861-Speed 79.61 samples/sec   Loss 0.0135   LearningRate 0.000939   Epoch: 12   Global Step: 17420   Fp16 Grad Scale: 1048576   Required: 124 hours
Training: 2025-03-27 04:10:24,917-Speed 79.72 samples/sec   Loss 0.0114   LearningRate 0.000939   Epoch: 12   Global Step: 17430   Fp16 Grad Scale: 1048576   Required: 124 hours
Training: 2025-03-27 04:10:40,987-Speed 79.66 samples/sec   Loss 0.0141   LearningRate 0.000939   Epoch: 12   Global Step: 17440   Fp16 Grad Scale: 1048576   Required: 124 hours
Training: 2025-03-27 04:10:57,048-Speed 79.70 samples/sec   Loss 0.0046   LearningRate 0.000939   Epoch: 12   Global Step: 17450   Fp16 Grad Scale: 1048576   Required: 124 hours
Training: 2025-03-27 04:11:13,075-Speed 79.87 samples/sec   Loss 0.0123   LearningRate 0.000939   Epoch: 12   Global Step: 17460   Fp16 Grad Scale: 1048576   Required: 124 hours
Training: 2025-03-27 04:11:30,663-Speed 72.78 samples/sec   Loss 0.0065   LearningRate 0.000939   Epoch: 12   Global Step: 17470   Fp16 Grad Scale: 2097152   Required: 124 hours
Training: 2025-03-27 04:11:46,708-Speed 79.78 samples/sec   Loss 0.0246   LearningRate 0.000939   Epoch: 12   Global Step: 17480   Fp16 Grad Scale: 2097152   Required: 124 hours
Training: 2025-03-27 04:12:02,735-Speed 79.87 samples/sec   Loss 0.0103   LearningRate 0.000939   Epoch: 12   Global Step: 17490   Fp16 Grad Scale: 1048576   Required: 124 hours
Training: 2025-03-27 04:12:18,845-Speed 79.46 samples/sec   Loss 0.0344   LearningRate 0.000939   Epoch: 12   Global Step: 17500   Fp16 Grad Scale: 1048576   Required: 124 hours
Training: 2025-03-27 04:12:34,937-Speed 79.54 samples/sec   Loss 0.0117   LearningRate 0.000939   Epoch: 12   Global Step: 17510   Fp16 Grad Scale: 1048576   Required: 124 hours
Training: 2025-03-27 04:12:51,005-Speed 79.67 samples/sec   Loss 0.0234   LearningRate 0.000939   Epoch: 12   Global Step: 17520   Fp16 Grad Scale: 1048576   Required: 124 hours
Training: 2025-03-27 04:13:07,026-Speed 79.90 samples/sec   Loss 0.0100   LearningRate 0.000939   Epoch: 12   Global Step: 17530   Fp16 Grad Scale: 1048576   Required: 124 hours
Training: 2025-03-27 04:13:23,121-Speed 79.53 samples/sec   Loss 0.1161   LearningRate 0.000938   Epoch: 12   Global Step: 17540   Fp16 Grad Scale: 1048576   Required: 124 hours
Training: 2025-03-27 04:13:39,135-Speed 79.93 samples/sec   Loss 0.0120   LearningRate 0.000938   Epoch: 12   Global Step: 17550   Fp16 Grad Scale: 1048576   Required: 124 hours
Training: 2025-03-27 04:13:55,189-Speed 79.74 samples/sec   Loss 0.0054   LearningRate 0.000938   Epoch: 12   Global Step: 17560   Fp16 Grad Scale: 1048576   Required: 124 hours
Training: 2025-03-27 04:14:11,211-Speed 79.89 samples/sec   Loss 0.0191   LearningRate 0.000938   Epoch: 12   Global Step: 17570   Fp16 Grad Scale: 1048576   Required: 124 hours
Training: 2025-03-27 04:14:27,264-Speed 79.74 samples/sec   Loss 0.0154   LearningRate 0.000938   Epoch: 12   Global Step: 17580   Fp16 Grad Scale: 1048576   Required: 124 hours
Training: 2025-03-27 04:14:43,334-Speed 79.66 samples/sec   Loss 0.0085   LearningRate 0.000938   Epoch: 12   Global Step: 17590   Fp16 Grad Scale: 1048576   Required: 124 hours
Training: 2025-03-27 04:14:59,416-Speed 79.59 samples/sec   Loss 0.0396   LearningRate 0.000938   Epoch: 12   Global Step: 17600   Fp16 Grad Scale: 1048576   Required: 124 hours
Training: 2025-03-27 04:15:15,461-Speed 79.78 samples/sec   Loss 0.0092   LearningRate 0.000938   Epoch: 12   Global Step: 17610   Fp16 Grad Scale: 1048576   Required: 124 hours
Training: 2025-03-27 04:15:31,537-Speed 79.63 samples/sec   Loss 0.0307   LearningRate 0.000938   Epoch: 12   Global Step: 17620   Fp16 Grad Scale: 1048576   Required: 124 hours
Training: 2025-03-27 04:15:47,562-Speed 79.88 samples/sec   Loss 0.0171   LearningRate 0.000938   Epoch: 12   Global Step: 17630   Fp16 Grad Scale: 1048576   Required: 124 hours
Training: 2025-03-27 04:16:03,594-Speed 79.84 samples/sec   Loss 0.0271   LearningRate 0.000938   Epoch: 12   Global Step: 17640   Fp16 Grad Scale: 1048576   Required: 124 hours
Training: 2025-03-27 04:16:19,711-Speed 79.42 samples/sec   Loss 0.0099   LearningRate 0.000938   Epoch: 12   Global Step: 17650   Fp16 Grad Scale: 1048576   Required: 124 hours
Training: 2025-03-27 04:16:37,626-Speed 71.45 samples/sec   Loss 0.0471   LearningRate 0.000938   Epoch: 12   Global Step: 17660   Fp16 Grad Scale: 1048576   Required: 124 hours
Training: 2025-03-27 04:16:53,716-Speed 79.56 samples/sec   Loss 0.1100   LearningRate 0.000938   Epoch: 12   Global Step: 17670   Fp16 Grad Scale: 1048576   Required: 124 hours
Training: 2025-03-27 04:17:09,791-Speed 79.63 samples/sec   Loss 0.0202   LearningRate 0.000938   Epoch: 12   Global Step: 17680   Fp16 Grad Scale: 1048576   Required: 124 hours
Training: 2025-03-27 04:17:25,883-Speed 79.54 samples/sec   Loss 0.0187   LearningRate 0.000938   Epoch: 12   Global Step: 17690   Fp16 Grad Scale: 2097152   Required: 124 hours
Training: 2025-03-27 04:17:41,957-Speed 79.64 samples/sec   Loss 0.0189   LearningRate 0.000938   Epoch: 12   Global Step: 17700   Fp16 Grad Scale: 2097152   Required: 124 hours
Training: 2025-03-27 04:17:58,013-Speed 79.72 samples/sec   Loss 0.0170   LearningRate 0.000938   Epoch: 12   Global Step: 17710   Fp16 Grad Scale: 2097152   Required: 124 hours
Training: 2025-03-27 04:18:14,086-Speed 79.64 samples/sec   Loss 0.0148   LearningRate 0.000938   Epoch: 12   Global Step: 17720   Fp16 Grad Scale: 2097152   Required: 124 hours
Training: 2025-03-27 04:18:30,173-Speed 79.57 samples/sec   Loss 0.0126   LearningRate 0.000938   Epoch: 12   Global Step: 17730   Fp16 Grad Scale: 2097152   Required: 124 hours
Training: 2025-03-27 04:18:46,218-Speed 79.78 samples/sec   Loss 0.0255   LearningRate 0.000938   Epoch: 12   Global Step: 17740   Fp16 Grad Scale: 2097152   Required: 124 hours
Training: 2025-03-27 04:19:02,228-Speed 79.95 samples/sec   Loss 0.0618   LearningRate 0.000938   Epoch: 12   Global Step: 17750   Fp16 Grad Scale: 1048576   Required: 124 hours
Training: 2025-03-27 04:19:18,284-Speed 79.73 samples/sec   Loss 0.0100   LearningRate 0.000938   Epoch: 12   Global Step: 17760   Fp16 Grad Scale: 1048576   Required: 124 hours
Training: 2025-03-27 04:19:34,313-Speed 79.86 samples/sec   Loss 0.0137   LearningRate 0.000938   Epoch: 12   Global Step: 17770   Fp16 Grad Scale: 1048576   Required: 124 hours
Training: 2025-03-27 04:19:50,336-Speed 79.89 samples/sec   Loss 0.0104   LearningRate 0.000938   Epoch: 12   Global Step: 17780   Fp16 Grad Scale: 1048576   Required: 124 hours
Training: 2025-03-27 04:20:06,417-Speed 79.60 samples/sec   Loss 0.0610   LearningRate 0.000938   Epoch: 12   Global Step: 17790   Fp16 Grad Scale: 1048576   Required: 124 hours
Training: 2025-03-27 04:20:22,510-Speed 79.55 samples/sec   Loss 0.0093   LearningRate 0.000938   Epoch: 12   Global Step: 17800   Fp16 Grad Scale: 1048576   Required: 124 hours
Training: 2025-03-27 04:20:38,592-Speed 79.59 samples/sec   Loss 0.0112   LearningRate 0.000938   Epoch: 12   Global Step: 17810   Fp16 Grad Scale: 1048576   Required: 124 hours
Training: 2025-03-27 04:20:54,655-Speed 79.69 samples/sec   Loss 0.0387   LearningRate 0.000938   Epoch: 12   Global Step: 17820   Fp16 Grad Scale: 1048576   Required: 124 hours
Training: 2025-03-27 04:21:10,702-Speed 79.77 samples/sec   Loss 0.0159   LearningRate 0.000937   Epoch: 12   Global Step: 17830   Fp16 Grad Scale: 1048576   Required: 124 hours
Training: 2025-03-27 04:21:26,765-Speed 79.69 samples/sec   Loss 0.0150   LearningRate 0.000937   Epoch: 12   Global Step: 17840   Fp16 Grad Scale: 1048576   Required: 124 hours
Training: 2025-03-27 04:21:44,546-Speed 71.99 samples/sec   Loss 0.0112   LearningRate 0.000937   Epoch: 12   Global Step: 17850   Fp16 Grad Scale: 2097152   Required: 124 hours
Training: 2025-03-27 04:22:00,631-Speed 79.58 samples/sec   Loss 0.0157   LearningRate 0.000937   Epoch: 12   Global Step: 17860   Fp16 Grad Scale: 2097152   Required: 124 hours
Training: 2025-03-27 04:22:16,690-Speed 79.71 samples/sec   Loss 0.0708   LearningRate 0.000937   Epoch: 12   Global Step: 17870   Fp16 Grad Scale: 1048576   Required: 124 hours
Training: 2025-03-27 04:22:32,735-Speed 79.78 samples/sec   Loss 0.0107   LearningRate 0.000937   Epoch: 12   Global Step: 17880   Fp16 Grad Scale: 1048576   Required: 124 hours
Training: 2025-03-27 04:22:48,855-Speed 79.41 samples/sec   Loss 0.0105   LearningRate 0.000937   Epoch: 12   Global Step: 17890   Fp16 Grad Scale: 1048576   Required: 124 hours
Training: 2025-03-27 04:23:04,906-Speed 79.74 samples/sec   Loss 0.0561   LearningRate 0.000937   Epoch: 12   Global Step: 17900   Fp16 Grad Scale: 1048576   Required: 124 hours
Training: 2025-03-27 04:23:21,033-Speed 79.38 samples/sec   Loss 0.0200   LearningRate 0.000937   Epoch: 12   Global Step: 17910   Fp16 Grad Scale: 1048576   Required: 124 hours
Training: 2025-03-27 04:23:37,099-Speed 79.67 samples/sec   Loss 0.0373   LearningRate 0.000937   Epoch: 12   Global Step: 17920   Fp16 Grad Scale: 1048576   Required: 124 hours
Training: 2025-03-27 04:23:53,149-Speed 79.75 samples/sec   Loss 0.0206   LearningRate 0.000937   Epoch: 12   Global Step: 17930   Fp16 Grad Scale: 1048576   Required: 124 hours
Training: 2025-03-27 04:24:09,257-Speed 79.47 samples/sec   Loss 0.0161   LearningRate 0.000937   Epoch: 12   Global Step: 17940   Fp16 Grad Scale: 1048576   Required: 124 hours
Training: 2025-03-27 04:24:25,298-Speed 79.80 samples/sec   Loss 0.0117   LearningRate 0.000937   Epoch: 12   Global Step: 17950   Fp16 Grad Scale: 1048576   Required: 124 hours
Training: 2025-03-27 04:24:41,379-Speed 79.60 samples/sec   Loss 0.0156   LearningRate 0.000937   Epoch: 12   Global Step: 17960   Fp16 Grad Scale: 1048576   Required: 124 hours
Training: 2025-03-27 04:24:57,434-Speed 79.73 samples/sec   Loss 0.0293   LearningRate 0.000937   Epoch: 12   Global Step: 17970   Fp16 Grad Scale: 2097152   Required: 124 hours
Training: 2025-03-27 04:25:13,478-Speed 79.79 samples/sec   Loss 0.0911   LearningRate 0.000937   Epoch: 12   Global Step: 17980   Fp16 Grad Scale: 1048576   Required: 124 hours
Training: 2025-03-27 04:25:29,527-Speed 79.76 samples/sec   Loss 0.1290   LearningRate 0.000937   Epoch: 12   Global Step: 17990   Fp16 Grad Scale: 1048576   Required: 124 hours
Training: 2025-03-27 04:25:45,591-Speed 79.68 samples/sec   Loss 0.0315   LearningRate 0.000937   Epoch: 12   Global Step: 18000   Fp16 Grad Scale: 1048576   Required: 124 hours
net_out.shape: torch.Size([128, 512])
net_out.shape: torch.Size([128, 512])
net_out.shape: torch.Size([128, 512])
net_out.shape: torch.Size([128, 512])
net_out.shape: torch.Size([128, 512])
net_out.shape: torch.Size([128, 512])
net_out.shape: torch.Size([128, 512])
net_out.shape: torch.Size([128, 512])
net_out.shape: torch.Size([128, 512])
net_out.shape: torch.Size([128, 512])
net_out.shape: torch.Size([128, 512])
net_out.shape: torch.Size([128, 512])
net_out.shape: torch.Size([128, 512])
net_out.shape: torch.Size([128, 512])
net_out.shape: torch.Size([128, 512])
net_out.shape: torch.Size([128, 512])
net_out.shape: torch.Size([128, 512])
net_out.shape: torch.Size([128, 512])
net_out.shape: torch.Size([128, 512])
net_out.shape: torch.Size([128, 512])
net_out.shape: torch.Size([128, 512])
net_out.shape: torch.Size([128, 512])
net_out.shape: torch.Size([128, 512])
net_out.shape: torch.Size([128, 512])
net_out.shape: torch.Size([128, 512])
net_out.shape: torch.Size([128, 512])
net_out.shape: torch.Size([128, 512])
net_out.shape: torch.Size([128, 512])
net_out.shape: torch.Size([128, 512])
net_out.shape: torch.Size([128, 512])
net_out.shape: torch.Size([128, 512])
net_out.shape: torch.Size([128, 512])
net_out.shape: torch.Size([128, 512])
net_out.shape: torch.Size([128, 512])
net_out.shape: torch.Size([128, 512])
net_out.shape: torch.Size([128, 512])
net_out.shape: torch.Size([128, 512])
net_out.shape: torch.Size([128, 512])
net_out.shape: torch.Size([128, 512])
net_out.shape: torch.Size([128, 512])
net_out.shape: torch.Size([128, 512])
net_out.shape: torch.Size([128, 512])
net_out.shape: torch.Size([128, 512])
net_out.shape: torch.Size([128, 512])
net_out.shape: torch.Size([128, 512])
net_out.shape: torch.Size([128, 512])
net_out.shape: torch.Size([128, 512])
net_out.shape: torch.Size([128, 512])
net_out.shape: torch.Size([128, 512])
net_out.shape: torch.Size([128, 512])
net_out.shape: torch.Size([128, 512])
net_out.shape: torch.Size([128, 512])
net_out.shape: torch.Size([128, 512])
net_out.shape: torch.Size([128, 512])
net_out.shape: torch.Size([128, 512])
net_out.shape: torch.Size([128, 512])
net_out.shape: torch.Size([128, 512])
net_out.shape: torch.Size([128, 512])
net_out.shape: torch.Size([128, 512])
net_out.shape: torch.Size([128, 512])
net_out.shape: torch.Size([128, 512])
net_out.shape: torch.Size([128, 512])
net_out.shape: torch.Size([128, 512])
net_out.shape: torch.Size([128, 512])
Training: 2025-03-27 04:26:57,810-[val][18000]XNorm: 20.184633255004883
Training: 2025-03-27 04:26:57,810-[val][18000]val: nan
Training: 2025-03-27 04:26:57,810-[val][18000]val_std: nan
Training: 2025-03-27 04:26:57,810-[val][18000]far: 0.0011234835255891085
Training: 2025-03-27 04:26:57,810-[val][18000]Accuracy: 1.0±0.0
Training: 2025-03-27 04:27:13,687-Speed 14.53 samples/sec   Loss 0.0168   LearningRate 0.000937   Epoch: 12   Global Step: 18010   Fp16 Grad Scale: 1048576   Required: 124 hours
Training: 2025-03-27 04:27:29,767-Speed 79.60 samples/sec   Loss 0.0162   LearningRate 0.000937   Epoch: 12   Global Step: 18020   Fp16 Grad Scale: 1048576   Required: 124 hours
Training: 2025-03-27 04:27:45,814-Speed 79.77 samples/sec   Loss 0.0118   LearningRate 0.000937   Epoch: 12   Global Step: 18030   Fp16 Grad Scale: 1048576   Required: 124 hours
Training: 2025-03-27 04:28:01,890-Speed 79.63 samples/sec   Loss 0.0188   LearningRate 0.000937   Epoch: 12   Global Step: 18040   Fp16 Grad Scale: 1048576   Required: 124 hours
Training: 2025-03-27 04:28:17,913-Speed 79.88 samples/sec   Loss 0.0603   LearningRate 0.000937   Epoch: 12   Global Step: 18050   Fp16 Grad Scale: 1048576   Required: 124 hours
Training: 2025-03-27 04:28:34,019-Speed 79.48 samples/sec   Loss 0.0208   LearningRate 0.000937   Epoch: 12   Global Step: 18060   Fp16 Grad Scale: 1048576   Required: 124 hours
Training: 2025-03-27 04:28:50,070-Speed 79.75 samples/sec   Loss 0.0264   LearningRate 0.000937   Epoch: 12   Global Step: 18070   Fp16 Grad Scale: 1048576   Required: 124 hours
Training: 2025-03-27 04:29:06,084-Speed 79.93 samples/sec   Loss 0.0616   LearningRate 0.000937   Epoch: 12   Global Step: 18080   Fp16 Grad Scale: 2097152   Required: 124 hours
Training: 2025-03-27 04:29:22,293-Speed 78.97 samples/sec   Loss 0.0523   LearningRate 0.000937   Epoch: 12   Global Step: 18090   Fp16 Grad Scale: 2097152   Required: 124 hours
Training: 2025-03-27 04:29:38,420-Speed 79.37 samples/sec   Loss 0.0429   LearningRate 0.000937   Epoch: 12   Global Step: 18100   Fp16 Grad Scale: 2097152   Required: 124 hours
Training: 2025-03-27 04:29:54,506-Speed 79.58 samples/sec   Loss 0.0395   LearningRate 0.000937   Epoch: 12   Global Step: 18110   Fp16 Grad Scale: 1048576   Required: 124 hours
Training: 2025-03-27 04:30:10,546-Speed 79.80 samples/sec   Loss 0.0275   LearningRate 0.000936   Epoch: 12   Global Step: 18120   Fp16 Grad Scale: 1048576   Required: 124 hours
Training: 2025-03-27 04:30:26,600-Speed 79.73 samples/sec   Loss 0.0210   LearningRate 0.000936   Epoch: 12   Global Step: 18130   Fp16 Grad Scale: 1048576   Required: 124 hours
Training: 2025-03-27 04:30:42,626-Speed 79.87 samples/sec   Loss 0.0149   LearningRate 0.000936   Epoch: 12   Global Step: 18140   Fp16 Grad Scale: 1048576   Required: 124 hours
Training: 2025-03-27 04:30:58,712-Speed 79.58 samples/sec   Loss 0.0113   LearningRate 0.000936   Epoch: 12   Global Step: 18150   Fp16 Grad Scale: 1048576   Required: 124 hours
Training: 2025-03-27 04:31:14,761-Speed 79.76 samples/sec   Loss 0.0320   LearningRate 0.000936   Epoch: 12   Global Step: 18160   Fp16 Grad Scale: 1048576   Required: 124 hours
Training: 2025-03-27 04:31:30,816-Speed 79.73 samples/sec   Loss 0.0182   LearningRate 0.000936   Epoch: 12   Global Step: 18170   Fp16 Grad Scale: 1048576   Required: 124 hours
Training: 2025-03-27 04:31:48,655-Speed 71.75 samples/sec   Loss 0.0179   LearningRate 0.000936   Epoch: 12   Global Step: 18180   Fp16 Grad Scale: 1048576   Required: 124 hours
Training: 2025-03-27 04:32:04,699-Speed 79.79 samples/sec   Loss 0.0201   LearningRate 0.000936   Epoch: 12   Global Step: 18190   Fp16 Grad Scale: 1048576   Required: 124 hours
Training: 2025-03-27 04:32:20,781-Speed 79.59 samples/sec   Loss 0.0118   LearningRate 0.000936   Epoch: 12   Global Step: 18200   Fp16 Grad Scale: 1048576   Required: 124 hours
Training: 2025-03-27 04:32:36,809-Speed 79.86 samples/sec   Loss 0.0157   LearningRate 0.000936   Epoch: 12   Global Step: 18210   Fp16 Grad Scale: 2097152   Required: 124 hours
Training: 2025-03-27 04:32:52,911-Speed 79.50 samples/sec   Loss 0.0171   LearningRate 0.000936   Epoch: 12   Global Step: 18220   Fp16 Grad Scale: 2097152   Required: 124 hours
Training: 2025-03-27 04:33:08,987-Speed 79.63 samples/sec   Loss 0.0164   LearningRate 0.000936   Epoch: 12   Global Step: 18230   Fp16 Grad Scale: 2097152   Required: 124 hours
Training: 2025-03-27 04:33:25,035-Speed 79.76 samples/sec   Loss 0.0149   LearningRate 0.000936   Epoch: 12   Global Step: 18240   Fp16 Grad Scale: 2097152   Required: 124 hours
Training: 2025-03-27 04:33:41,126-Speed 79.55 samples/sec   Loss 0.0135   LearningRate 0.000936   Epoch: 12   Global Step: 18250   Fp16 Grad Scale: 2097152   Required: 124 hours
Training: 2025-03-27 04:33:57,211-Speed 79.58 samples/sec   Loss 0.0162   LearningRate 0.000936   Epoch: 12   Global Step: 18260   Fp16 Grad Scale: 2097152   Required: 124 hours
Training: 2025-03-27 04:34:13,342-Speed 79.35 samples/sec   Loss 0.0124   LearningRate 0.000936   Epoch: 12   Global Step: 18270   Fp16 Grad Scale: 2097152   Required: 124 hours
Training: 2025-03-27 04:34:29,416-Speed 79.63 samples/sec   Loss 0.0178   LearningRate 0.000936   Epoch: 12   Global Step: 18280   Fp16 Grad Scale: 2097152   Required: 124 hours
Training: 2025-03-27 04:34:45,506-Speed 79.55 samples/sec   Loss 0.0738   LearningRate 0.000936   Epoch: 12   Global Step: 18290   Fp16 Grad Scale: 2097152   Required: 124 hours
Training: 2025-03-27 04:35:01,563-Speed 79.72 samples/sec   Loss 0.0287   LearningRate 0.000936   Epoch: 12   Global Step: 18300   Fp16 Grad Scale: 2097152   Required: 124 hours
Training: 2025-03-27 04:35:17,630-Speed 79.67 samples/sec   Loss 0.0215   LearningRate 0.000936   Epoch: 12   Global Step: 18310   Fp16 Grad Scale: 4194304   Required: 124 hours
Training: 2025-03-27 04:35:33,730-Speed 79.51 samples/sec   Loss 0.0257   LearningRate 0.000936   Epoch: 12   Global Step: 18320   Fp16 Grad Scale: 4194304   Required: 124 hours
Training: 2025-03-27 04:35:49,800-Speed 79.65 samples/sec   Loss 0.0235   LearningRate 0.000936   Epoch: 12   Global Step: 18330   Fp16 Grad Scale: 2097152   Required: 124 hours
Training: 2025-03-27 04:36:05,869-Speed 79.66 samples/sec   Loss 0.0202   LearningRate 0.000936   Epoch: 12   Global Step: 18340   Fp16 Grad Scale: 2097152   Required: 124 hours
Training: 2025-03-27 04:36:21,939-Speed 79.66 samples/sec   Loss 0.0175   LearningRate 0.000936   Epoch: 12   Global Step: 18350   Fp16 Grad Scale: 2097152   Required: 124 hours
Training: 2025-03-27 04:36:38,004-Speed 79.68 samples/sec   Loss 0.0172   LearningRate 0.000936   Epoch: 12   Global Step: 18360   Fp16 Grad Scale: 2097152   Required: 124 hours
Training: 2025-03-27 04:36:55,881-Speed 71.61 samples/sec   Loss 0.0295   LearningRate 0.000936   Epoch: 12   Global Step: 18370   Fp16 Grad Scale: 1048576   Required: 124 hours
Training: 2025-03-27 04:37:11,886-Speed 79.98 samples/sec   Loss 0.0176   LearningRate 0.000936   Epoch: 12   Global Step: 18380   Fp16 Grad Scale: 1048576   Required: 124 hours
Training: 2025-03-27 04:37:27,908-Speed 79.89 samples/sec   Loss 0.0165   LearningRate 0.000936   Epoch: 12   Global Step: 18390   Fp16 Grad Scale: 1048576   Required: 124 hours
Training: 2025-03-27 04:37:43,977-Speed 79.66 samples/sec   Loss 0.0630   LearningRate 0.000935   Epoch: 12   Global Step: 18400   Fp16 Grad Scale: 1048576   Required: 124 hours
Training: 2025-03-27 04:38:00,041-Speed 79.68 samples/sec   Loss 0.0315   LearningRate 0.000935   Epoch: 12   Global Step: 18410   Fp16 Grad Scale: 1048576   Required: 124 hours
Training: 2025-03-27 04:38:16,092-Speed 79.75 samples/sec   Loss 0.0135   LearningRate 0.000935   Epoch: 12   Global Step: 18420   Fp16 Grad Scale: 1048576   Required: 124 hours
Training: 2025-03-27 04:38:32,231-Speed 79.31 samples/sec   Loss 0.0177   LearningRate 0.000935   Epoch: 12   Global Step: 18430   Fp16 Grad Scale: 1048576   Required: 124 hours
Training: 2025-03-27 04:38:48,359-Speed 79.37 samples/sec   Loss 0.0690   LearningRate 0.000935   Epoch: 12   Global Step: 18440   Fp16 Grad Scale: 1048576   Required: 124 hours
Training: 2025-03-27 04:39:04,456-Speed 79.52 samples/sec   Loss 0.0242   LearningRate 0.000935   Epoch: 12   Global Step: 18450   Fp16 Grad Scale: 1048576   Required: 124 hours
Training: 2025-03-27 04:39:20,556-Speed 79.50 samples/sec   Loss 0.0306   LearningRate 0.000935   Epoch: 12   Global Step: 18460   Fp16 Grad Scale: 1048576   Required: 124 hours
Training: 2025-03-27 04:39:36,616-Speed 79.70 samples/sec   Loss 0.0179   LearningRate 0.000935   Epoch: 12   Global Step: 18470   Fp16 Grad Scale: 2097152   Required: 124 hours
Training: 2025-03-27 04:39:52,681-Speed 79.68 samples/sec   Loss 0.0430   LearningRate 0.000935   Epoch: 12   Global Step: 18480   Fp16 Grad Scale: 2097152   Required: 124 hours
Training: 2025-03-27 04:40:08,742-Speed 79.70 samples/sec   Loss 0.0244   LearningRate 0.000935   Epoch: 12   Global Step: 18490   Fp16 Grad Scale: 1048576   Required: 124 hours
Training: 2025-03-27 04:40:24,829-Speed 79.57 samples/sec   Loss 0.0339   LearningRate 0.000935   Epoch: 12   Global Step: 18500   Fp16 Grad Scale: 1048576   Required: 124 hours
Training: 2025-03-27 04:40:40,957-Speed 79.37 samples/sec   Loss 0.0211   LearningRate 0.000935   Epoch: 12   Global Step: 18510   Fp16 Grad Scale: 1048576   Required: 124 hours
Training: 2025-03-27 04:40:57,052-Speed 79.53 samples/sec   Loss 0.0097   LearningRate 0.000935   Epoch: 12   Global Step: 18520   Fp16 Grad Scale: 1048576   Required: 124 hours
Training: 2025-03-27 04:41:12,809-Speed 81.24 samples/sec   Loss 0.0220   LearningRate 0.000935   Epoch: 12   Global Step: 18530   Fp16 Grad Scale: 1048576   Required: 124 hours
Training: 2025-03-27 04:41:31,089-Speed 70.10 samples/sec   Loss 0.0287   LearningRate 0.000935   Epoch: 13   Global Step: 18540   Fp16 Grad Scale: 1048576   Required: 124 hours
Training: 2025-03-27 04:41:49,066-Speed 71.20 samples/sec   Loss 0.0599   LearningRate 0.000935   Epoch: 13   Global Step: 18550   Fp16 Grad Scale: 1048576   Required: 124 hours
Training: 2025-03-27 04:42:05,201-Speed 79.33 samples/sec   Loss 0.0208   LearningRate 0.000935   Epoch: 13   Global Step: 18560   Fp16 Grad Scale: 1048576   Required: 124 hours
Training: 2025-03-27 04:42:21,270-Speed 79.66 samples/sec   Loss 0.0193   LearningRate 0.000935   Epoch: 13   Global Step: 18570   Fp16 Grad Scale: 1048576   Required: 124 hours
Training: 2025-03-27 04:42:37,368-Speed 79.52 samples/sec   Loss 0.0081   LearningRate 0.000935   Epoch: 13   Global Step: 18580   Fp16 Grad Scale: 1048576   Required: 124 hours
Training: 2025-03-27 04:42:53,457-Speed 79.56 samples/sec   Loss 0.0198   LearningRate 0.000935   Epoch: 13   Global Step: 18590   Fp16 Grad Scale: 2097152   Required: 124 hours
Training: 2025-03-27 04:43:09,593-Speed 79.33 samples/sec   Loss 0.0137   LearningRate 0.000935   Epoch: 13   Global Step: 18600   Fp16 Grad Scale: 2097152   Required: 124 hours
Training: 2025-03-27 04:43:25,627-Speed 79.83 samples/sec   Loss 0.0094   LearningRate 0.000935   Epoch: 13   Global Step: 18610   Fp16 Grad Scale: 2097152   Required: 124 hours
Training: 2025-03-27 04:43:41,736-Speed 79.46 samples/sec   Loss 0.0112   LearningRate 0.000935   Epoch: 13   Global Step: 18620   Fp16 Grad Scale: 2097152   Required: 124 hours
Training: 2025-03-27 04:43:57,831-Speed 79.53 samples/sec   Loss 0.0138   LearningRate 0.000935   Epoch: 13   Global Step: 18630   Fp16 Grad Scale: 2097152   Required: 124 hours
Training: 2025-03-27 04:44:13,933-Speed 79.50 samples/sec   Loss 0.0115   LearningRate 0.000935   Epoch: 13   Global Step: 18640   Fp16 Grad Scale: 2097152   Required: 124 hours
Training: 2025-03-27 04:44:29,995-Speed 79.69 samples/sec   Loss 0.0211   LearningRate 0.000935   Epoch: 13   Global Step: 18650   Fp16 Grad Scale: 2097152   Required: 124 hours
Training: 2025-03-27 04:44:46,079-Speed 79.58 samples/sec   Loss 0.0299   LearningRate 0.000935   Epoch: 13   Global Step: 18660   Fp16 Grad Scale: 2097152   Required: 124 hours
Training: 2025-03-27 04:45:02,136-Speed 79.72 samples/sec   Loss 0.0061   LearningRate 0.000935   Epoch: 13   Global Step: 18670   Fp16 Grad Scale: 2097152   Required: 124 hours
Training: 2025-03-27 04:45:18,169-Speed 79.84 samples/sec   Loss 0.0173   LearningRate 0.000935   Epoch: 13   Global Step: 18680   Fp16 Grad Scale: 2097152   Required: 124 hours
Training: 2025-03-27 04:45:34,196-Speed 79.87 samples/sec   Loss 0.0121   LearningRate 0.000934   Epoch: 13   Global Step: 18690   Fp16 Grad Scale: 4194304   Required: 124 hours
Training: 2025-03-27 04:45:50,370-Speed 79.14 samples/sec   Loss 0.0216   LearningRate 0.000934   Epoch: 13   Global Step: 18700   Fp16 Grad Scale: 4194304   Required: 124 hours
Training: 2025-03-27 04:46:06,390-Speed 79.91 samples/sec   Loss 0.0274   LearningRate 0.000934   Epoch: 13   Global Step: 18710   Fp16 Grad Scale: 2097152   Required: 124 hours
Training: 2025-03-27 04:46:22,454-Speed 79.68 samples/sec   Loss 0.0139   LearningRate 0.000934   Epoch: 13   Global Step: 18720   Fp16 Grad Scale: 2097152   Required: 124 hours
Training: 2025-03-27 04:46:38,466-Speed 79.94 samples/sec   Loss 0.0203   LearningRate 0.000934   Epoch: 13   Global Step: 18730   Fp16 Grad Scale: 2097152   Required: 124 hours
Training: 2025-03-27 04:46:56,250-Speed 71.98 samples/sec   Loss 0.0091   LearningRate 0.000934   Epoch: 13   Global Step: 18740   Fp16 Grad Scale: 2097152   Required: 124 hours
Training: 2025-03-27 04:47:12,269-Speed 79.91 samples/sec   Loss 0.0078   LearningRate 0.000934   Epoch: 13   Global Step: 18750   Fp16 Grad Scale: 2097152   Required: 124 hours
Training: 2025-03-27 04:47:28,344-Speed 79.63 samples/sec   Loss 0.0072   LearningRate 0.000934   Epoch: 13   Global Step: 18760   Fp16 Grad Scale: 2097152   Required: 124 hours
Training: 2025-03-27 04:47:44,386-Speed 79.79 samples/sec   Loss 0.0562   LearningRate 0.000934   Epoch: 13   Global Step: 18770   Fp16 Grad Scale: 2097152   Required: 124 hours
Training: 2025-03-27 04:48:00,433-Speed 79.77 samples/sec   Loss 0.0121   LearningRate 0.000934   Epoch: 13   Global Step: 18780   Fp16 Grad Scale: 2097152   Required: 124 hours
Training: 2025-03-27 04:48:16,522-Speed 79.56 samples/sec   Loss 0.0132   LearningRate 0.000934   Epoch: 13   Global Step: 18790   Fp16 Grad Scale: 1048576   Required: 124 hours
Training: 2025-03-27 04:48:32,614-Speed 79.55 samples/sec   Loss 0.0491   LearningRate 0.000934   Epoch: 13   Global Step: 18800   Fp16 Grad Scale: 1048576   Required: 124 hours
Training: 2025-03-27 04:48:48,729-Speed 79.43 samples/sec   Loss 0.0158   LearningRate 0.000934   Epoch: 13   Global Step: 18810   Fp16 Grad Scale: 1048576   Required: 124 hours
Training: 2025-03-27 04:49:04,793-Speed 79.68 samples/sec   Loss 0.0143   LearningRate 0.000934   Epoch: 13   Global Step: 18820   Fp16 Grad Scale: 1048576   Required: 124 hours
Training: 2025-03-27 04:49:20,865-Speed 79.64 samples/sec   Loss 0.0144   LearningRate 0.000934   Epoch: 13   Global Step: 18830   Fp16 Grad Scale: 1048576   Required: 124 hours
Training: 2025-03-27 04:49:36,899-Speed 79.83 samples/sec   Loss 0.0132   LearningRate 0.000934   Epoch: 13   Global Step: 18840   Fp16 Grad Scale: 1048576   Required: 124 hours
Training: 2025-03-27 04:49:52,982-Speed 79.59 samples/sec   Loss 0.0311   LearningRate 0.000934   Epoch: 13   Global Step: 18850   Fp16 Grad Scale: 524288   Required: 124 hours
Training: 2025-03-27 04:50:09,183-Speed 79.01 samples/sec   Loss 0.0125   LearningRate 0.000934   Epoch: 13   Global Step: 18860   Fp16 Grad Scale: 524288   Required: 124 hours
Training: 2025-03-27 04:50:25,233-Speed 79.76 samples/sec   Loss 0.0124   LearningRate 0.000934   Epoch: 13   Global Step: 18870   Fp16 Grad Scale: 524288   Required: 124 hours
Training: 2025-03-27 04:50:41,298-Speed 79.68 samples/sec   Loss 0.0467   LearningRate 0.000934   Epoch: 13   Global Step: 18880   Fp16 Grad Scale: 524288   Required: 123 hours
Training: 2025-03-27 04:50:57,374-Speed 79.63 samples/sec   Loss 0.0225   LearningRate 0.000934   Epoch: 13   Global Step: 18890   Fp16 Grad Scale: 524288   Required: 123 hours
Training: 2025-03-27 04:51:13,408-Speed 79.83 samples/sec   Loss 0.0095   LearningRate 0.000934   Epoch: 13   Global Step: 18900   Fp16 Grad Scale: 524288   Required: 123 hours
Training: 2025-03-27 04:51:29,438-Speed 79.86 samples/sec   Loss 0.0173   LearningRate 0.000934   Epoch: 13   Global Step: 18910   Fp16 Grad Scale: 524288   Required: 123 hours
Training: 2025-03-27 04:51:45,548-Speed 79.46 samples/sec   Loss 0.0760   LearningRate 0.000934   Epoch: 13   Global Step: 18920   Fp16 Grad Scale: 524288   Required: 123 hours
Training: 2025-03-27 04:52:03,482-Speed 71.37 samples/sec   Loss 0.0177   LearningRate 0.000934   Epoch: 13   Global Step: 18930   Fp16 Grad Scale: 524288   Required: 123 hours
Training: 2025-03-27 04:52:19,597-Speed 79.44 samples/sec   Loss 0.0056   LearningRate 0.000934   Epoch: 13   Global Step: 18940   Fp16 Grad Scale: 524288   Required: 123 hours
Training: 2025-03-27 04:52:35,674-Speed 79.62 samples/sec   Loss 0.0059   LearningRate 0.000934   Epoch: 13   Global Step: 18950   Fp16 Grad Scale: 1048576   Required: 123 hours
Training: 2025-03-27 04:52:51,723-Speed 79.76 samples/sec   Loss 0.0181   LearningRate 0.000934   Epoch: 13   Global Step: 18960   Fp16 Grad Scale: 1048576   Required: 123 hours
Training: 2025-03-27 04:53:07,758-Speed 79.83 samples/sec   Loss 0.0220   LearningRate 0.000933   Epoch: 13   Global Step: 18970   Fp16 Grad Scale: 1048576   Required: 123 hours
Training: 2025-03-27 04:53:23,834-Speed 79.63 samples/sec   Loss 0.0437   LearningRate 0.000933   Epoch: 13   Global Step: 18980   Fp16 Grad Scale: 524288   Required: 123 hours
Training: 2025-03-27 04:53:39,905-Speed 79.65 samples/sec   Loss 0.0117   LearningRate 0.000933   Epoch: 13   Global Step: 18990   Fp16 Grad Scale: 524288   Required: 123 hours
Training: 2025-03-27 04:53:55,922-Speed 79.92 samples/sec   Loss 0.0100   LearningRate 0.000933   Epoch: 13   Global Step: 19000   Fp16 Grad Scale: 524288   Required: 123 hours
Training: 2025-03-27 04:54:12,020-Speed 79.51 samples/sec   Loss 0.0062   LearningRate 0.000933   Epoch: 13   Global Step: 19010   Fp16 Grad Scale: 524288   Required: 123 hours
Training: 2025-03-27 04:54:28,197-Speed 79.13 samples/sec   Loss 0.0095   LearningRate 0.000933   Epoch: 13   Global Step: 19020   Fp16 Grad Scale: 524288   Required: 123 hours
Training: 2025-03-27 04:54:44,267-Speed 79.65 samples/sec   Loss 0.0061   LearningRate 0.000933   Epoch: 13   Global Step: 19030   Fp16 Grad Scale: 524288   Required: 123 hours
Training: 2025-03-27 04:55:00,317-Speed 79.75 samples/sec   Loss 0.0817   LearningRate 0.000933   Epoch: 13   Global Step: 19040   Fp16 Grad Scale: 524288   Required: 123 hours
Training: 2025-03-27 04:55:16,340-Speed 79.89 samples/sec   Loss 0.0082   LearningRate 0.000933   Epoch: 13   Global Step: 19050   Fp16 Grad Scale: 524288   Required: 123 hours
Training: 2025-03-27 04:55:32,359-Speed 79.91 samples/sec   Loss 0.0116   LearningRate 0.000933   Epoch: 13   Global Step: 19060   Fp16 Grad Scale: 524288   Required: 123 hours
Training: 2025-03-27 04:55:48,412-Speed 79.74 samples/sec   Loss 0.0122   LearningRate 0.000933   Epoch: 13   Global Step: 19070   Fp16 Grad Scale: 524288   Required: 123 hours
Training: 2025-03-27 04:56:04,427-Speed 79.93 samples/sec   Loss 0.0129   LearningRate 0.000933   Epoch: 13   Global Step: 19080   Fp16 Grad Scale: 1048576   Required: 123 hours
Training: 2025-03-27 04:56:20,656-Speed 78.87 samples/sec   Loss 0.0144   LearningRate 0.000933   Epoch: 13   Global Step: 19090   Fp16 Grad Scale: 1048576   Required: 123 hours
Training: 2025-03-27 04:56:36,734-Speed 79.62 samples/sec   Loss 0.0096   LearningRate 0.000933   Epoch: 13   Global Step: 19100   Fp16 Grad Scale: 1048576   Required: 123 hours
Training: 2025-03-27 04:56:52,798-Speed 79.68 samples/sec   Loss 0.0073   LearningRate 0.000933   Epoch: 13   Global Step: 19110   Fp16 Grad Scale: 1048576   Required: 123 hours
Training: 2025-03-27 04:57:10,624-Speed 71.81 samples/sec   Loss 0.0084   LearningRate 0.000933   Epoch: 13   Global Step: 19120   Fp16 Grad Scale: 1048576   Required: 123 hours
Training: 2025-03-27 04:57:26,707-Speed 79.59 samples/sec   Loss 0.1011   LearningRate 0.000933   Epoch: 13   Global Step: 19130   Fp16 Grad Scale: 1048576   Required: 123 hours
Training: 2025-03-27 04:57:42,832-Speed 79.38 samples/sec   Loss 0.0143   LearningRate 0.000933   Epoch: 13   Global Step: 19140   Fp16 Grad Scale: 1048576   Required: 123 hours
Training: 2025-03-27 04:57:58,833-Speed 80.00 samples/sec   Loss 0.0146   LearningRate 0.000933   Epoch: 13   Global Step: 19150   Fp16 Grad Scale: 1048576   Required: 123 hours
Training: 2025-03-27 04:58:14,911-Speed 79.62 samples/sec   Loss 0.0541   LearningRate 0.000933   Epoch: 13   Global Step: 19160   Fp16 Grad Scale: 1048576   Required: 123 hours
Training: 2025-03-27 04:58:31,129-Speed 78.92 samples/sec   Loss 0.0208   LearningRate 0.000933   Epoch: 13   Global Step: 19170   Fp16 Grad Scale: 1048576   Required: 123 hours
Training: 2025-03-27 04:58:47,154-Speed 79.88 samples/sec   Loss 0.0118   LearningRate 0.000933   Epoch: 13   Global Step: 19180   Fp16 Grad Scale: 2097152   Required: 123 hours
Training: 2025-03-27 04:59:03,186-Speed 79.84 samples/sec   Loss 0.0050   LearningRate 0.000933   Epoch: 13   Global Step: 19190   Fp16 Grad Scale: 2097152   Required: 123 hours
Training: 2025-03-27 04:59:19,243-Speed 79.72 samples/sec   Loss 0.0081   LearningRate 0.000933   Epoch: 13   Global Step: 19200   Fp16 Grad Scale: 2097152   Required: 123 hours
Training: 2025-03-27 04:59:35,345-Speed 79.50 samples/sec   Loss 0.0155   LearningRate 0.000933   Epoch: 13   Global Step: 19210   Fp16 Grad Scale: 2097152   Required: 123 hours
Training: 2025-03-27 04:59:51,374-Speed 79.86 samples/sec   Loss 0.0112   LearningRate 0.000933   Epoch: 13   Global Step: 19220   Fp16 Grad Scale: 1048576   Required: 123 hours
Training: 2025-03-27 05:00:07,445-Speed 79.65 samples/sec   Loss 0.0221   LearningRate 0.000933   Epoch: 13   Global Step: 19230   Fp16 Grad Scale: 1048576   Required: 123 hours
Training: 2025-03-27 05:00:23,510-Speed 79.68 samples/sec   Loss 0.0188   LearningRate 0.000933   Epoch: 13   Global Step: 19240   Fp16 Grad Scale: 1048576   Required: 123 hours
Training: 2025-03-27 05:00:39,555-Speed 79.78 samples/sec   Loss 0.0577   LearningRate 0.000933   Epoch: 13   Global Step: 19250   Fp16 Grad Scale: 1048576   Required: 123 hours
Training: 2025-03-27 05:00:55,596-Speed 79.80 samples/sec   Loss 0.0209   LearningRate 0.000932   Epoch: 13   Global Step: 19260   Fp16 Grad Scale: 1048576   Required: 123 hours
Training: 2025-03-27 05:01:11,615-Speed 79.91 samples/sec   Loss 0.0296   LearningRate 0.000932   Epoch: 13   Global Step: 19270   Fp16 Grad Scale: 1048576   Required: 123 hours
Training: 2025-03-27 05:01:27,664-Speed 79.76 samples/sec   Loss 0.0785   LearningRate 0.000932   Epoch: 13   Global Step: 19280   Fp16 Grad Scale: 1048576   Required: 123 hours
Training: 2025-03-27 05:01:43,747-Speed 79.59 samples/sec   Loss 0.0597   LearningRate 0.000932   Epoch: 13   Global Step: 19290   Fp16 Grad Scale: 1048576   Required: 123 hours
Training: 2025-03-27 05:01:59,820-Speed 79.64 samples/sec   Loss 0.0170   LearningRate 0.000932   Epoch: 13   Global Step: 19300   Fp16 Grad Scale: 1048576   Required: 123 hours
Training: 2025-03-27 05:02:17,659-Speed 71.75 samples/sec   Loss 0.0142   LearningRate 0.000932   Epoch: 13   Global Step: 19310   Fp16 Grad Scale: 1048576   Required: 123 hours
Training: 2025-03-27 05:02:33,734-Speed 79.63 samples/sec   Loss 0.0163   LearningRate 0.000932   Epoch: 13   Global Step: 19320   Fp16 Grad Scale: 2097152   Required: 123 hours
Training: 2025-03-27 05:02:49,988-Speed 78.75 samples/sec   Loss 0.0201   LearningRate 0.000932   Epoch: 13   Global Step: 19330   Fp16 Grad Scale: 2097152   Required: 123 hours
Training: 2025-03-27 05:03:06,056-Speed 79.67 samples/sec   Loss 0.0248   LearningRate 0.000932   Epoch: 13   Global Step: 19340   Fp16 Grad Scale: 2097152   Required: 123 hours
Training: 2025-03-27 05:03:22,102-Speed 79.77 samples/sec   Loss 0.0141   LearningRate 0.000932   Epoch: 13   Global Step: 19350   Fp16 Grad Scale: 2097152   Required: 123 hours
Training: 2025-03-27 05:03:38,141-Speed 79.81 samples/sec   Loss 0.0094   LearningRate 0.000932   Epoch: 13   Global Step: 19360   Fp16 Grad Scale: 2097152   Required: 123 hours
Training: 2025-03-27 05:03:54,194-Speed 79.74 samples/sec   Loss 0.0404   LearningRate 0.000932   Epoch: 13   Global Step: 19370   Fp16 Grad Scale: 2097152   Required: 123 hours
Training: 2025-03-27 05:04:10,292-Speed 79.51 samples/sec   Loss 0.0205   LearningRate 0.000932   Epoch: 13   Global Step: 19380   Fp16 Grad Scale: 2097152   Required: 123 hours
Training: 2025-03-27 05:04:26,352-Speed 79.70 samples/sec   Loss 0.0714   LearningRate 0.000932   Epoch: 13   Global Step: 19390   Fp16 Grad Scale: 2097152   Required: 123 hours
Training: 2025-03-27 05:04:42,462-Speed 79.46 samples/sec   Loss 0.0102   LearningRate 0.000932   Epoch: 13   Global Step: 19400   Fp16 Grad Scale: 2097152   Required: 123 hours
Training: 2025-03-27 05:04:58,512-Speed 79.76 samples/sec   Loss 0.0086   LearningRate 0.000932   Epoch: 13   Global Step: 19410   Fp16 Grad Scale: 2097152   Required: 123 hours
Training: 2025-03-27 05:05:14,579-Speed 79.67 samples/sec   Loss 0.0068   LearningRate 0.000932   Epoch: 13   Global Step: 19420   Fp16 Grad Scale: 4194304   Required: 123 hours
Training: 2025-03-27 05:05:30,711-Speed 79.35 samples/sec   Loss 0.0107   LearningRate 0.000932   Epoch: 13   Global Step: 19430   Fp16 Grad Scale: 2097152   Required: 123 hours
Training: 2025-03-27 05:05:46,775-Speed 79.69 samples/sec   Loss 0.0082   LearningRate 0.000932   Epoch: 13   Global Step: 19440   Fp16 Grad Scale: 2097152   Required: 123 hours
Training: 2025-03-27 05:06:02,797-Speed 79.89 samples/sec   Loss 0.0461   LearningRate 0.000932   Epoch: 13   Global Step: 19450   Fp16 Grad Scale: 2097152   Required: 123 hours
Training: 2025-03-27 05:06:18,810-Speed 79.94 samples/sec   Loss 0.0147   LearningRate 0.000932   Epoch: 13   Global Step: 19460   Fp16 Grad Scale: 2097152   Required: 123 hours
Training: 2025-03-27 05:06:34,932-Speed 79.40 samples/sec   Loss 0.0614   LearningRate 0.000932   Epoch: 13   Global Step: 19470   Fp16 Grad Scale: 2097152   Required: 123 hours
Training: 2025-03-27 05:06:51,189-Speed 78.74 samples/sec   Loss 0.0131   LearningRate 0.000932   Epoch: 13   Global Step: 19480   Fp16 Grad Scale: 2097152   Required: 123 hours
Training: 2025-03-27 05:07:08,812-Speed 72.64 samples/sec   Loss 0.0186   LearningRate 0.000932   Epoch: 13   Global Step: 19490   Fp16 Grad Scale: 2097152   Required: 123 hours
Training: 2025-03-27 05:07:24,807-Speed 80.02 samples/sec   Loss 0.0282   LearningRate 0.000932   Epoch: 13   Global Step: 19500   Fp16 Grad Scale: 1048576   Required: 123 hours
Training: 2025-03-27 05:07:40,862-Speed 79.73 samples/sec   Loss 0.0141   LearningRate 0.000932   Epoch: 13   Global Step: 19510   Fp16 Grad Scale: 1048576   Required: 123 hours
Training: 2025-03-27 05:07:56,882-Speed 79.90 samples/sec   Loss 0.0121   LearningRate 0.000932   Epoch: 13   Global Step: 19520   Fp16 Grad Scale: 1048576   Required: 123 hours
Training: 2025-03-27 05:08:12,984-Speed 79.49 samples/sec   Loss 0.0080   LearningRate 0.000932   Epoch: 13   Global Step: 19530   Fp16 Grad Scale: 1048576   Required: 123 hours
Training: 2025-03-27 05:08:29,044-Speed 79.71 samples/sec   Loss 0.0131   LearningRate 0.000931   Epoch: 13   Global Step: 19540   Fp16 Grad Scale: 1048576   Required: 123 hours
Training: 2025-03-27 05:08:45,061-Speed 79.92 samples/sec   Loss 0.0085   LearningRate 0.000931   Epoch: 13   Global Step: 19550   Fp16 Grad Scale: 1048576   Required: 123 hours
Training: 2025-03-27 05:09:01,126-Speed 79.68 samples/sec   Loss 0.0099   LearningRate 0.000931   Epoch: 13   Global Step: 19560   Fp16 Grad Scale: 1048576   Required: 123 hours
Training: 2025-03-27 05:09:17,217-Speed 79.55 samples/sec   Loss 0.0307   LearningRate 0.000931   Epoch: 13   Global Step: 19570   Fp16 Grad Scale: 1048576   Required: 123 hours
Training: 2025-03-27 05:09:33,266-Speed 79.76 samples/sec   Loss 0.0184   LearningRate 0.000931   Epoch: 13   Global Step: 19580   Fp16 Grad Scale: 1048576   Required: 123 hours
Training: 2025-03-27 05:09:49,362-Speed 79.53 samples/sec   Loss 0.0173   LearningRate 0.000931   Epoch: 13   Global Step: 19590   Fp16 Grad Scale: 1048576   Required: 123 hours
Training: 2025-03-27 05:10:05,441-Speed 79.61 samples/sec   Loss 0.0183   LearningRate 0.000931   Epoch: 13   Global Step: 19600   Fp16 Grad Scale: 2097152   Required: 123 hours
Training: 2025-03-27 05:10:21,539-Speed 79.52 samples/sec   Loss 0.0115   LearningRate 0.000931   Epoch: 13   Global Step: 19610   Fp16 Grad Scale: 2097152   Required: 123 hours
Training: 2025-03-27 05:10:37,618-Speed 79.61 samples/sec   Loss 0.0071   LearningRate 0.000931   Epoch: 13   Global Step: 19620   Fp16 Grad Scale: 2097152   Required: 123 hours
Training: 2025-03-27 05:10:53,706-Speed 79.57 samples/sec   Loss 0.0118   LearningRate 0.000931   Epoch: 13   Global Step: 19630   Fp16 Grad Scale: 2097152   Required: 123 hours
Training: 2025-03-27 05:11:09,922-Speed 78.94 samples/sec   Loss 0.0129   LearningRate 0.000931   Epoch: 13   Global Step: 19640   Fp16 Grad Scale: 2097152   Required: 123 hours
Training: 2025-03-27 05:11:25,992-Speed 79.65 samples/sec   Loss 0.0167   LearningRate 0.000931   Epoch: 13   Global Step: 19650   Fp16 Grad Scale: 1048576   Required: 123 hours
Training: 2025-03-27 05:11:42,051-Speed 79.71 samples/sec   Loss 0.0403   LearningRate 0.000931   Epoch: 13   Global Step: 19660   Fp16 Grad Scale: 1048576   Required: 123 hours
Training: 2025-03-27 05:11:58,100-Speed 79.76 samples/sec   Loss 0.0226   LearningRate 0.000931   Epoch: 13   Global Step: 19670   Fp16 Grad Scale: 1048576   Required: 123 hours
Training: 2025-03-27 05:12:15,703-Speed 72.72 samples/sec   Loss 0.0146   LearningRate 0.000931   Epoch: 13   Global Step: 19680   Fp16 Grad Scale: 1048576   Required: 123 hours
Training: 2025-03-27 05:12:31,788-Speed 79.58 samples/sec   Loss 0.1309   LearningRate 0.000931   Epoch: 13   Global Step: 19690   Fp16 Grad Scale: 1048576   Required: 123 hours
Training: 2025-03-27 05:12:47,943-Speed 79.24 samples/sec   Loss 0.0310   LearningRate 0.000931   Epoch: 13   Global Step: 19700   Fp16 Grad Scale: 1048576   Required: 123 hours
Training: 2025-03-27 05:13:04,068-Speed 79.39 samples/sec   Loss 0.0186   LearningRate 0.000931   Epoch: 13   Global Step: 19710   Fp16 Grad Scale: 1048576   Required: 123 hours
Training: 2025-03-27 05:13:20,155-Speed 79.57 samples/sec   Loss 0.0690   LearningRate 0.000931   Epoch: 13   Global Step: 19720   Fp16 Grad Scale: 524288   Required: 123 hours
Training: 2025-03-27 05:13:36,263-Speed 79.47 samples/sec   Loss 0.0067   LearningRate 0.000931   Epoch: 13   Global Step: 19730   Fp16 Grad Scale: 524288   Required: 123 hours
Training: 2025-03-27 05:13:52,357-Speed 79.54 samples/sec   Loss 0.0119   LearningRate 0.000931   Epoch: 13   Global Step: 19740   Fp16 Grad Scale: 524288   Required: 123 hours
Training: 2025-03-27 05:14:08,423-Speed 79.67 samples/sec   Loss 0.0139   LearningRate 0.000931   Epoch: 13   Global Step: 19750   Fp16 Grad Scale: 524288   Required: 123 hours
Training: 2025-03-27 05:14:24,488-Speed 79.68 samples/sec   Loss 0.0197   LearningRate 0.000931   Epoch: 13   Global Step: 19760   Fp16 Grad Scale: 524288   Required: 123 hours
Training: 2025-03-27 05:14:40,618-Speed 79.35 samples/sec   Loss 0.0137   LearningRate 0.000931   Epoch: 13   Global Step: 19770   Fp16 Grad Scale: 524288   Required: 123 hours
Training: 2025-03-27 05:14:56,704-Speed 79.58 samples/sec   Loss 0.0155   LearningRate 0.000931   Epoch: 13   Global Step: 19780   Fp16 Grad Scale: 262144   Required: 123 hours
Training: 2025-03-27 05:15:12,701-Speed 80.02 samples/sec   Loss 0.0179   LearningRate 0.000931   Epoch: 13   Global Step: 19790   Fp16 Grad Scale: 262144   Required: 123 hours
Training: 2025-03-27 05:15:28,917-Speed 78.94 samples/sec   Loss 0.0152   LearningRate 0.000931   Epoch: 13   Global Step: 19800   Fp16 Grad Scale: 262144   Required: 123 hours
Training: 2025-03-27 05:15:45,067-Speed 79.26 samples/sec   Loss 0.0092   LearningRate 0.000931   Epoch: 13   Global Step: 19810   Fp16 Grad Scale: 262144   Required: 123 hours
Training: 2025-03-27 05:16:01,115-Speed 79.77 samples/sec   Loss 0.0103   LearningRate 0.000931   Epoch: 13   Global Step: 19820   Fp16 Grad Scale: 262144   Required: 123 hours
Training: 2025-03-27 05:16:17,190-Speed 79.63 samples/sec   Loss 0.0117   LearningRate 0.000930   Epoch: 13   Global Step: 19830   Fp16 Grad Scale: 262144   Required: 123 hours
Training: 2025-03-27 05:16:33,345-Speed 79.24 samples/sec   Loss 0.0115   LearningRate 0.000930   Epoch: 13   Global Step: 19840   Fp16 Grad Scale: 262144   Required: 123 hours
Training: 2025-03-27 05:16:49,422-Speed 79.62 samples/sec   Loss 0.0184   LearningRate 0.000930   Epoch: 13   Global Step: 19850   Fp16 Grad Scale: 262144   Required: 123 hours
Training: 2025-03-27 05:17:05,508-Speed 79.57 samples/sec   Loss 0.0204   LearningRate 0.000930   Epoch: 13   Global Step: 19860   Fp16 Grad Scale: 262144   Required: 123 hours
Training: 2025-03-27 05:17:23,416-Speed 71.48 samples/sec   Loss 0.0086   LearningRate 0.000930   Epoch: 13   Global Step: 19870   Fp16 Grad Scale: 262144   Required: 123 hours
Training: 2025-03-27 05:17:39,424-Speed 79.97 samples/sec   Loss 0.0188   LearningRate 0.000930   Epoch: 13   Global Step: 19880   Fp16 Grad Scale: 524288   Required: 123 hours
Training: 2025-03-27 05:17:55,474-Speed 79.75 samples/sec   Loss 0.0214   LearningRate 0.000930   Epoch: 13   Global Step: 19890   Fp16 Grad Scale: 524288   Required: 123 hours
Training: 2025-03-27 05:18:11,504-Speed 79.85 samples/sec   Loss 0.0111   LearningRate 0.000930   Epoch: 13   Global Step: 19900   Fp16 Grad Scale: 524288   Required: 123 hours
Training: 2025-03-27 05:18:27,602-Speed 79.51 samples/sec   Loss 0.0186   LearningRate 0.000930   Epoch: 13   Global Step: 19910   Fp16 Grad Scale: 524288   Required: 123 hours
Training: 2025-03-27 05:18:43,667-Speed 79.68 samples/sec   Loss 0.0245   LearningRate 0.000930   Epoch: 13   Global Step: 19920   Fp16 Grad Scale: 524288   Required: 123 hours
Training: 2025-03-27 05:18:59,742-Speed 79.63 samples/sec   Loss 0.0112   LearningRate 0.000930   Epoch: 13   Global Step: 19930   Fp16 Grad Scale: 524288   Required: 123 hours
Training: 2025-03-27 05:19:15,809-Speed 79.67 samples/sec   Loss 0.0209   LearningRate 0.000930   Epoch: 13   Global Step: 19940   Fp16 Grad Scale: 524288   Required: 123 hours
Training: 2025-03-27 05:19:32,034-Speed 78.89 samples/sec   Loss 0.0111   LearningRate 0.000930   Epoch: 13   Global Step: 19950   Fp16 Grad Scale: 524288   Required: 123 hours
Training: 2025-03-27 05:19:47,254-Speed 84.10 samples/sec   Loss 0.0183   LearningRate 0.000930   Epoch: 13   Global Step: 19960   Fp16 Grad Scale: 524288   Required: 123 hours
Training: 2025-03-27 05:20:06,071-Speed 68.02 samples/sec   Loss 0.0086   LearningRate 0.000930   Epoch: 14   Global Step: 19970   Fp16 Grad Scale: 524288   Required: 123 hours
Training: 2025-03-27 05:20:22,093-Speed 79.89 samples/sec   Loss 0.0240   LearningRate 0.000930   Epoch: 14   Global Step: 19980   Fp16 Grad Scale: 1048576   Required: 123 hours
Training: 2025-03-27 05:20:38,190-Speed 79.52 samples/sec   Loss 0.0037   LearningRate 0.000930   Epoch: 14   Global Step: 19990   Fp16 Grad Scale: 1048576   Required: 123 hours
Training: 2025-03-27 05:20:54,265-Speed 79.63 samples/sec   Loss 0.0637   LearningRate 0.000930   Epoch: 14   Global Step: 20000   Fp16 Grad Scale: 1048576   Required: 123 hours
net_out.shape: torch.Size([128, 512])
net_out.shape: torch.Size([128, 512])
net_out.shape: torch.Size([128, 512])
net_out.shape: torch.Size([128, 512])
net_out.shape: torch.Size([128, 512])
net_out.shape: torch.Size([128, 512])
net_out.shape: torch.Size([128, 512])
net_out.shape: torch.Size([128, 512])
net_out.shape: torch.Size([128, 512])
net_out.shape: torch.Size([128, 512])
net_out.shape: torch.Size([128, 512])
net_out.shape: torch.Size([128, 512])
net_out.shape: torch.Size([128, 512])
net_out.shape: torch.Size([128, 512])
net_out.shape: torch.Size([128, 512])
net_out.shape: torch.Size([128, 512])
net_out.shape: torch.Size([128, 512])
net_out.shape: torch.Size([128, 512])
net_out.shape: torch.Size([128, 512])
net_out.shape: torch.Size([128, 512])
net_out.shape: torch.Size([128, 512])
net_out.shape: torch.Size([128, 512])
net_out.shape: torch.Size([128, 512])
net_out.shape: torch.Size([128, 512])
net_out.shape: torch.Size([128, 512])
net_out.shape: torch.Size([128, 512])
net_out.shape: torch.Size([128, 512])
net_out.shape: torch.Size([128, 512])
net_out.shape: torch.Size([128, 512])
net_out.shape: torch.Size([128, 512])
net_out.shape: torch.Size([128, 512])
net_out.shape: torch.Size([128, 512])
net_out.shape: torch.Size([128, 512])
net_out.shape: torch.Size([128, 512])
net_out.shape: torch.Size([128, 512])
net_out.shape: torch.Size([128, 512])
net_out.shape: torch.Size([128, 512])
net_out.shape: torch.Size([128, 512])
net_out.shape: torch.Size([128, 512])
net_out.shape: torch.Size([128, 512])
net_out.shape: torch.Size([128, 512])
net_out.shape: torch.Size([128, 512])
net_out.shape: torch.Size([128, 512])
net_out.shape: torch.Size([128, 512])
net_out.shape: torch.Size([128, 512])
net_out.shape: torch.Size([128, 512])
net_out.shape: torch.Size([128, 512])
net_out.shape: torch.Size([128, 512])
net_out.shape: torch.Size([128, 512])
net_out.shape: torch.Size([128, 512])
net_out.shape: torch.Size([128, 512])
net_out.shape: torch.Size([128, 512])
net_out.shape: torch.Size([128, 512])
net_out.shape: torch.Size([128, 512])
net_out.shape: torch.Size([128, 512])
net_out.shape: torch.Size([128, 512])
net_out.shape: torch.Size([128, 512])
net_out.shape: torch.Size([128, 512])
net_out.shape: torch.Size([128, 512])
net_out.shape: torch.Size([128, 512])
net_out.shape: torch.Size([128, 512])
net_out.shape: torch.Size([128, 512])
net_out.shape: torch.Size([128, 512])
net_out.shape: torch.Size([128, 512])
Training: 2025-03-27 05:22:05,018-[val][20000]XNorm: 20.811912536621094
Training: 2025-03-27 05:22:05,018-[val][20000]val: nan
Training: 2025-03-27 05:22:05,018-[val][20000]val_std: nan
Training: 2025-03-27 05:22:05,018-[val][20000]far: 0.0011263643391430378
Training: 2025-03-27 05:22:05,018-[val][20000]Accuracy: 1.0±0.0
Training: 2025-03-27 05:22:23,076-Speed 14.41 samples/sec   Loss 0.0209   LearningRate 0.000930   Epoch: 14   Global Step: 20010   Fp16 Grad Scale: 1048576   Required: 123 hours
Training: 2025-03-27 05:22:39,121-Speed 79.78 samples/sec   Loss 0.0301   LearningRate 0.000930   Epoch: 14   Global Step: 20020   Fp16 Grad Scale: 524288   Required: 123 hours
Training: 2025-03-27 05:22:55,195-Speed 79.64 samples/sec   Loss 0.0111   LearningRate 0.000930   Epoch: 14   Global Step: 20030   Fp16 Grad Scale: 524288   Required: 123 hours
Training: 2025-03-27 05:23:11,276-Speed 79.60 samples/sec   Loss 0.0054   LearningRate 0.000930   Epoch: 14   Global Step: 20040   Fp16 Grad Scale: 524288   Required: 123 hours
Training: 2025-03-27 05:23:27,302-Speed 79.88 samples/sec   Loss 0.0118   LearningRate 0.000930   Epoch: 14   Global Step: 20050   Fp16 Grad Scale: 524288   Required: 123 hours
Training: 2025-03-27 05:23:43,363-Speed 79.69 samples/sec   Loss 0.0027   LearningRate 0.000930   Epoch: 14   Global Step: 20060   Fp16 Grad Scale: 524288   Required: 123 hours
Training: 2025-03-27 05:23:59,461-Speed 79.52 samples/sec   Loss 0.0162   LearningRate 0.000930   Epoch: 14   Global Step: 20070   Fp16 Grad Scale: 524288   Required: 123 hours
Training: 2025-03-27 05:24:15,510-Speed 79.76 samples/sec   Loss 0.0033   LearningRate 0.000930   Epoch: 14   Global Step: 20080   Fp16 Grad Scale: 524288   Required: 123 hours
Training: 2025-03-27 05:24:31,596-Speed 79.57 samples/sec   Loss 0.0050   LearningRate 0.000930   Epoch: 14   Global Step: 20090   Fp16 Grad Scale: 524288   Required: 123 hours
Training: 2025-03-27 05:24:47,682-Speed 79.58 samples/sec   Loss 0.0086   LearningRate 0.000930   Epoch: 14   Global Step: 20100   Fp16 Grad Scale: 524288   Required: 123 hours
Training: 2025-03-27 05:25:03,693-Speed 79.95 samples/sec   Loss 0.0070   LearningRate 0.000929   Epoch: 14   Global Step: 20110   Fp16 Grad Scale: 524288   Required: 123 hours
Training: 2025-03-27 05:25:19,749-Speed 79.72 samples/sec   Loss 0.0279   LearningRate 0.000929   Epoch: 14   Global Step: 20120   Fp16 Grad Scale: 1048576   Required: 123 hours
Training: 2025-03-27 05:25:35,826-Speed 79.62 samples/sec   Loss 0.0074   LearningRate 0.000929   Epoch: 14   Global Step: 20130   Fp16 Grad Scale: 1048576   Required: 123 hours
Training: 2025-03-27 05:25:51,941-Speed 79.43 samples/sec   Loss 0.0089   LearningRate 0.000929   Epoch: 14   Global Step: 20140   Fp16 Grad Scale: 1048576   Required: 123 hours
Training: 2025-03-27 05:26:07,995-Speed 79.74 samples/sec   Loss 0.0063   LearningRate 0.000929   Epoch: 14   Global Step: 20150   Fp16 Grad Scale: 1048576   Required: 123 hours
Training: 2025-03-27 05:26:24,109-Speed 79.44 samples/sec   Loss 0.0077   LearningRate 0.000929   Epoch: 14   Global Step: 20160   Fp16 Grad Scale: 1048576   Required: 123 hours
Training: 2025-03-27 05:26:40,182-Speed 79.64 samples/sec   Loss 0.0034   LearningRate 0.000929   Epoch: 14   Global Step: 20170   Fp16 Grad Scale: 1048576   Required: 123 hours
Training: 2025-03-27 05:26:56,293-Speed 79.45 samples/sec   Loss 0.0121   LearningRate 0.000929   Epoch: 14   Global Step: 20180   Fp16 Grad Scale: 1048576   Required: 123 hours
Training: 2025-03-27 05:27:12,364-Speed 79.65 samples/sec   Loss 0.0089   LearningRate 0.000929   Epoch: 14   Global Step: 20190   Fp16 Grad Scale: 1048576   Required: 123 hours
Training: 2025-03-27 05:27:30,229-Speed 71.65 samples/sec   Loss 0.0034   LearningRate 0.000929   Epoch: 14   Global Step: 20200   Fp16 Grad Scale: 1048576   Required: 123 hours
Training: 2025-03-27 05:27:46,314-Speed 79.58 samples/sec   Loss 0.0072   LearningRate 0.000929   Epoch: 14   Global Step: 20210   Fp16 Grad Scale: 1048576   Required: 123 hours
Training: 2025-03-27 05:28:02,344-Speed 79.86 samples/sec   Loss 0.0050   LearningRate 0.000929   Epoch: 14   Global Step: 20220   Fp16 Grad Scale: 2097152   Required: 123 hours
Training: 2025-03-27 05:28:18,370-Speed 79.87 samples/sec   Loss 0.0223   LearningRate 0.000929   Epoch: 14   Global Step: 20230   Fp16 Grad Scale: 1048576   Required: 123 hours
Training: 2025-03-27 05:28:34,480-Speed 79.46 samples/sec   Loss 0.0031   LearningRate 0.000929   Epoch: 14   Global Step: 20240   Fp16 Grad Scale: 1048576   Required: 123 hours
Training: 2025-03-27 05:28:50,550-Speed 79.65 samples/sec   Loss 0.0028   LearningRate 0.000929   Epoch: 14   Global Step: 20250   Fp16 Grad Scale: 1048576   Required: 123 hours
Training: 2025-03-27 05:29:06,605-Speed 79.73 samples/sec   Loss 0.0031   LearningRate 0.000929   Epoch: 14   Global Step: 20260   Fp16 Grad Scale: 1048576   Required: 123 hours
Training: 2025-03-27 05:29:22,683-Speed 79.61 samples/sec   Loss 0.0120   LearningRate 0.000929   Epoch: 14   Global Step: 20270   Fp16 Grad Scale: 1048576   Required: 123 hours
Training: 2025-03-27 05:29:38,807-Speed 79.39 samples/sec   Loss 0.0062   LearningRate 0.000929   Epoch: 14   Global Step: 20280   Fp16 Grad Scale: 1048576   Required: 123 hours
Training: 2025-03-27 05:29:54,878-Speed 79.65 samples/sec   Loss 0.0501   LearningRate 0.000929   Epoch: 14   Global Step: 20290   Fp16 Grad Scale: 1048576   Required: 123 hours
Training: 2025-03-27 05:30:11,003-Speed 79.38 samples/sec   Loss 0.0058   LearningRate 0.000929   Epoch: 14   Global Step: 20300   Fp16 Grad Scale: 1048576   Required: 123 hours
Training: 2025-03-27 05:30:27,221-Speed 78.93 samples/sec   Loss 0.0124   LearningRate 0.000929   Epoch: 14   Global Step: 20310   Fp16 Grad Scale: 1048576   Required: 123 hours
Training: 2025-03-27 05:30:43,314-Speed 79.54 samples/sec   Loss 0.0379   LearningRate 0.000929   Epoch: 14   Global Step: 20320   Fp16 Grad Scale: 1048576   Required: 123 hours
Training: 2025-03-27 05:30:59,419-Speed 79.48 samples/sec   Loss 0.0095   LearningRate 0.000929   Epoch: 14   Global Step: 20330   Fp16 Grad Scale: 2097152   Required: 123 hours
Training: 2025-03-27 05:31:15,532-Speed 79.44 samples/sec   Loss 0.0028   LearningRate 0.000929   Epoch: 14   Global Step: 20340   Fp16 Grad Scale: 2097152   Required: 123 hours
Training: 2025-03-27 05:31:31,584-Speed 79.75 samples/sec   Loss 0.0197   LearningRate 0.000929   Epoch: 14   Global Step: 20350   Fp16 Grad Scale: 2097152   Required: 123 hours
Training: 2025-03-27 05:31:47,669-Speed 79.58 samples/sec   Loss 0.0099   LearningRate 0.000929   Epoch: 14   Global Step: 20360   Fp16 Grad Scale: 2097152   Required: 123 hours
Training: 2025-03-27 05:32:03,717-Speed 79.76 samples/sec   Loss 0.0164   LearningRate 0.000929   Epoch: 14   Global Step: 20370   Fp16 Grad Scale: 2097152   Required: 123 hours
Training: 2025-03-27 05:32:19,788-Speed 79.65 samples/sec   Loss 0.0093   LearningRate 0.000929   Epoch: 14   Global Step: 20380   Fp16 Grad Scale: 2097152   Required: 123 hours
Training: 2025-03-27 05:32:37,332-Speed 72.96 samples/sec   Loss 0.0139   LearningRate 0.000929   Epoch: 14   Global Step: 20390   Fp16 Grad Scale: 2097152   Required: 123 hours
Training: 2025-03-27 05:32:53,405-Speed 79.64 samples/sec   Loss 0.0073   LearningRate 0.000928   Epoch: 14   Global Step: 20400   Fp16 Grad Scale: 2097152   Required: 123 hours
Training: 2025-03-27 05:33:09,464-Speed 79.71 samples/sec   Loss 0.0088   LearningRate 0.000928   Epoch: 14   Global Step: 20410   Fp16 Grad Scale: 2097152   Required: 123 hours
Training: 2025-03-27 05:33:25,590-Speed 79.38 samples/sec   Loss 0.0171   LearningRate 0.000928   Epoch: 14   Global Step: 20420   Fp16 Grad Scale: 2097152   Required: 123 hours
Training: 2025-03-27 05:33:41,676-Speed 79.58 samples/sec   Loss 0.0075   LearningRate 0.000928   Epoch: 14   Global Step: 20430   Fp16 Grad Scale: 4194304   Required: 123 hours
Training: 2025-03-27 05:33:57,758-Speed 79.59 samples/sec   Loss 0.0016   LearningRate 0.000928   Epoch: 14   Global Step: 20440   Fp16 Grad Scale: 4194304   Required: 123 hours
Training: 2025-03-27 05:34:13,817-Speed 79.71 samples/sec   Loss 0.0047   LearningRate 0.000928   Epoch: 14   Global Step: 20450   Fp16 Grad Scale: 4194304   Required: 123 hours
Training: 2025-03-27 05:34:29,911-Speed 79.54 samples/sec   Loss 0.0375   LearningRate 0.000928   Epoch: 14   Global Step: 20460   Fp16 Grad Scale: 4194304   Required: 123 hours
Training: 2025-03-27 05:34:45,937-Speed 79.87 samples/sec   Loss 0.0053   LearningRate 0.000928   Epoch: 14   Global Step: 20470   Fp16 Grad Scale: 4194304   Required: 123 hours
Training: 2025-03-27 05:35:01,959-Speed 79.90 samples/sec   Loss 0.0102   LearningRate 0.000928   Epoch: 14   Global Step: 20480   Fp16 Grad Scale: 2097152   Required: 123 hours
Training: 2025-03-27 05:35:18,050-Speed 79.55 samples/sec   Loss 0.0099   LearningRate 0.000928   Epoch: 14   Global Step: 20490   Fp16 Grad Scale: 2097152   Required: 123 hours
Training: 2025-03-27 05:35:34,087-Speed 79.82 samples/sec   Loss 0.0165   LearningRate 0.000928   Epoch: 14   Global Step: 20500   Fp16 Grad Scale: 2097152   Required: 123 hours
Training: 2025-03-27 05:35:50,118-Speed 79.85 samples/sec   Loss 0.0408   LearningRate 0.000928   Epoch: 14   Global Step: 20510   Fp16 Grad Scale: 1048576   Required: 123 hours
Training: 2025-03-27 05:36:06,192-Speed 79.63 samples/sec   Loss 0.0328   LearningRate 0.000928   Epoch: 14   Global Step: 20520   Fp16 Grad Scale: 1048576   Required: 123 hours
Training: 2025-03-27 05:36:22,298-Speed 79.48 samples/sec   Loss 0.0247   LearningRate 0.000928   Epoch: 14   Global Step: 20530   Fp16 Grad Scale: 1048576   Required: 123 hours
Training: 2025-03-27 05:36:38,342-Speed 79.79 samples/sec   Loss 0.0072   LearningRate 0.000928   Epoch: 14   Global Step: 20540   Fp16 Grad Scale: 1048576   Required: 123 hours
Training: 2025-03-27 05:36:54,485-Speed 79.29 samples/sec   Loss 0.0086   LearningRate 0.000928   Epoch: 14   Global Step: 20550   Fp16 Grad Scale: 1048576   Required: 123 hours
Training: 2025-03-27 05:37:10,544-Speed 79.71 samples/sec   Loss 0.0222   LearningRate 0.000928   Epoch: 14   Global Step: 20560   Fp16 Grad Scale: 1048576   Required: 123 hours
Training: 2025-03-27 05:37:26,620-Speed 79.63 samples/sec   Loss 0.0121   LearningRate 0.000928   Epoch: 14   Global Step: 20570   Fp16 Grad Scale: 1048576   Required: 123 hours
Training: 2025-03-27 05:37:44,344-Speed 72.22 samples/sec   Loss 0.0054   LearningRate 0.000928   Epoch: 14   Global Step: 20580   Fp16 Grad Scale: 1048576   Required: 123 hours
Training: 2025-03-27 05:38:00,435-Speed 79.55 samples/sec   Loss 0.0109   LearningRate 0.000928   Epoch: 14   Global Step: 20590   Fp16 Grad Scale: 1048576   Required: 123 hours
Training: 2025-03-27 05:38:16,489-Speed 79.73 samples/sec   Loss 0.0057   LearningRate 0.000928   Epoch: 14   Global Step: 20600   Fp16 Grad Scale: 1048576   Required: 123 hours
Training: 2025-03-27 05:38:32,521-Speed 79.84 samples/sec   Loss 0.0603   LearningRate 0.000928   Epoch: 14   Global Step: 20610   Fp16 Grad Scale: 2097152   Required: 123 hours
Training: 2025-03-27 05:38:48,563-Speed 79.80 samples/sec   Loss 0.0441   LearningRate 0.000928   Epoch: 14   Global Step: 20620   Fp16 Grad Scale: 1048576   Required: 123 hours
Training: 2025-03-27 05:39:04,651-Speed 79.57 samples/sec   Loss 0.0064   LearningRate 0.000928   Epoch: 14   Global Step: 20630   Fp16 Grad Scale: 1048576   Required: 123 hours
Training: 2025-03-27 05:39:20,721-Speed 79.65 samples/sec   Loss 0.0044   LearningRate 0.000928   Epoch: 14   Global Step: 20640   Fp16 Grad Scale: 1048576   Required: 123 hours
Training: 2025-03-27 05:39:36,774-Speed 79.74 samples/sec   Loss 0.0135   LearningRate 0.000928   Epoch: 14   Global Step: 20650   Fp16 Grad Scale: 1048576   Required: 123 hours
Training: 2025-03-27 05:39:52,829-Speed 79.73 samples/sec   Loss 0.0094   LearningRate 0.000928   Epoch: 14   Global Step: 20660   Fp16 Grad Scale: 1048576   Required: 123 hours
Training: 2025-03-27 05:40:08,894-Speed 79.68 samples/sec   Loss 0.0273   LearningRate 0.000928   Epoch: 14   Global Step: 20670   Fp16 Grad Scale: 524288   Required: 123 hours
Training: 2025-03-27 05:40:24,968-Speed 79.63 samples/sec   Loss 0.0045   LearningRate 0.000927   Epoch: 14   Global Step: 20680   Fp16 Grad Scale: 524288   Required: 123 hours
Training: 2025-03-27 05:40:40,989-Speed 79.90 samples/sec   Loss 0.0092   LearningRate 0.000927   Epoch: 14   Global Step: 20690   Fp16 Grad Scale: 524288   Required: 123 hours
Training: 2025-03-27 05:40:57,055-Speed 79.67 samples/sec   Loss 0.0120   LearningRate 0.000927   Epoch: 14   Global Step: 20700   Fp16 Grad Scale: 524288   Required: 123 hours
Training: 2025-03-27 05:41:13,105-Speed 79.75 samples/sec   Loss 0.0125   LearningRate 0.000927   Epoch: 14   Global Step: 20710   Fp16 Grad Scale: 524288   Required: 123 hours
Training: 2025-03-27 05:41:29,108-Speed 79.99 samples/sec   Loss 0.0128   LearningRate 0.000927   Epoch: 14   Global Step: 20720   Fp16 Grad Scale: 524288   Required: 123 hours
Training: 2025-03-27 05:41:45,183-Speed 79.63 samples/sec   Loss 0.0149   LearningRate 0.000927   Epoch: 14   Global Step: 20730   Fp16 Grad Scale: 524288   Required: 123 hours
Training: 2025-03-27 05:42:01,215-Speed 79.84 samples/sec   Loss 0.0830   LearningRate 0.000927   Epoch: 14   Global Step: 20740   Fp16 Grad Scale: 524288   Required: 123 hours
Training: 2025-03-27 05:42:17,287-Speed 79.65 samples/sec   Loss 0.0570   LearningRate 0.000927   Epoch: 14   Global Step: 20750   Fp16 Grad Scale: 524288   Required: 123 hours
Training: 2025-03-27 05:42:35,112-Speed 71.81 samples/sec   Loss 0.0130   LearningRate 0.000927   Epoch: 14   Global Step: 20760   Fp16 Grad Scale: 524288   Required: 123 hours
Training: 2025-03-27 05:42:51,176-Speed 79.69 samples/sec   Loss 0.0048   LearningRate 0.000927   Epoch: 14   Global Step: 20770   Fp16 Grad Scale: 1048576   Required: 123 hours
Training: 2025-03-27 05:43:07,284-Speed 79.47 samples/sec   Loss 0.0183   LearningRate 0.000927   Epoch: 14   Global Step: 20780   Fp16 Grad Scale: 1048576   Required: 123 hours
Training: 2025-03-27 05:43:23,361-Speed 79.62 samples/sec   Loss 0.0218   LearningRate 0.000927   Epoch: 14   Global Step: 20790   Fp16 Grad Scale: 1048576   Required: 123 hours
Training: 2025-03-27 05:43:39,435-Speed 79.63 samples/sec   Loss 0.0172   LearningRate 0.000927   Epoch: 14   Global Step: 20800   Fp16 Grad Scale: 1048576   Required: 123 hours
Training: 2025-03-27 05:43:55,506-Speed 79.65 samples/sec   Loss 0.0117   LearningRate 0.000927   Epoch: 14   Global Step: 20810   Fp16 Grad Scale: 1048576   Required: 123 hours
Training: 2025-03-27 05:44:11,515-Speed 79.96 samples/sec   Loss 0.0109   LearningRate 0.000927   Epoch: 14   Global Step: 20820   Fp16 Grad Scale: 1048576   Required: 122 hours
Training: 2025-03-27 05:44:27,673-Speed 79.22 samples/sec   Loss 0.0162   LearningRate 0.000927   Epoch: 14   Global Step: 20830   Fp16 Grad Scale: 1048576   Required: 122 hours
Training: 2025-03-27 05:44:43,769-Speed 79.53 samples/sec   Loss 0.0164   LearningRate 0.000927   Epoch: 14   Global Step: 20840   Fp16 Grad Scale: 1048576   Required: 122 hours
Training: 2025-03-27 05:44:59,875-Speed 79.47 samples/sec   Loss 0.0165   LearningRate 0.000927   Epoch: 14   Global Step: 20850   Fp16 Grad Scale: 1048576   Required: 122 hours
Training: 2025-03-27 05:45:15,990-Speed 79.43 samples/sec   Loss 0.0080   LearningRate 0.000927   Epoch: 14   Global Step: 20860   Fp16 Grad Scale: 1048576   Required: 122 hours
Training: 2025-03-27 05:45:32,075-Speed 79.58 samples/sec   Loss 0.0123   LearningRate 0.000927   Epoch: 14   Global Step: 20870   Fp16 Grad Scale: 2097152   Required: 122 hours
Training: 2025-03-27 05:45:48,140-Speed 79.68 samples/sec   Loss 0.0099   LearningRate 0.000927   Epoch: 14   Global Step: 20880   Fp16 Grad Scale: 2097152   Required: 122 hours
Training: 2025-03-27 05:46:04,282-Speed 79.30 samples/sec   Loss 0.0118   LearningRate 0.000927   Epoch: 14   Global Step: 20890   Fp16 Grad Scale: 2097152   Required: 122 hours
Training: 2025-03-27 05:46:20,401-Speed 79.41 samples/sec   Loss 0.0054   LearningRate 0.000927   Epoch: 14   Global Step: 20900   Fp16 Grad Scale: 2097152   Required: 122 hours
Training: 2025-03-27 05:46:36,512-Speed 79.45 samples/sec   Loss 0.0029   LearningRate 0.000927   Epoch: 14   Global Step: 20910   Fp16 Grad Scale: 2097152   Required: 122 hours
Training: 2025-03-27 05:46:52,620-Speed 79.47 samples/sec   Loss 0.0051   LearningRate 0.000927   Epoch: 14   Global Step: 20920   Fp16 Grad Scale: 2097152   Required: 122 hours
Training: 2025-03-27 05:47:08,701-Speed 79.60 samples/sec   Loss 0.0093   LearningRate 0.000927   Epoch: 14   Global Step: 20930   Fp16 Grad Scale: 2097152   Required: 122 hours
Training: 2025-03-27 05:47:24,781-Speed 79.60 samples/sec   Loss 0.0051   LearningRate 0.000927   Epoch: 14   Global Step: 20940   Fp16 Grad Scale: 2097152   Required: 122 hours
Training: 2025-03-27 05:47:42,609-Speed 71.80 samples/sec   Loss 0.0059   LearningRate 0.000927   Epoch: 14   Global Step: 20950   Fp16 Grad Scale: 2097152   Required: 122 hours
Training: 2025-03-27 05:47:58,667-Speed 79.71 samples/sec   Loss 0.0023   LearningRate 0.000927   Epoch: 14   Global Step: 20960   Fp16 Grad Scale: 2097152   Required: 122 hours
Training: 2025-03-27 05:48:14,768-Speed 79.50 samples/sec   Loss 0.0043   LearningRate 0.000926   Epoch: 14   Global Step: 20970   Fp16 Grad Scale: 4194304   Required: 122 hours
Training: 2025-03-27 05:48:30,809-Speed 79.80 samples/sec   Loss 0.0057   LearningRate 0.000926   Epoch: 14   Global Step: 20980   Fp16 Grad Scale: 4194304   Required: 122 hours
Training: 2025-03-27 05:48:47,367-Speed 79.75 samples/sec   Loss 0.0036   LearningRate 0.000926   Epoch: 14   Global Step: 20990   Fp16 Grad Scale: 4194304   Required: 122 hours
Training: 2025-03-27 05:49:03,408-Speed 79.80 samples/sec   Loss 0.0067   LearningRate 0.000926   Epoch: 14   Global Step: 21000   Fp16 Grad Scale: 4194304   Required: 122 hours
Training: 2025-03-27 05:49:19,493-Speed 79.58 samples/sec   Loss 0.0030   LearningRate 0.000926   Epoch: 14   Global Step: 21010   Fp16 Grad Scale: 4194304   Required: 122 hours
Training: 2025-03-27 05:49:35,573-Speed 79.60 samples/sec   Loss 0.0216   LearningRate 0.000926   Epoch: 14   Global Step: 21020   Fp16 Grad Scale: 1048576   Required: 122 hours
Training: 2025-03-27 05:49:51,633-Speed 79.70 samples/sec   Loss 0.0211   LearningRate 0.000926   Epoch: 14   Global Step: 21030   Fp16 Grad Scale: 1048576   Required: 122 hours
Training: 2025-03-27 05:50:07,685-Speed 79.74 samples/sec   Loss 0.0137   LearningRate 0.000926   Epoch: 14   Global Step: 21040   Fp16 Grad Scale: 1048576   Required: 122 hours
Training: 2025-03-27 05:50:23,751-Speed 79.67 samples/sec   Loss 0.0115   LearningRate 0.000926   Epoch: 14   Global Step: 21050   Fp16 Grad Scale: 1048576   Required: 122 hours
Training: 2025-03-27 05:50:39,806-Speed 79.73 samples/sec   Loss 0.0133   LearningRate 0.000926   Epoch: 14   Global Step: 21060   Fp16 Grad Scale: 1048576   Required: 122 hours
Training: 2025-03-27 05:50:55,896-Speed 79.56 samples/sec   Loss 0.0077   LearningRate 0.000926   Epoch: 14   Global Step: 21070   Fp16 Grad Scale: 1048576   Required: 122 hours
Training: 2025-03-27 05:51:12,000-Speed 79.48 samples/sec   Loss 0.0141   LearningRate 0.000926   Epoch: 14   Global Step: 21080   Fp16 Grad Scale: 1048576   Required: 122 hours
Training: 2025-03-27 05:51:28,047-Speed 79.77 samples/sec   Loss 0.0046   LearningRate 0.000926   Epoch: 14   Global Step: 21090   Fp16 Grad Scale: 1048576   Required: 122 hours
Training: 2025-03-27 05:51:44,111-Speed 79.69 samples/sec   Loss 0.0206   LearningRate 0.000926   Epoch: 14   Global Step: 21100   Fp16 Grad Scale: 1048576   Required: 122 hours
Training: 2025-03-27 05:52:00,168-Speed 79.72 samples/sec   Loss 0.0046   LearningRate 0.000926   Epoch: 14   Global Step: 21110   Fp16 Grad Scale: 1048576   Required: 122 hours
Training: 2025-03-27 05:52:16,217-Speed 79.75 samples/sec   Loss 0.0086   LearningRate 0.000926   Epoch: 14   Global Step: 21120   Fp16 Grad Scale: 2097152   Required: 122 hours
Training: 2025-03-27 05:52:32,253-Speed 79.82 samples/sec   Loss 0.0450   LearningRate 0.000926   Epoch: 14   Global Step: 21130   Fp16 Grad Scale: 2097152   Required: 122 hours
Training: 2025-03-27 05:52:50,133-Speed 71.59 samples/sec   Loss 0.0331   LearningRate 0.000926   Epoch: 14   Global Step: 21140   Fp16 Grad Scale: 2097152   Required: 122 hours
Training: 2025-03-27 05:53:06,237-Speed 79.48 samples/sec   Loss 0.0239   LearningRate 0.000926   Epoch: 14   Global Step: 21150   Fp16 Grad Scale: 2097152   Required: 122 hours
Training: 2025-03-27 05:53:22,257-Speed 79.90 samples/sec   Loss 0.0214   LearningRate 0.000926   Epoch: 14   Global Step: 21160   Fp16 Grad Scale: 2097152   Required: 122 hours
Training: 2025-03-27 05:53:38,335-Speed 79.62 samples/sec   Loss 0.0238   LearningRate 0.000926   Epoch: 14   Global Step: 21170   Fp16 Grad Scale: 2097152   Required: 122 hours
Training: 2025-03-27 05:53:54,402-Speed 79.67 samples/sec   Loss 0.0565   LearningRate 0.000926   Epoch: 14   Global Step: 21180   Fp16 Grad Scale: 1048576   Required: 122 hours
Training: 2025-03-27 05:54:10,445-Speed 79.79 samples/sec   Loss 0.0133   LearningRate 0.000926   Epoch: 14   Global Step: 21190   Fp16 Grad Scale: 1048576   Required: 122 hours
Training: 2025-03-27 05:54:26,461-Speed 79.92 samples/sec   Loss 0.0088   LearningRate 0.000926   Epoch: 14   Global Step: 21200   Fp16 Grad Scale: 1048576   Required: 122 hours
Training: 2025-03-27 05:54:42,517-Speed 79.72 samples/sec   Loss 0.0570   LearningRate 0.000926   Epoch: 14   Global Step: 21210   Fp16 Grad Scale: 1048576   Required: 122 hours
Training: 2025-03-27 05:54:58,580-Speed 79.69 samples/sec   Loss 0.0903   LearningRate 0.000926   Epoch: 14   Global Step: 21220   Fp16 Grad Scale: 524288   Required: 122 hours
Training: 2025-03-27 05:55:14,676-Speed 79.52 samples/sec   Loss 0.0711   LearningRate 0.000926   Epoch: 14   Global Step: 21230   Fp16 Grad Scale: 524288   Required: 122 hours
Training: 2025-03-27 05:55:30,751-Speed 79.63 samples/sec   Loss 0.0238   LearningRate 0.000926   Epoch: 14   Global Step: 21240   Fp16 Grad Scale: 524288   Required: 122 hours
Training: 2025-03-27 05:55:46,842-Speed 79.55 samples/sec   Loss 0.0169   LearningRate 0.000925   Epoch: 14   Global Step: 21250   Fp16 Grad Scale: 524288   Required: 122 hours
Training: 2025-03-27 05:56:02,897-Speed 79.73 samples/sec   Loss 0.0881   LearningRate 0.000925   Epoch: 14   Global Step: 21260   Fp16 Grad Scale: 524288   Required: 122 hours
Training: 2025-03-27 05:56:18,916-Speed 79.90 samples/sec   Loss 0.0250   LearningRate 0.000925   Epoch: 14   Global Step: 21270   Fp16 Grad Scale: 524288   Required: 122 hours
Training: 2025-03-27 05:56:34,943-Speed 79.87 samples/sec   Loss 0.0238   LearningRate 0.000925   Epoch: 14   Global Step: 21280   Fp16 Grad Scale: 524288   Required: 122 hours
Training: 2025-03-27 05:56:50,980-Speed 79.82 samples/sec   Loss 0.0135   LearningRate 0.000925   Epoch: 14   Global Step: 21290   Fp16 Grad Scale: 524288   Required: 122 hours
Training: 2025-03-27 05:57:07,052-Speed 79.64 samples/sec   Loss 0.0110   LearningRate 0.000925   Epoch: 14   Global Step: 21300   Fp16 Grad Scale: 524288   Required: 122 hours
Training: 2025-03-27 05:57:23,149-Speed 79.52 samples/sec   Loss 0.0155   LearningRate 0.000925   Epoch: 14   Global Step: 21310   Fp16 Grad Scale: 524288   Required: 122 hours
Training: 2025-03-27 05:57:39,266-Speed 79.42 samples/sec   Loss 0.0123   LearningRate 0.000925   Epoch: 14   Global Step: 21320   Fp16 Grad Scale: 1048576   Required: 122 hours
Training: 2025-03-27 05:57:57,187-Speed 71.43 samples/sec   Loss 0.0168   LearningRate 0.000925   Epoch: 14   Global Step: 21330   Fp16 Grad Scale: 1048576   Required: 122 hours
Training: 2025-03-27 05:58:13,265-Speed 79.61 samples/sec   Loss 0.0235   LearningRate 0.000925   Epoch: 14   Global Step: 21340   Fp16 Grad Scale: 1048576   Required: 122 hours
Training: 2025-03-27 05:58:29,275-Speed 79.95 samples/sec   Loss 0.0106   LearningRate 0.000925   Epoch: 14   Global Step: 21350   Fp16 Grad Scale: 1048576   Required: 122 hours
Training: 2025-03-27 05:58:45,267-Speed 80.04 samples/sec   Loss 0.0298   LearningRate 0.000925   Epoch: 14   Global Step: 21360   Fp16 Grad Scale: 524288   Required: 122 hours
Training: 2025-03-27 05:59:01,382-Speed 79.43 samples/sec   Loss 0.0546   LearningRate 0.000925   Epoch: 14   Global Step: 21370   Fp16 Grad Scale: 524288   Required: 122 hours
Training: 2025-03-27 05:59:17,396-Speed 79.94 samples/sec   Loss 0.0858   LearningRate 0.000925   Epoch: 14   Global Step: 21380   Fp16 Grad Scale: 524288   Required: 122 hours
Training: 2025-03-27 05:59:32,011-Speed 87.59 samples/sec   Loss 0.0409   LearningRate 0.000925   Epoch: 14   Global Step: 21390   Fp16 Grad Scale: 524288   Required: 122 hours
Training: 2025-03-27 05:59:51,455-Speed 65.83 samples/sec   Loss 0.0128   LearningRate 0.000925   Epoch: 15   Global Step: 21400   Fp16 Grad Scale: 524288   Required: 122 hours
Training: 2025-03-27 06:00:07,516-Speed 79.70 samples/sec   Loss 0.0058   LearningRate 0.000925   Epoch: 15   Global Step: 21410   Fp16 Grad Scale: 524288   Required: 122 hours
Training: 2025-03-27 06:00:23,724-Speed 78.98 samples/sec   Loss 0.0125   LearningRate 0.000925   Epoch: 15   Global Step: 21420   Fp16 Grad Scale: 524288   Required: 122 hours
Training: 2025-03-27 06:00:39,790-Speed 79.67 samples/sec   Loss 0.0202   LearningRate 0.000925   Epoch: 15   Global Step: 21430   Fp16 Grad Scale: 524288   Required: 122 hours
Training: 2025-03-27 06:00:55,788-Speed 80.01 samples/sec   Loss 0.0358   LearningRate 0.000925   Epoch: 15   Global Step: 21440   Fp16 Grad Scale: 262144   Required: 122 hours
Training: 2025-03-27 06:01:11,828-Speed 79.80 samples/sec   Loss 0.0065   LearningRate 0.000925   Epoch: 15   Global Step: 21450   Fp16 Grad Scale: 262144   Required: 122 hours
Training: 2025-03-27 06:01:27,873-Speed 79.78 samples/sec   Loss 0.0079   LearningRate 0.000925   Epoch: 15   Global Step: 21460   Fp16 Grad Scale: 262144   Required: 122 hours
Training: 2025-03-27 06:01:44,079-Speed 78.99 samples/sec   Loss 0.0374   LearningRate 0.000925   Epoch: 15   Global Step: 21470   Fp16 Grad Scale: 262144   Required: 122 hours
Training: 2025-03-27 06:02:00,116-Speed 79.82 samples/sec   Loss 0.0118   LearningRate 0.000925   Epoch: 15   Global Step: 21480   Fp16 Grad Scale: 262144   Required: 122 hours
Training: 2025-03-27 06:02:16,175-Speed 79.71 samples/sec   Loss 0.0155   LearningRate 0.000925   Epoch: 15   Global Step: 21490   Fp16 Grad Scale: 262144   Required: 122 hours
Training: 2025-03-27 06:02:32,248-Speed 79.64 samples/sec   Loss 0.0229   LearningRate 0.000925   Epoch: 15   Global Step: 21500   Fp16 Grad Scale: 262144   Required: 122 hours
Training: 2025-03-27 06:02:50,134-Speed 71.57 samples/sec   Loss 0.0347   LearningRate 0.000925   Epoch: 15   Global Step: 21510   Fp16 Grad Scale: 262144   Required: 122 hours
Training: 2025-03-27 06:03:06,200-Speed 79.67 samples/sec   Loss 0.0728   LearningRate 0.000925   Epoch: 15   Global Step: 21520   Fp16 Grad Scale: 262144   Required: 122 hours
Training: 2025-03-27 06:03:22,291-Speed 79.55 samples/sec   Loss 0.0105   LearningRate 0.000925   Epoch: 15   Global Step: 21530   Fp16 Grad Scale: 262144   Required: 122 hours
Training: 2025-03-27 06:03:38,378-Speed 79.57 samples/sec   Loss 0.0339   LearningRate 0.000924   Epoch: 15   Global Step: 21540   Fp16 Grad Scale: 524288   Required: 122 hours
Training: 2025-03-27 06:03:54,437-Speed 79.71 samples/sec   Loss 0.0299   LearningRate 0.000924   Epoch: 15   Global Step: 21550   Fp16 Grad Scale: 524288   Required: 122 hours
Training: 2025-03-27 06:04:10,481-Speed 79.78 samples/sec   Loss 0.0280   LearningRate 0.000924   Epoch: 15   Global Step: 21560   Fp16 Grad Scale: 524288   Required: 122 hours
Training: 2025-03-27 06:04:26,587-Speed 79.48 samples/sec   Loss 0.0157   LearningRate 0.000924   Epoch: 15   Global Step: 21570   Fp16 Grad Scale: 524288   Required: 122 hours
Training: 2025-03-27 06:04:42,826-Speed 78.82 samples/sec   Loss 0.0507   LearningRate 0.000924   Epoch: 15   Global Step: 21580   Fp16 Grad Scale: 524288   Required: 122 hours
Training: 2025-03-27 06:04:58,947-Speed 79.40 samples/sec   Loss 0.0539   LearningRate 0.000924   Epoch: 15   Global Step: 21590   Fp16 Grad Scale: 524288   Required: 122 hours
Training: 2025-03-27 06:05:15,051-Speed 79.49 samples/sec   Loss 0.0080   LearningRate 0.000924   Epoch: 15   Global Step: 21600   Fp16 Grad Scale: 524288   Required: 122 hours
Training: 2025-03-27 06:05:31,103-Speed 79.74 samples/sec   Loss 0.0072   LearningRate 0.000924   Epoch: 15   Global Step: 21610   Fp16 Grad Scale: 524288   Required: 122 hours
Training: 2025-03-27 06:05:47,210-Speed 79.47 samples/sec   Loss 0.0110   LearningRate 0.000924   Epoch: 15   Global Step: 21620   Fp16 Grad Scale: 524288   Required: 122 hours
Training: 2025-03-27 06:06:03,335-Speed 79.38 samples/sec   Loss 0.0119   LearningRate 0.000924   Epoch: 15   Global Step: 21630   Fp16 Grad Scale: 524288   Required: 122 hours
Training: 2025-03-27 06:06:19,356-Speed 79.90 samples/sec   Loss 0.0055   LearningRate 0.000924   Epoch: 15   Global Step: 21640   Fp16 Grad Scale: 1048576   Required: 122 hours
Training: 2025-03-27 06:06:35,457-Speed 79.51 samples/sec   Loss 0.0457   LearningRate 0.000924   Epoch: 15   Global Step: 21650   Fp16 Grad Scale: 1048576   Required: 122 hours
Training: 2025-03-27 06:06:51,601-Speed 79.29 samples/sec   Loss 0.0150   LearningRate 0.000924   Epoch: 15   Global Step: 21660   Fp16 Grad Scale: 1048576   Required: 122 hours
Training: 2025-03-27 06:07:07,666-Speed 79.68 samples/sec   Loss 0.0061   LearningRate 0.000924   Epoch: 15   Global Step: 21670   Fp16 Grad Scale: 1048576   Required: 122 hours
Training: 2025-03-27 06:07:23,683-Speed 79.92 samples/sec   Loss 0.0633   LearningRate 0.000924   Epoch: 15   Global Step: 21680   Fp16 Grad Scale: 1048576   Required: 122 hours
Training: 2025-03-27 06:07:39,785-Speed 79.49 samples/sec   Loss 0.0157   LearningRate 0.000924   Epoch: 15   Global Step: 21690   Fp16 Grad Scale: 1048576   Required: 122 hours
Training: 2025-03-27 06:07:57,690-Speed 71.49 samples/sec   Loss 0.0101   LearningRate 0.000924   Epoch: 15   Global Step: 21700   Fp16 Grad Scale: 1048576   Required: 122 hours
Training: 2025-03-27 06:08:13,758-Speed 79.66 samples/sec   Loss 0.0187   LearningRate 0.000924   Epoch: 15   Global Step: 21710   Fp16 Grad Scale: 1048576   Required: 122 hours
Training: 2025-03-27 06:08:29,787-Speed 79.86 samples/sec   Loss 0.0140   LearningRate 0.000924   Epoch: 15   Global Step: 21720   Fp16 Grad Scale: 1048576   Required: 122 hours
Training: 2025-03-27 06:08:45,973-Speed 79.08 samples/sec   Loss 0.0131   LearningRate 0.000924   Epoch: 15   Global Step: 21730   Fp16 Grad Scale: 1048576   Required: 122 hours
Training: 2025-03-27 06:09:02,044-Speed 79.65 samples/sec   Loss 0.0056   LearningRate 0.000924   Epoch: 15   Global Step: 21740   Fp16 Grad Scale: 2097152   Required: 122 hours
Training: 2025-03-27 06:09:18,090-Speed 79.77 samples/sec   Loss 0.0083   LearningRate 0.000924   Epoch: 15   Global Step: 21750   Fp16 Grad Scale: 2097152   Required: 122 hours
Training: 2025-03-27 06:09:34,151-Speed 79.70 samples/sec   Loss 0.0046   LearningRate 0.000924   Epoch: 15   Global Step: 21760   Fp16 Grad Scale: 2097152   Required: 122 hours
Training: 2025-03-27 06:09:50,214-Speed 79.69 samples/sec   Loss 0.0045   LearningRate 0.000924   Epoch: 15   Global Step: 21770   Fp16 Grad Scale: 2097152   Required: 122 hours
Training: 2025-03-27 06:10:06,282-Speed 79.66 samples/sec   Loss 0.0140   LearningRate 0.000924   Epoch: 15   Global Step: 21780   Fp16 Grad Scale: 1048576   Required: 122 hours
Training: 2025-03-27 06:10:22,381-Speed 79.51 samples/sec   Loss 0.0100   LearningRate 0.000924   Epoch: 15   Global Step: 21790   Fp16 Grad Scale: 1048576   Required: 122 hours
Training: 2025-03-27 06:10:38,467-Speed 79.58 samples/sec   Loss 0.0029   LearningRate 0.000924   Epoch: 15   Global Step: 21800   Fp16 Grad Scale: 1048576   Required: 122 hours
Training: 2025-03-27 06:10:54,613-Speed 79.28 samples/sec   Loss 0.0088   LearningRate 0.000924   Epoch: 15   Global Step: 21810   Fp16 Grad Scale: 1048576   Required: 122 hours
Training: 2025-03-27 06:11:10,657-Speed 79.78 samples/sec   Loss 0.0179   LearningRate 0.000923   Epoch: 15   Global Step: 21820   Fp16 Grad Scale: 1048576   Required: 122 hours
Training: 2025-03-27 06:11:26,676-Speed 79.91 samples/sec   Loss 0.0120   LearningRate 0.000923   Epoch: 15   Global Step: 21830   Fp16 Grad Scale: 1048576   Required: 122 hours
Training: 2025-03-27 06:11:42,809-Speed 79.34 samples/sec   Loss 0.0107   LearningRate 0.000923   Epoch: 15   Global Step: 21840   Fp16 Grad Scale: 1048576   Required: 122 hours
Training: 2025-03-27 06:11:58,893-Speed 79.59 samples/sec   Loss 0.0110   LearningRate 0.000923   Epoch: 15   Global Step: 21850   Fp16 Grad Scale: 1048576   Required: 122 hours
Training: 2025-03-27 06:12:14,990-Speed 79.52 samples/sec   Loss 0.0113   LearningRate 0.000923   Epoch: 15   Global Step: 21860   Fp16 Grad Scale: 1048576   Required: 122 hours
Training: 2025-03-27 06:12:31,054-Speed 79.69 samples/sec   Loss 0.0052   LearningRate 0.000923   Epoch: 15   Global Step: 21870   Fp16 Grad Scale: 1048576   Required: 122 hours
Training: 2025-03-27 06:12:47,187-Speed 79.34 samples/sec   Loss 0.0133   LearningRate 0.000923   Epoch: 15   Global Step: 21880   Fp16 Grad Scale: 2097152   Required: 122 hours
Training: 2025-03-27 06:13:05,167-Speed 71.19 samples/sec   Loss 0.0087   LearningRate 0.000923   Epoch: 15   Global Step: 21890   Fp16 Grad Scale: 2097152   Required: 122 hours
Training: 2025-03-27 06:13:21,227-Speed 79.71 samples/sec   Loss 0.0172   LearningRate 0.000923   Epoch: 15   Global Step: 21900   Fp16 Grad Scale: 2097152   Required: 122 hours
Training: 2025-03-27 06:13:37,246-Speed 79.91 samples/sec   Loss 0.0102   LearningRate 0.000923   Epoch: 15   Global Step: 21910   Fp16 Grad Scale: 2097152   Required: 122 hours
Training: 2025-03-27 06:13:53,305-Speed 79.71 samples/sec   Loss 0.0048   LearningRate 0.000923   Epoch: 15   Global Step: 21920   Fp16 Grad Scale: 2097152   Required: 122 hours
Training: 2025-03-27 06:14:09,345-Speed 79.80 samples/sec   Loss 0.0042   LearningRate 0.000923   Epoch: 15   Global Step: 21930   Fp16 Grad Scale: 2097152   Required: 122 hours
Training: 2025-03-27 06:14:25,380-Speed 79.83 samples/sec   Loss 0.0044   LearningRate 0.000923   Epoch: 15   Global Step: 21940   Fp16 Grad Scale: 2097152   Required: 122 hours
Training: 2025-03-27 06:14:41,488-Speed 79.46 samples/sec   Loss 0.0081   LearningRate 0.000923   Epoch: 15   Global Step: 21950   Fp16 Grad Scale: 2097152   Required: 122 hours
Training: 2025-03-27 06:14:57,596-Speed 79.47 samples/sec   Loss 0.0032   LearningRate 0.000923   Epoch: 15   Global Step: 21960   Fp16 Grad Scale: 2097152   Required: 122 hours
Training: 2025-03-27 06:15:13,687-Speed 79.55 samples/sec   Loss 0.0292   LearningRate 0.000923   Epoch: 15   Global Step: 21970   Fp16 Grad Scale: 1048576   Required: 122 hours
Training: 2025-03-27 06:15:29,734-Speed 79.77 samples/sec   Loss 0.0030   LearningRate 0.000923   Epoch: 15   Global Step: 21980   Fp16 Grad Scale: 1048576   Required: 122 hours
Training: 2025-03-27 06:15:45,852-Speed 79.42 samples/sec   Loss 0.0118   LearningRate 0.000923   Epoch: 15   Global Step: 21990   Fp16 Grad Scale: 1048576   Required: 122 hours
Training: 2025-03-27 06:16:01,941-Speed 79.56 samples/sec   Loss 0.0070   LearningRate 0.000923   Epoch: 15   Global Step: 22000   Fp16 Grad Scale: 1048576   Required: 122 hours
net_out.shape: torch.Size([128, 512])
net_out.shape: torch.Size([128, 512])
net_out.shape: torch.Size([128, 512])
net_out.shape: torch.Size([128, 512])
net_out.shape: torch.Size([128, 512])
net_out.shape: torch.Size([128, 512])
net_out.shape: torch.Size([128, 512])
net_out.shape: torch.Size([128, 512])
net_out.shape: torch.Size([128, 512])
net_out.shape: torch.Size([128, 512])
net_out.shape: torch.Size([128, 512])
net_out.shape: torch.Size([128, 512])
net_out.shape: torch.Size([128, 512])
net_out.shape: torch.Size([128, 512])
net_out.shape: torch.Size([128, 512])
net_out.shape: torch.Size([128, 512])
net_out.shape: torch.Size([128, 512])
net_out.shape: torch.Size([128, 512])
net_out.shape: torch.Size([128, 512])
net_out.shape: torch.Size([128, 512])
net_out.shape: torch.Size([128, 512])
net_out.shape: torch.Size([128, 512])
net_out.shape: torch.Size([128, 512])
net_out.shape: torch.Size([128, 512])
net_out.shape: torch.Size([128, 512])
net_out.shape: torch.Size([128, 512])
net_out.shape: torch.Size([128, 512])
net_out.shape: torch.Size([128, 512])
net_out.shape: torch.Size([128, 512])
net_out.shape: torch.Size([128, 512])
net_out.shape: torch.Size([128, 512])
net_out.shape: torch.Size([128, 512])
net_out.shape: torch.Size([128, 512])
net_out.shape: torch.Size([128, 512])
net_out.shape: torch.Size([128, 512])
net_out.shape: torch.Size([128, 512])
net_out.shape: torch.Size([128, 512])
net_out.shape: torch.Size([128, 512])
net_out.shape: torch.Size([128, 512])
net_out.shape: torch.Size([128, 512])
net_out.shape: torch.Size([128, 512])
net_out.shape: torch.Size([128, 512])
net_out.shape: torch.Size([128, 512])
net_out.shape: torch.Size([128, 512])
net_out.shape: torch.Size([128, 512])
net_out.shape: torch.Size([128, 512])
net_out.shape: torch.Size([128, 512])
net_out.shape: torch.Size([128, 512])
net_out.shape: torch.Size([128, 512])
net_out.shape: torch.Size([128, 512])
net_out.shape: torch.Size([128, 512])
net_out.shape: torch.Size([128, 512])
net_out.shape: torch.Size([128, 512])
net_out.shape: torch.Size([128, 512])
net_out.shape: torch.Size([128, 512])
net_out.shape: torch.Size([128, 512])
net_out.shape: torch.Size([128, 512])
net_out.shape: torch.Size([128, 512])
net_out.shape: torch.Size([128, 512])
net_out.shape: torch.Size([128, 512])
net_out.shape: torch.Size([128, 512])
net_out.shape: torch.Size([128, 512])
net_out.shape: torch.Size([128, 512])
net_out.shape: torch.Size([128, 512])
Training: 2025-03-27 06:17:12,560-[val][22000]XNorm: 20.33794403076172
Training: 2025-03-27 06:17:12,560-[val][22000]val: nan
Training: 2025-03-27 06:17:12,560-[val][22000]val_std: nan
Training: 2025-03-27 06:17:12,560-[val][22000]far: 0.001120602828450501
Training: 2025-03-27 06:17:12,560-[val][22000]Accuracy: 1.0±0.0
Training: 2025-03-27 06:17:28,409-Speed 14.80 samples/sec   Loss 0.0121   LearningRate 0.000923   Epoch: 15   Global Step: 22010   Fp16 Grad Scale: 1048576   Required: 122 hours
Training: 2025-03-27 06:17:44,514-Speed 79.48 samples/sec   Loss 0.0047   LearningRate 0.000923   Epoch: 15   Global Step: 22020   Fp16 Grad Scale: 1048576   Required: 122 hours
Training: 2025-03-27 06:18:02,517-Speed 71.10 samples/sec   Loss 0.0054   LearningRate 0.000923   Epoch: 15   Global Step: 22030   Fp16 Grad Scale: 1048576   Required: 122 hours
Training: 2025-03-27 06:18:18,623-Speed 79.48 samples/sec   Loss 0.0044   LearningRate 0.000923   Epoch: 15   Global Step: 22040   Fp16 Grad Scale: 1048576   Required: 122 hours
Training: 2025-03-27 06:18:34,699-Speed 79.62 samples/sec   Loss 0.0048   LearningRate 0.000923   Epoch: 15   Global Step: 22050   Fp16 Grad Scale: 1048576   Required: 122 hours
Training: 2025-03-27 06:18:50,780-Speed 79.60 samples/sec   Loss 0.0027   LearningRate 0.000923   Epoch: 15   Global Step: 22060   Fp16 Grad Scale: 1048576   Required: 122 hours
Training: 2025-03-27 06:19:06,815-Speed 79.83 samples/sec   Loss 0.0115   LearningRate 0.000923   Epoch: 15   Global Step: 22070   Fp16 Grad Scale: 2097152   Required: 122 hours
Training: 2025-03-27 06:19:22,865-Speed 79.76 samples/sec   Loss 0.0093   LearningRate 0.000923   Epoch: 15   Global Step: 22080   Fp16 Grad Scale: 2097152   Required: 122 hours
Training: 2025-03-27 06:19:38,900-Speed 79.83 samples/sec   Loss 0.0634   LearningRate 0.000923   Epoch: 15   Global Step: 22090   Fp16 Grad Scale: 1048576   Required: 122 hours
Training: 2025-03-27 06:19:54,969-Speed 79.66 samples/sec   Loss 0.0107   LearningRate 0.000923   Epoch: 15   Global Step: 22100   Fp16 Grad Scale: 1048576   Required: 122 hours
Training: 2025-03-27 06:20:11,044-Speed 79.63 samples/sec   Loss 0.0508   LearningRate 0.000922   Epoch: 15   Global Step: 22110   Fp16 Grad Scale: 524288   Required: 122 hours
Training: 2025-03-27 06:20:27,084-Speed 79.80 samples/sec   Loss 0.0250   LearningRate 0.000922   Epoch: 15   Global Step: 22120   Fp16 Grad Scale: 524288   Required: 122 hours
Training: 2025-03-27 06:20:43,187-Speed 79.49 samples/sec   Loss 0.0176   LearningRate 0.000922   Epoch: 15   Global Step: 22130   Fp16 Grad Scale: 524288   Required: 122 hours
Training: 2025-03-27 06:20:59,238-Speed 79.75 samples/sec   Loss 0.0113   LearningRate 0.000922   Epoch: 15   Global Step: 22140   Fp16 Grad Scale: 524288   Required: 122 hours
Training: 2025-03-27 06:21:15,498-Speed 78.72 samples/sec   Loss 0.0177   LearningRate 0.000922   Epoch: 15   Global Step: 22150   Fp16 Grad Scale: 524288   Required: 122 hours
Training: 2025-03-27 06:21:31,613-Speed 79.43 samples/sec   Loss 0.0238   LearningRate 0.000922   Epoch: 15   Global Step: 22160   Fp16 Grad Scale: 524288   Required: 122 hours
Training: 2025-03-27 06:21:47,741-Speed 79.37 samples/sec   Loss 0.0303   LearningRate 0.000922   Epoch: 15   Global Step: 22170   Fp16 Grad Scale: 524288   Required: 122 hours
Training: 2025-03-27 06:22:03,911-Speed 79.16 samples/sec   Loss 0.0377   LearningRate 0.000922   Epoch: 15   Global Step: 22180   Fp16 Grad Scale: 524288   Required: 122 hours
Training: 2025-03-27 06:22:19,963-Speed 79.74 samples/sec   Loss 0.0235   LearningRate 0.000922   Epoch: 15   Global Step: 22190   Fp16 Grad Scale: 524288   Required: 122 hours
Training: 2025-03-27 06:22:35,997-Speed 79.83 samples/sec   Loss 0.0198   LearningRate 0.000922   Epoch: 15   Global Step: 22200   Fp16 Grad Scale: 524288   Required: 122 hours
Training: 2025-03-27 06:22:52,007-Speed 79.95 samples/sec   Loss 0.0480   LearningRate 0.000922   Epoch: 15   Global Step: 22210   Fp16 Grad Scale: 1048576   Required: 122 hours
Training: 2025-03-27 06:23:09,962-Speed 71.29 samples/sec   Loss 0.0163   LearningRate 0.000922   Epoch: 15   Global Step: 22220   Fp16 Grad Scale: 1048576   Required: 122 hours
Training: 2025-03-27 06:23:26,006-Speed 79.78 samples/sec   Loss 0.0500   LearningRate 0.000922   Epoch: 15   Global Step: 22230   Fp16 Grad Scale: 1048576   Required: 122 hours
Training: 2025-03-27 06:23:42,056-Speed 79.76 samples/sec   Loss 0.0235   LearningRate 0.000922   Epoch: 15   Global Step: 22240   Fp16 Grad Scale: 1048576   Required: 122 hours
Training: 2025-03-27 06:23:58,108-Speed 79.74 samples/sec   Loss 0.0223   LearningRate 0.000922   Epoch: 15   Global Step: 22250   Fp16 Grad Scale: 1048576   Required: 122 hours
Training: 2025-03-27 06:24:14,135-Speed 79.87 samples/sec   Loss 0.0146   LearningRate 0.000922   Epoch: 15   Global Step: 22260   Fp16 Grad Scale: 1048576   Required: 122 hours
Training: 2025-03-27 06:24:30,152-Speed 79.92 samples/sec   Loss 0.0090   LearningRate 0.000922   Epoch: 15   Global Step: 22270   Fp16 Grad Scale: 1048576   Required: 122 hours
Training: 2025-03-27 06:24:46,211-Speed 79.71 samples/sec   Loss 0.0048   LearningRate 0.000922   Epoch: 15   Global Step: 22280   Fp16 Grad Scale: 1048576   Required: 122 hours
Training: 2025-03-27 06:25:02,267-Speed 79.73 samples/sec   Loss 0.0093   LearningRate 0.000922   Epoch: 15   Global Step: 22290   Fp16 Grad Scale: 1048576   Required: 122 hours
Training: 2025-03-27 06:25:18,259-Speed 80.04 samples/sec   Loss 0.0108   LearningRate 0.000922   Epoch: 15   Global Step: 22300   Fp16 Grad Scale: 1048576   Required: 122 hours
Training: 2025-03-27 06:25:34,292-Speed 79.84 samples/sec   Loss 0.0146   LearningRate 0.000922   Epoch: 15   Global Step: 22310   Fp16 Grad Scale: 2097152   Required: 122 hours
Training: 2025-03-27 06:25:50,352-Speed 79.70 samples/sec   Loss 0.0078   LearningRate 0.000922   Epoch: 15   Global Step: 22320   Fp16 Grad Scale: 2097152   Required: 122 hours
Training: 2025-03-27 06:26:06,460-Speed 79.47 samples/sec   Loss 0.0108   LearningRate 0.000922   Epoch: 15   Global Step: 22330   Fp16 Grad Scale: 2097152   Required: 122 hours
Training: 2025-03-27 06:26:22,516-Speed 79.72 samples/sec   Loss 0.0204   LearningRate 0.000922   Epoch: 15   Global Step: 22340   Fp16 Grad Scale: 1048576   Required: 122 hours
Training: 2025-03-27 06:26:38,531-Speed 79.93 samples/sec   Loss 0.0146   LearningRate 0.000922   Epoch: 15   Global Step: 22350   Fp16 Grad Scale: 1048576   Required: 122 hours
Training: 2025-03-27 06:26:54,603-Speed 79.65 samples/sec   Loss 0.0057   LearningRate 0.000922   Epoch: 15   Global Step: 22360   Fp16 Grad Scale: 1048576   Required: 122 hours
Training: 2025-03-27 06:27:10,653-Speed 79.75 samples/sec   Loss 0.0048   LearningRate 0.000922   Epoch: 15   Global Step: 22370   Fp16 Grad Scale: 1048576   Required: 122 hours
Training: 2025-03-27 06:27:26,658-Speed 79.98 samples/sec   Loss 0.0052   LearningRate 0.000922   Epoch: 15   Global Step: 22380   Fp16 Grad Scale: 1048576   Required: 122 hours
Training: 2025-03-27 06:27:42,749-Speed 79.55 samples/sec   Loss 0.0021   LearningRate 0.000921   Epoch: 15   Global Step: 22390   Fp16 Grad Scale: 1048576   Required: 122 hours
Training: 2025-03-27 06:27:58,783-Speed 79.84 samples/sec   Loss 0.0082   LearningRate 0.000921   Epoch: 15   Global Step: 22400   Fp16 Grad Scale: 1048576   Required: 122 hours
Training: 2025-03-27 06:28:16,578-Speed 71.93 samples/sec   Loss 0.0025   LearningRate 0.000921   Epoch: 15   Global Step: 22410   Fp16 Grad Scale: 1048576   Required: 122 hours
Training: 2025-03-27 06:28:32,651-Speed 79.64 samples/sec   Loss 0.0237   LearningRate 0.000921   Epoch: 15   Global Step: 22420   Fp16 Grad Scale: 1048576   Required: 122 hours
Training: 2025-03-27 06:28:48,708-Speed 79.72 samples/sec   Loss 0.0148   LearningRate 0.000921   Epoch: 15   Global Step: 22430   Fp16 Grad Scale: 1048576   Required: 122 hours
Training: 2025-03-27 06:29:04,722-Speed 79.93 samples/sec   Loss 0.0089   LearningRate 0.000921   Epoch: 15   Global Step: 22440   Fp16 Grad Scale: 2097152   Required: 122 hours
Training: 2025-03-27 06:29:20,785-Speed 79.69 samples/sec   Loss 0.0050   LearningRate 0.000921   Epoch: 15   Global Step: 22450   Fp16 Grad Scale: 2097152   Required: 122 hours
Training: 2025-03-27 06:29:36,812-Speed 79.87 samples/sec   Loss 0.0037   LearningRate 0.000921   Epoch: 15   Global Step: 22460   Fp16 Grad Scale: 2097152   Required: 122 hours
Training: 2025-03-27 06:29:52,860-Speed 79.76 samples/sec   Loss 0.0453   LearningRate 0.000921   Epoch: 15   Global Step: 22470   Fp16 Grad Scale: 1048576   Required: 122 hours
Training: 2025-03-27 06:30:08,905-Speed 79.78 samples/sec   Loss 0.0326   LearningRate 0.000921   Epoch: 15   Global Step: 22480   Fp16 Grad Scale: 1048576   Required: 122 hours
Training: 2025-03-27 06:30:24,961-Speed 79.72 samples/sec   Loss 0.0188   LearningRate 0.000921   Epoch: 15   Global Step: 22490   Fp16 Grad Scale: 1048576   Required: 122 hours
Training: 2025-03-27 06:30:41,023-Speed 79.70 samples/sec   Loss 0.0161   LearningRate 0.000921   Epoch: 15   Global Step: 22500   Fp16 Grad Scale: 1048576   Required: 122 hours
Training: 2025-03-27 06:30:57,075-Speed 79.74 samples/sec   Loss 0.0562   LearningRate 0.000921   Epoch: 15   Global Step: 22510   Fp16 Grad Scale: 1048576   Required: 122 hours
Training: 2025-03-27 06:31:13,115-Speed 79.80 samples/sec   Loss 0.0166   LearningRate 0.000921   Epoch: 15   Global Step: 22520   Fp16 Grad Scale: 1048576   Required: 122 hours
Training: 2025-03-27 06:31:29,152-Speed 79.82 samples/sec   Loss 0.0171   LearningRate 0.000921   Epoch: 15   Global Step: 22530   Fp16 Grad Scale: 1048576   Required: 122 hours
Training: 2025-03-27 06:31:45,235-Speed 79.59 samples/sec   Loss 0.0531   LearningRate 0.000921   Epoch: 15   Global Step: 22540   Fp16 Grad Scale: 1048576   Required: 122 hours
Training: 2025-03-27 06:32:01,300-Speed 79.68 samples/sec   Loss 0.0300   LearningRate 0.000921   Epoch: 15   Global Step: 22550   Fp16 Grad Scale: 1048576   Required: 122 hours
Training: 2025-03-27 06:32:17,319-Speed 79.90 samples/sec   Loss 0.0327   LearningRate 0.000921   Epoch: 15   Global Step: 22560   Fp16 Grad Scale: 1048576   Required: 122 hours
Training: 2025-03-27 06:32:33,359-Speed 79.81 samples/sec   Loss 0.0104   LearningRate 0.000921   Epoch: 15   Global Step: 22570   Fp16 Grad Scale: 2097152   Required: 122 hours
Training: 2025-03-27 06:32:49,412-Speed 79.74 samples/sec   Loss 0.0103   LearningRate 0.000921   Epoch: 15   Global Step: 22580   Fp16 Grad Scale: 2097152   Required: 122 hours
Training: 2025-03-27 06:33:05,419-Speed 79.97 samples/sec   Loss 0.0068   LearningRate 0.000921   Epoch: 15   Global Step: 22590   Fp16 Grad Scale: 2097152   Required: 122 hours
Training: 2025-03-27 06:33:23,378-Speed 71.28 samples/sec   Loss 0.0095   LearningRate 0.000921   Epoch: 15   Global Step: 22600   Fp16 Grad Scale: 2097152   Required: 122 hours
Training: 2025-03-27 06:33:39,431-Speed 79.74 samples/sec   Loss 0.0105   LearningRate 0.000921   Epoch: 15   Global Step: 22610   Fp16 Grad Scale: 2097152   Required: 122 hours
Training: 2025-03-27 06:33:55,526-Speed 79.53 samples/sec   Loss 0.0127   LearningRate 0.000921   Epoch: 15   Global Step: 22620   Fp16 Grad Scale: 2097152   Required: 122 hours
Training: 2025-03-27 06:34:11,585-Speed 79.71 samples/sec   Loss 0.0088   LearningRate 0.000921   Epoch: 15   Global Step: 22630   Fp16 Grad Scale: 2097152   Required: 122 hours
Training: 2025-03-27 06:34:27,658-Speed 79.64 samples/sec   Loss 0.0132   LearningRate 0.000921   Epoch: 15   Global Step: 22640   Fp16 Grad Scale: 2097152   Required: 122 hours
Training: 2025-03-27 06:34:43,719-Speed 79.70 samples/sec   Loss 0.0137   LearningRate 0.000921   Epoch: 15   Global Step: 22650   Fp16 Grad Scale: 2097152   Required: 122 hours
Training: 2025-03-27 06:34:59,753-Speed 79.83 samples/sec   Loss 0.0099   LearningRate 0.000921   Epoch: 15   Global Step: 22660   Fp16 Grad Scale: 2097152   Required: 122 hours
Training: 2025-03-27 06:35:15,752-Speed 80.01 samples/sec   Loss 0.0107   LearningRate 0.000921   Epoch: 15   Global Step: 22670   Fp16 Grad Scale: 4194304   Required: 122 hours
Training: 2025-03-27 06:35:31,791-Speed 79.81 samples/sec   Loss 0.0313   LearningRate 0.000920   Epoch: 15   Global Step: 22680   Fp16 Grad Scale: 4194304   Required: 122 hours
Training: 2025-03-27 06:35:47,822-Speed 79.85 samples/sec   Loss 0.0281   LearningRate 0.000920   Epoch: 15   Global Step: 22690   Fp16 Grad Scale: 2097152   Required: 122 hours
Training: 2025-03-27 06:36:03,863-Speed 79.80 samples/sec   Loss 0.0084   LearningRate 0.000920   Epoch: 15   Global Step: 22700   Fp16 Grad Scale: 2097152   Required: 122 hours
Training: 2025-03-27 06:36:19,931-Speed 79.67 samples/sec   Loss 0.0356   LearningRate 0.000920   Epoch: 15   Global Step: 22710   Fp16 Grad Scale: 2097152   Required: 122 hours
Training: 2025-03-27 06:36:35,958-Speed 79.87 samples/sec   Loss 0.0169   LearningRate 0.000920   Epoch: 15   Global Step: 22720   Fp16 Grad Scale: 1048576   Required: 122 hours
Training: 2025-03-27 06:36:51,985-Speed 79.87 samples/sec   Loss 0.0136   LearningRate 0.000920   Epoch: 15   Global Step: 22730   Fp16 Grad Scale: 1048576   Required: 122 hours
Training: 2025-03-27 06:37:08,006-Speed 79.90 samples/sec   Loss 0.0128   LearningRate 0.000920   Epoch: 15   Global Step: 22740   Fp16 Grad Scale: 1048576   Required: 122 hours
Training: 2025-03-27 06:37:24,022-Speed 79.92 samples/sec   Loss 0.0054   LearningRate 0.000920   Epoch: 15   Global Step: 22750   Fp16 Grad Scale: 1048576   Required: 122 hours
Training: 2025-03-27 06:37:40,048-Speed 79.88 samples/sec   Loss 0.0075   LearningRate 0.000920   Epoch: 15   Global Step: 22760   Fp16 Grad Scale: 1048576   Required: 122 hours
Training: 2025-03-27 06:37:56,093-Speed 79.78 samples/sec   Loss 0.0070   LearningRate 0.000920   Epoch: 15   Global Step: 22770   Fp16 Grad Scale: 1048576   Required: 122 hours
Training: 2025-03-27 06:38:12,987-Speed 75.77 samples/sec   Loss 0.0044   LearningRate 0.000920   Epoch: 15   Global Step: 22780   Fp16 Grad Scale: 1048576   Required: 121 hours
Training: 2025-03-27 06:38:30,025-Speed 75.13 samples/sec   Loss 0.0072   LearningRate 0.000920   Epoch: 15   Global Step: 22790   Fp16 Grad Scale: 1048576   Required: 121 hours
Training: 2025-03-27 06:38:46,074-Speed 79.76 samples/sec   Loss 0.0266   LearningRate 0.000920   Epoch: 15   Global Step: 22800   Fp16 Grad Scale: 1048576   Required: 121 hours
Training: 2025-03-27 06:39:01,610-Speed 82.39 samples/sec   Loss 0.0061   LearningRate 0.000920   Epoch: 15   Global Step: 22810   Fp16 Grad Scale: 1048576   Required: 121 hours
Training: 2025-03-27 06:39:20,569-Speed 67.52 samples/sec   Loss 0.0526   LearningRate 0.000920   Epoch: 16   Global Step: 22820   Fp16 Grad Scale: 2097152   Required: 121 hours
Training: 2025-03-27 06:39:36,589-Speed 79.90 samples/sec   Loss 0.0046   LearningRate 0.000920   Epoch: 16   Global Step: 22830   Fp16 Grad Scale: 2097152   Required: 121 hours
Training: 2025-03-27 06:39:52,753-Speed 79.19 samples/sec   Loss 0.0047   LearningRate 0.000920   Epoch: 16   Global Step: 22840   Fp16 Grad Scale: 2097152   Required: 121 hours
Training: 2025-03-27 06:40:08,803-Speed 79.75 samples/sec   Loss 0.0052   LearningRate 0.000920   Epoch: 16   Global Step: 22850   Fp16 Grad Scale: 2097152   Required: 121 hours
Training: 2025-03-27 06:40:24,900-Speed 79.52 samples/sec   Loss 0.0043   LearningRate 0.000920   Epoch: 16   Global Step: 22860   Fp16 Grad Scale: 2097152   Required: 121 hours
Training: 2025-03-27 06:40:40,925-Speed 79.88 samples/sec   Loss 0.0077   LearningRate 0.000920   Epoch: 16   Global Step: 22870   Fp16 Grad Scale: 2097152   Required: 121 hours
Training: 2025-03-27 06:40:56,967-Speed 79.80 samples/sec   Loss 0.0087   LearningRate 0.000920   Epoch: 16   Global Step: 22880   Fp16 Grad Scale: 2097152   Required: 121 hours
Training: 2025-03-27 06:41:13,139-Speed 79.15 samples/sec   Loss 0.0093   LearningRate 0.000920   Epoch: 16   Global Step: 22890   Fp16 Grad Scale: 2097152   Required: 121 hours
Training: 2025-03-27 06:41:29,200-Speed 79.70 samples/sec   Loss 0.0212   LearningRate 0.000920   Epoch: 16   Global Step: 22900   Fp16 Grad Scale: 2097152   Required: 121 hours
Training: 2025-03-27 06:41:45,436-Speed 78.84 samples/sec   Loss 0.0069   LearningRate 0.000920   Epoch: 16   Global Step: 22910   Fp16 Grad Scale: 2097152   Required: 121 hours
Training: 2025-03-27 06:42:01,547-Speed 79.45 samples/sec   Loss 0.0087   LearningRate 0.000920   Epoch: 16   Global Step: 22920   Fp16 Grad Scale: 4194304   Required: 121 hours
Training: 2025-03-27 06:42:17,601-Speed 79.73 samples/sec   Loss 0.0181   LearningRate 0.000920   Epoch: 16   Global Step: 22930   Fp16 Grad Scale: 4194304   Required: 121 hours
Training: 2025-03-27 06:42:33,625-Speed 79.88 samples/sec   Loss 0.0061   LearningRate 0.000920   Epoch: 16   Global Step: 22940   Fp16 Grad Scale: 2097152   Required: 121 hours
Training: 2025-03-27 06:42:49,699-Speed 79.64 samples/sec   Loss 0.0347   LearningRate 0.000920   Epoch: 16   Global Step: 22950   Fp16 Grad Scale: 1048576   Required: 121 hours
Training: 2025-03-27 06:43:05,737-Speed 79.82 samples/sec   Loss 0.0786   LearningRate 0.000919   Epoch: 16   Global Step: 22960   Fp16 Grad Scale: 1048576   Required: 121 hours
Training: 2025-03-27 06:43:23,442-Speed 72.30 samples/sec   Loss 0.0291   LearningRate 0.000919   Epoch: 16   Global Step: 22970   Fp16 Grad Scale: 1048576   Required: 121 hours
Training: 2025-03-27 06:43:39,577-Speed 79.33 samples/sec   Loss 0.0108   LearningRate 0.000919   Epoch: 16   Global Step: 22980   Fp16 Grad Scale: 1048576   Required: 121 hours
Training: 2025-03-27 06:43:55,603-Speed 79.87 samples/sec   Loss 0.0123   LearningRate 0.000919   Epoch: 16   Global Step: 22990   Fp16 Grad Scale: 1048576   Required: 121 hours
Training: 2025-03-27 06:44:11,613-Speed 79.95 samples/sec   Loss 0.0062   LearningRate 0.000919   Epoch: 16   Global Step: 23000   Fp16 Grad Scale: 1048576   Required: 121 hours
Training: 2025-03-27 06:44:27,648-Speed 79.83 samples/sec   Loss 0.0380   LearningRate 0.000919   Epoch: 16   Global Step: 23010   Fp16 Grad Scale: 1048576   Required: 121 hours
Training: 2025-03-27 06:44:43,722-Speed 79.64 samples/sec   Loss 0.0157   LearningRate 0.000919   Epoch: 16   Global Step: 23020   Fp16 Grad Scale: 1048576   Required: 121 hours
Training: 2025-03-27 06:44:59,791-Speed 79.66 samples/sec   Loss 0.0214   LearningRate 0.000919   Epoch: 16   Global Step: 23030   Fp16 Grad Scale: 1048576   Required: 121 hours
Training: 2025-03-27 06:45:15,851-Speed 79.70 samples/sec   Loss 0.0163   LearningRate 0.000919   Epoch: 16   Global Step: 23040   Fp16 Grad Scale: 1048576   Required: 121 hours
Training: 2025-03-27 06:45:31,892-Speed 79.80 samples/sec   Loss 0.0074   LearningRate 0.000919   Epoch: 16   Global Step: 23050   Fp16 Grad Scale: 2097152   Required: 121 hours
Training: 2025-03-27 06:45:48,082-Speed 79.06 samples/sec   Loss 0.0127   LearningRate 0.000919   Epoch: 16   Global Step: 23060   Fp16 Grad Scale: 2097152   Required: 121 hours
Training: 2025-03-27 06:46:04,150-Speed 79.66 samples/sec   Loss 0.0100   LearningRate 0.000919   Epoch: 16   Global Step: 23070   Fp16 Grad Scale: 2097152   Required: 121 hours
Training: 2025-03-27 06:46:20,215-Speed 79.68 samples/sec   Loss 0.0069   LearningRate 0.000919   Epoch: 16   Global Step: 23080   Fp16 Grad Scale: 2097152   Required: 121 hours
Training: 2025-03-27 06:46:36,288-Speed 79.64 samples/sec   Loss 0.0063   LearningRate 0.000919   Epoch: 16   Global Step: 23090   Fp16 Grad Scale: 2097152   Required: 121 hours
Training: 2025-03-27 06:46:52,298-Speed 79.96 samples/sec   Loss 0.0064   LearningRate 0.000919   Epoch: 16   Global Step: 23100   Fp16 Grad Scale: 2097152   Required: 121 hours
Training: 2025-03-27 06:47:08,338-Speed 79.80 samples/sec   Loss 0.0076   LearningRate 0.000919   Epoch: 16   Global Step: 23110   Fp16 Grad Scale: 2097152   Required: 121 hours
Training: 2025-03-27 06:47:24,391-Speed 79.73 samples/sec   Loss 0.0045   LearningRate 0.000919   Epoch: 16   Global Step: 23120   Fp16 Grad Scale: 2097152   Required: 121 hours
Training: 2025-03-27 06:47:40,471-Speed 79.61 samples/sec   Loss 0.0072   LearningRate 0.000919   Epoch: 16   Global Step: 23130   Fp16 Grad Scale: 2097152   Required: 121 hours
Training: 2025-03-27 06:47:56,576-Speed 79.48 samples/sec   Loss 0.0039   LearningRate 0.000919   Epoch: 16   Global Step: 23140   Fp16 Grad Scale: 2097152   Required: 121 hours
Training: 2025-03-27 06:48:12,602-Speed 79.87 samples/sec   Loss 0.0070   LearningRate 0.000919   Epoch: 16   Global Step: 23150   Fp16 Grad Scale: 4194304   Required: 121 hours
Training: 2025-03-27 06:48:30,490-Speed 71.56 samples/sec   Loss 0.0104   LearningRate 0.000919   Epoch: 16   Global Step: 23160   Fp16 Grad Scale: 4194304   Required: 121 hours
Training: 2025-03-27 06:48:46,549-Speed 79.71 samples/sec   Loss 0.0048   LearningRate 0.000919   Epoch: 16   Global Step: 23170   Fp16 Grad Scale: 4194304   Required: 121 hours
Training: 2025-03-27 06:49:02,642-Speed 79.54 samples/sec   Loss 0.0546   LearningRate 0.000919   Epoch: 16   Global Step: 23180   Fp16 Grad Scale: 2097152   Required: 121 hours
Training: 2025-03-27 06:49:18,711-Speed 79.66 samples/sec   Loss 0.0136   LearningRate 0.000919   Epoch: 16   Global Step: 23190   Fp16 Grad Scale: 2097152   Required: 121 hours
Training: 2025-03-27 06:49:34,755-Speed 79.78 samples/sec   Loss 0.0037   LearningRate 0.000919   Epoch: 16   Global Step: 23200   Fp16 Grad Scale: 2097152   Required: 121 hours
Training: 2025-03-27 06:49:50,806-Speed 79.74 samples/sec   Loss 0.0040   LearningRate 0.000919   Epoch: 16   Global Step: 23210   Fp16 Grad Scale: 2097152   Required: 121 hours
Training: 2025-03-27 06:50:07,069-Speed 78.71 samples/sec   Loss 0.0057   LearningRate 0.000919   Epoch: 16   Global Step: 23220   Fp16 Grad Scale: 2097152   Required: 121 hours
Training: 2025-03-27 06:50:23,142-Speed 79.64 samples/sec   Loss 0.0077   LearningRate 0.000919   Epoch: 16   Global Step: 23230   Fp16 Grad Scale: 2097152   Required: 121 hours
Training: 2025-03-27 06:50:39,160-Speed 79.91 samples/sec   Loss 0.0050   LearningRate 0.000919   Epoch: 16   Global Step: 23240   Fp16 Grad Scale: 2097152   Required: 121 hours
Training: 2025-03-27 06:50:55,200-Speed 79.81 samples/sec   Loss 0.0057   LearningRate 0.000918   Epoch: 16   Global Step: 23250   Fp16 Grad Scale: 2097152   Required: 121 hours
Training: 2025-03-27 06:51:11,242-Speed 79.79 samples/sec   Loss 0.0025   LearningRate 0.000918   Epoch: 16   Global Step: 23260   Fp16 Grad Scale: 2097152   Required: 121 hours
Training: 2025-03-27 06:51:27,304-Speed 79.69 samples/sec   Loss 0.0203   LearningRate 0.000918   Epoch: 16   Global Step: 23270   Fp16 Grad Scale: 2097152   Required: 121 hours
Training: 2025-03-27 06:51:43,295-Speed 80.05 samples/sec   Loss 0.0244   LearningRate 0.000918   Epoch: 16   Global Step: 23280   Fp16 Grad Scale: 2097152   Required: 121 hours
Training: 2025-03-27 06:51:59,391-Speed 79.52 samples/sec   Loss 0.0072   LearningRate 0.000918   Epoch: 16   Global Step: 23290   Fp16 Grad Scale: 2097152   Required: 121 hours
Training: 2025-03-27 06:52:15,442-Speed 79.75 samples/sec   Loss 0.0031   LearningRate 0.000918   Epoch: 16   Global Step: 23300   Fp16 Grad Scale: 2097152   Required: 121 hours
Training: 2025-03-27 06:52:31,475-Speed 79.84 samples/sec   Loss 0.0052   LearningRate 0.000918   Epoch: 16   Global Step: 23310   Fp16 Grad Scale: 2097152   Required: 121 hours
Training: 2025-03-27 06:52:47,557-Speed 79.59 samples/sec   Loss 0.0042   LearningRate 0.000918   Epoch: 16   Global Step: 23320   Fp16 Grad Scale: 2097152   Required: 121 hours
Training: 2025-03-27 06:53:03,640-Speed 79.59 samples/sec   Loss 0.0065   LearningRate 0.000918   Epoch: 16   Global Step: 23330   Fp16 Grad Scale: 2097152   Required: 121 hours
Training: 2025-03-27 06:53:19,699-Speed 79.71 samples/sec   Loss 0.0039   LearningRate 0.000918   Epoch: 16   Global Step: 23340   Fp16 Grad Scale: 2097152   Required: 121 hours
Training: 2025-03-27 06:53:37,453-Speed 72.10 samples/sec   Loss 0.0028   LearningRate 0.000918   Epoch: 16   Global Step: 23350   Fp16 Grad Scale: 2097152   Required: 121 hours
Training: 2025-03-27 06:53:53,471-Speed 79.91 samples/sec   Loss 0.0025   LearningRate 0.000918   Epoch: 16   Global Step: 23360   Fp16 Grad Scale: 2097152   Required: 121 hours
Training: 2025-03-27 06:54:09,680-Speed 78.97 samples/sec   Loss 0.0023   LearningRate 0.000918   Epoch: 16   Global Step: 23370   Fp16 Grad Scale: 2097152   Required: 121 hours
Training: 2025-03-27 06:54:25,696-Speed 79.92 samples/sec   Loss 0.0560   LearningRate 0.000918   Epoch: 16   Global Step: 23380   Fp16 Grad Scale: 4194304   Required: 121 hours
Training: 2025-03-27 06:54:41,751-Speed 79.73 samples/sec   Loss 0.0032   LearningRate 0.000918   Epoch: 16   Global Step: 23390   Fp16 Grad Scale: 4194304   Required: 121 hours
Training: 2025-03-27 06:54:57,857-Speed 79.48 samples/sec   Loss 0.0040   LearningRate 0.000918   Epoch: 16   Global Step: 23400   Fp16 Grad Scale: 4194304   Required: 121 hours
Training: 2025-03-27 06:55:13,913-Speed 79.73 samples/sec   Loss 0.0521   LearningRate 0.000918   Epoch: 16   Global Step: 23410   Fp16 Grad Scale: 2097152   Required: 121 hours
Training: 2025-03-27 06:55:29,897-Speed 80.08 samples/sec   Loss 0.0063   LearningRate 0.000918   Epoch: 16   Global Step: 23420   Fp16 Grad Scale: 2097152   Required: 121 hours
Training: 2025-03-27 06:55:45,988-Speed 79.55 samples/sec   Loss 0.0042   LearningRate 0.000918   Epoch: 16   Global Step: 23430   Fp16 Grad Scale: 2097152   Required: 121 hours
Training: 2025-03-27 06:56:02,054-Speed 79.67 samples/sec   Loss 0.0054   LearningRate 0.000918   Epoch: 16   Global Step: 23440   Fp16 Grad Scale: 1048576   Required: 121 hours
Training: 2025-03-27 06:56:18,117-Speed 79.69 samples/sec   Loss 0.0051   LearningRate 0.000918   Epoch: 16   Global Step: 23450   Fp16 Grad Scale: 1048576   Required: 121 hours
Training: 2025-03-27 06:56:34,162-Speed 79.78 samples/sec   Loss 0.0500   LearningRate 0.000918   Epoch: 16   Global Step: 23460   Fp16 Grad Scale: 1048576   Required: 121 hours
Training: 2025-03-27 06:56:50,320-Speed 79.22 samples/sec   Loss 0.0050   LearningRate 0.000918   Epoch: 16   Global Step: 23470   Fp16 Grad Scale: 1048576   Required: 121 hours
Training: 2025-03-27 06:57:06,395-Speed 79.63 samples/sec   Loss 0.0507   LearningRate 0.000918   Epoch: 16   Global Step: 23480   Fp16 Grad Scale: 1048576   Required: 121 hours
Training: 2025-03-27 06:57:22,497-Speed 79.50 samples/sec   Loss 0.0061   LearningRate 0.000918   Epoch: 16   Global Step: 23490   Fp16 Grad Scale: 1048576   Required: 121 hours
Training: 2025-03-27 06:57:38,563-Speed 79.67 samples/sec   Loss 0.0077   LearningRate 0.000918   Epoch: 16   Global Step: 23500   Fp16 Grad Scale: 1048576   Required: 121 hours
Training: 2025-03-27 06:57:54,572-Speed 79.96 samples/sec   Loss 0.0126   LearningRate 0.000918   Epoch: 16   Global Step: 23510   Fp16 Grad Scale: 1048576   Required: 121 hours
Training: 2025-03-27 06:58:10,661-Speed 79.56 samples/sec   Loss 0.0051   LearningRate 0.000918   Epoch: 16   Global Step: 23520   Fp16 Grad Scale: 1048576   Required: 121 hours
Training: 2025-03-27 06:58:26,901-Speed 78.82 samples/sec   Loss 0.0065   LearningRate 0.000917   Epoch: 16   Global Step: 23530   Fp16 Grad Scale: 1048576   Required: 121 hours
Training: 2025-03-27 06:58:44,519-Speed 72.66 samples/sec   Loss 0.0084   LearningRate 0.000917   Epoch: 16   Global Step: 23540   Fp16 Grad Scale: 2097152   Required: 121 hours
Training: 2025-03-27 06:59:00,541-Speed 79.89 samples/sec   Loss 0.0018   LearningRate 0.000917   Epoch: 16   Global Step: 23550   Fp16 Grad Scale: 2097152   Required: 121 hours
Training: 2025-03-27 06:59:16,620-Speed 79.61 samples/sec   Loss 0.0081   LearningRate 0.000917   Epoch: 16   Global Step: 23560   Fp16 Grad Scale: 2097152   Required: 121 hours
Training: 2025-03-27 06:59:32,669-Speed 79.76 samples/sec   Loss 0.0226   LearningRate 0.000917   Epoch: 16   Global Step: 23570   Fp16 Grad Scale: 2097152   Required: 121 hours
Training: 2025-03-27 06:59:48,695-Speed 79.87 samples/sec   Loss 0.0062   LearningRate 0.000917   Epoch: 16   Global Step: 23580   Fp16 Grad Scale: 2097152   Required: 121 hours
Training: 2025-03-27 07:00:04,760-Speed 79.68 samples/sec   Loss 0.0039   LearningRate 0.000917   Epoch: 16   Global Step: 23590   Fp16 Grad Scale: 2097152   Required: 121 hours
Training: 2025-03-27 07:00:20,798-Speed 79.82 samples/sec   Loss 0.0025   LearningRate 0.000917   Epoch: 16   Global Step: 23600   Fp16 Grad Scale: 2097152   Required: 121 hours
Training: 2025-03-27 07:00:36,863-Speed 79.68 samples/sec   Loss 0.0136   LearningRate 0.000917   Epoch: 16   Global Step: 23610   Fp16 Grad Scale: 2097152   Required: 121 hours
Training: 2025-03-27 07:00:52,880-Speed 79.92 samples/sec   Loss 0.0041   LearningRate 0.000917   Epoch: 16   Global Step: 23620   Fp16 Grad Scale: 2097152   Required: 121 hours
Training: 2025-03-27 07:01:08,997-Speed 79.42 samples/sec   Loss 0.0068   LearningRate 0.000917   Epoch: 16   Global Step: 23630   Fp16 Grad Scale: 2097152   Required: 121 hours
Training: 2025-03-27 07:01:25,051-Speed 79.73 samples/sec   Loss 0.0066   LearningRate 0.000917   Epoch: 16   Global Step: 23640   Fp16 Grad Scale: 4194304   Required: 121 hours
Training: 2025-03-27 07:01:41,105-Speed 79.73 samples/sec   Loss 0.0077   LearningRate 0.000917   Epoch: 16   Global Step: 23650   Fp16 Grad Scale: 2097152   Required: 121 hours
Training: 2025-03-27 07:01:57,155-Speed 79.75 samples/sec   Loss 0.0110   LearningRate 0.000917   Epoch: 16   Global Step: 23660   Fp16 Grad Scale: 1048576   Required: 121 hours
Training: 2025-03-27 07:02:13,242-Speed 79.57 samples/sec   Loss 0.0041   LearningRate 0.000917   Epoch: 16   Global Step: 23670   Fp16 Grad Scale: 1048576   Required: 121 hours
Training: 2025-03-27 07:02:29,274-Speed 79.85 samples/sec   Loss 0.0045   LearningRate 0.000917   Epoch: 16   Global Step: 23680   Fp16 Grad Scale: 1048576   Required: 121 hours
Training: 2025-03-27 07:02:45,487-Speed 78.95 samples/sec   Loss 0.1629   LearningRate 0.000917   Epoch: 16   Global Step: 23690   Fp16 Grad Scale: 1048576   Required: 121 hours
Training: 2025-03-27 07:03:01,544-Speed 79.72 samples/sec   Loss 0.0436   LearningRate 0.000917   Epoch: 16   Global Step: 23700   Fp16 Grad Scale: 1048576   Required: 121 hours
Training: 2025-03-27 07:03:17,656-Speed 79.45 samples/sec   Loss 0.0309   LearningRate 0.000917   Epoch: 16   Global Step: 23710   Fp16 Grad Scale: 524288   Required: 121 hours
Training: 2025-03-27 07:03:35,375-Speed 72.24 samples/sec   Loss 0.0126   LearningRate 0.000917   Epoch: 16   Global Step: 23720   Fp16 Grad Scale: 524288   Required: 121 hours
Training: 2025-03-27 07:03:51,440-Speed 79.68 samples/sec   Loss 0.0240   LearningRate 0.000917   Epoch: 16   Global Step: 23730   Fp16 Grad Scale: 524288   Required: 121 hours
Training: 2025-03-27 07:04:07,487-Speed 79.76 samples/sec   Loss 0.0148   LearningRate 0.000917   Epoch: 16   Global Step: 23740   Fp16 Grad Scale: 524288   Required: 121 hours
Training: 2025-03-27 07:04:23,542-Speed 79.73 samples/sec   Loss 0.0766   LearningRate 0.000917   Epoch: 16   Global Step: 23750   Fp16 Grad Scale: 524288   Required: 121 hours
Training: 2025-03-27 07:04:39,551-Speed 79.96 samples/sec   Loss 0.0151   LearningRate 0.000917   Epoch: 16   Global Step: 23760   Fp16 Grad Scale: 524288   Required: 121 hours
Training: 2025-03-27 07:04:55,550-Speed 80.01 samples/sec   Loss 0.0251   LearningRate 0.000917   Epoch: 16   Global Step: 23770   Fp16 Grad Scale: 524288   Required: 121 hours
Training: 2025-03-27 07:05:11,567-Speed 79.92 samples/sec   Loss 0.0480   LearningRate 0.000917   Epoch: 16   Global Step: 23780   Fp16 Grad Scale: 262144   Required: 121 hours
Training: 2025-03-27 07:05:27,565-Speed 80.01 samples/sec   Loss 0.0614   LearningRate 0.000917   Epoch: 16   Global Step: 23790   Fp16 Grad Scale: 262144   Required: 121 hours
Training: 2025-03-27 07:05:43,633-Speed 79.66 samples/sec   Loss 0.0107   LearningRate 0.000917   Epoch: 16   Global Step: 23800   Fp16 Grad Scale: 262144   Required: 121 hours
Training: 2025-03-27 07:05:59,631-Speed 80.02 samples/sec   Loss 0.0123   LearningRate 0.000917   Epoch: 16   Global Step: 23810   Fp16 Grad Scale: 262144   Required: 121 hours
Training: 2025-03-27 07:06:15,677-Speed 79.77 samples/sec   Loss 0.0458   LearningRate 0.000916   Epoch: 16   Global Step: 23820   Fp16 Grad Scale: 262144   Required: 121 hours
Training: 2025-03-27 07:06:31,709-Speed 79.84 samples/sec   Loss 0.0231   LearningRate 0.000916   Epoch: 16   Global Step: 23830   Fp16 Grad Scale: 262144   Required: 121 hours
Training: 2025-03-27 07:06:47,898-Speed 79.07 samples/sec   Loss 0.0134   LearningRate 0.000916   Epoch: 16   Global Step: 23840   Fp16 Grad Scale: 262144   Required: 121 hours
Training: 2025-03-27 07:07:03,985-Speed 79.57 samples/sec   Loss 0.0389   LearningRate 0.000916   Epoch: 16   Global Step: 23850   Fp16 Grad Scale: 262144   Required: 121 hours
Training: 2025-03-27 07:07:20,040-Speed 79.73 samples/sec   Loss 0.0219   LearningRate 0.000916   Epoch: 16   Global Step: 23860   Fp16 Grad Scale: 262144   Required: 121 hours
Training: 2025-03-27 07:07:36,171-Speed 79.35 samples/sec   Loss 0.0172   LearningRate 0.000916   Epoch: 16   Global Step: 23870   Fp16 Grad Scale: 262144   Required: 121 hours
Training: 2025-03-27 07:07:52,207-Speed 79.82 samples/sec   Loss 0.0204   LearningRate 0.000916   Epoch: 16   Global Step: 23880   Fp16 Grad Scale: 524288   Required: 121 hours
Training: 2025-03-27 07:08:08,248-Speed 79.80 samples/sec   Loss 0.0450   LearningRate 0.000916   Epoch: 16   Global Step: 23890   Fp16 Grad Scale: 524288   Required: 121 hours
Training: 2025-03-27 07:08:24,320-Speed 79.64 samples/sec   Loss 0.0294   LearningRate 0.000916   Epoch: 16   Global Step: 23900   Fp16 Grad Scale: 524288   Required: 121 hours
Training: 2025-03-27 07:08:42,132-Speed 71.87 samples/sec   Loss 0.0201   LearningRate 0.000916   Epoch: 16   Global Step: 23910   Fp16 Grad Scale: 524288   Required: 121 hours
Training: 2025-03-27 07:08:58,164-Speed 79.84 samples/sec   Loss 0.0140   LearningRate 0.000916   Epoch: 16   Global Step: 23920   Fp16 Grad Scale: 524288   Required: 121 hours
Training: 2025-03-27 07:09:14,186-Speed 79.89 samples/sec   Loss 0.0157   LearningRate 0.000916   Epoch: 16   Global Step: 23930   Fp16 Grad Scale: 524288   Required: 121 hours
Training: 2025-03-27 07:09:30,195-Speed 79.96 samples/sec   Loss 0.0099   LearningRate 0.000916   Epoch: 16   Global Step: 23940   Fp16 Grad Scale: 524288   Required: 121 hours
Training: 2025-03-27 07:09:46,237-Speed 79.79 samples/sec   Loss 0.0125   LearningRate 0.000916   Epoch: 16   Global Step: 23950   Fp16 Grad Scale: 524288   Required: 121 hours
Training: 2025-03-27 07:10:02,287-Speed 79.76 samples/sec   Loss 0.0075   LearningRate 0.000916   Epoch: 16   Global Step: 23960   Fp16 Grad Scale: 524288   Required: 121 hours
Training: 2025-03-27 07:10:18,336-Speed 79.76 samples/sec   Loss 0.0058   LearningRate 0.000916   Epoch: 16   Global Step: 23970   Fp16 Grad Scale: 524288   Required: 121 hours
Training: 2025-03-27 07:10:34,374-Speed 79.81 samples/sec   Loss 0.0094   LearningRate 0.000916   Epoch: 16   Global Step: 23980   Fp16 Grad Scale: 1048576   Required: 121 hours
Training: 2025-03-27 07:10:50,449-Speed 79.63 samples/sec   Loss 0.0096   LearningRate 0.000916   Epoch: 16   Global Step: 23990   Fp16 Grad Scale: 1048576   Required: 121 hours
Training: 2025-03-27 07:11:06,659-Speed 78.97 samples/sec   Loss 0.0038   LearningRate 0.000916   Epoch: 16   Global Step: 24000   Fp16 Grad Scale: 1048576   Required: 121 hours
net_out.shape: torch.Size([128, 512])
net_out.shape: torch.Size([128, 512])
net_out.shape: torch.Size([128, 512])
net_out.shape: torch.Size([128, 512])
net_out.shape: torch.Size([128, 512])
net_out.shape: torch.Size([128, 512])
net_out.shape: torch.Size([128, 512])
net_out.shape: torch.Size([128, 512])
net_out.shape: torch.Size([128, 512])
net_out.shape: torch.Size([128, 512])
net_out.shape: torch.Size([128, 512])
net_out.shape: torch.Size([128, 512])
net_out.shape: torch.Size([128, 512])
net_out.shape: torch.Size([128, 512])
net_out.shape: torch.Size([128, 512])
net_out.shape: torch.Size([128, 512])
net_out.shape: torch.Size([128, 512])
net_out.shape: torch.Size([128, 512])
net_out.shape: torch.Size([128, 512])
net_out.shape: torch.Size([128, 512])
net_out.shape: torch.Size([128, 512])
net_out.shape: torch.Size([128, 512])
net_out.shape: torch.Size([128, 512])
net_out.shape: torch.Size([128, 512])
net_out.shape: torch.Size([128, 512])
net_out.shape: torch.Size([128, 512])
net_out.shape: torch.Size([128, 512])
net_out.shape: torch.Size([128, 512])
net_out.shape: torch.Size([128, 512])
net_out.shape: torch.Size([128, 512])
net_out.shape: torch.Size([128, 512])
net_out.shape: torch.Size([128, 512])
net_out.shape: torch.Size([128, 512])
net_out.shape: torch.Size([128, 512])
net_out.shape: torch.Size([128, 512])
net_out.shape: torch.Size([128, 512])
net_out.shape: torch.Size([128, 512])
net_out.shape: torch.Size([128, 512])
net_out.shape: torch.Size([128, 512])
net_out.shape: torch.Size([128, 512])
net_out.shape: torch.Size([128, 512])
net_out.shape: torch.Size([128, 512])
net_out.shape: torch.Size([128, 512])
net_out.shape: torch.Size([128, 512])
net_out.shape: torch.Size([128, 512])
net_out.shape: torch.Size([128, 512])
net_out.shape: torch.Size([128, 512])
net_out.shape: torch.Size([128, 512])
net_out.shape: torch.Size([128, 512])
net_out.shape: torch.Size([128, 512])
net_out.shape: torch.Size([128, 512])
net_out.shape: torch.Size([128, 512])
net_out.shape: torch.Size([128, 512])
net_out.shape: torch.Size([128, 512])
net_out.shape: torch.Size([128, 512])
net_out.shape: torch.Size([128, 512])
net_out.shape: torch.Size([128, 512])
net_out.shape: torch.Size([128, 512])
net_out.shape: torch.Size([128, 512])
net_out.shape: torch.Size([128, 512])
net_out.shape: torch.Size([128, 512])
net_out.shape: torch.Size([128, 512])
net_out.shape: torch.Size([128, 512])
net_out.shape: torch.Size([128, 512])
Training: 2025-03-27 07:12:17,307-[val][24000]XNorm: 21.544113159179688
Training: 2025-03-27 07:12:17,307-[val][24000]val: nan
Training: 2025-03-27 07:12:17,307-[val][24000]val_std: nan
Training: 2025-03-27 07:12:17,307-[val][24000]far: 0.0011282849591225386
Training: 2025-03-27 07:12:17,307-[val][24000]Accuracy: 1.0±0.0
Training: 2025-03-27 07:12:33,205-Speed 14.79 samples/sec   Loss 0.0125   LearningRate 0.000916   Epoch: 16   Global Step: 24010   Fp16 Grad Scale: 1048576   Required: 121 hours
Training: 2025-03-27 07:12:49,306-Speed 79.50 samples/sec   Loss 0.0098   LearningRate 0.000916   Epoch: 16   Global Step: 24020   Fp16 Grad Scale: 1048576   Required: 121 hours
Training: 2025-03-27 07:13:05,425-Speed 79.41 samples/sec   Loss 0.0557   LearningRate 0.000916   Epoch: 16   Global Step: 24030   Fp16 Grad Scale: 524288   Required: 121 hours
Training: 2025-03-27 07:13:21,545-Speed 79.41 samples/sec   Loss 0.0050   LearningRate 0.000916   Epoch: 16   Global Step: 24040   Fp16 Grad Scale: 524288   Required: 121 hours
Training: 2025-03-27 07:13:37,628-Speed 79.59 samples/sec   Loss 0.0065   LearningRate 0.000916   Epoch: 16   Global Step: 24050   Fp16 Grad Scale: 524288   Required: 121 hours
Training: 2025-03-27 07:13:55,375-Speed 72.13 samples/sec   Loss 0.0087   LearningRate 0.000916   Epoch: 16   Global Step: 24060   Fp16 Grad Scale: 524288   Required: 121 hours
Training: 2025-03-27 07:14:11,400-Speed 79.88 samples/sec   Loss 0.0163   LearningRate 0.000916   Epoch: 16   Global Step: 24070   Fp16 Grad Scale: 524288   Required: 121 hours
Training: 2025-03-27 07:14:27,462-Speed 79.69 samples/sec   Loss 0.0132   LearningRate 0.000916   Epoch: 16   Global Step: 24080   Fp16 Grad Scale: 524288   Required: 121 hours
Training: 2025-03-27 07:14:43,721-Speed 78.73 samples/sec   Loss 0.0073   LearningRate 0.000916   Epoch: 16   Global Step: 24090   Fp16 Grad Scale: 524288   Required: 121 hours
Training: 2025-03-27 07:14:59,748-Speed 79.87 samples/sec   Loss 0.0079   LearningRate 0.000915   Epoch: 16   Global Step: 24100   Fp16 Grad Scale: 524288   Required: 121 hours
Training: 2025-03-27 07:15:15,799-Speed 79.75 samples/sec   Loss 0.0041   LearningRate 0.000915   Epoch: 16   Global Step: 24110   Fp16 Grad Scale: 524288   Required: 121 hours
Training: 2025-03-27 07:15:31,855-Speed 79.73 samples/sec   Loss 0.0080   LearningRate 0.000915   Epoch: 16   Global Step: 24120   Fp16 Grad Scale: 524288   Required: 121 hours
Training: 2025-03-27 07:15:47,944-Speed 79.56 samples/sec   Loss 0.0031   LearningRate 0.000915   Epoch: 16   Global Step: 24130   Fp16 Grad Scale: 1048576   Required: 121 hours
Training: 2025-03-27 07:16:03,951-Speed 79.97 samples/sec   Loss 0.0045   LearningRate 0.000915   Epoch: 16   Global Step: 24140   Fp16 Grad Scale: 1048576   Required: 121 hours
Training: 2025-03-27 07:16:20,002-Speed 79.75 samples/sec   Loss 0.0101   LearningRate 0.000915   Epoch: 16   Global Step: 24150   Fp16 Grad Scale: 1048576   Required: 121 hours
Training: 2025-03-27 07:16:36,018-Speed 79.92 samples/sec   Loss 0.0074   LearningRate 0.000915   Epoch: 16   Global Step: 24160   Fp16 Grad Scale: 1048576   Required: 121 hours
Training: 2025-03-27 07:16:52,073-Speed 79.73 samples/sec   Loss 0.0084   LearningRate 0.000915   Epoch: 16   Global Step: 24170   Fp16 Grad Scale: 1048576   Required: 121 hours
Training: 2025-03-27 07:17:08,136-Speed 79.69 samples/sec   Loss 0.0030   LearningRate 0.000915   Epoch: 16   Global Step: 24180   Fp16 Grad Scale: 1048576   Required: 121 hours
Training: 2025-03-27 07:17:24,199-Speed 79.69 samples/sec   Loss 0.0623   LearningRate 0.000915   Epoch: 16   Global Step: 24190   Fp16 Grad Scale: 1048576   Required: 121 hours
Training: 2025-03-27 07:17:40,261-Speed 79.69 samples/sec   Loss 0.0164   LearningRate 0.000915   Epoch: 16   Global Step: 24200   Fp16 Grad Scale: 1048576   Required: 121 hours
Training: 2025-03-27 07:17:56,367-Speed 79.47 samples/sec   Loss 0.0034   LearningRate 0.000915   Epoch: 16   Global Step: 24210   Fp16 Grad Scale: 1048576   Required: 121 hours
Training: 2025-03-27 07:18:12,401-Speed 79.84 samples/sec   Loss 0.0094   LearningRate 0.000915   Epoch: 16   Global Step: 24220   Fp16 Grad Scale: 1048576   Required: 121 hours
Training: 2025-03-27 07:18:28,608-Speed 78.98 samples/sec   Loss 0.0068   LearningRate 0.000915   Epoch: 16   Global Step: 24230   Fp16 Grad Scale: 2097152   Required: 121 hours
Training: 2025-03-27 07:18:45,398-Speed 76.24 samples/sec   Loss 0.0103   LearningRate 0.000915   Epoch: 16   Global Step: 24240   Fp16 Grad Scale: 2097152   Required: 121 hours
Training: 2025-03-27 07:19:04,747-Speed 66.16 samples/sec   Loss 0.0021   LearningRate 0.000915   Epoch: 17   Global Step: 24250   Fp16 Grad Scale: 2097152   Required: 121 hours
Training: 2025-03-27 07:19:20,819-Speed 79.64 samples/sec   Loss 0.0030   LearningRate 0.000915   Epoch: 17   Global Step: 24260   Fp16 Grad Scale: 2097152   Required: 121 hours
Training: 2025-03-27 07:19:36,835-Speed 79.93 samples/sec   Loss 0.0046   LearningRate 0.000915   Epoch: 17   Global Step: 24270   Fp16 Grad Scale: 2097152   Required: 121 hours
Training: 2025-03-27 07:19:52,904-Speed 79.66 samples/sec   Loss 0.0035   LearningRate 0.000915   Epoch: 17   Global Step: 24280   Fp16 Grad Scale: 2097152   Required: 121 hours
Training: 2025-03-27 07:20:08,955-Speed 79.75 samples/sec   Loss 0.0018   LearningRate 0.000915   Epoch: 17   Global Step: 24290   Fp16 Grad Scale: 2097152   Required: 121 hours
Training: 2025-03-27 07:20:25,041-Speed 79.57 samples/sec   Loss 0.0023   LearningRate 0.000915   Epoch: 17   Global Step: 24300   Fp16 Grad Scale: 2097152   Required: 121 hours
Training: 2025-03-27 07:20:41,095-Speed 79.74 samples/sec   Loss 0.0031   LearningRate 0.000915   Epoch: 17   Global Step: 24310   Fp16 Grad Scale: 2097152   Required: 121 hours
Training: 2025-03-27 07:20:57,147-Speed 79.74 samples/sec   Loss 0.0379   LearningRate 0.000915   Epoch: 17   Global Step: 24320   Fp16 Grad Scale: 1048576   Required: 121 hours
Training: 2025-03-27 07:21:13,127-Speed 80.11 samples/sec   Loss 0.0159   LearningRate 0.000915   Epoch: 17   Global Step: 24330   Fp16 Grad Scale: 1048576   Required: 121 hours
Training: 2025-03-27 07:21:29,190-Speed 79.69 samples/sec   Loss 0.0146   LearningRate 0.000915   Epoch: 17   Global Step: 24340   Fp16 Grad Scale: 1048576   Required: 121 hours
Training: 2025-03-27 07:21:45,281-Speed 79.55 samples/sec   Loss 0.0025   LearningRate 0.000915   Epoch: 17   Global Step: 24350   Fp16 Grad Scale: 1048576   Required: 121 hours
Training: 2025-03-27 07:22:01,397-Speed 79.43 samples/sec   Loss 0.0381   LearningRate 0.000915   Epoch: 17   Global Step: 24360   Fp16 Grad Scale: 1048576   Required: 121 hours
Training: 2025-03-27 07:22:17,524-Speed 79.38 samples/sec   Loss 0.0163   LearningRate 0.000915   Epoch: 17   Global Step: 24370   Fp16 Grad Scale: 1048576   Required: 121 hours
Training: 2025-03-27 07:22:33,562-Speed 79.81 samples/sec   Loss 0.0042   LearningRate 0.000915   Epoch: 17   Global Step: 24380   Fp16 Grad Scale: 1048576   Required: 121 hours
Training: 2025-03-27 07:22:49,583-Speed 79.90 samples/sec   Loss 0.0091   LearningRate 0.000914   Epoch: 17   Global Step: 24390   Fp16 Grad Scale: 1048576   Required: 121 hours
Training: 2025-03-27 07:23:05,781-Speed 79.03 samples/sec   Loss 0.0074   LearningRate 0.000914   Epoch: 17   Global Step: 24400   Fp16 Grad Scale: 1048576   Required: 121 hours
Training: 2025-03-27 07:23:21,889-Speed 79.46 samples/sec   Loss 0.0035   LearningRate 0.000914   Epoch: 17   Global Step: 24410   Fp16 Grad Scale: 1048576   Required: 121 hours
Training: 2025-03-27 07:23:37,940-Speed 79.75 samples/sec   Loss 0.0060   LearningRate 0.000914   Epoch: 17   Global Step: 24420   Fp16 Grad Scale: 2097152   Required: 121 hours
Training: 2025-03-27 07:23:55,763-Speed 71.82 samples/sec   Loss 0.0024   LearningRate 0.000914   Epoch: 17   Global Step: 24430   Fp16 Grad Scale: 2097152   Required: 121 hours
Training: 2025-03-27 07:24:11,853-Speed 79.56 samples/sec   Loss 0.0021   LearningRate 0.000914   Epoch: 17   Global Step: 24440   Fp16 Grad Scale: 2097152   Required: 121 hours
Training: 2025-03-27 07:24:27,894-Speed 79.80 samples/sec   Loss 0.0063   LearningRate 0.000914   Epoch: 17   Global Step: 24450   Fp16 Grad Scale: 2097152   Required: 121 hours
Training: 2025-03-27 07:24:43,925-Speed 79.85 samples/sec   Loss 0.0015   LearningRate 0.000914   Epoch: 17   Global Step: 24460   Fp16 Grad Scale: 2097152   Required: 121 hours
Training: 2025-03-27 07:24:59,911-Speed 80.07 samples/sec   Loss 0.0016   LearningRate 0.000914   Epoch: 17   Global Step: 24470   Fp16 Grad Scale: 2097152   Required: 121 hours
Training: 2025-03-27 07:25:15,925-Speed 79.93 samples/sec   Loss 0.0010   LearningRate 0.000914   Epoch: 17   Global Step: 24480   Fp16 Grad Scale: 2097152   Required: 121 hours
Training: 2025-03-27 07:25:31,949-Speed 79.88 samples/sec   Loss 0.0193   LearningRate 0.000914   Epoch: 17   Global Step: 24490   Fp16 Grad Scale: 1048576   Required: 121 hours
Training: 2025-03-27 07:25:48,038-Speed 79.56 samples/sec   Loss 0.0040   LearningRate 0.000914   Epoch: 17   Global Step: 24500   Fp16 Grad Scale: 1048576   Required: 121 hours
Training: 2025-03-27 07:26:04,125-Speed 79.57 samples/sec   Loss 0.0062   LearningRate 0.000914   Epoch: 17   Global Step: 24510   Fp16 Grad Scale: 1048576   Required: 121 hours
Training: 2025-03-27 07:26:20,158-Speed 79.84 samples/sec   Loss 0.0018   LearningRate 0.000914   Epoch: 17   Global Step: 24520   Fp16 Grad Scale: 1048576   Required: 121 hours
Training: 2025-03-27 07:26:36,216-Speed 79.71 samples/sec   Loss 0.0044   LearningRate 0.000914   Epoch: 17   Global Step: 24530   Fp16 Grad Scale: 1048576   Required: 121 hours
Training: 2025-03-27 07:26:52,269-Speed 79.74 samples/sec   Loss 0.0019   LearningRate 0.000914   Epoch: 17   Global Step: 24540   Fp16 Grad Scale: 1048576   Required: 121 hours
Training: 2025-03-27 07:27:08,320-Speed 79.75 samples/sec   Loss 0.0024   LearningRate 0.000914   Epoch: 17   Global Step: 24550   Fp16 Grad Scale: 1048576   Required: 121 hours
Training: 2025-03-27 07:27:24,568-Speed 78.78 samples/sec   Loss 0.0033   LearningRate 0.000914   Epoch: 17   Global Step: 24560   Fp16 Grad Scale: 1048576   Required: 121 hours
Training: 2025-03-27 07:27:40,588-Speed 79.90 samples/sec   Loss 0.0020   LearningRate 0.000914   Epoch: 17   Global Step: 24570   Fp16 Grad Scale: 1048576   Required: 121 hours
Training: 2025-03-27 07:27:56,611-Speed 79.89 samples/sec   Loss 0.0010   LearningRate 0.000914   Epoch: 17   Global Step: 24580   Fp16 Grad Scale: 1048576   Required: 121 hours
Training: 2025-03-27 07:28:12,650-Speed 79.81 samples/sec   Loss 0.0038   LearningRate 0.000914   Epoch: 17   Global Step: 24590   Fp16 Grad Scale: 2097152   Required: 121 hours
Training: 2025-03-27 07:28:28,746-Speed 79.52 samples/sec   Loss 0.0021   LearningRate 0.000914   Epoch: 17   Global Step: 24600   Fp16 Grad Scale: 2097152   Required: 121 hours
Training: 2025-03-27 07:28:44,875-Speed 79.37 samples/sec   Loss 0.0019   LearningRate 0.000914   Epoch: 17   Global Step: 24610   Fp16 Grad Scale: 2097152   Required: 121 hours
Training: 2025-03-27 07:29:02,769-Speed 71.53 samples/sec   Loss 0.0022   LearningRate 0.000914   Epoch: 17   Global Step: 24620   Fp16 Grad Scale: 2097152   Required: 121 hours
Training: 2025-03-27 07:29:18,814-Speed 79.78 samples/sec   Loss 0.0025   LearningRate 0.000914   Epoch: 17   Global Step: 24630   Fp16 Grad Scale: 2097152   Required: 121 hours
Training: 2025-03-27 07:29:34,889-Speed 79.63 samples/sec   Loss 0.0017   LearningRate 0.000914   Epoch: 17   Global Step: 24640   Fp16 Grad Scale: 2097152   Required: 121 hours
Training: 2025-03-27 07:29:50,970-Speed 79.60 samples/sec   Loss 0.0081   LearningRate 0.000914   Epoch: 17   Global Step: 24650   Fp16 Grad Scale: 2097152   Required: 121 hours
Training: 2025-03-27 07:30:07,131-Speed 79.21 samples/sec   Loss 0.0059   LearningRate 0.000914   Epoch: 17   Global Step: 24660   Fp16 Grad Scale: 2097152   Required: 121 hours
Training: 2025-03-27 07:30:23,208-Speed 79.62 samples/sec   Loss 0.0040   LearningRate 0.000913   Epoch: 17   Global Step: 24670   Fp16 Grad Scale: 2097152   Required: 121 hours
Training: 2025-03-27 07:30:39,260-Speed 79.74 samples/sec   Loss 0.0443   LearningRate 0.000913   Epoch: 17   Global Step: 24680   Fp16 Grad Scale: 1048576   Required: 121 hours
Training: 2025-03-27 07:30:55,311-Speed 79.75 samples/sec   Loss 0.0026   LearningRate 0.000913   Epoch: 17   Global Step: 24690   Fp16 Grad Scale: 1048576   Required: 121 hours
Training: 2025-03-27 07:31:11,362-Speed 79.75 samples/sec   Loss 0.0014   LearningRate 0.000913   Epoch: 17   Global Step: 24700   Fp16 Grad Scale: 1048576   Required: 121 hours
Training: 2025-03-27 07:31:27,549-Speed 79.08 samples/sec   Loss 0.0042   LearningRate 0.000913   Epoch: 17   Global Step: 24710   Fp16 Grad Scale: 1048576   Required: 121 hours
Training: 2025-03-27 07:31:43,585-Speed 79.82 samples/sec   Loss 0.0029   LearningRate 0.000913   Epoch: 17   Global Step: 24720   Fp16 Grad Scale: 1048576   Required: 121 hours
Training: 2025-03-27 07:31:59,661-Speed 79.62 samples/sec   Loss 0.0017   LearningRate 0.000913   Epoch: 17   Global Step: 24730   Fp16 Grad Scale: 1048576   Required: 121 hours
Training: 2025-03-27 07:32:15,682-Speed 79.90 samples/sec   Loss 0.0086   LearningRate 0.000913   Epoch: 17   Global Step: 24740   Fp16 Grad Scale: 1048576   Required: 121 hours
Training: 2025-03-27 07:32:31,757-Speed 79.63 samples/sec   Loss 0.0595   LearningRate 0.000913   Epoch: 17   Global Step: 24750   Fp16 Grad Scale: 1048576   Required: 121 hours
Training: 2025-03-27 07:32:47,793-Speed 79.83 samples/sec   Loss 0.0127   LearningRate 0.000913   Epoch: 17   Global Step: 24760   Fp16 Grad Scale: 1048576   Required: 121 hours
Training: 2025-03-27 07:33:03,843-Speed 79.75 samples/sec   Loss 0.0085   LearningRate 0.000913   Epoch: 17   Global Step: 24770   Fp16 Grad Scale: 1048576   Required: 120 hours
Training: 2025-03-27 07:33:19,939-Speed 79.53 samples/sec   Loss 0.0160   LearningRate 0.000913   Epoch: 17   Global Step: 24780   Fp16 Grad Scale: 2097152   Required: 120 hours
Training: 2025-03-27 07:33:35,944-Speed 79.98 samples/sec   Loss 0.0072   LearningRate 0.000913   Epoch: 17   Global Step: 24790   Fp16 Grad Scale: 2097152   Required: 120 hours
Training: 2025-03-27 07:33:52,005-Speed 79.70 samples/sec   Loss 0.0095   LearningRate 0.000913   Epoch: 17   Global Step: 24800   Fp16 Grad Scale: 2097152   Required: 120 hours
Training: 2025-03-27 07:34:09,956-Speed 71.31 samples/sec   Loss 0.0021   LearningRate 0.000913   Epoch: 17   Global Step: 24810   Fp16 Grad Scale: 2097152   Required: 120 hours
Training: 2025-03-27 07:34:26,048-Speed 79.54 samples/sec   Loss 0.0058   LearningRate 0.000913   Epoch: 17   Global Step: 24820   Fp16 Grad Scale: 2097152   Required: 120 hours
Training: 2025-03-27 07:34:42,086-Speed 79.81 samples/sec   Loss 0.0012   LearningRate 0.000913   Epoch: 17   Global Step: 24830   Fp16 Grad Scale: 2097152   Required: 120 hours
Training: 2025-03-27 07:34:58,146-Speed 79.72 samples/sec   Loss 0.0712   LearningRate 0.000913   Epoch: 17   Global Step: 24840   Fp16 Grad Scale: 1048576   Required: 120 hours
Training: 2025-03-27 07:35:14,218-Speed 79.65 samples/sec   Loss 0.0017   LearningRate 0.000913   Epoch: 17   Global Step: 24850   Fp16 Grad Scale: 1048576   Required: 120 hours
Training: 2025-03-27 07:35:30,318-Speed 79.51 samples/sec   Loss 0.0017   LearningRate 0.000913   Epoch: 17   Global Step: 24860   Fp16 Grad Scale: 1048576   Required: 120 hours
Training: 2025-03-27 07:35:46,539-Speed 78.91 samples/sec   Loss 0.0064   LearningRate 0.000913   Epoch: 17   Global Step: 24870   Fp16 Grad Scale: 1048576   Required: 120 hours
Training: 2025-03-27 07:36:02,573-Speed 79.83 samples/sec   Loss 0.0010   LearningRate 0.000913   Epoch: 17   Global Step: 24880   Fp16 Grad Scale: 1048576   Required: 120 hours
Training: 2025-03-27 07:36:18,677-Speed 79.49 samples/sec   Loss 0.0077   LearningRate 0.000913   Epoch: 17   Global Step: 24890   Fp16 Grad Scale: 1048576   Required: 120 hours
Training: 2025-03-27 07:36:34,762-Speed 79.58 samples/sec   Loss 0.0064   LearningRate 0.000913   Epoch: 17   Global Step: 24900   Fp16 Grad Scale: 1048576   Required: 120 hours
Training: 2025-03-27 07:36:50,873-Speed 79.45 samples/sec   Loss 0.0043   LearningRate 0.000913   Epoch: 17   Global Step: 24910   Fp16 Grad Scale: 1048576   Required: 120 hours
Training: 2025-03-27 07:37:06,942-Speed 79.66 samples/sec   Loss 0.0037   LearningRate 0.000913   Epoch: 17   Global Step: 24920   Fp16 Grad Scale: 1048576   Required: 120 hours
Training: 2025-03-27 07:37:23,028-Speed 79.58 samples/sec   Loss 0.0294   LearningRate 0.000913   Epoch: 17   Global Step: 24930   Fp16 Grad Scale: 1048576   Required: 120 hours
Training: 2025-03-27 07:37:39,123-Speed 79.53 samples/sec   Loss 0.0030   LearningRate 0.000913   Epoch: 17   Global Step: 24940   Fp16 Grad Scale: 2097152   Required: 120 hours
Training: 2025-03-27 07:37:55,147-Speed 79.88 samples/sec   Loss 0.0090   LearningRate 0.000913   Epoch: 17   Global Step: 24950   Fp16 Grad Scale: 2097152   Required: 120 hours
Training: 2025-03-27 07:38:11,197-Speed 79.75 samples/sec   Loss 0.0032   LearningRate 0.000912   Epoch: 17   Global Step: 24960   Fp16 Grad Scale: 2097152   Required: 120 hours
Training: 2025-03-27 07:38:27,305-Speed 79.47 samples/sec   Loss 0.0106   LearningRate 0.000912   Epoch: 17   Global Step: 24970   Fp16 Grad Scale: 2097152   Required: 120 hours
Training: 2025-03-27 07:38:43,309-Speed 79.98 samples/sec   Loss 0.0076   LearningRate 0.000912   Epoch: 17   Global Step: 24980   Fp16 Grad Scale: 2097152   Required: 120 hours
Training: 2025-03-27 07:39:01,292-Speed 71.18 samples/sec   Loss 0.0150   LearningRate 0.000912   Epoch: 17   Global Step: 24990   Fp16 Grad Scale: 2097152   Required: 120 hours
Training: 2025-03-27 07:39:17,320-Speed 79.86 samples/sec   Loss 0.0067   LearningRate 0.000912   Epoch: 17   Global Step: 25000   Fp16 Grad Scale: 2097152   Required: 120 hours
Training: 2025-03-27 07:39:33,376-Speed 79.72 samples/sec   Loss 0.0437   LearningRate 0.000912   Epoch: 17   Global Step: 25010   Fp16 Grad Scale: 2097152   Required: 120 hours
Training: 2025-03-27 07:39:49,609-Speed 78.86 samples/sec   Loss 0.0275   LearningRate 0.000912   Epoch: 17   Global Step: 25020   Fp16 Grad Scale: 2097152   Required: 120 hours
Training: 2025-03-27 07:40:05,683-Speed 79.63 samples/sec   Loss 0.0103   LearningRate 0.000912   Epoch: 17   Global Step: 25030   Fp16 Grad Scale: 2097152   Required: 120 hours
Training: 2025-03-27 07:40:21,750-Speed 79.67 samples/sec   Loss 0.0147   LearningRate 0.000912   Epoch: 17   Global Step: 25040   Fp16 Grad Scale: 4194304   Required: 120 hours
Training: 2025-03-27 07:40:37,825-Speed 79.63 samples/sec   Loss 0.0051   LearningRate 0.000912   Epoch: 17   Global Step: 25050   Fp16 Grad Scale: 4194304   Required: 120 hours
Training: 2025-03-27 07:40:53,907-Speed 79.60 samples/sec   Loss 0.0112   LearningRate 0.000912   Epoch: 17   Global Step: 25060   Fp16 Grad Scale: 2097152   Required: 120 hours
Training: 2025-03-27 07:41:09,983-Speed 79.62 samples/sec   Loss 0.0040   LearningRate 0.000912   Epoch: 17   Global Step: 25070   Fp16 Grad Scale: 2097152   Required: 120 hours
Training: 2025-03-27 07:41:26,059-Speed 79.62 samples/sec   Loss 0.0071   LearningRate 0.000912   Epoch: 17   Global Step: 25080   Fp16 Grad Scale: 2097152   Required: 120 hours
Training: 2025-03-27 07:41:42,098-Speed 79.81 samples/sec   Loss 0.0080   LearningRate 0.000912   Epoch: 17   Global Step: 25090   Fp16 Grad Scale: 2097152   Required: 120 hours
Training: 2025-03-27 07:41:58,215-Speed 79.42 samples/sec   Loss 0.0143   LearningRate 0.000912   Epoch: 17   Global Step: 25100   Fp16 Grad Scale: 2097152   Required: 120 hours
Training: 2025-03-27 07:42:14,256-Speed 79.80 samples/sec   Loss 0.0664   LearningRate 0.000912   Epoch: 17   Global Step: 25110   Fp16 Grad Scale: 2097152   Required: 120 hours
Training: 2025-03-27 07:42:30,372-Speed 79.42 samples/sec   Loss 0.0475   LearningRate 0.000912   Epoch: 17   Global Step: 25120   Fp16 Grad Scale: 2097152   Required: 120 hours
Training: 2025-03-27 07:42:46,425-Speed 79.74 samples/sec   Loss 0.0148   LearningRate 0.000912   Epoch: 17   Global Step: 25130   Fp16 Grad Scale: 2097152   Required: 120 hours
Training: 2025-03-27 07:43:02,458-Speed 79.84 samples/sec   Loss 0.0800   LearningRate 0.000912   Epoch: 17   Global Step: 25140   Fp16 Grad Scale: 2097152   Required: 120 hours
Training: 2025-03-27 07:43:18,517-Speed 79.71 samples/sec   Loss 0.0330   LearningRate 0.000912   Epoch: 17   Global Step: 25150   Fp16 Grad Scale: 2097152   Required: 120 hours
Training: 2025-03-27 07:43:34,568-Speed 79.75 samples/sec   Loss 0.0213   LearningRate 0.000912   Epoch: 17   Global Step: 25160   Fp16 Grad Scale: 4194304   Required: 120 hours
Training: 2025-03-27 07:43:50,612-Speed 79.78 samples/sec   Loss 0.0230   LearningRate 0.000912   Epoch: 17   Global Step: 25170   Fp16 Grad Scale: 2097152   Required: 120 hours
Training: 2025-03-27 07:44:08,377-Speed 72.05 samples/sec   Loss 0.0157   LearningRate 0.000912   Epoch: 17   Global Step: 25180   Fp16 Grad Scale: 2097152   Required: 120 hours
Training: 2025-03-27 07:44:24,445-Speed 79.67 samples/sec   Loss 0.0135   LearningRate 0.000912   Epoch: 17   Global Step: 25190   Fp16 Grad Scale: 2097152   Required: 120 hours
Training: 2025-03-27 07:44:40,505-Speed 79.70 samples/sec   Loss 0.0186   LearningRate 0.000912   Epoch: 17   Global Step: 25200   Fp16 Grad Scale: 2097152   Required: 120 hours
Training: 2025-03-27 07:44:56,617-Speed 79.45 samples/sec   Loss 0.0141   LearningRate 0.000912   Epoch: 17   Global Step: 25210   Fp16 Grad Scale: 2097152   Required: 120 hours
Training: 2025-03-27 07:45:12,672-Speed 79.73 samples/sec   Loss 0.0195   LearningRate 0.000912   Epoch: 17   Global Step: 25220   Fp16 Grad Scale: 2097152   Required: 120 hours
Training: 2025-03-27 07:45:28,733-Speed 79.70 samples/sec   Loss 0.0273   LearningRate 0.000912   Epoch: 17   Global Step: 25230   Fp16 Grad Scale: 1048576   Required: 120 hours
Training: 2025-03-27 07:45:44,803-Speed 79.66 samples/sec   Loss 0.0066   LearningRate 0.000912   Epoch: 17   Global Step: 25240   Fp16 Grad Scale: 1048576   Required: 120 hours
Training: 2025-03-27 07:46:00,911-Speed 79.47 samples/sec   Loss 0.0251   LearningRate 0.000911   Epoch: 17   Global Step: 25250   Fp16 Grad Scale: 1048576   Required: 120 hours
Training: 2025-03-27 07:46:16,975-Speed 79.68 samples/sec   Loss 0.0154   LearningRate 0.000911   Epoch: 17   Global Step: 25260   Fp16 Grad Scale: 1048576   Required: 120 hours
Training: 2025-03-27 07:46:33,060-Speed 79.58 samples/sec   Loss 0.0139   LearningRate 0.000911   Epoch: 17   Global Step: 25270   Fp16 Grad Scale: 1048576   Required: 120 hours
Training: 2025-03-27 07:46:49,120-Speed 79.70 samples/sec   Loss 0.0060   LearningRate 0.000911   Epoch: 17   Global Step: 25280   Fp16 Grad Scale: 1048576   Required: 120 hours
Training: 2025-03-27 07:47:05,143-Speed 79.89 samples/sec   Loss 0.0662   LearningRate 0.000911   Epoch: 17   Global Step: 25290   Fp16 Grad Scale: 1048576   Required: 120 hours
Training: 2025-03-27 07:47:21,147-Speed 79.98 samples/sec   Loss 0.0082   LearningRate 0.000911   Epoch: 17   Global Step: 25300   Fp16 Grad Scale: 1048576   Required: 120 hours
Training: 2025-03-27 07:47:37,175-Speed 79.87 samples/sec   Loss 0.0354   LearningRate 0.000911   Epoch: 17   Global Step: 25310   Fp16 Grad Scale: 1048576   Required: 120 hours
Training: 2025-03-27 07:47:53,262-Speed 79.57 samples/sec   Loss 0.0514   LearningRate 0.000911   Epoch: 17   Global Step: 25320   Fp16 Grad Scale: 1048576   Required: 120 hours
Training: 2025-03-27 07:48:09,302-Speed 79.81 samples/sec   Loss 0.0184   LearningRate 0.000911   Epoch: 17   Global Step: 25330   Fp16 Grad Scale: 2097152   Required: 120 hours
Training: 2025-03-27 07:48:25,437-Speed 79.33 samples/sec   Loss 0.0101   LearningRate 0.000911   Epoch: 17   Global Step: 25340   Fp16 Grad Scale: 2097152   Required: 120 hours
Training: 2025-03-27 07:48:41,500-Speed 79.69 samples/sec   Loss 0.0143   LearningRate 0.000911   Epoch: 17   Global Step: 25350   Fp16 Grad Scale: 2097152   Required: 120 hours
Training: 2025-03-27 07:48:57,515-Speed 79.93 samples/sec   Loss 0.0111   LearningRate 0.000911   Epoch: 17   Global Step: 25360   Fp16 Grad Scale: 2097152   Required: 120 hours
Training: 2025-03-27 07:49:15,285-Speed 72.04 samples/sec   Loss 0.0116   LearningRate 0.000911   Epoch: 17   Global Step: 25370   Fp16 Grad Scale: 2097152   Required: 120 hours
Training: 2025-03-27 07:49:31,334-Speed 79.76 samples/sec   Loss 0.0080   LearningRate 0.000911   Epoch: 17   Global Step: 25380   Fp16 Grad Scale: 2097152   Required: 120 hours
Training: 2025-03-27 07:49:47,413-Speed 79.61 samples/sec   Loss 0.0110   LearningRate 0.000911   Epoch: 17   Global Step: 25390   Fp16 Grad Scale: 2097152   Required: 120 hours
Training: 2025-03-27 07:50:03,464-Speed 79.75 samples/sec   Loss 0.0064   LearningRate 0.000911   Epoch: 17   Global Step: 25400   Fp16 Grad Scale: 2097152   Required: 120 hours
Training: 2025-03-27 07:50:19,459-Speed 80.03 samples/sec   Loss 0.0054   LearningRate 0.000911   Epoch: 17   Global Step: 25410   Fp16 Grad Scale: 2097152   Required: 120 hours
Training: 2025-03-27 07:50:35,540-Speed 79.60 samples/sec   Loss 0.0072   LearningRate 0.000911   Epoch: 17   Global Step: 25420   Fp16 Grad Scale: 2097152   Required: 120 hours
Training: 2025-03-27 07:50:51,639-Speed 79.51 samples/sec   Loss 0.0079   LearningRate 0.000911   Epoch: 17   Global Step: 25430   Fp16 Grad Scale: 4194304   Required: 120 hours
Training: 2025-03-27 07:51:07,689-Speed 79.75 samples/sec   Loss 0.0616   LearningRate 0.000911   Epoch: 17   Global Step: 25440   Fp16 Grad Scale: 4194304   Required: 120 hours
Training: 2025-03-27 07:51:23,684-Speed 80.03 samples/sec   Loss 0.0074   LearningRate 0.000911   Epoch: 17   Global Step: 25450   Fp16 Grad Scale: 4194304   Required: 120 hours
Training: 2025-03-27 07:51:39,715-Speed 79.85 samples/sec   Loss 0.0151   LearningRate 0.000911   Epoch: 17   Global Step: 25460   Fp16 Grad Scale: 2097152   Required: 120 hours
Training: 2025-03-27 07:51:55,774-Speed 79.71 samples/sec   Loss 0.0096   LearningRate 0.000911   Epoch: 17   Global Step: 25470   Fp16 Grad Scale: 2097152   Required: 120 hours
Training: 2025-03-27 07:52:11,850-Speed 79.63 samples/sec   Loss 0.0121   LearningRate 0.000911   Epoch: 17   Global Step: 25480   Fp16 Grad Scale: 2097152   Required: 120 hours
Training: 2025-03-27 07:52:28,067-Speed 78.93 samples/sec   Loss 0.0162   LearningRate 0.000911   Epoch: 17   Global Step: 25490   Fp16 Grad Scale: 2097152   Required: 120 hours
Training: 2025-03-27 07:52:44,080-Speed 79.94 samples/sec   Loss 0.0083   LearningRate 0.000911   Epoch: 17   Global Step: 25500   Fp16 Grad Scale: 2097152   Required: 120 hours
Training: 2025-03-27 07:53:00,129-Speed 79.76 samples/sec   Loss 0.0092   LearningRate 0.000911   Epoch: 17   Global Step: 25510   Fp16 Grad Scale: 2097152   Required: 120 hours
Training: 2025-03-27 07:53:16,174-Speed 79.78 samples/sec   Loss 0.0037   LearningRate 0.000911   Epoch: 17   Global Step: 25520   Fp16 Grad Scale: 2097152   Required: 120 hours
Training: 2025-03-27 07:53:32,271-Speed 79.52 samples/sec   Loss 0.0076   LearningRate 0.000910   Epoch: 17   Global Step: 25530   Fp16 Grad Scale: 2097152   Required: 120 hours
Training: 2025-03-27 07:53:48,290-Speed 79.91 samples/sec   Loss 0.0075   LearningRate 0.000910   Epoch: 17   Global Step: 25540   Fp16 Grad Scale: 2097152   Required: 120 hours
Training: 2025-03-27 07:54:04,335-Speed 79.78 samples/sec   Loss 0.0136   LearningRate 0.000910   Epoch: 17   Global Step: 25550   Fp16 Grad Scale: 1048576   Required: 120 hours
Training: 2025-03-27 07:54:22,119-Speed 71.98 samples/sec   Loss 0.0145   LearningRate 0.000910   Epoch: 17   Global Step: 25560   Fp16 Grad Scale: 1048576   Required: 120 hours
Training: 2025-03-27 07:54:38,156-Speed 79.82 samples/sec   Loss 0.0077   LearningRate 0.000910   Epoch: 17   Global Step: 25570   Fp16 Grad Scale: 1048576   Required: 120 hours
Training: 2025-03-27 07:54:54,211-Speed 79.73 samples/sec   Loss 0.0098   LearningRate 0.000910   Epoch: 17   Global Step: 25580   Fp16 Grad Scale: 1048576   Required: 120 hours
Training: 2025-03-27 07:55:10,306-Speed 79.53 samples/sec   Loss 0.0066   LearningRate 0.000910   Epoch: 17   Global Step: 25590   Fp16 Grad Scale: 1048576   Required: 120 hours
Training: 2025-03-27 07:55:26,385-Speed 79.61 samples/sec   Loss 0.0049   LearningRate 0.000910   Epoch: 17   Global Step: 25600   Fp16 Grad Scale: 1048576   Required: 120 hours
Training: 2025-03-27 07:55:42,485-Speed 79.50 samples/sec   Loss 0.0060   LearningRate 0.000910   Epoch: 17   Global Step: 25610   Fp16 Grad Scale: 1048576   Required: 120 hours
Training: 2025-03-27 07:55:58,567-Speed 79.60 samples/sec   Loss 0.0104   LearningRate 0.000910   Epoch: 17   Global Step: 25620   Fp16 Grad Scale: 1048576   Required: 120 hours
Training: 2025-03-27 07:56:14,571-Speed 79.98 samples/sec   Loss 0.0037   LearningRate 0.000910   Epoch: 17   Global Step: 25630   Fp16 Grad Scale: 1048576   Required: 120 hours
Training: 2025-03-27 07:56:30,577-Speed 79.97 samples/sec   Loss 0.0054   LearningRate 0.000910   Epoch: 17   Global Step: 25640   Fp16 Grad Scale: 1048576   Required: 120 hours
Training: 2025-03-27 07:56:46,765-Speed 79.08 samples/sec   Loss 0.0038   LearningRate 0.000910   Epoch: 17   Global Step: 25650   Fp16 Grad Scale: 2097152   Required: 120 hours
Training: 2025-03-27 07:57:02,560-Speed 81.04 samples/sec   Loss 0.0024   LearningRate 0.000910   Epoch: 17   Global Step: 25660   Fp16 Grad Scale: 2097152   Required: 120 hours
Training: 2025-03-27 07:57:21,113-Speed 69.00 samples/sec   Loss 0.0599   LearningRate 0.000910   Epoch: 18   Global Step: 25670   Fp16 Grad Scale: 1048576   Required: 120 hours
Training: 2025-03-27 07:57:37,192-Speed 79.61 samples/sec   Loss 0.0029   LearningRate 0.000910   Epoch: 18   Global Step: 25680   Fp16 Grad Scale: 1048576   Required: 120 hours
Training: 2025-03-27 07:57:53,285-Speed 79.54 samples/sec   Loss 0.0028   LearningRate 0.000910   Epoch: 18   Global Step: 25690   Fp16 Grad Scale: 1048576   Required: 120 hours
Training: 2025-03-27 07:58:09,402-Speed 79.42 samples/sec   Loss 0.0133   LearningRate 0.000910   Epoch: 18   Global Step: 25700   Fp16 Grad Scale: 1048576   Required: 120 hours
Training: 2025-03-27 07:58:25,548-Speed 79.28 samples/sec   Loss 0.0015   LearningRate 0.000910   Epoch: 18   Global Step: 25710   Fp16 Grad Scale: 1048576   Required: 120 hours
Training: 2025-03-27 07:58:41,607-Speed 79.71 samples/sec   Loss 0.0089   LearningRate 0.000910   Epoch: 18   Global Step: 25720   Fp16 Grad Scale: 1048576   Required: 120 hours
Training: 2025-03-27 07:58:57,617-Speed 79.95 samples/sec   Loss 0.0027   LearningRate 0.000910   Epoch: 18   Global Step: 25730   Fp16 Grad Scale: 1048576   Required: 120 hours
Training: 2025-03-27 07:59:15,662-Speed 70.93 samples/sec   Loss 0.0040   LearningRate 0.000910   Epoch: 18   Global Step: 25740   Fp16 Grad Scale: 1048576   Required: 120 hours
Training: 2025-03-27 07:59:31,643-Speed 80.10 samples/sec   Loss 0.0013   LearningRate 0.000910   Epoch: 18   Global Step: 25750   Fp16 Grad Scale: 1048576   Required: 120 hours
Training: 2025-03-27 07:59:47,702-Speed 79.71 samples/sec   Loss 0.0058   LearningRate 0.000910   Epoch: 18   Global Step: 25760   Fp16 Grad Scale: 1048576   Required: 120 hours
Training: 2025-03-27 08:00:03,761-Speed 79.71 samples/sec   Loss 0.0736   LearningRate 0.000910   Epoch: 18   Global Step: 25770   Fp16 Grad Scale: 524288   Required: 120 hours
Training: 2025-03-27 08:00:19,838-Speed 79.62 samples/sec   Loss 0.0089   LearningRate 0.000910   Epoch: 18   Global Step: 25780   Fp16 Grad Scale: 524288   Required: 120 hours
Training: 2025-03-27 08:00:35,889-Speed 79.75 samples/sec   Loss 0.0079   LearningRate 0.000910   Epoch: 18   Global Step: 25790   Fp16 Grad Scale: 524288   Required: 120 hours
Training: 2025-03-27 08:00:51,981-Speed 79.55 samples/sec   Loss 0.0077   LearningRate 0.000910   Epoch: 18   Global Step: 25800   Fp16 Grad Scale: 524288   Required: 120 hours
Training: 2025-03-27 08:01:08,074-Speed 79.54 samples/sec   Loss 0.0054   LearningRate 0.000910   Epoch: 18   Global Step: 25810   Fp16 Grad Scale: 524288   Required: 120 hours
Training: 2025-03-27 08:01:24,142-Speed 79.67 samples/sec   Loss 0.0031   LearningRate 0.000909   Epoch: 18   Global Step: 25820   Fp16 Grad Scale: 524288   Required: 120 hours
Training: 2025-03-27 08:01:40,167-Speed 79.88 samples/sec   Loss 0.0024   LearningRate 0.000909   Epoch: 18   Global Step: 25830   Fp16 Grad Scale: 524288   Required: 120 hours
Training: 2025-03-27 08:01:56,197-Speed 79.85 samples/sec   Loss 0.0104   LearningRate 0.000909   Epoch: 18   Global Step: 25840   Fp16 Grad Scale: 524288   Required: 120 hours
Training: 2025-03-27 08:02:12,222-Speed 79.88 samples/sec   Loss 0.0012   LearningRate 0.000909   Epoch: 18   Global Step: 25850   Fp16 Grad Scale: 524288   Required: 120 hours
Training: 2025-03-27 08:02:28,224-Speed 79.99 samples/sec   Loss 0.0020   LearningRate 0.000909   Epoch: 18   Global Step: 25860   Fp16 Grad Scale: 524288   Required: 120 hours
Training: 2025-03-27 08:02:44,234-Speed 79.95 samples/sec   Loss 0.0118   LearningRate 0.000909   Epoch: 18   Global Step: 25870   Fp16 Grad Scale: 1048576   Required: 120 hours
Training: 2025-03-27 08:03:00,243-Speed 79.96 samples/sec   Loss 0.0053   LearningRate 0.000909   Epoch: 18   Global Step: 25880   Fp16 Grad Scale: 1048576   Required: 120 hours
Training: 2025-03-27 08:03:16,328-Speed 79.58 samples/sec   Loss 0.0034   LearningRate 0.000909   Epoch: 18   Global Step: 25890   Fp16 Grad Scale: 1048576   Required: 120 hours
Training: 2025-03-27 08:03:32,406-Speed 79.61 samples/sec   Loss 0.0033   LearningRate 0.000909   Epoch: 18   Global Step: 25900   Fp16 Grad Scale: 1048576   Required: 120 hours
Training: 2025-03-27 08:03:48,479-Speed 79.64 samples/sec   Loss 0.0083   LearningRate 0.000909   Epoch: 18   Global Step: 25910   Fp16 Grad Scale: 1048576   Required: 120 hours
Training: 2025-03-27 08:04:05,791-Speed 79.57 samples/sec   Loss 0.0032   LearningRate 0.000909   Epoch: 18   Global Step: 25920   Fp16 Grad Scale: 1048576   Required: 120 hours
Training: 2025-03-27 08:04:23,347-Speed 72.91 samples/sec   Loss 0.0143   LearningRate 0.000909   Epoch: 18   Global Step: 25930   Fp16 Grad Scale: 1048576   Required: 120 hours
Training: 2025-03-27 08:04:39,378-Speed 79.85 samples/sec   Loss 0.0033   LearningRate 0.000909   Epoch: 18   Global Step: 25940   Fp16 Grad Scale: 1048576   Required: 120 hours
Training: 2025-03-27 08:04:55,437-Speed 79.71 samples/sec   Loss 0.0044   LearningRate 0.000909   Epoch: 18   Global Step: 25950   Fp16 Grad Scale: 1048576   Required: 120 hours
Training: 2025-03-27 08:05:11,630-Speed 79.05 samples/sec   Loss 0.0022   LearningRate 0.000909   Epoch: 18   Global Step: 25960   Fp16 Grad Scale: 1048576   Required: 120 hours
Training: 2025-03-27 08:05:27,713-Speed 79.59 samples/sec   Loss 0.0065   LearningRate 0.000909   Epoch: 18   Global Step: 25970   Fp16 Grad Scale: 2097152   Required: 120 hours
Training: 2025-03-27 08:05:43,722-Speed 79.96 samples/sec   Loss 0.0046   LearningRate 0.000909   Epoch: 18   Global Step: 25980   Fp16 Grad Scale: 2097152   Required: 120 hours
Training: 2025-03-27 08:05:59,757-Speed 79.83 samples/sec   Loss 0.0046   LearningRate 0.000909   Epoch: 18   Global Step: 25990   Fp16 Grad Scale: 2097152   Required: 120 hours
Training: 2025-03-27 08:06:15,831-Speed 79.63 samples/sec   Loss 0.0116   LearningRate 0.000909   Epoch: 18   Global Step: 26000   Fp16 Grad Scale: 2097152   Required: 120 hours
net_out.shape: torch.Size([128, 512])
net_out.shape: torch.Size([128, 512])
net_out.shape: torch.Size([128, 512])
net_out.shape: torch.Size([128, 512])
net_out.shape: torch.Size([128, 512])
net_out.shape: torch.Size([128, 512])
net_out.shape: torch.Size([128, 512])
net_out.shape: torch.Size([128, 512])
net_out.shape: torch.Size([128, 512])
net_out.shape: torch.Size([128, 512])
net_out.shape: torch.Size([128, 512])
net_out.shape: torch.Size([128, 512])
net_out.shape: torch.Size([128, 512])
net_out.shape: torch.Size([128, 512])
net_out.shape: torch.Size([128, 512])
net_out.shape: torch.Size([128, 512])
net_out.shape: torch.Size([128, 512])
net_out.shape: torch.Size([128, 512])
net_out.shape: torch.Size([128, 512])
net_out.shape: torch.Size([128, 512])
net_out.shape: torch.Size([128, 512])
net_out.shape: torch.Size([128, 512])
net_out.shape: torch.Size([128, 512])
net_out.shape: torch.Size([128, 512])
net_out.shape: torch.Size([128, 512])
net_out.shape: torch.Size([128, 512])
net_out.shape: torch.Size([128, 512])
net_out.shape: torch.Size([128, 512])
net_out.shape: torch.Size([128, 512])
net_out.shape: torch.Size([128, 512])
net_out.shape: torch.Size([128, 512])
net_out.shape: torch.Size([128, 512])
net_out.shape: torch.Size([128, 512])
net_out.shape: torch.Size([128, 512])
net_out.shape: torch.Size([128, 512])
net_out.shape: torch.Size([128, 512])
net_out.shape: torch.Size([128, 512])
net_out.shape: torch.Size([128, 512])
net_out.shape: torch.Size([128, 512])
net_out.shape: torch.Size([128, 512])
net_out.shape: torch.Size([128, 512])
net_out.shape: torch.Size([128, 512])
net_out.shape: torch.Size([128, 512])
net_out.shape: torch.Size([128, 512])
net_out.shape: torch.Size([128, 512])
net_out.shape: torch.Size([128, 512])
net_out.shape: torch.Size([128, 512])
net_out.shape: torch.Size([128, 512])
net_out.shape: torch.Size([128, 512])
net_out.shape: torch.Size([128, 512])
net_out.shape: torch.Size([128, 512])
net_out.shape: torch.Size([128, 512])
net_out.shape: torch.Size([128, 512])
net_out.shape: torch.Size([128, 512])
net_out.shape: torch.Size([128, 512])
net_out.shape: torch.Size([128, 512])
net_out.shape: torch.Size([128, 512])
net_out.shape: torch.Size([128, 512])
net_out.shape: torch.Size([128, 512])
net_out.shape: torch.Size([128, 512])
net_out.shape: torch.Size([128, 512])
net_out.shape: torch.Size([128, 512])
net_out.shape: torch.Size([128, 512])
net_out.shape: torch.Size([128, 512])
Training: 2025-03-27 08:07:26,575-[val][26000]XNorm: 20.892858505249023
Training: 2025-03-27 08:07:26,576-[val][26000]val: nan
Training: 2025-03-27 08:07:26,576-[val][26000]val_std: nan
Training: 2025-03-27 08:07:26,576-[val][26000]far: 0.0011282849591225386
Training: 2025-03-27 08:07:26,576-[val][26000]Accuracy: 1.0±0.0
Training: 2025-03-27 08:07:42,522-Speed 14.77 samples/sec   Loss 0.0042   LearningRate 0.000909   Epoch: 18   Global Step: 26010   Fp16 Grad Scale: 2097152   Required: 120 hours
Training: 2025-03-27 08:07:58,627-Speed 79.48 samples/sec   Loss 0.0066   LearningRate 0.000909   Epoch: 18   Global Step: 26020   Fp16 Grad Scale: 2097152   Required: 120 hours
Training: 2025-03-27 08:08:14,682-Speed 79.73 samples/sec   Loss 0.0039   LearningRate 0.000909   Epoch: 18   Global Step: 26030   Fp16 Grad Scale: 2097152   Required: 120 hours
Training: 2025-03-27 08:08:30,710-Speed 79.86 samples/sec   Loss 0.0018   LearningRate 0.000909   Epoch: 18   Global Step: 26040   Fp16 Grad Scale: 2097152   Required: 120 hours
Training: 2025-03-27 08:08:46,929-Speed 78.92 samples/sec   Loss 0.0022   LearningRate 0.000909   Epoch: 18   Global Step: 26050   Fp16 Grad Scale: 2097152   Required: 120 hours
Training: 2025-03-27 08:09:03,020-Speed 79.56 samples/sec   Loss 0.0011   LearningRate 0.000909   Epoch: 18   Global Step: 26060   Fp16 Grad Scale: 2097152   Required: 120 hours
Training: 2025-03-27 08:09:19,057-Speed 79.82 samples/sec   Loss 0.0026   LearningRate 0.000909   Epoch: 18   Global Step: 26070   Fp16 Grad Scale: 4194304   Required: 120 hours
Training: 2025-03-27 08:09:36,782-Speed 72.22 samples/sec   Loss 0.0130   LearningRate 0.000909   Epoch: 18   Global Step: 26080   Fp16 Grad Scale: 2097152   Required: 120 hours
Training: 2025-03-27 08:09:52,868-Speed 79.58 samples/sec   Loss 0.0020   LearningRate 0.000909   Epoch: 18   Global Step: 26090   Fp16 Grad Scale: 2097152   Required: 120 hours
Training: 2025-03-27 08:10:08,943-Speed 79.63 samples/sec   Loss 0.0023   LearningRate 0.000908   Epoch: 18   Global Step: 26100   Fp16 Grad Scale: 2097152   Required: 120 hours
Training: 2025-03-27 08:10:24,973-Speed 79.85 samples/sec   Loss 0.0037   LearningRate 0.000908   Epoch: 18   Global Step: 26110   Fp16 Grad Scale: 2097152   Required: 120 hours
Training: 2025-03-27 08:10:41,043-Speed 79.65 samples/sec   Loss 0.0039   LearningRate 0.000908   Epoch: 18   Global Step: 26120   Fp16 Grad Scale: 2097152   Required: 120 hours
Training: 2025-03-27 08:10:57,120-Speed 79.62 samples/sec   Loss 0.0031   LearningRate 0.000908   Epoch: 18   Global Step: 26130   Fp16 Grad Scale: 2097152   Required: 120 hours
Training: 2025-03-27 08:11:13,171-Speed 79.75 samples/sec   Loss 0.0022   LearningRate 0.000908   Epoch: 18   Global Step: 26140   Fp16 Grad Scale: 2097152   Required: 120 hours
Training: 2025-03-27 08:11:29,271-Speed 79.50 samples/sec   Loss 0.0015   LearningRate 0.000908   Epoch: 18   Global Step: 26150   Fp16 Grad Scale: 2097152   Required: 120 hours
Training: 2025-03-27 08:11:45,383-Speed 79.45 samples/sec   Loss 0.0018   LearningRate 0.000908   Epoch: 18   Global Step: 26160   Fp16 Grad Scale: 2097152   Required: 120 hours
Training: 2025-03-27 08:12:01,477-Speed 79.53 samples/sec   Loss 0.0009   LearningRate 0.000908   Epoch: 18   Global Step: 26170   Fp16 Grad Scale: 2097152   Required: 120 hours
Training: 2025-03-27 08:12:17,526-Speed 79.76 samples/sec   Loss 0.0057   LearningRate 0.000908   Epoch: 18   Global Step: 26180   Fp16 Grad Scale: 4194304   Required: 120 hours
Training: 2025-03-27 08:12:33,601-Speed 79.63 samples/sec   Loss 0.0024   LearningRate 0.000908   Epoch: 18   Global Step: 26190   Fp16 Grad Scale: 4194304   Required: 120 hours
Training: 2025-03-27 08:12:49,709-Speed 79.47 samples/sec   Loss 0.0062   LearningRate 0.000908   Epoch: 18   Global Step: 26200   Fp16 Grad Scale: 2097152   Required: 120 hours
Training: 2025-03-27 08:13:05,982-Speed 78.66 samples/sec   Loss 0.0051   LearningRate 0.000908   Epoch: 18   Global Step: 26210   Fp16 Grad Scale: 2097152   Required: 120 hours
Training: 2025-03-27 08:13:22,084-Speed 79.50 samples/sec   Loss 0.0058   LearningRate 0.000908   Epoch: 18   Global Step: 26220   Fp16 Grad Scale: 2097152   Required: 120 hours
Training: 2025-03-27 08:13:38,102-Speed 79.91 samples/sec   Loss 0.0007   LearningRate 0.000908   Epoch: 18   Global Step: 26230   Fp16 Grad Scale: 2097152   Required: 120 hours
Training: 2025-03-27 08:13:54,151-Speed 79.76 samples/sec   Loss 0.0033   LearningRate 0.000908   Epoch: 18   Global Step: 26240   Fp16 Grad Scale: 1048576   Required: 120 hours
Training: 2025-03-27 08:14:10,191-Speed 79.81 samples/sec   Loss 0.0048   LearningRate 0.000908   Epoch: 18   Global Step: 26250   Fp16 Grad Scale: 1048576   Required: 120 hours
Training: 2025-03-27 08:14:27,684-Speed 73.17 samples/sec   Loss 0.0026   LearningRate 0.000908   Epoch: 18   Global Step: 26260   Fp16 Grad Scale: 1048576   Required: 120 hours
Training: 2025-03-27 08:14:43,750-Speed 79.67 samples/sec   Loss 0.0111   LearningRate 0.000908   Epoch: 18   Global Step: 26270   Fp16 Grad Scale: 1048576   Required: 120 hours
Training: 2025-03-27 08:14:59,780-Speed 79.85 samples/sec   Loss 0.0051   LearningRate 0.000908   Epoch: 18   Global Step: 26280   Fp16 Grad Scale: 524288   Required: 120 hours
Training: 2025-03-27 08:15:15,879-Speed 79.51 samples/sec   Loss 0.0814   LearningRate 0.000908   Epoch: 18   Global Step: 26290   Fp16 Grad Scale: 524288   Required: 120 hours
Training: 2025-03-27 08:15:31,957-Speed 79.61 samples/sec   Loss 0.0074   LearningRate 0.000908   Epoch: 18   Global Step: 26300   Fp16 Grad Scale: 524288   Required: 120 hours
Training: 2025-03-27 08:15:48,077-Speed 79.41 samples/sec   Loss 0.0066   LearningRate 0.000908   Epoch: 18   Global Step: 26310   Fp16 Grad Scale: 524288   Required: 120 hours
Training: 2025-03-27 08:16:04,140-Speed 79.69 samples/sec   Loss 0.0405   LearningRate 0.000908   Epoch: 18   Global Step: 26320   Fp16 Grad Scale: 524288   Required: 120 hours
Training: 2025-03-27 08:16:20,262-Speed 79.40 samples/sec   Loss 0.0148   LearningRate 0.000908   Epoch: 18   Global Step: 26330   Fp16 Grad Scale: 524288   Required: 120 hours
Training: 2025-03-27 08:16:36,361-Speed 79.51 samples/sec   Loss 0.0036   LearningRate 0.000908   Epoch: 18   Global Step: 26340   Fp16 Grad Scale: 524288   Required: 120 hours
Training: 2025-03-27 08:16:52,400-Speed 79.81 samples/sec   Loss 0.0070   LearningRate 0.000908   Epoch: 18   Global Step: 26350   Fp16 Grad Scale: 524288   Required: 120 hours
Training: 2025-03-27 08:17:08,626-Speed 78.89 samples/sec   Loss 0.0840   LearningRate 0.000908   Epoch: 18   Global Step: 26360   Fp16 Grad Scale: 524288   Required: 120 hours
Training: 2025-03-27 08:17:24,701-Speed 79.63 samples/sec   Loss 0.0051   LearningRate 0.000908   Epoch: 18   Global Step: 26370   Fp16 Grad Scale: 524288   Required: 120 hours
Training: 2025-03-27 08:17:40,789-Speed 79.57 samples/sec   Loss 0.0171   LearningRate 0.000908   Epoch: 18   Global Step: 26380   Fp16 Grad Scale: 1048576   Required: 120 hours
Training: 2025-03-27 08:17:56,900-Speed 79.46 samples/sec   Loss 0.0122   LearningRate 0.000907   Epoch: 18   Global Step: 26390   Fp16 Grad Scale: 1048576   Required: 120 hours
Training: 2025-03-27 08:18:12,927-Speed 79.87 samples/sec   Loss 0.0232   LearningRate 0.000907   Epoch: 18   Global Step: 26400   Fp16 Grad Scale: 524288   Required: 120 hours
Training: 2025-03-27 08:18:29,017-Speed 79.55 samples/sec   Loss 0.0091   LearningRate 0.000907   Epoch: 18   Global Step: 26410   Fp16 Grad Scale: 524288   Required: 120 hours
Training: 2025-03-27 08:18:45,064-Speed 79.77 samples/sec   Loss 0.0116   LearningRate 0.000907   Epoch: 18   Global Step: 26420   Fp16 Grad Scale: 524288   Required: 120 hours
Training: 2025-03-27 08:19:01,045-Speed 80.10 samples/sec   Loss 0.0106   LearningRate 0.000907   Epoch: 18   Global Step: 26430   Fp16 Grad Scale: 524288   Required: 120 hours
Training: 2025-03-27 08:19:17,108-Speed 79.69 samples/sec   Loss 0.0845   LearningRate 0.000907   Epoch: 18   Global Step: 26440   Fp16 Grad Scale: 524288   Required: 120 hours
Training: 2025-03-27 08:19:34,808-Speed 72.32 samples/sec   Loss 0.0192   LearningRate 0.000907   Epoch: 18   Global Step: 26450   Fp16 Grad Scale: 524288   Required: 120 hours
Training: 2025-03-27 08:19:50,893-Speed 79.58 samples/sec   Loss 0.0113   LearningRate 0.000907   Epoch: 18   Global Step: 26460   Fp16 Grad Scale: 524288   Required: 120 hours
Training: 2025-03-27 08:20:07,009-Speed 79.43 samples/sec   Loss 0.0130   LearningRate 0.000907   Epoch: 18   Global Step: 26470   Fp16 Grad Scale: 524288   Required: 120 hours
Training: 2025-03-27 08:20:23,106-Speed 79.52 samples/sec   Loss 0.0093   LearningRate 0.000907   Epoch: 18   Global Step: 26480   Fp16 Grad Scale: 524288   Required: 120 hours
Training: 2025-03-27 08:20:39,163-Speed 79.72 samples/sec   Loss 0.0234   LearningRate 0.000907   Epoch: 18   Global Step: 26490   Fp16 Grad Scale: 524288   Required: 120 hours
Training: 2025-03-27 08:20:55,181-Speed 79.92 samples/sec   Loss 0.0104   LearningRate 0.000907   Epoch: 18   Global Step: 26500   Fp16 Grad Scale: 1048576   Required: 120 hours
Training: 2025-03-27 08:21:11,310-Speed 79.36 samples/sec   Loss 0.0092   LearningRate 0.000907   Epoch: 18   Global Step: 26510   Fp16 Grad Scale: 1048576   Required: 120 hours
Training: 2025-03-27 08:21:27,368-Speed 79.71 samples/sec   Loss 0.0055   LearningRate 0.000907   Epoch: 18   Global Step: 26520   Fp16 Grad Scale: 1048576   Required: 120 hours
Training: 2025-03-27 08:21:43,456-Speed 79.57 samples/sec   Loss 0.0054   LearningRate 0.000907   Epoch: 18   Global Step: 26530   Fp16 Grad Scale: 1048576   Required: 120 hours
Training: 2025-03-27 08:21:59,525-Speed 79.66 samples/sec   Loss 0.0412   LearningRate 0.000907   Epoch: 18   Global Step: 26540   Fp16 Grad Scale: 524288   Required: 120 hours
Training: 2025-03-27 08:22:15,581-Speed 79.72 samples/sec   Loss 0.0102   LearningRate 0.000907   Epoch: 18   Global Step: 26550   Fp16 Grad Scale: 524288   Required: 120 hours
Training: 2025-03-27 08:22:31,700-Speed 79.41 samples/sec   Loss 0.0051   LearningRate 0.000907   Epoch: 18   Global Step: 26560   Fp16 Grad Scale: 524288   Required: 120 hours
Training: 2025-03-27 08:22:47,768-Speed 79.66 samples/sec   Loss 0.0068   LearningRate 0.000907   Epoch: 18   Global Step: 26570   Fp16 Grad Scale: 524288   Required: 120 hours
Training: 2025-03-27 08:23:03,825-Speed 79.72 samples/sec   Loss 0.0036   LearningRate 0.000907   Epoch: 18   Global Step: 26580   Fp16 Grad Scale: 524288   Required: 120 hours
Training: 2025-03-27 08:23:19,848-Speed 79.89 samples/sec   Loss 0.0452   LearningRate 0.000907   Epoch: 18   Global Step: 26590   Fp16 Grad Scale: 524288   Required: 120 hours
Training: 2025-03-27 08:23:35,945-Speed 79.52 samples/sec   Loss 0.0077   LearningRate 0.000907   Epoch: 18   Global Step: 26600   Fp16 Grad Scale: 524288   Required: 120 hours
Training: 2025-03-27 08:23:52,003-Speed 79.71 samples/sec   Loss 0.0089   LearningRate 0.000907   Epoch: 18   Global Step: 26610   Fp16 Grad Scale: 524288   Required: 120 hours
Training: 2025-03-27 08:24:08,094-Speed 79.55 samples/sec   Loss 0.0038   LearningRate 0.000907   Epoch: 18   Global Step: 26620   Fp16 Grad Scale: 524288   Required: 120 hours
Training: 2025-03-27 08:24:24,203-Speed 79.46 samples/sec   Loss 0.0049   LearningRate 0.000907   Epoch: 18   Global Step: 26630   Fp16 Grad Scale: 524288   Required: 120 hours
Training: 2025-03-27 08:24:41,796-Speed 72.76 samples/sec   Loss 0.0075   LearningRate 0.000907   Epoch: 18   Global Step: 26640   Fp16 Grad Scale: 1048576   Required: 120 hours
Training: 2025-03-27 08:24:57,796-Speed 80.00 samples/sec   Loss 0.0032   LearningRate 0.000907   Epoch: 18   Global Step: 26650   Fp16 Grad Scale: 1048576   Required: 120 hours
Training: 2025-03-27 08:25:13,883-Speed 79.57 samples/sec   Loss 0.0069   LearningRate 0.000907   Epoch: 18   Global Step: 26660   Fp16 Grad Scale: 1048576   Required: 120 hours
Training: 2025-03-27 08:25:29,937-Speed 79.74 samples/sec   Loss 0.0045   LearningRate 0.000906   Epoch: 18   Global Step: 26670   Fp16 Grad Scale: 1048576   Required: 120 hours
Training: 2025-03-27 08:25:46,000-Speed 79.73 samples/sec   Loss 0.0028   LearningRate 0.000906   Epoch: 18   Global Step: 26680   Fp16 Grad Scale: 1048576   Required: 120 hours
Training: 2025-03-27 08:26:02,088-Speed 79.57 samples/sec   Loss 0.0051   LearningRate 0.000906   Epoch: 18   Global Step: 26690   Fp16 Grad Scale: 1048576   Required: 120 hours
Training: 2025-03-27 08:26:18,213-Speed 79.38 samples/sec   Loss 0.0021   LearningRate 0.000906   Epoch: 18   Global Step: 26700   Fp16 Grad Scale: 1048576   Required: 120 hours
Training: 2025-03-27 08:26:34,335-Speed 79.40 samples/sec   Loss 0.0032   LearningRate 0.000906   Epoch: 18   Global Step: 26710   Fp16 Grad Scale: 1048576   Required: 120 hours
Training: 2025-03-27 08:26:50,397-Speed 79.69 samples/sec   Loss 0.0029   LearningRate 0.000906   Epoch: 18   Global Step: 26720   Fp16 Grad Scale: 1048576   Required: 120 hours
Training: 2025-03-27 08:27:06,491-Speed 79.53 samples/sec   Loss 0.0066   LearningRate 0.000906   Epoch: 18   Global Step: 26730   Fp16 Grad Scale: 1048576   Required: 120 hours
Training: 2025-03-27 08:27:22,555-Speed 79.68 samples/sec   Loss 0.0019   LearningRate 0.000906   Epoch: 18   Global Step: 26740   Fp16 Grad Scale: 2097152   Required: 120 hours
Training: 2025-03-27 08:27:38,591-Speed 79.83 samples/sec   Loss 0.0057   LearningRate 0.000906   Epoch: 18   Global Step: 26750   Fp16 Grad Scale: 2097152   Required: 120 hours
Training: 2025-03-27 08:27:54,623-Speed 79.84 samples/sec   Loss 0.0028   LearningRate 0.000906   Epoch: 18   Global Step: 26760   Fp16 Grad Scale: 2097152   Required: 120 hours
Training: 2025-03-27 08:28:10,696-Speed 79.64 samples/sec   Loss 0.0027   LearningRate 0.000906   Epoch: 18   Global Step: 26770   Fp16 Grad Scale: 2097152   Required: 120 hours
Training: 2025-03-27 08:28:26,763-Speed 79.67 samples/sec   Loss 0.0081   LearningRate 0.000906   Epoch: 18   Global Step: 26780   Fp16 Grad Scale: 2097152   Required: 120 hours
Training: 2025-03-27 08:28:42,786-Speed 79.89 samples/sec   Loss 0.0038   LearningRate 0.000906   Epoch: 18   Global Step: 26790   Fp16 Grad Scale: 2097152   Required: 119 hours
Training: 2025-03-27 08:28:58,856-Speed 79.65 samples/sec   Loss 0.0046   LearningRate 0.000906   Epoch: 18   Global Step: 26800   Fp16 Grad Scale: 2097152   Required: 119 hours
Training: 2025-03-27 08:29:14,931-Speed 79.63 samples/sec   Loss 0.0264   LearningRate 0.000906   Epoch: 18   Global Step: 26810   Fp16 Grad Scale: 2097152   Required: 119 hours
Training: 2025-03-27 08:29:30,995-Speed 79.68 samples/sec   Loss 0.0457   LearningRate 0.000906   Epoch: 18   Global Step: 26820   Fp16 Grad Scale: 1048576   Required: 119 hours
Training: 2025-03-27 08:29:48,687-Speed 72.35 samples/sec   Loss 0.0068   LearningRate 0.000906   Epoch: 18   Global Step: 26830   Fp16 Grad Scale: 1048576   Required: 119 hours
Training: 2025-03-27 08:30:04,797-Speed 79.46 samples/sec   Loss 0.0096   LearningRate 0.000906   Epoch: 18   Global Step: 26840   Fp16 Grad Scale: 1048576   Required: 119 hours
Training: 2025-03-27 08:30:20,824-Speed 79.87 samples/sec   Loss 0.0036   LearningRate 0.000906   Epoch: 18   Global Step: 26850   Fp16 Grad Scale: 1048576   Required: 119 hours
Training: 2025-03-27 08:30:36,863-Speed 79.81 samples/sec   Loss 0.0040   LearningRate 0.000906   Epoch: 18   Global Step: 26860   Fp16 Grad Scale: 1048576   Required: 119 hours
Training: 2025-03-27 08:30:52,884-Speed 79.90 samples/sec   Loss 0.0029   LearningRate 0.000906   Epoch: 18   Global Step: 26870   Fp16 Grad Scale: 1048576   Required: 119 hours
Training: 2025-03-27 08:31:08,939-Speed 79.73 samples/sec   Loss 0.0214   LearningRate 0.000906   Epoch: 18   Global Step: 26880   Fp16 Grad Scale: 1048576   Required: 119 hours
Training: 2025-03-27 08:31:24,966-Speed 79.87 samples/sec   Loss 0.0095   LearningRate 0.000906   Epoch: 18   Global Step: 26890   Fp16 Grad Scale: 1048576   Required: 119 hours
Training: 2025-03-27 08:31:40,987-Speed 79.90 samples/sec   Loss 0.0087   LearningRate 0.000906   Epoch: 18   Global Step: 26900   Fp16 Grad Scale: 1048576   Required: 119 hours
Training: 2025-03-27 08:31:57,063-Speed 79.63 samples/sec   Loss 0.0056   LearningRate 0.000906   Epoch: 18   Global Step: 26910   Fp16 Grad Scale: 1048576   Required: 119 hours
Training: 2025-03-27 08:32:13,084-Speed 79.89 samples/sec   Loss 0.0070   LearningRate 0.000906   Epoch: 18   Global Step: 26920   Fp16 Grad Scale: 2097152   Required: 119 hours
Training: 2025-03-27 08:32:29,169-Speed 79.58 samples/sec   Loss 0.0031   LearningRate 0.000906   Epoch: 18   Global Step: 26930   Fp16 Grad Scale: 2097152   Required: 119 hours
Training: 2025-03-27 08:32:45,189-Speed 79.90 samples/sec   Loss 0.0033   LearningRate 0.000906   Epoch: 18   Global Step: 26940   Fp16 Grad Scale: 2097152   Required: 119 hours
Training: 2025-03-27 08:33:01,219-Speed 79.85 samples/sec   Loss 0.0032   LearningRate 0.000906   Epoch: 18   Global Step: 26950   Fp16 Grad Scale: 2097152   Required: 119 hours
Training: 2025-03-27 08:33:17,281-Speed 79.70 samples/sec   Loss 0.0067   LearningRate 0.000905   Epoch: 18   Global Step: 26960   Fp16 Grad Scale: 2097152   Required: 119 hours
Training: 2025-03-27 08:33:33,352-Speed 79.65 samples/sec   Loss 0.0089   LearningRate 0.000905   Epoch: 18   Global Step: 26970   Fp16 Grad Scale: 2097152   Required: 119 hours
Training: 2025-03-27 08:33:49,457-Speed 79.48 samples/sec   Loss 0.0182   LearningRate 0.000905   Epoch: 18   Global Step: 26980   Fp16 Grad Scale: 2097152   Required: 119 hours
Training: 2025-03-27 08:34:05,548-Speed 79.55 samples/sec   Loss 0.0030   LearningRate 0.000905   Epoch: 18   Global Step: 26990   Fp16 Grad Scale: 2097152   Required: 119 hours
Training: 2025-03-27 08:34:21,590-Speed 79.80 samples/sec   Loss 0.0045   LearningRate 0.000905   Epoch: 18   Global Step: 27000   Fp16 Grad Scale: 2097152   Required: 119 hours
Training: 2025-03-27 08:34:37,655-Speed 79.68 samples/sec   Loss 0.0051   LearningRate 0.000905   Epoch: 18   Global Step: 27010   Fp16 Grad Scale: 2097152   Required: 119 hours
Training: 2025-03-27 08:34:55,550-Speed 71.53 samples/sec   Loss 0.0024   LearningRate 0.000905   Epoch: 18   Global Step: 27020   Fp16 Grad Scale: 4194304   Required: 119 hours
Training: 2025-03-27 08:35:11,622-Speed 79.64 samples/sec   Loss 0.0023   LearningRate 0.000905   Epoch: 18   Global Step: 27030   Fp16 Grad Scale: 4194304   Required: 119 hours
Training: 2025-03-27 08:35:27,652-Speed 79.85 samples/sec   Loss 0.0049   LearningRate 0.000905   Epoch: 18   Global Step: 27040   Fp16 Grad Scale: 4194304   Required: 119 hours
Training: 2025-03-27 08:35:43,683-Speed 79.85 samples/sec   Loss 0.0216   LearningRate 0.000905   Epoch: 18   Global Step: 27050   Fp16 Grad Scale: 2097152   Required: 119 hours
Training: 2025-03-27 08:35:59,722-Speed 79.81 samples/sec   Loss 0.0094   LearningRate 0.000905   Epoch: 18   Global Step: 27060   Fp16 Grad Scale: 2097152   Required: 119 hours
Training: 2025-03-27 08:36:15,780-Speed 79.71 samples/sec   Loss 0.0025   LearningRate 0.000905   Epoch: 18   Global Step: 27070   Fp16 Grad Scale: 2097152   Required: 119 hours
Training: 2025-03-27 08:36:31,801-Speed 79.90 samples/sec   Loss 0.0044   LearningRate 0.000905   Epoch: 18   Global Step: 27080   Fp16 Grad Scale: 2097152   Required: 119 hours
Training: 2025-03-27 08:36:47,006-Speed 84.19 samples/sec   Loss 0.0050   LearningRate 0.000905   Epoch: 18   Global Step: 27090   Fp16 Grad Scale: 2097152   Required: 119 hours
Training: 2025-03-27 08:37:06,056-Speed 67.20 samples/sec   Loss 0.0036   LearningRate 0.000905   Epoch: 19   Global Step: 27100   Fp16 Grad Scale: 2097152   Required: 119 hours
Training: 2025-03-27 08:37:22,063-Speed 79.96 samples/sec   Loss 0.0683   LearningRate 0.000905   Epoch: 19   Global Step: 27110   Fp16 Grad Scale: 2097152   Required: 119 hours
Training: 2025-03-27 08:37:38,143-Speed 79.61 samples/sec   Loss 0.0073   LearningRate 0.000905   Epoch: 19   Global Step: 27120   Fp16 Grad Scale: 2097152   Required: 119 hours
Training: 2025-03-27 08:37:54,175-Speed 79.84 samples/sec   Loss 0.0119   LearningRate 0.000905   Epoch: 19   Global Step: 27130   Fp16 Grad Scale: 2097152   Required: 119 hours
Training: 2025-03-27 08:38:10,361-Speed 79.08 samples/sec   Loss 0.0103   LearningRate 0.000905   Epoch: 19   Global Step: 27140   Fp16 Grad Scale: 2097152   Required: 119 hours
Training: 2025-03-27 08:38:26,442-Speed 79.60 samples/sec   Loss 0.0172   LearningRate 0.000905   Epoch: 19   Global Step: 27150   Fp16 Grad Scale: 4194304   Required: 119 hours
Training: 2025-03-27 08:38:42,488-Speed 79.77 samples/sec   Loss 0.0076   LearningRate 0.000905   Epoch: 19   Global Step: 27160   Fp16 Grad Scale: 4194304   Required: 119 hours
Training: 2025-03-27 08:38:58,551-Speed 79.69 samples/sec   Loss 0.0036   LearningRate 0.000905   Epoch: 19   Global Step: 27170   Fp16 Grad Scale: 4194304   Required: 119 hours
Training: 2025-03-27 08:39:14,563-Speed 79.94 samples/sec   Loss 0.0118   LearningRate 0.000905   Epoch: 19   Global Step: 27180   Fp16 Grad Scale: 2097152   Required: 119 hours
Training: 2025-03-27 08:39:30,612-Speed 79.76 samples/sec   Loss 0.0185   LearningRate 0.000905   Epoch: 19   Global Step: 27190   Fp16 Grad Scale: 2097152   Required: 119 hours
Training: 2025-03-27 08:39:48,472-Speed 71.67 samples/sec   Loss 0.0076   LearningRate 0.000905   Epoch: 19   Global Step: 27200   Fp16 Grad Scale: 2097152   Required: 119 hours
Training: 2025-03-27 08:40:04,552-Speed 79.60 samples/sec   Loss 0.0075   LearningRate 0.000905   Epoch: 19   Global Step: 27210   Fp16 Grad Scale: 2097152   Required: 119 hours
Training: 2025-03-27 08:40:20,585-Speed 79.84 samples/sec   Loss 0.0617   LearningRate 0.000905   Epoch: 19   Global Step: 27220   Fp16 Grad Scale: 1048576   Required: 119 hours
Training: 2025-03-27 08:40:36,660-Speed 79.63 samples/sec   Loss 0.0077   LearningRate 0.000905   Epoch: 19   Global Step: 27230   Fp16 Grad Scale: 1048576   Required: 119 hours
Training: 2025-03-27 08:40:52,708-Speed 79.76 samples/sec   Loss 0.0060   LearningRate 0.000904   Epoch: 19   Global Step: 27240   Fp16 Grad Scale: 1048576   Required: 119 hours
Training: 2025-03-27 08:41:08,753-Speed 79.78 samples/sec   Loss 0.0046   LearningRate 0.000904   Epoch: 19   Global Step: 27250   Fp16 Grad Scale: 1048576   Required: 119 hours
Training: 2025-03-27 08:41:24,831-Speed 79.61 samples/sec   Loss 0.0043   LearningRate 0.000904   Epoch: 19   Global Step: 27260   Fp16 Grad Scale: 1048576   Required: 119 hours
Training: 2025-03-27 08:41:40,865-Speed 79.83 samples/sec   Loss 0.0363   LearningRate 0.000904   Epoch: 19   Global Step: 27270   Fp16 Grad Scale: 1048576   Required: 119 hours
Training: 2025-03-27 08:41:56,939-Speed 79.64 samples/sec   Loss 0.0089   LearningRate 0.000904   Epoch: 19   Global Step: 27280   Fp16 Grad Scale: 1048576   Required: 119 hours
Training: 2025-03-27 08:42:12,956-Speed 79.92 samples/sec   Loss 0.0232   LearningRate 0.000904   Epoch: 19   Global Step: 27290   Fp16 Grad Scale: 1048576   Required: 119 hours
Training: 2025-03-27 08:42:29,146-Speed 79.06 samples/sec   Loss 0.0108   LearningRate 0.000904   Epoch: 19   Global Step: 27300   Fp16 Grad Scale: 1048576   Required: 119 hours
Training: 2025-03-27 08:42:45,207-Speed 79.70 samples/sec   Loss 0.0088   LearningRate 0.000904   Epoch: 19   Global Step: 27310   Fp16 Grad Scale: 1048576   Required: 119 hours
Training: 2025-03-27 08:43:01,242-Speed 79.82 samples/sec   Loss 0.0782   LearningRate 0.000904   Epoch: 19   Global Step: 27320   Fp16 Grad Scale: 524288   Required: 119 hours
Training: 2025-03-27 08:43:17,268-Speed 79.88 samples/sec   Loss 0.0564   LearningRate 0.000904   Epoch: 19   Global Step: 27330   Fp16 Grad Scale: 524288   Required: 119 hours
Training: 2025-03-27 08:43:33,295-Speed 79.87 samples/sec   Loss 0.0120   LearningRate 0.000904   Epoch: 19   Global Step: 27340   Fp16 Grad Scale: 524288   Required: 119 hours
Training: 2025-03-27 08:43:49,319-Speed 79.88 samples/sec   Loss 0.0070   LearningRate 0.000904   Epoch: 19   Global Step: 27350   Fp16 Grad Scale: 524288   Required: 119 hours
Training: 2025-03-27 08:44:05,419-Speed 79.51 samples/sec   Loss 0.0069   LearningRate 0.000904   Epoch: 19   Global Step: 27360   Fp16 Grad Scale: 524288   Required: 119 hours
Training: 2025-03-27 08:44:21,498-Speed 79.61 samples/sec   Loss 0.0146   LearningRate 0.000904   Epoch: 19   Global Step: 27370   Fp16 Grad Scale: 524288   Required: 119 hours
Training: 2025-03-27 08:44:37,593-Speed 79.53 samples/sec   Loss 0.0040   LearningRate 0.000904   Epoch: 19   Global Step: 27380   Fp16 Grad Scale: 524288   Required: 119 hours
Training: 2025-03-27 08:44:55,080-Speed 73.20 samples/sec   Loss 0.0120   LearningRate 0.000904   Epoch: 19   Global Step: 27390   Fp16 Grad Scale: 524288   Required: 119 hours
Training: 2025-03-27 08:45:11,134-Speed 79.73 samples/sec   Loss 0.0659   LearningRate 0.000904   Epoch: 19   Global Step: 27400   Fp16 Grad Scale: 524288   Required: 119 hours
Training: 2025-03-27 08:45:27,189-Speed 79.73 samples/sec   Loss 0.0040   LearningRate 0.000904   Epoch: 19   Global Step: 27410   Fp16 Grad Scale: 524288   Required: 119 hours
Training: 2025-03-27 08:45:43,289-Speed 79.50 samples/sec   Loss 0.0122   LearningRate 0.000904   Epoch: 19   Global Step: 27420   Fp16 Grad Scale: 1048576   Required: 119 hours
Training: 2025-03-27 08:45:59,358-Speed 79.66 samples/sec   Loss 0.0054   LearningRate 0.000904   Epoch: 19   Global Step: 27430   Fp16 Grad Scale: 1048576   Required: 119 hours
Training: 2025-03-27 08:46:15,397-Speed 79.81 samples/sec   Loss 0.0047   LearningRate 0.000904   Epoch: 19   Global Step: 27440   Fp16 Grad Scale: 1048576   Required: 119 hours
Training: 2025-03-27 08:46:31,572-Speed 79.14 samples/sec   Loss 0.0134   LearningRate 0.000904   Epoch: 19   Global Step: 27450   Fp16 Grad Scale: 1048576   Required: 119 hours
Training: 2025-03-27 08:46:47,624-Speed 79.74 samples/sec   Loss 0.0046   LearningRate 0.000904   Epoch: 19   Global Step: 27460   Fp16 Grad Scale: 1048576   Required: 119 hours
Training: 2025-03-27 08:47:03,684-Speed 79.71 samples/sec   Loss 0.0039   LearningRate 0.000904   Epoch: 19   Global Step: 27470   Fp16 Grad Scale: 1048576   Required: 119 hours
Training: 2025-03-27 08:47:19,721-Speed 79.81 samples/sec   Loss 0.0057   LearningRate 0.000904   Epoch: 19   Global Step: 27480   Fp16 Grad Scale: 1048576   Required: 119 hours
Training: 2025-03-27 08:47:35,772-Speed 79.75 samples/sec   Loss 0.0049   LearningRate 0.000904   Epoch: 19   Global Step: 27490   Fp16 Grad Scale: 1048576   Required: 119 hours
Training: 2025-03-27 08:47:51,851-Speed 79.61 samples/sec   Loss 0.0045   LearningRate 0.000904   Epoch: 19   Global Step: 27500   Fp16 Grad Scale: 1048576   Required: 119 hours
Training: 2025-03-27 08:48:07,924-Speed 79.64 samples/sec   Loss 0.0024   LearningRate 0.000904   Epoch: 19   Global Step: 27510   Fp16 Grad Scale: 1048576   Required: 119 hours
Training: 2025-03-27 08:48:23,995-Speed 79.65 samples/sec   Loss 0.0088   LearningRate 0.000904   Epoch: 19   Global Step: 27520   Fp16 Grad Scale: 2097152   Required: 119 hours
Training: 2025-03-27 08:48:40,073-Speed 79.61 samples/sec   Loss 0.0031   LearningRate 0.000903   Epoch: 19   Global Step: 27530   Fp16 Grad Scale: 2097152   Required: 119 hours
Training: 2025-03-27 08:48:56,120-Speed 79.77 samples/sec   Loss 0.0077   LearningRate 0.000903   Epoch: 19   Global Step: 27540   Fp16 Grad Scale: 2097152   Required: 119 hours
Training: 2025-03-27 08:49:12,180-Speed 79.71 samples/sec   Loss 0.0047   LearningRate 0.000903   Epoch: 19   Global Step: 27550   Fp16 Grad Scale: 2097152   Required: 119 hours
Training: 2025-03-27 08:49:28,217-Speed 79.82 samples/sec   Loss 0.0017   LearningRate 0.000903   Epoch: 19   Global Step: 27560   Fp16 Grad Scale: 2097152   Required: 119 hours
Training: 2025-03-27 08:49:44,252-Speed 79.83 samples/sec   Loss 0.0027   LearningRate 0.000903   Epoch: 19   Global Step: 27570   Fp16 Grad Scale: 2097152   Required: 119 hours
Training: 2025-03-27 08:50:02,056-Speed 71.89 samples/sec   Loss 0.0030   LearningRate 0.000903   Epoch: 19   Global Step: 27580   Fp16 Grad Scale: 2097152   Required: 119 hours
Training: 2025-03-27 08:50:18,096-Speed 79.80 samples/sec   Loss 0.0212   LearningRate 0.000903   Epoch: 19   Global Step: 27590   Fp16 Grad Scale: 2097152   Required: 119 hours
Training: 2025-03-27 08:50:34,183-Speed 79.57 samples/sec   Loss 0.0034   LearningRate 0.000903   Epoch: 19   Global Step: 27600   Fp16 Grad Scale: 2097152   Required: 119 hours
Training: 2025-03-27 08:50:50,339-Speed 79.23 samples/sec   Loss 0.0578   LearningRate 0.000903   Epoch: 19   Global Step: 27610   Fp16 Grad Scale: 1048576   Required: 119 hours
Training: 2025-03-27 08:51:06,424-Speed 79.58 samples/sec   Loss 0.0067   LearningRate 0.000903   Epoch: 19   Global Step: 27620   Fp16 Grad Scale: 1048576   Required: 119 hours
Training: 2025-03-27 08:51:22,499-Speed 79.63 samples/sec   Loss 0.0337   LearningRate 0.000903   Epoch: 19   Global Step: 27630   Fp16 Grad Scale: 1048576   Required: 119 hours
Training: 2025-03-27 08:51:38,557-Speed 79.71 samples/sec   Loss 0.0933   LearningRate 0.000903   Epoch: 19   Global Step: 27640   Fp16 Grad Scale: 1048576   Required: 119 hours
Training: 2025-03-27 08:51:54,609-Speed 79.74 samples/sec   Loss 0.0177   LearningRate 0.000903   Epoch: 19   Global Step: 27650   Fp16 Grad Scale: 1048576   Required: 119 hours
Training: 2025-03-27 08:52:10,754-Speed 79.28 samples/sec   Loss 0.0444   LearningRate 0.000903   Epoch: 19   Global Step: 27660   Fp16 Grad Scale: 1048576   Required: 119 hours
Training: 2025-03-27 08:52:26,834-Speed 79.61 samples/sec   Loss 0.0647   LearningRate 0.000903   Epoch: 19   Global Step: 27670   Fp16 Grad Scale: 524288   Required: 119 hours
Training: 2025-03-27 08:52:42,884-Speed 79.75 samples/sec   Loss 0.1236   LearningRate 0.000903   Epoch: 19   Global Step: 27680   Fp16 Grad Scale: 524288   Required: 119 hours
Training: 2025-03-27 08:52:58,999-Speed 79.43 samples/sec   Loss 0.0376   LearningRate 0.000903   Epoch: 19   Global Step: 27690   Fp16 Grad Scale: 524288   Required: 119 hours
Training: 2025-03-27 08:53:15,096-Speed 79.52 samples/sec   Loss 0.0235   LearningRate 0.000903   Epoch: 19   Global Step: 27700   Fp16 Grad Scale: 524288   Required: 119 hours
Training: 2025-03-27 08:53:31,196-Speed 79.51 samples/sec   Loss 0.0341   LearningRate 0.000903   Epoch: 19   Global Step: 27710   Fp16 Grad Scale: 524288   Required: 119 hours
Training: 2025-03-27 08:53:47,209-Speed 79.94 samples/sec   Loss 0.0200   LearningRate 0.000903   Epoch: 19   Global Step: 27720   Fp16 Grad Scale: 524288   Required: 119 hours
Training: 2025-03-27 08:54:03,278-Speed 79.66 samples/sec   Loss 0.0103   LearningRate 0.000903   Epoch: 19   Global Step: 27730   Fp16 Grad Scale: 524288   Required: 119 hours
Training: 2025-03-27 08:54:19,331-Speed 79.74 samples/sec   Loss 0.0136   LearningRate 0.000903   Epoch: 19   Global Step: 27740   Fp16 Grad Scale: 524288   Required: 119 hours
Training: 2025-03-27 08:54:35,394-Speed 79.69 samples/sec   Loss 0.0085   LearningRate 0.000903   Epoch: 19   Global Step: 27750   Fp16 Grad Scale: 524288   Required: 119 hours
Training: 2025-03-27 08:54:51,465-Speed 79.65 samples/sec   Loss 0.0066   LearningRate 0.000903   Epoch: 19   Global Step: 27760   Fp16 Grad Scale: 524288   Required: 119 hours
Training: 2025-03-27 08:55:09,168-Speed 72.31 samples/sec   Loss 0.0058   LearningRate 0.000903   Epoch: 19   Global Step: 27770   Fp16 Grad Scale: 1048576   Required: 119 hours
Training: 2025-03-27 08:55:25,207-Speed 79.81 samples/sec   Loss 0.0430   LearningRate 0.000903   Epoch: 19   Global Step: 27780   Fp16 Grad Scale: 1048576   Required: 119 hours
Training: 2025-03-27 08:55:41,273-Speed 79.67 samples/sec   Loss 0.0234   LearningRate 0.000903   Epoch: 19   Global Step: 27790   Fp16 Grad Scale: 1048576   Required: 119 hours
Training: 2025-03-27 08:55:57,351-Speed 79.62 samples/sec   Loss 0.0140   LearningRate 0.000903   Epoch: 19   Global Step: 27800   Fp16 Grad Scale: 1048576   Required: 119 hours
Training: 2025-03-27 08:56:13,469-Speed 79.42 samples/sec   Loss 0.0136   LearningRate 0.000902   Epoch: 19   Global Step: 27810   Fp16 Grad Scale: 1048576   Required: 119 hours
Training: 2025-03-27 08:56:29,557-Speed 79.56 samples/sec   Loss 0.0085   LearningRate 0.000902   Epoch: 19   Global Step: 27820   Fp16 Grad Scale: 1048576   Required: 119 hours
Training: 2025-03-27 08:56:45,613-Speed 79.72 samples/sec   Loss 0.0156   LearningRate 0.000902   Epoch: 19   Global Step: 27830   Fp16 Grad Scale: 1048576   Required: 119 hours
Training: 2025-03-27 08:57:01,721-Speed 79.47 samples/sec   Loss 0.0118   LearningRate 0.000902   Epoch: 19   Global Step: 27840   Fp16 Grad Scale: 1048576   Required: 119 hours
Training: 2025-03-27 08:57:17,807-Speed 79.57 samples/sec   Loss 0.0265   LearningRate 0.000902   Epoch: 19   Global Step: 27850   Fp16 Grad Scale: 524288   Required: 119 hours
Training: 2025-03-27 08:57:33,828-Speed 79.90 samples/sec   Loss 0.0084   LearningRate 0.000902   Epoch: 19   Global Step: 27860   Fp16 Grad Scale: 524288   Required: 119 hours
Training: 2025-03-27 08:57:49,947-Speed 79.41 samples/sec   Loss 0.0167   LearningRate 0.000902   Epoch: 19   Global Step: 27870   Fp16 Grad Scale: 524288   Required: 119 hours
Training: 2025-03-27 08:58:06,019-Speed 79.64 samples/sec   Loss 0.0065   LearningRate 0.000902   Epoch: 19   Global Step: 27880   Fp16 Grad Scale: 524288   Required: 119 hours
Training: 2025-03-27 08:58:22,129-Speed 79.46 samples/sec   Loss 0.0183   LearningRate 0.000902   Epoch: 19   Global Step: 27890   Fp16 Grad Scale: 524288   Required: 119 hours
Training: 2025-03-27 08:58:38,293-Speed 79.20 samples/sec   Loss 0.0665   LearningRate 0.000902   Epoch: 19   Global Step: 27900   Fp16 Grad Scale: 524288   Required: 119 hours
Training: 2025-03-27 08:58:54,393-Speed 79.50 samples/sec   Loss 0.0062   LearningRate 0.000902   Epoch: 19   Global Step: 27910   Fp16 Grad Scale: 524288   Required: 119 hours
Training: 2025-03-27 08:59:10,600-Speed 78.98 samples/sec   Loss 0.0089   LearningRate 0.000902   Epoch: 19   Global Step: 27920   Fp16 Grad Scale: 524288   Required: 119 hours
Training: 2025-03-27 08:59:26,649-Speed 79.76 samples/sec   Loss 0.0093   LearningRate 0.000902   Epoch: 19   Global Step: 27930   Fp16 Grad Scale: 524288   Required: 119 hours
Training: 2025-03-27 08:59:42,758-Speed 79.46 samples/sec   Loss 0.0059   LearningRate 0.000902   Epoch: 19   Global Step: 27940   Fp16 Grad Scale: 524288   Required: 119 hours
Training: 2025-03-27 09:00:00,697-Speed 71.36 samples/sec   Loss 0.0173   LearningRate 0.000902   Epoch: 19   Global Step: 27950   Fp16 Grad Scale: 1048576   Required: 119 hours
Training: 2025-03-27 09:00:16,779-Speed 79.59 samples/sec   Loss 0.0157   LearningRate 0.000902   Epoch: 19   Global Step: 27960   Fp16 Grad Scale: 1048576   Required: 119 hours
Training: 2025-03-27 09:00:32,872-Speed 79.54 samples/sec   Loss 0.0055   LearningRate 0.000902   Epoch: 19   Global Step: 27970   Fp16 Grad Scale: 1048576   Required: 119 hours
Training: 2025-03-27 09:00:48,995-Speed 79.39 samples/sec   Loss 0.0080   LearningRate 0.000902   Epoch: 19   Global Step: 27980   Fp16 Grad Scale: 1048576   Required: 119 hours
Training: 2025-03-27 09:01:05,083-Speed 79.57 samples/sec   Loss 0.0097   LearningRate 0.000902   Epoch: 19   Global Step: 27990   Fp16 Grad Scale: 1048576   Required: 119 hours
Training: 2025-03-27 09:01:21,148-Speed 79.68 samples/sec   Loss 0.0091   LearningRate 0.000902   Epoch: 19   Global Step: 28000   Fp16 Grad Scale: 1048576   Required: 119 hours
net_out.shape: torch.Size([128, 512])
net_out.shape: torch.Size([128, 512])
net_out.shape: torch.Size([128, 512])
net_out.shape: torch.Size([128, 512])
net_out.shape: torch.Size([128, 512])
net_out.shape: torch.Size([128, 512])
net_out.shape: torch.Size([128, 512])
net_out.shape: torch.Size([128, 512])
net_out.shape: torch.Size([128, 512])
net_out.shape: torch.Size([128, 512])
net_out.shape: torch.Size([128, 512])
net_out.shape: torch.Size([128, 512])
net_out.shape: torch.Size([128, 512])
net_out.shape: torch.Size([128, 512])
net_out.shape: torch.Size([128, 512])
net_out.shape: torch.Size([128, 512])
net_out.shape: torch.Size([128, 512])
net_out.shape: torch.Size([128, 512])
net_out.shape: torch.Size([128, 512])
net_out.shape: torch.Size([128, 512])
net_out.shape: torch.Size([128, 512])
net_out.shape: torch.Size([128, 512])
net_out.shape: torch.Size([128, 512])
net_out.shape: torch.Size([128, 512])
net_out.shape: torch.Size([128, 512])
net_out.shape: torch.Size([128, 512])
net_out.shape: torch.Size([128, 512])
net_out.shape: torch.Size([128, 512])
net_out.shape: torch.Size([128, 512])
net_out.shape: torch.Size([128, 512])
net_out.shape: torch.Size([128, 512])
net_out.shape: torch.Size([128, 512])
net_out.shape: torch.Size([128, 512])
net_out.shape: torch.Size([128, 512])
net_out.shape: torch.Size([128, 512])
net_out.shape: torch.Size([128, 512])
net_out.shape: torch.Size([128, 512])
net_out.shape: torch.Size([128, 512])
net_out.shape: torch.Size([128, 512])
net_out.shape: torch.Size([128, 512])
net_out.shape: torch.Size([128, 512])
net_out.shape: torch.Size([128, 512])
net_out.shape: torch.Size([128, 512])
net_out.shape: torch.Size([128, 512])
net_out.shape: torch.Size([128, 512])
net_out.shape: torch.Size([128, 512])
net_out.shape: torch.Size([128, 512])
net_out.shape: torch.Size([128, 512])
net_out.shape: torch.Size([128, 512])
net_out.shape: torch.Size([128, 512])
net_out.shape: torch.Size([128, 512])
net_out.shape: torch.Size([128, 512])
net_out.shape: torch.Size([128, 512])
net_out.shape: torch.Size([128, 512])
net_out.shape: torch.Size([128, 512])
net_out.shape: torch.Size([128, 512])
net_out.shape: torch.Size([128, 512])
net_out.shape: torch.Size([128, 512])
net_out.shape: torch.Size([128, 512])
net_out.shape: torch.Size([128, 512])
net_out.shape: torch.Size([128, 512])
net_out.shape: torch.Size([128, 512])
net_out.shape: torch.Size([128, 512])
net_out.shape: torch.Size([128, 512])
Training: 2025-03-27 09:02:31,672-[val][28000]XNorm: 20.661531448364258
Training: 2025-03-27 09:02:31,672-[val][28000]val: nan
Training: 2025-03-27 09:02:31,672-[val][28000]val_std: nan
Training: 2025-03-27 09:02:31,673-[val][28000]far: 0.001122523215599358
Training: 2025-03-27 09:02:31,673-[val][28000]Accuracy: 1.0±0.0
Training: 2025-03-27 09:02:47,626-Speed 14.80 samples/sec   Loss 0.0139   LearningRate 0.000902   Epoch: 19   Global Step: 28010   Fp16 Grad Scale: 1048576   Required: 119 hours
Training: 2025-03-27 09:03:03,741-Speed 79.43 samples/sec   Loss 0.0113   LearningRate 0.000902   Epoch: 19   Global Step: 28020   Fp16 Grad Scale: 1048576   Required: 119 hours
Training: 2025-03-27 09:03:19,832-Speed 79.55 samples/sec   Loss 0.0248   LearningRate 0.000902   Epoch: 19   Global Step: 28030   Fp16 Grad Scale: 1048576   Required: 119 hours
Training: 2025-03-27 09:03:35,920-Speed 79.57 samples/sec   Loss 0.0278   LearningRate 0.000902   Epoch: 19   Global Step: 28040   Fp16 Grad Scale: 1048576   Required: 119 hours
Training: 2025-03-27 09:03:52,048-Speed 79.37 samples/sec   Loss 0.0176   LearningRate 0.000902   Epoch: 19   Global Step: 28050   Fp16 Grad Scale: 2097152   Required: 119 hours
Training: 2025-03-27 09:04:08,139-Speed 79.55 samples/sec   Loss 0.0200   LearningRate 0.000902   Epoch: 19   Global Step: 28060   Fp16 Grad Scale: 2097152   Required: 119 hours
Training: 2025-03-27 09:04:24,233-Speed 79.53 samples/sec   Loss 0.0083   LearningRate 0.000902   Epoch: 19   Global Step: 28070   Fp16 Grad Scale: 2097152   Required: 119 hours
Training: 2025-03-27 09:04:40,340-Speed 79.47 samples/sec   Loss 0.0079   LearningRate 0.000902   Epoch: 19   Global Step: 28080   Fp16 Grad Scale: 2097152   Required: 119 hours
Training: 2025-03-27 09:04:56,447-Speed 79.47 samples/sec   Loss 0.0151   LearningRate 0.000902   Epoch: 19   Global Step: 28090   Fp16 Grad Scale: 2097152   Required: 119 hours
Training: 2025-03-27 09:05:14,385-Speed 71.36 samples/sec   Loss 0.0176   LearningRate 0.000901   Epoch: 19   Global Step: 28100   Fp16 Grad Scale: 1048576   Required: 119 hours
Training: 2025-03-27 09:05:30,440-Speed 79.73 samples/sec   Loss 0.0137   LearningRate 0.000901   Epoch: 19   Global Step: 28110   Fp16 Grad Scale: 1048576   Required: 119 hours
Training: 2025-03-27 09:05:46,504-Speed 79.69 samples/sec   Loss 0.0082   LearningRate 0.000901   Epoch: 19   Global Step: 28120   Fp16 Grad Scale: 1048576   Required: 119 hours
Training: 2025-03-27 09:06:02,631-Speed 79.37 samples/sec   Loss 0.0047   LearningRate 0.000901   Epoch: 19   Global Step: 28130   Fp16 Grad Scale: 1048576   Required: 119 hours
Training: 2025-03-27 09:06:18,696-Speed 79.68 samples/sec   Loss 0.0156   LearningRate 0.000901   Epoch: 19   Global Step: 28140   Fp16 Grad Scale: 1048576   Required: 119 hours
Training: 2025-03-27 09:06:34,789-Speed 79.54 samples/sec   Loss 0.1198   LearningRate 0.000901   Epoch: 19   Global Step: 28150   Fp16 Grad Scale: 1048576   Required: 119 hours
Training: 2025-03-27 09:06:50,866-Speed 79.62 samples/sec   Loss 0.0444   LearningRate 0.000901   Epoch: 19   Global Step: 28160   Fp16 Grad Scale: 1048576   Required: 119 hours
Training: 2025-03-27 09:07:07,089-Speed 78.90 samples/sec   Loss 0.0098   LearningRate 0.000901   Epoch: 19   Global Step: 28170   Fp16 Grad Scale: 1048576   Required: 119 hours
Training: 2025-03-27 09:07:23,215-Speed 79.38 samples/sec   Loss 0.0232   LearningRate 0.000901   Epoch: 19   Global Step: 28180   Fp16 Grad Scale: 1048576   Required: 119 hours
Training: 2025-03-27 09:07:39,308-Speed 79.54 samples/sec   Loss 0.0142   LearningRate 0.000901   Epoch: 19   Global Step: 28190   Fp16 Grad Scale: 1048576   Required: 119 hours
Training: 2025-03-27 09:07:55,395-Speed 79.57 samples/sec   Loss 0.0135   LearningRate 0.000901   Epoch: 19   Global Step: 28200   Fp16 Grad Scale: 2097152   Required: 119 hours
Training: 2025-03-27 09:08:11,507-Speed 79.45 samples/sec   Loss 0.0070   LearningRate 0.000901   Epoch: 19   Global Step: 28210   Fp16 Grad Scale: 2097152   Required: 119 hours
Training: 2025-03-27 09:08:27,538-Speed 79.85 samples/sec   Loss 0.0235   LearningRate 0.000901   Epoch: 19   Global Step: 28220   Fp16 Grad Scale: 2097152   Required: 119 hours
Training: 2025-03-27 09:08:43,570-Speed 79.84 samples/sec   Loss 0.0458   LearningRate 0.000901   Epoch: 19   Global Step: 28230   Fp16 Grad Scale: 1048576   Required: 119 hours
Training: 2025-03-27 09:08:59,719-Speed 79.27 samples/sec   Loss 0.0061   LearningRate 0.000901   Epoch: 19   Global Step: 28240   Fp16 Grad Scale: 1048576   Required: 119 hours
Training: 2025-03-27 09:09:15,801-Speed 79.59 samples/sec   Loss 0.0031   LearningRate 0.000901   Epoch: 19   Global Step: 28250   Fp16 Grad Scale: 1048576   Required: 119 hours
Training: 2025-03-27 09:09:31,873-Speed 79.65 samples/sec   Loss 0.0066   LearningRate 0.000901   Epoch: 19   Global Step: 28260   Fp16 Grad Scale: 1048576   Required: 119 hours
Training: 2025-03-27 09:09:47,872-Speed 80.01 samples/sec   Loss 0.0392   LearningRate 0.000901   Epoch: 19   Global Step: 28270   Fp16 Grad Scale: 524288   Required: 119 hours
Training: 2025-03-27 09:10:03,965-Speed 79.54 samples/sec   Loss 0.0054   LearningRate 0.000901   Epoch: 19   Global Step: 28280   Fp16 Grad Scale: 524288   Required: 119 hours
Training: 2025-03-27 09:10:21,943-Speed 71.20 samples/sec   Loss 0.0074   LearningRate 0.000901   Epoch: 19   Global Step: 28290   Fp16 Grad Scale: 524288   Required: 119 hours
Training: 2025-03-27 09:10:38,044-Speed 79.50 samples/sec   Loss 0.0074   LearningRate 0.000901   Epoch: 19   Global Step: 28300   Fp16 Grad Scale: 524288   Required: 119 hours
Training: 2025-03-27 09:10:54,124-Speed 79.60 samples/sec   Loss 0.0075   LearningRate 0.000901   Epoch: 19   Global Step: 28310   Fp16 Grad Scale: 524288   Required: 119 hours
Training: 2025-03-27 09:11:10,138-Speed 79.93 samples/sec   Loss 0.0072   LearningRate 0.000901   Epoch: 19   Global Step: 28320   Fp16 Grad Scale: 524288   Required: 119 hours
Training: 2025-03-27 09:11:26,191-Speed 79.74 samples/sec   Loss 0.0063   LearningRate 0.000901   Epoch: 19   Global Step: 28330   Fp16 Grad Scale: 524288   Required: 119 hours
Training: 2025-03-27 09:11:42,243-Speed 79.74 samples/sec   Loss 0.0029   LearningRate 0.000901   Epoch: 19   Global Step: 28340   Fp16 Grad Scale: 524288   Required: 119 hours
Training: 2025-03-27 09:11:58,326-Speed 79.59 samples/sec   Loss 0.0080   LearningRate 0.000901   Epoch: 19   Global Step: 28350   Fp16 Grad Scale: 524288   Required: 119 hours
Training: 2025-03-27 09:12:14,350-Speed 79.88 samples/sec   Loss 0.0040   LearningRate 0.000901   Epoch: 19   Global Step: 28360   Fp16 Grad Scale: 524288   Required: 119 hours
Training: 2025-03-27 09:12:30,447-Speed 79.52 samples/sec   Loss 0.0036   LearningRate 0.000901   Epoch: 19   Global Step: 28370   Fp16 Grad Scale: 1048576   Required: 119 hours
Training: 2025-03-27 09:12:46,494-Speed 79.77 samples/sec   Loss 0.0078   LearningRate 0.000900   Epoch: 19   Global Step: 28380   Fp16 Grad Scale: 1048576   Required: 119 hours
Training: 2025-03-27 09:13:02,597-Speed 79.49 samples/sec   Loss 0.0029   LearningRate 0.000900   Epoch: 19   Global Step: 28390   Fp16 Grad Scale: 1048576   Required: 119 hours
Training: 2025-03-27 09:13:18,737-Speed 79.31 samples/sec   Loss 0.0025   LearningRate 0.000900   Epoch: 19   Global Step: 28400   Fp16 Grad Scale: 1048576   Required: 119 hours
Training: 2025-03-27 09:13:34,807-Speed 79.66 samples/sec   Loss 0.0055   LearningRate 0.000900   Epoch: 19   Global Step: 28410   Fp16 Grad Scale: 1048576   Required: 119 hours
Training: 2025-03-27 09:13:50,853-Speed 79.77 samples/sec   Loss 0.0051   LearningRate 0.000900   Epoch: 19   Global Step: 28420   Fp16 Grad Scale: 1048576   Required: 119 hours
Training: 2025-03-27 09:14:06,936-Speed 79.59 samples/sec   Loss 0.0036   LearningRate 0.000900   Epoch: 19   Global Step: 28430   Fp16 Grad Scale: 1048576   Required: 119 hours
Training: 2025-03-27 09:14:23,047-Speed 79.46 samples/sec   Loss 0.0028   LearningRate 0.000900   Epoch: 19   Global Step: 28440   Fp16 Grad Scale: 1048576   Required: 119 hours
Training: 2025-03-27 09:14:39,067-Speed 79.90 samples/sec   Loss 0.0046   LearningRate 0.000900   Epoch: 19   Global Step: 28450   Fp16 Grad Scale: 1048576   Required: 119 hours
Training: 2025-03-27 09:14:55,149-Speed 79.59 samples/sec   Loss 0.0047   LearningRate 0.000900   Epoch: 19   Global Step: 28460   Fp16 Grad Scale: 1048576   Required: 119 hours
Training: 2025-03-27 09:15:12,932-Speed 71.98 samples/sec   Loss 0.0044   LearningRate 0.000900   Epoch: 19   Global Step: 28470   Fp16 Grad Scale: 2097152   Required: 119 hours
Training: 2025-03-27 09:15:29,058-Speed 79.38 samples/sec   Loss 0.0101   LearningRate 0.000900   Epoch: 19   Global Step: 28480   Fp16 Grad Scale: 2097152   Required: 119 hours
Training: 2025-03-27 09:15:45,140-Speed 79.60 samples/sec   Loss 0.0025   LearningRate 0.000900   Epoch: 19   Global Step: 28490   Fp16 Grad Scale: 2097152   Required: 119 hours
Training: 2025-03-27 09:16:01,249-Speed 79.46 samples/sec   Loss 0.0020   LearningRate 0.000900   Epoch: 19   Global Step: 28500   Fp16 Grad Scale: 2097152   Required: 119 hours
Training: 2025-03-27 09:16:17,325-Speed 79.63 samples/sec   Loss 0.0093   LearningRate 0.000900   Epoch: 19   Global Step: 28510   Fp16 Grad Scale: 2097152   Required: 119 hours
Training: 2025-03-27 09:16:31,956-Speed 87.49 samples/sec   Loss 0.0042   LearningRate 0.000900   Epoch: 19   Global Step: 28520   Fp16 Grad Scale: 2097152   Required: 119 hours
Training: 2025-03-27 09:16:51,593-Speed 65.18 samples/sec   Loss 0.0022   LearningRate 0.000900   Epoch: 20   Global Step: 28530   Fp16 Grad Scale: 2097152   Required: 119 hours
Training: 2025-03-27 09:17:07,657-Speed 79.68 samples/sec   Loss 0.0015   LearningRate 0.000900   Epoch: 20   Global Step: 28540   Fp16 Grad Scale: 2097152   Required: 119 hours
Training: 2025-03-27 09:17:23,842-Speed 79.09 samples/sec   Loss 0.0023   LearningRate 0.000900   Epoch: 20   Global Step: 28550   Fp16 Grad Scale: 2097152   Required: 119 hours
Training: 2025-03-27 09:17:39,868-Speed 79.88 samples/sec   Loss 0.0011   LearningRate 0.000900   Epoch: 20   Global Step: 28560   Fp16 Grad Scale: 2097152   Required: 119 hours
Training: 2025-03-27 09:17:55,912-Speed 79.78 samples/sec   Loss 0.0045   LearningRate 0.000900   Epoch: 20   Global Step: 28570   Fp16 Grad Scale: 4194304   Required: 119 hours
Training: 2025-03-27 09:18:11,933-Speed 79.90 samples/sec   Loss 0.0076   LearningRate 0.000900   Epoch: 20   Global Step: 28580   Fp16 Grad Scale: 4194304   Required: 119 hours
Training: 2025-03-27 09:18:27,994-Speed 79.70 samples/sec   Loss 0.0011   LearningRate 0.000900   Epoch: 20   Global Step: 28590   Fp16 Grad Scale: 4194304   Required: 119 hours
Training: 2025-03-27 09:18:44,040-Speed 79.77 samples/sec   Loss 0.0014   LearningRate 0.000900   Epoch: 20   Global Step: 28600   Fp16 Grad Scale: 4194304   Required: 119 hours
Training: 2025-03-27 09:19:00,078-Speed 79.82 samples/sec   Loss 0.0042   LearningRate 0.000900   Epoch: 20   Global Step: 28610   Fp16 Grad Scale: 4194304   Required: 119 hours
Training: 2025-03-27 09:19:17,119-Speed 79.83 samples/sec   Loss 0.0012   LearningRate 0.000900   Epoch: 20   Global Step: 28620   Fp16 Grad Scale: 4194304   Required: 119 hours
Training: 2025-03-27 09:19:33,359-Speed 78.82 samples/sec   Loss 0.0027   LearningRate 0.000900   Epoch: 20   Global Step: 28630   Fp16 Grad Scale: 4194304   Required: 119 hours
Training: 2025-03-27 09:19:49,401-Speed 79.79 samples/sec   Loss 0.0008   LearningRate 0.000900   Epoch: 20   Global Step: 28640   Fp16 Grad Scale: 4194304   Required: 119 hours
Training: 2025-03-27 09:20:05,454-Speed 79.74 samples/sec   Loss 0.0064   LearningRate 0.000900   Epoch: 20   Global Step: 28650   Fp16 Grad Scale: 4194304   Required: 119 hours
Training: 2025-03-27 09:20:23,107-Speed 72.51 samples/sec   Loss 0.0035   LearningRate 0.000900   Epoch: 20   Global Step: 28660   Fp16 Grad Scale: 4194304   Required: 119 hours
Training: 2025-03-27 09:20:39,172-Speed 79.68 samples/sec   Loss 0.0255   LearningRate 0.000899   Epoch: 20   Global Step: 28670   Fp16 Grad Scale: 2097152   Required: 119 hours
Training: 2025-03-27 09:20:55,302-Speed 79.36 samples/sec   Loss 0.0189   LearningRate 0.000899   Epoch: 20   Global Step: 28680   Fp16 Grad Scale: 1048576   Required: 119 hours
Training: 2025-03-27 09:21:11,370-Speed 79.66 samples/sec   Loss 0.0050   LearningRate 0.000899   Epoch: 20   Global Step: 28690   Fp16 Grad Scale: 1048576   Required: 119 hours
Training: 2025-03-27 09:21:27,428-Speed 79.71 samples/sec   Loss 0.0019   LearningRate 0.000899   Epoch: 20   Global Step: 28700   Fp16 Grad Scale: 1048576   Required: 119 hours
Training: 2025-03-27 09:21:43,470-Speed 79.79 samples/sec   Loss 0.0036   LearningRate 0.000899   Epoch: 20   Global Step: 28710   Fp16 Grad Scale: 1048576   Required: 119 hours
Training: 2025-03-27 09:21:59,533-Speed 79.69 samples/sec   Loss 0.0013   LearningRate 0.000899   Epoch: 20   Global Step: 28720   Fp16 Grad Scale: 1048576   Required: 119 hours
Training: 2025-03-27 09:22:15,723-Speed 79.06 samples/sec   Loss 0.0515   LearningRate 0.000899   Epoch: 20   Global Step: 28730   Fp16 Grad Scale: 1048576   Required: 119 hours
Training: 2025-03-27 09:22:31,782-Speed 79.71 samples/sec   Loss 0.0020   LearningRate 0.000899   Epoch: 20   Global Step: 28740   Fp16 Grad Scale: 1048576   Required: 119 hours
Training: 2025-03-27 09:22:47,854-Speed 79.64 samples/sec   Loss 0.0054   LearningRate 0.000899   Epoch: 20   Global Step: 28750   Fp16 Grad Scale: 1048576   Required: 119 hours
Training: 2025-03-27 09:23:03,863-Speed 79.96 samples/sec   Loss 0.0021   LearningRate 0.000899   Epoch: 20   Global Step: 28760   Fp16 Grad Scale: 1048576   Required: 119 hours
Training: 2025-03-27 09:23:19,869-Speed 79.97 samples/sec   Loss 0.0021   LearningRate 0.000899   Epoch: 20   Global Step: 28770   Fp16 Grad Scale: 1048576   Required: 119 hours
Training: 2025-03-27 09:23:35,923-Speed 79.74 samples/sec   Loss 0.0050   LearningRate 0.000899   Epoch: 20   Global Step: 28780   Fp16 Grad Scale: 2097152   Required: 119 hours
Training: 2025-03-27 09:23:52,228-Speed 78.51 samples/sec   Loss 0.0013   LearningRate 0.000899   Epoch: 20   Global Step: 28790   Fp16 Grad Scale: 2097152   Required: 119 hours
Training: 2025-03-27 09:24:08,272-Speed 79.78 samples/sec   Loss 0.0049   LearningRate 0.000899   Epoch: 20   Global Step: 28800   Fp16 Grad Scale: 2097152   Required: 119 hours
Training: 2025-03-27 09:24:24,341-Speed 79.66 samples/sec   Loss 0.0015   LearningRate 0.000899   Epoch: 20   Global Step: 28810   Fp16 Grad Scale: 2097152   Required: 119 hours
Training: 2025-03-27 09:24:40,366-Speed 79.88 samples/sec   Loss 0.0036   LearningRate 0.000899   Epoch: 20   Global Step: 28820   Fp16 Grad Scale: 2097152   Required: 119 hours
Training: 2025-03-27 09:24:56,473-Speed 79.47 samples/sec   Loss 0.0015   LearningRate 0.000899   Epoch: 20   Global Step: 28830   Fp16 Grad Scale: 2097152   Required: 118 hours
Training: 2025-03-27 09:25:12,459-Speed 80.08 samples/sec   Loss 0.0217   LearningRate 0.000899   Epoch: 20   Global Step: 28840   Fp16 Grad Scale: 2097152   Required: 118 hours
Training: 2025-03-27 09:25:30,137-Speed 72.41 samples/sec   Loss 0.0021   LearningRate 0.000899   Epoch: 20   Global Step: 28850   Fp16 Grad Scale: 2097152   Required: 118 hours
Training: 2025-03-27 09:25:46,184-Speed 79.77 samples/sec   Loss 0.0019   LearningRate 0.000899   Epoch: 20   Global Step: 28860   Fp16 Grad Scale: 2097152   Required: 118 hours
Training: 2025-03-27 09:26:02,204-Speed 79.90 samples/sec   Loss 0.0185   LearningRate 0.000899   Epoch: 20   Global Step: 28870   Fp16 Grad Scale: 1048576   Required: 118 hours
Training: 2025-03-27 09:26:18,250-Speed 79.78 samples/sec   Loss 0.0520   LearningRate 0.000899   Epoch: 20   Global Step: 28880   Fp16 Grad Scale: 524288   Required: 118 hours
Training: 2025-03-27 09:26:34,316-Speed 79.67 samples/sec   Loss 0.0015   LearningRate 0.000899   Epoch: 20   Global Step: 28890   Fp16 Grad Scale: 524288   Required: 118 hours
Training: 2025-03-27 09:26:50,433-Speed 79.42 samples/sec   Loss 0.0018   LearningRate 0.000899   Epoch: 20   Global Step: 28900   Fp16 Grad Scale: 524288   Required: 118 hours
Training: 2025-03-27 09:27:06,480-Speed 79.77 samples/sec   Loss 0.0015   LearningRate 0.000899   Epoch: 20   Global Step: 28910   Fp16 Grad Scale: 524288   Required: 118 hours
Training: 2025-03-27 09:27:22,548-Speed 79.67 samples/sec   Loss 0.0077   LearningRate 0.000899   Epoch: 20   Global Step: 28920   Fp16 Grad Scale: 524288   Required: 118 hours
Training: 2025-03-27 09:27:38,593-Speed 79.78 samples/sec   Loss 0.0018   LearningRate 0.000899   Epoch: 20   Global Step: 28930   Fp16 Grad Scale: 524288   Required: 118 hours
Training: 2025-03-27 09:27:54,789-Speed 79.03 samples/sec   Loss 0.0578   LearningRate 0.000899   Epoch: 20   Global Step: 28940   Fp16 Grad Scale: 262144   Required: 118 hours
Training: 2025-03-27 09:28:10,804-Speed 79.93 samples/sec   Loss 0.0065   LearningRate 0.000898   Epoch: 20   Global Step: 28950   Fp16 Grad Scale: 262144   Required: 118 hours
Training: 2025-03-27 09:28:26,878-Speed 79.63 samples/sec   Loss 0.0015   LearningRate 0.000898   Epoch: 20   Global Step: 28960   Fp16 Grad Scale: 262144   Required: 118 hours
Training: 2025-03-27 09:28:43,079-Speed 79.01 samples/sec   Loss 0.0290   LearningRate 0.000898   Epoch: 20   Global Step: 28970   Fp16 Grad Scale: 262144   Required: 118 hours
Training: 2025-03-27 09:28:59,163-Speed 79.59 samples/sec   Loss 0.0062   LearningRate 0.000898   Epoch: 20   Global Step: 28980   Fp16 Grad Scale: 262144   Required: 118 hours
Training: 2025-03-27 09:29:15,267-Speed 79.48 samples/sec   Loss 0.0041   LearningRate 0.000898   Epoch: 20   Global Step: 28990   Fp16 Grad Scale: 262144   Required: 118 hours
Training: 2025-03-27 09:29:31,314-Speed 79.77 samples/sec   Loss 0.0045   LearningRate 0.000898   Epoch: 20   Global Step: 29000   Fp16 Grad Scale: 262144   Required: 118 hours
Training: 2025-03-27 09:29:47,373-Speed 79.71 samples/sec   Loss 0.0857   LearningRate 0.000898   Epoch: 20   Global Step: 29010   Fp16 Grad Scale: 262144   Required: 118 hours
Training: 2025-03-27 09:30:03,458-Speed 79.58 samples/sec   Loss 0.0079   LearningRate 0.000898   Epoch: 20   Global Step: 29020   Fp16 Grad Scale: 262144   Required: 118 hours
Training: 2025-03-27 09:30:19,534-Speed 79.62 samples/sec   Loss 0.0273   LearningRate 0.000898   Epoch: 20   Global Step: 29030   Fp16 Grad Scale: 262144   Required: 118 hours
Training: 2025-03-27 09:30:37,231-Speed 72.33 samples/sec   Loss 0.0033   LearningRate 0.000898   Epoch: 20   Global Step: 29040   Fp16 Grad Scale: 524288   Required: 118 hours
Training: 2025-03-27 09:30:53,269-Speed 79.82 samples/sec   Loss 0.0016   LearningRate 0.000898   Epoch: 20   Global Step: 29050   Fp16 Grad Scale: 524288   Required: 118 hours
Training: 2025-03-27 09:31:09,324-Speed 79.73 samples/sec   Loss 0.0032   LearningRate 0.000898   Epoch: 20   Global Step: 29060   Fp16 Grad Scale: 524288   Required: 118 hours
Training: 2025-03-27 09:31:25,389-Speed 79.68 samples/sec   Loss 0.0028   LearningRate 0.000898   Epoch: 20   Global Step: 29070   Fp16 Grad Scale: 524288   Required: 118 hours
Training: 2025-03-27 09:31:41,436-Speed 79.77 samples/sec   Loss 0.0094   LearningRate 0.000898   Epoch: 20   Global Step: 29080   Fp16 Grad Scale: 524288   Required: 118 hours
Training: 2025-03-27 09:31:57,478-Speed 79.79 samples/sec   Loss 0.0020   LearningRate 0.000898   Epoch: 20   Global Step: 29090   Fp16 Grad Scale: 524288   Required: 118 hours
Training: 2025-03-27 09:32:13,638-Speed 79.21 samples/sec   Loss 0.0041   LearningRate 0.000898   Epoch: 20   Global Step: 29100   Fp16 Grad Scale: 524288   Required: 118 hours
Training: 2025-03-27 09:32:29,658-Speed 79.90 samples/sec   Loss 0.0063   LearningRate 0.000898   Epoch: 20   Global Step: 29110   Fp16 Grad Scale: 524288   Required: 118 hours
Training: 2025-03-27 09:32:45,741-Speed 79.59 samples/sec   Loss 0.0094   LearningRate 0.000898   Epoch: 20   Global Step: 29120   Fp16 Grad Scale: 524288   Required: 118 hours
Training: 2025-03-27 09:33:01,766-Speed 79.88 samples/sec   Loss 0.0366   LearningRate 0.000898   Epoch: 20   Global Step: 29130   Fp16 Grad Scale: 524288   Required: 118 hours
Training: 2025-03-27 09:33:17,803-Speed 79.82 samples/sec   Loss 0.0096   LearningRate 0.000898   Epoch: 20   Global Step: 29140   Fp16 Grad Scale: 1048576   Required: 118 hours
Training: 2025-03-27 09:33:33,893-Speed 79.56 samples/sec   Loss 0.0042   LearningRate 0.000898   Epoch: 20   Global Step: 29150   Fp16 Grad Scale: 1048576   Required: 118 hours
Training: 2025-03-27 09:33:49,969-Speed 79.63 samples/sec   Loss 0.0102   LearningRate 0.000898   Epoch: 20   Global Step: 29160   Fp16 Grad Scale: 1048576   Required: 118 hours
Training: 2025-03-27 09:34:06,005-Speed 79.82 samples/sec   Loss 0.0015   LearningRate 0.000898   Epoch: 20   Global Step: 29170   Fp16 Grad Scale: 1048576   Required: 118 hours
Training: 2025-03-27 09:34:23,068-Speed 79.79 samples/sec   Loss 0.0039   LearningRate 0.000898   Epoch: 20   Global Step: 29180   Fp16 Grad Scale: 1048576   Required: 118 hours
Training: 2025-03-27 09:34:39,172-Speed 79.48 samples/sec   Loss 0.0053   LearningRate 0.000898   Epoch: 20   Global Step: 29190   Fp16 Grad Scale: 1048576   Required: 118 hours
Training: 2025-03-27 09:34:55,229-Speed 79.72 samples/sec   Loss 0.0105   LearningRate 0.000898   Epoch: 20   Global Step: 29200   Fp16 Grad Scale: 524288   Required: 118 hours
Training: 2025-03-27 09:35:11,275-Speed 79.78 samples/sec   Loss 0.0039   LearningRate 0.000898   Epoch: 20   Global Step: 29210   Fp16 Grad Scale: 524288   Required: 118 hours
Training: 2025-03-27 09:35:29,185-Speed 71.47 samples/sec   Loss 0.0071   LearningRate 0.000898   Epoch: 20   Global Step: 29220   Fp16 Grad Scale: 524288   Required: 118 hours
Training: 2025-03-27 09:35:45,241-Speed 79.72 samples/sec   Loss 0.0105   LearningRate 0.000898   Epoch: 20   Global Step: 29230   Fp16 Grad Scale: 524288   Required: 118 hours
Training: 2025-03-27 09:36:01,263-Speed 79.89 samples/sec   Loss 0.0071   LearningRate 0.000897   Epoch: 20   Global Step: 29240   Fp16 Grad Scale: 524288   Required: 118 hours
Training: 2025-03-27 09:36:17,363-Speed 79.50 samples/sec   Loss 0.0028   LearningRate 0.000897   Epoch: 20   Global Step: 29250   Fp16 Grad Scale: 524288   Required: 118 hours
Training: 2025-03-27 09:36:33,556-Speed 79.05 samples/sec   Loss 0.0033   LearningRate 0.000897   Epoch: 20   Global Step: 29260   Fp16 Grad Scale: 524288   Required: 118 hours
Training: 2025-03-27 09:36:49,587-Speed 79.85 samples/sec   Loss 0.0031   LearningRate 0.000897   Epoch: 20   Global Step: 29270   Fp16 Grad Scale: 524288   Required: 118 hours
Training: 2025-03-27 09:37:05,616-Speed 79.86 samples/sec   Loss 0.0025   LearningRate 0.000897   Epoch: 20   Global Step: 29280   Fp16 Grad Scale: 524288   Required: 118 hours
Training: 2025-03-27 09:37:21,608-Speed 80.05 samples/sec   Loss 0.0480   LearningRate 0.000897   Epoch: 20   Global Step: 29290   Fp16 Grad Scale: 524288   Required: 118 hours
Training: 2025-03-27 09:37:37,632-Speed 79.88 samples/sec   Loss 0.0054   LearningRate 0.000897   Epoch: 20   Global Step: 29300   Fp16 Grad Scale: 1048576   Required: 118 hours
Training: 2025-03-27 09:37:53,651-Speed 79.90 samples/sec   Loss 0.0074   LearningRate 0.000897   Epoch: 20   Global Step: 29310   Fp16 Grad Scale: 1048576   Required: 118 hours
Training: 2025-03-27 09:38:09,669-Speed 79.91 samples/sec   Loss 0.0095   LearningRate 0.000897   Epoch: 20   Global Step: 29320   Fp16 Grad Scale: 1048576   Required: 118 hours
Training: 2025-03-27 09:38:25,687-Speed 79.92 samples/sec   Loss 0.0025   LearningRate 0.000897   Epoch: 20   Global Step: 29330   Fp16 Grad Scale: 1048576   Required: 118 hours
Training: 2025-03-27 09:38:41,773-Speed 79.57 samples/sec   Loss 0.0075   LearningRate 0.000897   Epoch: 20   Global Step: 29340   Fp16 Grad Scale: 1048576   Required: 118 hours
Training: 2025-03-27 09:38:57,832-Speed 79.71 samples/sec   Loss 0.0060   LearningRate 0.000897   Epoch: 20   Global Step: 29350   Fp16 Grad Scale: 1048576   Required: 118 hours
Training: 2025-03-27 09:39:13,855-Speed 79.89 samples/sec   Loss 0.0023   LearningRate 0.000897   Epoch: 20   Global Step: 29360   Fp16 Grad Scale: 1048576   Required: 118 hours
Training: 2025-03-27 09:39:29,940-Speed 79.58 samples/sec   Loss 0.0019   LearningRate 0.000897   Epoch: 20   Global Step: 29370   Fp16 Grad Scale: 1048576   Required: 118 hours
Training: 2025-03-27 09:39:46,023-Speed 79.59 samples/sec   Loss 0.0017   LearningRate 0.000897   Epoch: 20   Global Step: 29380   Fp16 Grad Scale: 1048576   Required: 118 hours
Training: 2025-03-27 09:40:02,042-Speed 79.90 samples/sec   Loss 0.0018   LearningRate 0.000897   Epoch: 20   Global Step: 29390   Fp16 Grad Scale: 1048576   Required: 118 hours
Training: 2025-03-27 09:40:18,097-Speed 79.73 samples/sec   Loss 0.0015   LearningRate 0.000897   Epoch: 20   Global Step: 29400   Fp16 Grad Scale: 2097152   Required: 118 hours
Training: 2025-03-27 09:40:36,104-Speed 71.08 samples/sec   Loss 0.0009   LearningRate 0.000897   Epoch: 20   Global Step: 29410   Fp16 Grad Scale: 2097152   Required: 118 hours
Training: 2025-03-27 09:40:52,152-Speed 79.77 samples/sec   Loss 0.0059   LearningRate 0.000897   Epoch: 20   Global Step: 29420   Fp16 Grad Scale: 2097152   Required: 118 hours
Training: 2025-03-27 09:41:08,191-Speed 79.80 samples/sec   Loss 0.0042   LearningRate 0.000897   Epoch: 20   Global Step: 29430   Fp16 Grad Scale: 2097152   Required: 118 hours
Training: 2025-03-27 09:41:24,291-Speed 79.51 samples/sec   Loss 0.0064   LearningRate 0.000897   Epoch: 20   Global Step: 29440   Fp16 Grad Scale: 2097152   Required: 118 hours
Training: 2025-03-27 09:41:40,353-Speed 79.69 samples/sec   Loss 0.0011   LearningRate 0.000897   Epoch: 20   Global Step: 29450   Fp16 Grad Scale: 2097152   Required: 118 hours
Training: 2025-03-27 09:41:56,395-Speed 79.79 samples/sec   Loss 0.0025   LearningRate 0.000897   Epoch: 20   Global Step: 29460   Fp16 Grad Scale: 2097152   Required: 118 hours
Training: 2025-03-27 09:42:12,440-Speed 79.78 samples/sec   Loss 0.0075   LearningRate 0.000897   Epoch: 20   Global Step: 29470   Fp16 Grad Scale: 2097152   Required: 118 hours
Training: 2025-03-27 09:42:28,473-Speed 79.84 samples/sec   Loss 0.0215   LearningRate 0.000897   Epoch: 20   Global Step: 29480   Fp16 Grad Scale: 2097152   Required: 118 hours
Training: 2025-03-27 09:42:44,527-Speed 79.74 samples/sec   Loss 0.0089   LearningRate 0.000897   Epoch: 20   Global Step: 29490   Fp16 Grad Scale: 2097152   Required: 118 hours
Training: 2025-03-27 09:43:00,653-Speed 79.38 samples/sec   Loss 0.0078   LearningRate 0.000897   Epoch: 20   Global Step: 29500   Fp16 Grad Scale: 4194304   Required: 118 hours
Training: 2025-03-27 09:43:16,740-Speed 79.57 samples/sec   Loss 0.0021   LearningRate 0.000897   Epoch: 20   Global Step: 29510   Fp16 Grad Scale: 4194304   Required: 118 hours
Training: 2025-03-27 09:43:32,758-Speed 79.91 samples/sec   Loss 0.0024   LearningRate 0.000896   Epoch: 20   Global Step: 29520   Fp16 Grad Scale: 4194304   Required: 118 hours
Training: 2025-03-27 09:43:48,788-Speed 79.85 samples/sec   Loss 0.0036   LearningRate 0.000896   Epoch: 20   Global Step: 29530   Fp16 Grad Scale: 2097152   Required: 118 hours
Training: 2025-03-27 09:44:04,889-Speed 79.50 samples/sec   Loss 0.0046   LearningRate 0.000896   Epoch: 20   Global Step: 29540   Fp16 Grad Scale: 2097152   Required: 118 hours
Training: 2025-03-27 09:44:21,017-Speed 79.36 samples/sec   Loss 0.0273   LearningRate 0.000896   Epoch: 20   Global Step: 29550   Fp16 Grad Scale: 2097152   Required: 118 hours
Training: 2025-03-27 09:44:37,082-Speed 79.68 samples/sec   Loss 0.0094   LearningRate 0.000896   Epoch: 20   Global Step: 29560   Fp16 Grad Scale: 2097152   Required: 118 hours
Training: 2025-03-27 09:44:53,284-Speed 79.01 samples/sec   Loss 0.0091   LearningRate 0.000896   Epoch: 20   Global Step: 29570   Fp16 Grad Scale: 2097152   Required: 118 hours
Training: 2025-03-27 09:45:09,346-Speed 79.69 samples/sec   Loss 0.0020   LearningRate 0.000896   Epoch: 20   Global Step: 29580   Fp16 Grad Scale: 2097152   Required: 118 hours
Training: 2025-03-27 09:45:25,424-Speed 79.61 samples/sec   Loss 0.0052   LearningRate 0.000896   Epoch: 20   Global Step: 29590   Fp16 Grad Scale: 2097152   Required: 118 hours
Training: 2025-03-27 09:45:43,354-Speed 71.39 samples/sec   Loss 0.0017   LearningRate 0.000896   Epoch: 20   Global Step: 29600   Fp16 Grad Scale: 2097152   Required: 118 hours
Training: 2025-03-27 09:45:59,416-Speed 79.69 samples/sec   Loss 0.0018   LearningRate 0.000896   Epoch: 20   Global Step: 29610   Fp16 Grad Scale: 2097152   Required: 118 hours
Training: 2025-03-27 09:46:15,475-Speed 79.71 samples/sec   Loss 0.0053   LearningRate 0.000896   Epoch: 20   Global Step: 29620   Fp16 Grad Scale: 2097152   Required: 118 hours
Training: 2025-03-27 09:46:31,540-Speed 79.68 samples/sec   Loss 0.0046   LearningRate 0.000896   Epoch: 20   Global Step: 29630   Fp16 Grad Scale: 4194304   Required: 118 hours
Training: 2025-03-27 09:46:47,623-Speed 79.59 samples/sec   Loss 0.0072   LearningRate 0.000896   Epoch: 20   Global Step: 29640   Fp16 Grad Scale: 4194304   Required: 118 hours
Training: 2025-03-27 09:47:03,707-Speed 79.59 samples/sec   Loss 0.0052   LearningRate 0.000896   Epoch: 20   Global Step: 29650   Fp16 Grad Scale: 4194304   Required: 118 hours
Training: 2025-03-27 09:47:19,784-Speed 79.62 samples/sec   Loss 0.0033   LearningRate 0.000896   Epoch: 20   Global Step: 29660   Fp16 Grad Scale: 4194304   Required: 118 hours
Training: 2025-03-27 09:47:35,807-Speed 79.89 samples/sec   Loss 0.0036   LearningRate 0.000896   Epoch: 20   Global Step: 29670   Fp16 Grad Scale: 4194304   Required: 118 hours
Training: 2025-03-27 09:47:51,847-Speed 79.80 samples/sec   Loss 0.0031   LearningRate 0.000896   Epoch: 20   Global Step: 29680   Fp16 Grad Scale: 4194304   Required: 118 hours
Training: 2025-03-27 09:48:07,904-Speed 79.72 samples/sec   Loss 0.0012   LearningRate 0.000896   Epoch: 20   Global Step: 29690   Fp16 Grad Scale: 4194304   Required: 118 hours
Training: 2025-03-27 09:48:23,971-Speed 79.67 samples/sec   Loss 0.0081   LearningRate 0.000896   Epoch: 20   Global Step: 29700   Fp16 Grad Scale: 4194304   Required: 118 hours
Training: 2025-03-27 09:48:39,987-Speed 79.92 samples/sec   Loss 0.0044   LearningRate 0.000896   Epoch: 20   Global Step: 29710   Fp16 Grad Scale: 4194304   Required: 118 hours
Training: 2025-03-27 09:48:56,196-Speed 78.97 samples/sec   Loss 0.0545   LearningRate 0.000896   Epoch: 20   Global Step: 29720   Fp16 Grad Scale: 4194304   Required: 118 hours
Training: 2025-03-27 09:49:12,324-Speed 79.37 samples/sec   Loss 0.0033   LearningRate 0.000896   Epoch: 20   Global Step: 29730   Fp16 Grad Scale: 8388608   Required: 118 hours
Training: 2025-03-27 09:49:28,738-Speed 79.86 samples/sec   Loss 0.0073   LearningRate 0.000896   Epoch: 20   Global Step: 29740   Fp16 Grad Scale: 4194304   Required: 118 hours
Training: 2025-03-27 09:49:44,836-Speed 79.51 samples/sec   Loss 0.0043   LearningRate 0.000896   Epoch: 20   Global Step: 29750   Fp16 Grad Scale: 4194304   Required: 118 hours
Training: 2025-03-27 09:50:00,858-Speed 79.89 samples/sec   Loss 0.0144   LearningRate 0.000896   Epoch: 20   Global Step: 29760   Fp16 Grad Scale: 4194304   Required: 118 hours
Training: 2025-03-27 09:50:16,919-Speed 79.70 samples/sec   Loss 0.0039   LearningRate 0.000896   Epoch: 20   Global Step: 29770   Fp16 Grad Scale: 2097152   Required: 118 hours
Training: 2025-03-27 09:50:32,956-Speed 79.82 samples/sec   Loss 0.0090   LearningRate 0.000896   Epoch: 20   Global Step: 29780   Fp16 Grad Scale: 2097152   Required: 118 hours
Training: 2025-03-27 09:50:50,488-Speed 73.02 samples/sec   Loss 0.0019   LearningRate 0.000896   Epoch: 20   Global Step: 29790   Fp16 Grad Scale: 2097152   Required: 118 hours
Training: 2025-03-27 09:51:06,541-Speed 79.74 samples/sec   Loss 0.0043   LearningRate 0.000896   Epoch: 20   Global Step: 29800   Fp16 Grad Scale: 2097152   Required: 118 hours
Training: 2025-03-27 09:51:22,595-Speed 79.73 samples/sec   Loss 0.0023   LearningRate 0.000895   Epoch: 20   Global Step: 29810   Fp16 Grad Scale: 2097152   Required: 118 hours
Training: 2025-03-27 09:51:38,673-Speed 79.61 samples/sec   Loss 0.0042   LearningRate 0.000895   Epoch: 20   Global Step: 29820   Fp16 Grad Scale: 2097152   Required: 118 hours
Training: 2025-03-27 09:51:54,721-Speed 79.76 samples/sec   Loss 0.0043   LearningRate 0.000895   Epoch: 20   Global Step: 29830   Fp16 Grad Scale: 2097152   Required: 118 hours
Training: 2025-03-27 09:52:10,790-Speed 79.66 samples/sec   Loss 0.0030   LearningRate 0.000895   Epoch: 20   Global Step: 29840   Fp16 Grad Scale: 2097152   Required: 118 hours
Training: 2025-03-27 09:52:26,858-Speed 79.66 samples/sec   Loss 0.0095   LearningRate 0.000895   Epoch: 20   Global Step: 29850   Fp16 Grad Scale: 2097152   Required: 118 hours
Training: 2025-03-27 09:52:42,900-Speed 79.80 samples/sec   Loss 0.0450   LearningRate 0.000895   Epoch: 20   Global Step: 29860   Fp16 Grad Scale: 2097152   Required: 118 hours
Training: 2025-03-27 09:52:58,994-Speed 79.54 samples/sec   Loss 0.0221   LearningRate 0.000895   Epoch: 20   Global Step: 29870   Fp16 Grad Scale: 1048576   Required: 118 hours
Training: 2025-03-27 09:53:15,189-Speed 79.04 samples/sec   Loss 0.0022   LearningRate 0.000895   Epoch: 20   Global Step: 29880   Fp16 Grad Scale: 1048576   Required: 118 hours
Training: 2025-03-27 09:53:31,314-Speed 79.38 samples/sec   Loss 0.0027   LearningRate 0.000895   Epoch: 20   Global Step: 29890   Fp16 Grad Scale: 1048576   Required: 118 hours
Training: 2025-03-27 09:53:47,391-Speed 79.62 samples/sec   Loss 0.0030   LearningRate 0.000895   Epoch: 20   Global Step: 29900   Fp16 Grad Scale: 1048576   Required: 118 hours
Training: 2025-03-27 09:54:03,446-Speed 79.73 samples/sec   Loss 0.0017   LearningRate 0.000895   Epoch: 20   Global Step: 29910   Fp16 Grad Scale: 1048576   Required: 118 hours
Training: 2025-03-27 09:54:19,482-Speed 79.83 samples/sec   Loss 0.0015   LearningRate 0.000895   Epoch: 20   Global Step: 29920   Fp16 Grad Scale: 1048576   Required: 118 hours
Training: 2025-03-27 09:54:35,586-Speed 79.49 samples/sec   Loss 0.0011   LearningRate 0.000895   Epoch: 20   Global Step: 29930   Fp16 Grad Scale: 1048576   Required: 118 hours
Training: 2025-03-27 09:54:51,015-Speed 82.96 samples/sec   Loss 0.0021   LearningRate 0.000895   Epoch: 20   Global Step: 29940   Fp16 Grad Scale: 1048576   Required: 118 hours
Training: 2025-03-27 09:55:09,799-Speed 68.14 samples/sec   Loss 0.0023   LearningRate 0.000895   Epoch: 21   Global Step: 29950   Fp16 Grad Scale: 1048576   Required: 118 hours
Training: 2025-03-27 09:55:25,868-Speed 79.66 samples/sec   Loss 0.0023   LearningRate 0.000895   Epoch: 21   Global Step: 29960   Fp16 Grad Scale: 1048576   Required: 118 hours
Training: 2025-03-27 09:55:43,903-Speed 70.97 samples/sec   Loss 0.0024   LearningRate 0.000895   Epoch: 21   Global Step: 29970   Fp16 Grad Scale: 2097152   Required: 118 hours
Training: 2025-03-27 09:55:59,915-Speed 79.94 samples/sec   Loss 0.0016   LearningRate 0.000895   Epoch: 21   Global Step: 29980   Fp16 Grad Scale: 2097152   Required: 118 hours
Training: 2025-03-27 09:56:15,972-Speed 79.72 samples/sec   Loss 0.0015   LearningRate 0.000895   Epoch: 21   Global Step: 29990   Fp16 Grad Scale: 2097152   Required: 118 hours
Training: 2025-03-27 09:56:31,996-Speed 79.88 samples/sec   Loss 0.0008   LearningRate 0.000895   Epoch: 21   Global Step: 30000   Fp16 Grad Scale: 2097152   Required: 118 hours
net_out.shape: torch.Size([128, 512])
net_out.shape: torch.Size([128, 512])
net_out.shape: torch.Size([128, 512])
net_out.shape: torch.Size([128, 512])
net_out.shape: torch.Size([128, 512])
net_out.shape: torch.Size([128, 512])
net_out.shape: torch.Size([128, 512])
net_out.shape: torch.Size([128, 512])
net_out.shape: torch.Size([128, 512])
net_out.shape: torch.Size([128, 512])
net_out.shape: torch.Size([128, 512])
net_out.shape: torch.Size([128, 512])
net_out.shape: torch.Size([128, 512])
net_out.shape: torch.Size([128, 512])
net_out.shape: torch.Size([128, 512])
net_out.shape: torch.Size([128, 512])
net_out.shape: torch.Size([128, 512])
net_out.shape: torch.Size([128, 512])
net_out.shape: torch.Size([128, 512])
net_out.shape: torch.Size([128, 512])
net_out.shape: torch.Size([128, 512])
net_out.shape: torch.Size([128, 512])
net_out.shape: torch.Size([128, 512])
net_out.shape: torch.Size([128, 512])
net_out.shape: torch.Size([128, 512])
net_out.shape: torch.Size([128, 512])
net_out.shape: torch.Size([128, 512])
net_out.shape: torch.Size([128, 512])
net_out.shape: torch.Size([128, 512])
net_out.shape: torch.Size([128, 512])
net_out.shape: torch.Size([128, 512])
net_out.shape: torch.Size([128, 512])
net_out.shape: torch.Size([128, 512])
net_out.shape: torch.Size([128, 512])
net_out.shape: torch.Size([128, 512])
net_out.shape: torch.Size([128, 512])
net_out.shape: torch.Size([128, 512])
net_out.shape: torch.Size([128, 512])
net_out.shape: torch.Size([128, 512])
net_out.shape: torch.Size([128, 512])
net_out.shape: torch.Size([128, 512])
net_out.shape: torch.Size([128, 512])
net_out.shape: torch.Size([128, 512])
net_out.shape: torch.Size([128, 512])
net_out.shape: torch.Size([128, 512])
net_out.shape: torch.Size([128, 512])
net_out.shape: torch.Size([128, 512])
net_out.shape: torch.Size([128, 512])
net_out.shape: torch.Size([128, 512])
net_out.shape: torch.Size([128, 512])
net_out.shape: torch.Size([128, 512])
net_out.shape: torch.Size([128, 512])
net_out.shape: torch.Size([128, 512])
net_out.shape: torch.Size([128, 512])
net_out.shape: torch.Size([128, 512])
net_out.shape: torch.Size([128, 512])
net_out.shape: torch.Size([128, 512])
net_out.shape: torch.Size([128, 512])
net_out.shape: torch.Size([128, 512])
net_out.shape: torch.Size([128, 512])
net_out.shape: torch.Size([128, 512])
net_out.shape: torch.Size([128, 512])
net_out.shape: torch.Size([128, 512])
net_out.shape: torch.Size([128, 512])
Training: 2025-03-27 09:57:42,630-[val][30000]XNorm: 20.844589233398438
Training: 2025-03-27 09:57:42,630-[val][30000]val: nan
Training: 2025-03-27 09:57:42,630-[val][30000]val_std: nan
Training: 2025-03-27 09:57:42,630-[val][30000]far: 0.0011273244163021445
Training: 2025-03-27 09:57:42,630-[val][30000]Accuracy: 1.0±0.0
Training: 2025-03-27 09:57:58,493-Speed 14.80 samples/sec   Loss 0.0007   LearningRate 0.000895   Epoch: 21   Global Step: 30010   Fp16 Grad Scale: 2097152   Required: 118 hours
Training: 2025-03-27 09:58:14,532-Speed 79.81 samples/sec   Loss 0.0007   LearningRate 0.000895   Epoch: 21   Global Step: 30020   Fp16 Grad Scale: 2097152   Required: 118 hours
Training: 2025-03-27 09:58:30,583-Speed 79.75 samples/sec   Loss 0.0019   LearningRate 0.000895   Epoch: 21   Global Step: 30030   Fp16 Grad Scale: 2097152   Required: 118 hours
Training: 2025-03-27 09:58:46,633-Speed 79.75 samples/sec   Loss 0.0010   LearningRate 0.000895   Epoch: 21   Global Step: 30040   Fp16 Grad Scale: 2097152   Required: 118 hours
Training: 2025-03-27 09:59:02,769-Speed 79.33 samples/sec   Loss 0.0009   LearningRate 0.000895   Epoch: 21   Global Step: 30050   Fp16 Grad Scale: 2097152   Required: 118 hours
Training: 2025-03-27 09:59:18,838-Speed 79.66 samples/sec   Loss 0.0011   LearningRate 0.000895   Epoch: 21   Global Step: 30060   Fp16 Grad Scale: 2097152   Required: 118 hours
Training: 2025-03-27 09:59:34,909-Speed 79.65 samples/sec   Loss 0.0063   LearningRate 0.000895   Epoch: 21   Global Step: 30070   Fp16 Grad Scale: 4194304   Required: 118 hours
Training: 2025-03-27 09:59:50,931-Speed 79.89 samples/sec   Loss 0.0495   LearningRate 0.000895   Epoch: 21   Global Step: 30080   Fp16 Grad Scale: 4194304   Required: 118 hours
Training: 2025-03-27 10:00:06,902-Speed 80.15 samples/sec   Loss 0.0218   LearningRate 0.000894   Epoch: 21   Global Step: 30090   Fp16 Grad Scale: 2097152   Required: 118 hours
Training: 2025-03-27 10:00:22,987-Speed 79.58 samples/sec   Loss 0.0146   LearningRate 0.000894   Epoch: 21   Global Step: 30100   Fp16 Grad Scale: 2097152   Required: 118 hours
Training: 2025-03-27 10:00:39,147-Speed 79.21 samples/sec   Loss 0.0078   LearningRate 0.000894   Epoch: 21   Global Step: 30110   Fp16 Grad Scale: 2097152   Required: 118 hours
Training: 2025-03-27 10:00:57,065-Speed 71.44 samples/sec   Loss 0.0073   LearningRate 0.000894   Epoch: 21   Global Step: 30120   Fp16 Grad Scale: 2097152   Required: 118 hours
Training: 2025-03-27 10:01:13,150-Speed 79.58 samples/sec   Loss 0.0088   LearningRate 0.000894   Epoch: 21   Global Step: 30130   Fp16 Grad Scale: 2097152   Required: 118 hours
Training: 2025-03-27 10:01:29,181-Speed 79.85 samples/sec   Loss 0.0071   LearningRate 0.000894   Epoch: 21   Global Step: 30140   Fp16 Grad Scale: 2097152   Required: 118 hours
Training: 2025-03-27 10:01:45,200-Speed 79.91 samples/sec   Loss 0.0020   LearningRate 0.000894   Epoch: 21   Global Step: 30150   Fp16 Grad Scale: 2097152   Required: 118 hours
Training: 2025-03-27 10:02:01,215-Speed 79.93 samples/sec   Loss 0.0044   LearningRate 0.000894   Epoch: 21   Global Step: 30160   Fp16 Grad Scale: 2097152   Required: 118 hours
Training: 2025-03-27 10:02:17,284-Speed 79.66 samples/sec   Loss 0.0044   LearningRate 0.000894   Epoch: 21   Global Step: 30170   Fp16 Grad Scale: 2097152   Required: 118 hours
Training: 2025-03-27 10:02:33,316-Speed 79.84 samples/sec   Loss 0.0054   LearningRate 0.000894   Epoch: 21   Global Step: 30180   Fp16 Grad Scale: 2097152   Required: 118 hours
Training: 2025-03-27 10:02:49,350-Speed 79.83 samples/sec   Loss 0.0098   LearningRate 0.000894   Epoch: 21   Global Step: 30190   Fp16 Grad Scale: 4194304   Required: 118 hours
Training: 2025-03-27 10:03:05,470-Speed 79.41 samples/sec   Loss 0.0042   LearningRate 0.000894   Epoch: 21   Global Step: 30200   Fp16 Grad Scale: 4194304   Required: 118 hours
Training: 2025-03-27 10:03:21,540-Speed 79.65 samples/sec   Loss 0.0025   LearningRate 0.000894   Epoch: 21   Global Step: 30210   Fp16 Grad Scale: 4194304   Required: 118 hours
Training: 2025-03-27 10:03:37,604-Speed 79.69 samples/sec   Loss 0.0137   LearningRate 0.000894   Epoch: 21   Global Step: 30220   Fp16 Grad Scale: 2097152   Required: 118 hours
Training: 2025-03-27 10:03:53,717-Speed 79.44 samples/sec   Loss 0.0047   LearningRate 0.000894   Epoch: 21   Global Step: 30230   Fp16 Grad Scale: 2097152   Required: 118 hours
Training: 2025-03-27 10:04:09,818-Speed 79.51 samples/sec   Loss 0.0095   LearningRate 0.000894   Epoch: 21   Global Step: 30240   Fp16 Grad Scale: 1048576   Required: 118 hours
Training: 2025-03-27 10:04:25,915-Speed 79.52 samples/sec   Loss 0.0051   LearningRate 0.000894   Epoch: 21   Global Step: 30250   Fp16 Grad Scale: 1048576   Required: 118 hours
Training: 2025-03-27 10:04:41,990-Speed 79.63 samples/sec   Loss 0.0027   LearningRate 0.000894   Epoch: 21   Global Step: 30260   Fp16 Grad Scale: 1048576   Required: 118 hours
Training: 2025-03-27 10:04:58,009-Speed 79.91 samples/sec   Loss 0.0016   LearningRate 0.000894   Epoch: 21   Global Step: 30270   Fp16 Grad Scale: 1048576   Required: 118 hours
Training: 2025-03-27 10:05:14,029-Speed 79.91 samples/sec   Loss 0.0028   LearningRate 0.000894   Epoch: 21   Global Step: 30280   Fp16 Grad Scale: 1048576   Required: 118 hours
Training: 2025-03-27 10:05:30,086-Speed 79.72 samples/sec   Loss 0.0052   LearningRate 0.000894   Epoch: 21   Global Step: 30290   Fp16 Grad Scale: 1048576   Required: 118 hours
Training: 2025-03-27 10:05:47,033-Speed 75.53 samples/sec   Loss 0.0030   LearningRate 0.000894   Epoch: 21   Global Step: 30300   Fp16 Grad Scale: 1048576   Required: 118 hours
Training: 2025-03-27 10:06:04,084-Speed 75.07 samples/sec   Loss 0.0202   LearningRate 0.000894   Epoch: 21   Global Step: 30310   Fp16 Grad Scale: 1048576   Required: 118 hours
Training: 2025-03-27 10:06:20,156-Speed 79.64 samples/sec   Loss 0.0125   LearningRate 0.000894   Epoch: 21   Global Step: 30320   Fp16 Grad Scale: 1048576   Required: 118 hours
Training: 2025-03-27 10:06:36,263-Speed 79.47 samples/sec   Loss 0.0050   LearningRate 0.000894   Epoch: 21   Global Step: 30330   Fp16 Grad Scale: 1048576   Required: 118 hours
Training: 2025-03-27 10:06:52,324-Speed 79.70 samples/sec   Loss 0.0032   LearningRate 0.000894   Epoch: 21   Global Step: 30340   Fp16 Grad Scale: 2097152   Required: 118 hours
Training: 2025-03-27 10:07:08,321-Speed 80.02 samples/sec   Loss 0.0013   LearningRate 0.000894   Epoch: 21   Global Step: 30350   Fp16 Grad Scale: 2097152   Required: 118 hours
Training: 2025-03-27 10:07:24,355-Speed 79.83 samples/sec   Loss 0.0016   LearningRate 0.000894   Epoch: 21   Global Step: 30360   Fp16 Grad Scale: 2097152   Required: 118 hours
Training: 2025-03-27 10:07:40,451-Speed 79.53 samples/sec   Loss 0.0054   LearningRate 0.000894   Epoch: 21   Global Step: 30370   Fp16 Grad Scale: 2097152   Required: 118 hours
Training: 2025-03-27 10:07:56,487-Speed 79.82 samples/sec   Loss 0.0351   LearningRate 0.000893   Epoch: 21   Global Step: 30380   Fp16 Grad Scale: 1048576   Required: 118 hours
Training: 2025-03-27 10:08:12,505-Speed 79.91 samples/sec   Loss 0.0028   LearningRate 0.000893   Epoch: 21   Global Step: 30390   Fp16 Grad Scale: 1048576   Required: 118 hours
Training: 2025-03-27 10:08:28,585-Speed 79.60 samples/sec   Loss 0.0052   LearningRate 0.000893   Epoch: 21   Global Step: 30400   Fp16 Grad Scale: 1048576   Required: 118 hours
Training: 2025-03-27 10:08:44,645-Speed 79.71 samples/sec   Loss 0.0015   LearningRate 0.000893   Epoch: 21   Global Step: 30410   Fp16 Grad Scale: 1048576   Required: 118 hours
Training: 2025-03-27 10:09:00,722-Speed 79.62 samples/sec   Loss 0.0019   LearningRate 0.000893   Epoch: 21   Global Step: 30420   Fp16 Grad Scale: 1048576   Required: 118 hours
Training: 2025-03-27 10:09:16,790-Speed 79.66 samples/sec   Loss 0.0031   LearningRate 0.000893   Epoch: 21   Global Step: 30430   Fp16 Grad Scale: 1048576   Required: 118 hours
Training: 2025-03-27 10:09:32,826-Speed 79.83 samples/sec   Loss 0.0008   LearningRate 0.000893   Epoch: 21   Global Step: 30440   Fp16 Grad Scale: 1048576   Required: 118 hours
Training: 2025-03-27 10:09:48,943-Speed 79.42 samples/sec   Loss 0.0016   LearningRate 0.000893   Epoch: 21   Global Step: 30450   Fp16 Grad Scale: 1048576   Required: 118 hours
Training: 2025-03-27 10:10:05,001-Speed 79.71 samples/sec   Loss 0.0016   LearningRate 0.000893   Epoch: 21   Global Step: 30460   Fp16 Grad Scale: 1048576   Required: 118 hours
Training: 2025-03-27 10:10:20,999-Speed 80.01 samples/sec   Loss 0.0015   LearningRate 0.000893   Epoch: 21   Global Step: 30470   Fp16 Grad Scale: 1048576   Required: 118 hours
Training: 2025-03-27 10:10:37,049-Speed 79.75 samples/sec   Loss 0.0100   LearningRate 0.000893   Epoch: 21   Global Step: 30480   Fp16 Grad Scale: 2097152   Required: 118 hours
Training: 2025-03-27 10:10:54,959-Speed 71.47 samples/sec   Loss 0.0107   LearningRate 0.000893   Epoch: 21   Global Step: 30490   Fp16 Grad Scale: 2097152   Required: 118 hours
Training: 2025-03-27 10:11:10,984-Speed 79.88 samples/sec   Loss 0.0105   LearningRate 0.000893   Epoch: 21   Global Step: 30500   Fp16 Grad Scale: 2097152   Required: 118 hours
Training: 2025-03-27 10:11:27,106-Speed 79.40 samples/sec   Loss 0.0034   LearningRate 0.000893   Epoch: 21   Global Step: 30510   Fp16 Grad Scale: 2097152   Required: 118 hours
Training: 2025-03-27 10:11:43,186-Speed 79.60 samples/sec   Loss 0.0036   LearningRate 0.000893   Epoch: 21   Global Step: 30520   Fp16 Grad Scale: 2097152   Required: 118 hours
Training: 2025-03-27 10:11:59,215-Speed 79.86 samples/sec   Loss 0.0100   LearningRate 0.000893   Epoch: 21   Global Step: 30530   Fp16 Grad Scale: 2097152   Required: 118 hours
Training: 2025-03-27 10:12:15,292-Speed 79.62 samples/sec   Loss 0.0075   LearningRate 0.000893   Epoch: 21   Global Step: 30540   Fp16 Grad Scale: 2097152   Required: 118 hours
Training: 2025-03-27 10:12:31,400-Speed 79.47 samples/sec   Loss 0.0125   LearningRate 0.000893   Epoch: 21   Global Step: 30550   Fp16 Grad Scale: 1048576   Required: 118 hours
Training: 2025-03-27 10:12:47,484-Speed 79.59 samples/sec   Loss 0.0272   LearningRate 0.000893   Epoch: 21   Global Step: 30560   Fp16 Grad Scale: 1048576   Required: 118 hours
Training: 2025-03-27 10:13:03,542-Speed 79.71 samples/sec   Loss 0.0215   LearningRate 0.000893   Epoch: 21   Global Step: 30570   Fp16 Grad Scale: 524288   Required: 118 hours
Training: 2025-03-27 10:13:19,627-Speed 79.58 samples/sec   Loss 0.0337   LearningRate 0.000893   Epoch: 21   Global Step: 30580   Fp16 Grad Scale: 524288   Required: 118 hours
Training: 2025-03-27 10:13:35,684-Speed 79.72 samples/sec   Loss 0.0543   LearningRate 0.000893   Epoch: 21   Global Step: 30590   Fp16 Grad Scale: 524288   Required: 118 hours
Training: 2025-03-27 10:13:51,761-Speed 79.62 samples/sec   Loss 0.0278   LearningRate 0.000893   Epoch: 21   Global Step: 30600   Fp16 Grad Scale: 524288   Required: 118 hours
Training: 2025-03-27 10:14:07,819-Speed 79.71 samples/sec   Loss 0.0162   LearningRate 0.000893   Epoch: 21   Global Step: 30610   Fp16 Grad Scale: 524288   Required: 118 hours
Training: 2025-03-27 10:14:23,928-Speed 79.46 samples/sec   Loss 0.0164   LearningRate 0.000893   Epoch: 21   Global Step: 30620   Fp16 Grad Scale: 524288   Required: 118 hours
Training: 2025-03-27 10:14:40,037-Speed 79.46 samples/sec   Loss 0.0135   LearningRate 0.000893   Epoch: 21   Global Step: 30630   Fp16 Grad Scale: 524288   Required: 118 hours
Training: 2025-03-27 10:14:56,139-Speed 79.50 samples/sec   Loss 0.0044   LearningRate 0.000893   Epoch: 21   Global Step: 30640   Fp16 Grad Scale: 524288   Required: 118 hours
Training: 2025-03-27 10:15:12,263-Speed 79.39 samples/sec   Loss 0.0069   LearningRate 0.000893   Epoch: 21   Global Step: 30650   Fp16 Grad Scale: 524288   Required: 118 hours
Training: 2025-03-27 10:15:28,363-Speed 79.50 samples/sec   Loss 0.0100   LearningRate 0.000892   Epoch: 21   Global Step: 30660   Fp16 Grad Scale: 524288   Required: 118 hours
Training: 2025-03-27 10:15:44,423-Speed 79.70 samples/sec   Loss 0.0045   LearningRate 0.000892   Epoch: 21   Global Step: 30670   Fp16 Grad Scale: 1048576   Required: 118 hours
Training: 2025-03-27 10:16:02,434-Speed 71.07 samples/sec   Loss 0.0066   LearningRate 0.000892   Epoch: 21   Global Step: 30680   Fp16 Grad Scale: 1048576   Required: 118 hours
Training: 2025-03-27 10:16:18,489-Speed 79.73 samples/sec   Loss 0.0039   LearningRate 0.000892   Epoch: 21   Global Step: 30690   Fp16 Grad Scale: 1048576   Required: 118 hours
Training: 2025-03-27 10:16:34,579-Speed 79.56 samples/sec   Loss 0.0049   LearningRate 0.000892   Epoch: 21   Global Step: 30700   Fp16 Grad Scale: 1048576   Required: 118 hours
Training: 2025-03-27 10:16:50,646-Speed 79.67 samples/sec   Loss 0.0081   LearningRate 0.000892   Epoch: 21   Global Step: 30710   Fp16 Grad Scale: 1048576   Required: 118 hours
Training: 2025-03-27 10:17:06,690-Speed 79.78 samples/sec   Loss 0.0043   LearningRate 0.000892   Epoch: 21   Global Step: 30720   Fp16 Grad Scale: 1048576   Required: 118 hours
Training: 2025-03-27 10:17:22,806-Speed 79.43 samples/sec   Loss 0.0040   LearningRate 0.000892   Epoch: 21   Global Step: 30730   Fp16 Grad Scale: 1048576   Required: 118 hours
Training: 2025-03-27 10:17:38,851-Speed 79.78 samples/sec   Loss 0.0113   LearningRate 0.000892   Epoch: 21   Global Step: 30740   Fp16 Grad Scale: 1048576   Required: 118 hours
Training: 2025-03-27 10:17:54,937-Speed 79.57 samples/sec   Loss 0.0038   LearningRate 0.000892   Epoch: 21   Global Step: 30750   Fp16 Grad Scale: 1048576   Required: 118 hours
Training: 2025-03-27 10:18:11,015-Speed 79.62 samples/sec   Loss 0.0342   LearningRate 0.000892   Epoch: 21   Global Step: 30760   Fp16 Grad Scale: 1048576   Required: 118 hours
Training: 2025-03-27 10:18:27,123-Speed 79.47 samples/sec   Loss 0.0054   LearningRate 0.000892   Epoch: 21   Global Step: 30770   Fp16 Grad Scale: 2097152   Required: 118 hours
Training: 2025-03-27 10:18:43,188-Speed 79.68 samples/sec   Loss 0.0112   LearningRate 0.000892   Epoch: 21   Global Step: 30780   Fp16 Grad Scale: 2097152   Required: 118 hours
Training: 2025-03-27 10:18:59,245-Speed 79.72 samples/sec   Loss 0.0091   LearningRate 0.000892   Epoch: 21   Global Step: 30790   Fp16 Grad Scale: 2097152   Required: 118 hours
Training: 2025-03-27 10:19:15,269-Speed 79.88 samples/sec   Loss 0.0048   LearningRate 0.000892   Epoch: 21   Global Step: 30800   Fp16 Grad Scale: 2097152   Required: 118 hours
Training: 2025-03-27 10:19:31,726-Speed 79.60 samples/sec   Loss 0.0052   LearningRate 0.000892   Epoch: 21   Global Step: 30810   Fp16 Grad Scale: 2097152   Required: 118 hours
Training: 2025-03-27 10:19:47,784-Speed 79.71 samples/sec   Loss 0.0025   LearningRate 0.000892   Epoch: 21   Global Step: 30820   Fp16 Grad Scale: 2097152   Required: 118 hours
Training: 2025-03-27 10:20:03,864-Speed 79.61 samples/sec   Loss 0.0033   LearningRate 0.000892   Epoch: 21   Global Step: 30830   Fp16 Grad Scale: 2097152   Required: 118 hours
Training: 2025-03-27 10:20:19,940-Speed 79.62 samples/sec   Loss 0.0035   LearningRate 0.000892   Epoch: 21   Global Step: 30840   Fp16 Grad Scale: 2097152   Required: 118 hours
Training: 2025-03-27 10:20:36,000-Speed 79.70 samples/sec   Loss 0.0032   LearningRate 0.000892   Epoch: 21   Global Step: 30850   Fp16 Grad Scale: 2097152   Required: 118 hours
Training: 2025-03-27 10:20:52,091-Speed 79.55 samples/sec   Loss 0.0034   LearningRate 0.000892   Epoch: 21   Global Step: 30860   Fp16 Grad Scale: 2097152   Required: 118 hours
Training: 2025-03-27 10:21:09,832-Speed 72.15 samples/sec   Loss 0.0036   LearningRate 0.000892   Epoch: 21   Global Step: 30870   Fp16 Grad Scale: 4194304   Required: 118 hours
Training: 2025-03-27 10:21:25,995-Speed 79.20 samples/sec   Loss 0.0022   LearningRate 0.000892   Epoch: 21   Global Step: 30880   Fp16 Grad Scale: 4194304   Required: 118 hours
Training: 2025-03-27 10:21:42,035-Speed 79.80 samples/sec   Loss 0.0036   LearningRate 0.000892   Epoch: 21   Global Step: 30890   Fp16 Grad Scale: 4194304   Required: 117 hours
Training: 2025-03-27 10:21:58,071-Speed 79.83 samples/sec   Loss 0.0032   LearningRate 0.000892   Epoch: 21   Global Step: 30900   Fp16 Grad Scale: 4194304   Required: 117 hours
Training: 2025-03-27 10:22:14,127-Speed 79.72 samples/sec   Loss 0.0047   LearningRate 0.000892   Epoch: 21   Global Step: 30910   Fp16 Grad Scale: 4194304   Required: 117 hours
Training: 2025-03-27 10:22:30,146-Speed 79.91 samples/sec   Loss 0.0060   LearningRate 0.000892   Epoch: 21   Global Step: 30920   Fp16 Grad Scale: 4194304   Required: 117 hours
Training: 2025-03-27 10:22:46,190-Speed 79.78 samples/sec   Loss 0.0016   LearningRate 0.000892   Epoch: 21   Global Step: 30930   Fp16 Grad Scale: 4194304   Required: 117 hours
Training: 2025-03-27 10:23:02,274-Speed 79.59 samples/sec   Loss 0.0039   LearningRate 0.000892   Epoch: 21   Global Step: 30940   Fp16 Grad Scale: 4194304   Required: 117 hours
Training: 2025-03-27 10:23:18,358-Speed 79.59 samples/sec   Loss 0.0027   LearningRate 0.000891   Epoch: 21   Global Step: 30950   Fp16 Grad Scale: 4194304   Required: 117 hours
Training: 2025-03-27 10:23:34,411-Speed 79.74 samples/sec   Loss 0.0033   LearningRate 0.000891   Epoch: 21   Global Step: 30960   Fp16 Grad Scale: 4194304   Required: 117 hours
Training: 2025-03-27 10:23:50,450-Speed 79.81 samples/sec   Loss 0.0033   LearningRate 0.000891   Epoch: 21   Global Step: 30970   Fp16 Grad Scale: 8388608   Required: 117 hours
Training: 2025-03-27 10:24:06,470-Speed 79.90 samples/sec   Loss 0.0015   LearningRate 0.000891   Epoch: 21   Global Step: 30980   Fp16 Grad Scale: 8388608   Required: 117 hours
Training: 2025-03-27 10:24:22,522-Speed 79.74 samples/sec   Loss 0.0069   LearningRate 0.000891   Epoch: 21   Global Step: 30990   Fp16 Grad Scale: 4194304   Required: 117 hours
Training: 2025-03-27 10:24:38,577-Speed 79.73 samples/sec   Loss 0.0019   LearningRate 0.000891   Epoch: 21   Global Step: 31000   Fp16 Grad Scale: 4194304   Required: 117 hours
Training: 2025-03-27 10:24:54,621-Speed 79.78 samples/sec   Loss 0.0009   LearningRate 0.000891   Epoch: 21   Global Step: 31010   Fp16 Grad Scale: 4194304   Required: 117 hours
Training: 2025-03-27 10:25:10,690-Speed 79.66 samples/sec   Loss 0.0073   LearningRate 0.000891   Epoch: 21   Global Step: 31020   Fp16 Grad Scale: 4194304   Required: 117 hours
Training: 2025-03-27 10:25:26,765-Speed 79.63 samples/sec   Loss 0.0028   LearningRate 0.000891   Epoch: 21   Global Step: 31030   Fp16 Grad Scale: 4194304   Required: 117 hours
Training: 2025-03-27 10:25:42,834-Speed 79.66 samples/sec   Loss 0.0045   LearningRate 0.000891   Epoch: 21   Global Step: 31040   Fp16 Grad Scale: 4194304   Required: 117 hours
Training: 2025-03-27 10:25:58,900-Speed 79.68 samples/sec   Loss 0.0039   LearningRate 0.000891   Epoch: 21   Global Step: 31050   Fp16 Grad Scale: 4194304   Required: 117 hours
Training: 2025-03-27 10:26:16,804-Speed 71.49 samples/sec   Loss 0.0027   LearningRate 0.000891   Epoch: 21   Global Step: 31060   Fp16 Grad Scale: 4194304   Required: 117 hours
Training: 2025-03-27 10:26:32,841-Speed 79.82 samples/sec   Loss 0.0037   LearningRate 0.000891   Epoch: 21   Global Step: 31070   Fp16 Grad Scale: 4194304   Required: 117 hours
Training: 2025-03-27 10:26:48,979-Speed 79.32 samples/sec   Loss 0.0010   LearningRate 0.000891   Epoch: 21   Global Step: 31080   Fp16 Grad Scale: 4194304   Required: 117 hours
Training: 2025-03-27 10:27:05,033-Speed 79.74 samples/sec   Loss 0.0023   LearningRate 0.000891   Epoch: 21   Global Step: 31090   Fp16 Grad Scale: 8388608   Required: 117 hours
Training: 2025-03-27 10:27:21,091-Speed 79.71 samples/sec   Loss 0.0012   LearningRate 0.000891   Epoch: 21   Global Step: 31100   Fp16 Grad Scale: 8388608   Required: 117 hours
Training: 2025-03-27 10:27:37,087-Speed 80.02 samples/sec   Loss 0.0026   LearningRate 0.000891   Epoch: 21   Global Step: 31110   Fp16 Grad Scale: 8388608   Required: 117 hours
Training: 2025-03-27 10:27:53,106-Speed 79.91 samples/sec   Loss 0.0011   LearningRate 0.000891   Epoch: 21   Global Step: 31120   Fp16 Grad Scale: 8388608   Required: 117 hours
Training: 2025-03-27 10:28:09,125-Speed 79.90 samples/sec   Loss 0.0064   LearningRate 0.000891   Epoch: 21   Global Step: 31130   Fp16 Grad Scale: 4194304   Required: 117 hours
Training: 2025-03-27 10:28:25,145-Speed 79.91 samples/sec   Loss 0.0014   LearningRate 0.000891   Epoch: 21   Global Step: 31140   Fp16 Grad Scale: 4194304   Required: 117 hours
Training: 2025-03-27 10:28:41,177-Speed 79.84 samples/sec   Loss 0.0008   LearningRate 0.000891   Epoch: 21   Global Step: 31150   Fp16 Grad Scale: 4194304   Required: 117 hours
Training: 2025-03-27 10:28:57,229-Speed 79.75 samples/sec   Loss 0.0032   LearningRate 0.000891   Epoch: 21   Global Step: 31160   Fp16 Grad Scale: 4194304   Required: 117 hours
Training: 2025-03-27 10:29:13,238-Speed 79.96 samples/sec   Loss 0.0048   LearningRate 0.000891   Epoch: 21   Global Step: 31170   Fp16 Grad Scale: 4194304   Required: 117 hours
Training: 2025-03-27 10:29:29,247-Speed 79.96 samples/sec   Loss 0.0092   LearningRate 0.000891   Epoch: 21   Global Step: 31180   Fp16 Grad Scale: 2097152   Required: 117 hours
Training: 2025-03-27 10:29:45,254-Speed 79.97 samples/sec   Loss 0.0044   LearningRate 0.000891   Epoch: 21   Global Step: 31190   Fp16 Grad Scale: 2097152   Required: 117 hours
Training: 2025-03-27 10:30:01,226-Speed 80.14 samples/sec   Loss 0.0030   LearningRate 0.000891   Epoch: 21   Global Step: 31200   Fp16 Grad Scale: 2097152   Required: 117 hours
Training: 2025-03-27 10:30:17,261-Speed 79.83 samples/sec   Loss 0.0052   LearningRate 0.000891   Epoch: 21   Global Step: 31210   Fp16 Grad Scale: 2097152   Required: 117 hours
Training: 2025-03-27 10:30:33,247-Speed 80.07 samples/sec   Loss 0.0024   LearningRate 0.000891   Epoch: 21   Global Step: 31220   Fp16 Grad Scale: 2097152   Required: 117 hours
Training: 2025-03-27 10:30:49,254-Speed 79.97 samples/sec   Loss 0.0022   LearningRate 0.000890   Epoch: 21   Global Step: 31230   Fp16 Grad Scale: 2097152   Required: 117 hours
Training: 2025-03-27 10:31:06,228-Speed 75.41 samples/sec   Loss 0.0075   LearningRate 0.000890   Epoch: 21   Global Step: 31240   Fp16 Grad Scale: 2097152   Required: 117 hours
Training: 2025-03-27 10:31:23,234-Speed 75.27 samples/sec   Loss 0.0367   LearningRate 0.000890   Epoch: 21   Global Step: 31250   Fp16 Grad Scale: 1048576   Required: 117 hours
Training: 2025-03-27 10:31:39,233-Speed 80.01 samples/sec   Loss 0.0055   LearningRate 0.000890   Epoch: 21   Global Step: 31260   Fp16 Grad Scale: 1048576   Required: 117 hours
Training: 2025-03-27 10:31:55,246-Speed 79.94 samples/sec   Loss 0.0018   LearningRate 0.000890   Epoch: 21   Global Step: 31270   Fp16 Grad Scale: 1048576   Required: 117 hours
Training: 2025-03-27 10:32:11,219-Speed 80.14 samples/sec   Loss 0.0023   LearningRate 0.000890   Epoch: 21   Global Step: 31280   Fp16 Grad Scale: 1048576   Required: 117 hours
Training: 2025-03-27 10:32:27,282-Speed 79.69 samples/sec   Loss 0.0011   LearningRate 0.000890   Epoch: 21   Global Step: 31290   Fp16 Grad Scale: 1048576   Required: 117 hours
Training: 2025-03-27 10:32:43,328-Speed 79.77 samples/sec   Loss 0.0027   LearningRate 0.000890   Epoch: 21   Global Step: 31300   Fp16 Grad Scale: 1048576   Required: 117 hours
Training: 2025-03-27 10:32:59,304-Speed 80.12 samples/sec   Loss 0.0259   LearningRate 0.000890   Epoch: 21   Global Step: 31310   Fp16 Grad Scale: 524288   Required: 117 hours
Training: 2025-03-27 10:33:15,337-Speed 79.84 samples/sec   Loss 0.0452   LearningRate 0.000890   Epoch: 21   Global Step: 31320   Fp16 Grad Scale: 524288   Required: 117 hours
Training: 2025-03-27 10:33:31,409-Speed 79.65 samples/sec   Loss 0.0122   LearningRate 0.000890   Epoch: 21   Global Step: 31330   Fp16 Grad Scale: 524288   Required: 117 hours
Training: 2025-03-27 10:33:47,458-Speed 79.76 samples/sec   Loss 0.0161   LearningRate 0.000890   Epoch: 21   Global Step: 31340   Fp16 Grad Scale: 524288   Required: 117 hours
Training: 2025-03-27 10:34:03,481-Speed 79.89 samples/sec   Loss 0.0415   LearningRate 0.000890   Epoch: 21   Global Step: 31350   Fp16 Grad Scale: 524288   Required: 117 hours
Training: 2025-03-27 10:34:19,499-Speed 79.91 samples/sec   Loss 0.0514   LearningRate 0.000890   Epoch: 21   Global Step: 31360   Fp16 Grad Scale: 524288   Required: 117 hours
Training: 2025-03-27 10:34:34,421-Speed 85.78 samples/sec   Loss 0.0145   LearningRate 0.000890   Epoch: 21   Global Step: 31370   Fp16 Grad Scale: 524288   Required: 117 hours
Training: 2025-03-27 10:35:01,811-Speed 46.73 samples/sec   Loss 0.0090   LearningRate 0.000890   Epoch: 22   Global Step: 31380   Fp16 Grad Scale: 524288   Required: 117 hours
Training: 2025-03-27 10:35:17,896-Speed 79.58 samples/sec   Loss 0.0087   LearningRate 0.000890   Epoch: 22   Global Step: 31390   Fp16 Grad Scale: 524288   Required: 117 hours
Training: 2025-03-27 10:35:33,916-Speed 79.90 samples/sec   Loss 0.0675   LearningRate 0.000890   Epoch: 22   Global Step: 31400   Fp16 Grad Scale: 524288   Required: 117 hours
Training: 2025-03-27 10:35:50,000-Speed 79.58 samples/sec   Loss 0.0148   LearningRate 0.000890   Epoch: 22   Global Step: 31410   Fp16 Grad Scale: 1048576   Required: 117 hours
Training: 2025-03-27 10:36:06,175-Speed 79.14 samples/sec   Loss 0.0109   LearningRate 0.000890   Epoch: 22   Global Step: 31420   Fp16 Grad Scale: 1048576   Required: 117 hours
Training: 2025-03-27 10:36:23,987-Speed 71.86 samples/sec   Loss 0.0116   LearningRate 0.000890   Epoch: 22   Global Step: 31430   Fp16 Grad Scale: 1048576   Required: 117 hours
Training: 2025-03-27 10:36:39,995-Speed 79.96 samples/sec   Loss 0.0050   LearningRate 0.000890   Epoch: 22   Global Step: 31440   Fp16 Grad Scale: 1048576   Required: 117 hours
Training: 2025-03-27 10:36:55,998-Speed 79.99 samples/sec   Loss 0.0165   LearningRate 0.000890   Epoch: 22   Global Step: 31450   Fp16 Grad Scale: 1048576   Required: 117 hours
Training: 2025-03-27 10:37:12,096-Speed 79.52 samples/sec   Loss 0.0094   LearningRate 0.000890   Epoch: 22   Global Step: 31460   Fp16 Grad Scale: 1048576   Required: 117 hours
Training: 2025-03-27 10:37:28,116-Speed 79.90 samples/sec   Loss 0.0062   LearningRate 0.000890   Epoch: 22   Global Step: 31470   Fp16 Grad Scale: 1048576   Required: 117 hours
Training: 2025-03-27 10:37:44,164-Speed 79.77 samples/sec   Loss 0.0034   LearningRate 0.000890   Epoch: 22   Global Step: 31480   Fp16 Grad Scale: 1048576   Required: 117 hours
Training: 2025-03-27 10:38:00,232-Speed 79.67 samples/sec   Loss 0.0018   LearningRate 0.000890   Epoch: 22   Global Step: 31490   Fp16 Grad Scale: 1048576   Required: 117 hours
Training: 2025-03-27 10:38:16,302-Speed 79.65 samples/sec   Loss 0.0094   LearningRate 0.000890   Epoch: 22   Global Step: 31500   Fp16 Grad Scale: 1048576   Required: 117 hours
Training: 2025-03-27 10:38:32,253-Speed 80.25 samples/sec   Loss 0.0051   LearningRate 0.000890   Epoch: 22   Global Step: 31510   Fp16 Grad Scale: 2097152   Required: 117 hours
Training: 2025-03-27 10:38:48,208-Speed 80.23 samples/sec   Loss 0.0413   LearningRate 0.000889   Epoch: 22   Global Step: 31520   Fp16 Grad Scale: 2097152   Required: 117 hours
Training: 2025-03-27 10:39:04,235-Speed 79.87 samples/sec   Loss 0.0127   LearningRate 0.000889   Epoch: 22   Global Step: 31530   Fp16 Grad Scale: 2097152   Required: 117 hours
Training: 2025-03-27 10:39:20,288-Speed 79.74 samples/sec   Loss 0.0410   LearningRate 0.000889   Epoch: 22   Global Step: 31540   Fp16 Grad Scale: 2097152   Required: 117 hours
Training: 2025-03-27 10:39:36,347-Speed 79.71 samples/sec   Loss 0.0103   LearningRate 0.000889   Epoch: 22   Global Step: 31550   Fp16 Grad Scale: 2097152   Required: 117 hours
Training: 2025-03-27 10:39:52,445-Speed 79.51 samples/sec   Loss 0.0045   LearningRate 0.000889   Epoch: 22   Global Step: 31560   Fp16 Grad Scale: 2097152   Required: 117 hours
Training: 2025-03-27 10:40:08,564-Speed 79.41 samples/sec   Loss 0.0057   LearningRate 0.000889   Epoch: 22   Global Step: 31570   Fp16 Grad Scale: 2097152   Required: 117 hours
Training: 2025-03-27 10:40:24,630-Speed 79.68 samples/sec   Loss 0.0056   LearningRate 0.000889   Epoch: 22   Global Step: 31580   Fp16 Grad Scale: 2097152   Required: 117 hours
Training: 2025-03-27 10:40:40,693-Speed 79.69 samples/sec   Loss 0.0106   LearningRate 0.000889   Epoch: 22   Global Step: 31590   Fp16 Grad Scale: 2097152   Required: 117 hours
Training: 2025-03-27 10:40:56,794-Speed 79.50 samples/sec   Loss 0.0037   LearningRate 0.000889   Epoch: 22   Global Step: 31600   Fp16 Grad Scale: 2097152   Required: 117 hours
Training: 2025-03-27 10:41:13,808-Speed 75.24 samples/sec   Loss 0.0044   LearningRate 0.000889   Epoch: 22   Global Step: 31610   Fp16 Grad Scale: 4194304   Required: 117 hours
Training: 2025-03-27 10:41:30,802-Speed 75.32 samples/sec   Loss 0.0049   LearningRate 0.000889   Epoch: 22   Global Step: 31620   Fp16 Grad Scale: 4194304   Required: 117 hours
Training: 2025-03-27 10:41:46,855-Speed 79.74 samples/sec   Loss 0.0031   LearningRate 0.000889   Epoch: 22   Global Step: 31630   Fp16 Grad Scale: 4194304   Required: 117 hours
Training: 2025-03-27 10:42:02,887-Speed 79.84 samples/sec   Loss 0.0020   LearningRate 0.000889   Epoch: 22   Global Step: 31640   Fp16 Grad Scale: 4194304   Required: 117 hours
Training: 2025-03-27 10:42:18,925-Speed 79.81 samples/sec   Loss 0.0037   LearningRate 0.000889   Epoch: 22   Global Step: 31650   Fp16 Grad Scale: 4194304   Required: 117 hours
Training: 2025-03-27 10:42:34,945-Speed 79.90 samples/sec   Loss 0.0055   LearningRate 0.000889   Epoch: 22   Global Step: 31660   Fp16 Grad Scale: 4194304   Required: 117 hours
Training: 2025-03-27 10:42:50,994-Speed 79.76 samples/sec   Loss 0.0692   LearningRate 0.000889   Epoch: 22   Global Step: 31670   Fp16 Grad Scale: 4194304   Required: 117 hours
Training: 2025-03-27 10:43:07,029-Speed 79.83 samples/sec   Loss 0.0047   LearningRate 0.000889   Epoch: 22   Global Step: 31680   Fp16 Grad Scale: 4194304   Required: 117 hours
Training: 2025-03-27 10:43:23,038-Speed 79.96 samples/sec   Loss 0.0017   LearningRate 0.000889   Epoch: 22   Global Step: 31690   Fp16 Grad Scale: 4194304   Required: 117 hours
Training: 2025-03-27 10:43:39,059-Speed 79.90 samples/sec   Loss 0.0057   LearningRate 0.000889   Epoch: 22   Global Step: 31700   Fp16 Grad Scale: 4194304   Required: 117 hours
Training: 2025-03-27 10:43:55,101-Speed 79.79 samples/sec   Loss 0.0018   LearningRate 0.000889   Epoch: 22   Global Step: 31710   Fp16 Grad Scale: 8388608   Required: 117 hours
Training: 2025-03-27 10:44:11,176-Speed 79.63 samples/sec   Loss 0.0071   LearningRate 0.000889   Epoch: 22   Global Step: 31720   Fp16 Grad Scale: 4194304   Required: 117 hours
Training: 2025-03-27 10:44:27,214-Speed 79.81 samples/sec   Loss 0.0027   LearningRate 0.000889   Epoch: 22   Global Step: 31730   Fp16 Grad Scale: 4194304   Required: 117 hours
Training: 2025-03-27 10:44:43,290-Speed 79.63 samples/sec   Loss 0.0064   LearningRate 0.000889   Epoch: 22   Global Step: 31740   Fp16 Grad Scale: 4194304   Required: 117 hours
Training: 2025-03-27 10:44:59,364-Speed 79.63 samples/sec   Loss 0.0068   LearningRate 0.000889   Epoch: 22   Global Step: 31750   Fp16 Grad Scale: 4194304   Required: 117 hours
Training: 2025-03-27 10:45:15,440-Speed 79.63 samples/sec   Loss 0.0022   LearningRate 0.000889   Epoch: 22   Global Step: 31760   Fp16 Grad Scale: 4194304   Required: 117 hours
Training: 2025-03-27 10:45:31,518-Speed 79.62 samples/sec   Loss 0.0068   LearningRate 0.000889   Epoch: 22   Global Step: 31770   Fp16 Grad Scale: 4194304   Required: 117 hours
Training: 2025-03-27 10:45:47,551-Speed 79.84 samples/sec   Loss 0.0071   LearningRate 0.000889   Epoch: 22   Global Step: 31780   Fp16 Grad Scale: 4194304   Required: 117 hours
Training: 2025-03-27 10:46:03,579-Speed 79.86 samples/sec   Loss 0.0038   LearningRate 0.000889   Epoch: 22   Global Step: 31790   Fp16 Grad Scale: 4194304   Required: 117 hours
Training: 2025-03-27 10:46:21,518-Speed 71.36 samples/sec   Loss 0.0038   LearningRate 0.000888   Epoch: 22   Global Step: 31800   Fp16 Grad Scale: 4194304   Required: 117 hours
Training: 2025-03-27 10:46:37,713-Speed 79.04 samples/sec   Loss 0.0016   LearningRate 0.000888   Epoch: 22   Global Step: 31810   Fp16 Grad Scale: 4194304   Required: 117 hours
Training: 2025-03-27 10:46:53,759-Speed 79.78 samples/sec   Loss 0.0036   LearningRate 0.000888   Epoch: 22   Global Step: 31820   Fp16 Grad Scale: 8388608   Required: 117 hours
Training: 2025-03-27 10:47:09,820-Speed 79.70 samples/sec   Loss 0.0034   LearningRate 0.000888   Epoch: 22   Global Step: 31830   Fp16 Grad Scale: 8388608   Required: 117 hours
Training: 2025-03-27 10:47:25,869-Speed 79.76 samples/sec   Loss 0.0036   LearningRate 0.000888   Epoch: 22   Global Step: 31840   Fp16 Grad Scale: 4194304   Required: 117 hours
Training: 2025-03-27 10:47:41,941-Speed 79.64 samples/sec   Loss 0.0086   LearningRate 0.000888   Epoch: 22   Global Step: 31850   Fp16 Grad Scale: 4194304   Required: 117 hours
Training: 2025-03-27 10:47:57,976-Speed 79.83 samples/sec   Loss 0.0053   LearningRate 0.000888   Epoch: 22   Global Step: 31860   Fp16 Grad Scale: 4194304   Required: 117 hours
Training: 2025-03-27 10:48:14,028-Speed 79.75 samples/sec   Loss 0.0032   LearningRate 0.000888   Epoch: 22   Global Step: 31870   Fp16 Grad Scale: 4194304   Required: 117 hours
Training: 2025-03-27 10:48:30,115-Speed 79.57 samples/sec   Loss 0.0016   LearningRate 0.000888   Epoch: 22   Global Step: 31880   Fp16 Grad Scale: 4194304   Required: 117 hours
Training: 2025-03-27 10:48:46,154-Speed 79.81 samples/sec   Loss 0.0025   LearningRate 0.000888   Epoch: 22   Global Step: 31890   Fp16 Grad Scale: 4194304   Required: 117 hours
Training: 2025-03-27 10:49:02,221-Speed 79.67 samples/sec   Loss 0.0430   LearningRate 0.000888   Epoch: 22   Global Step: 31900   Fp16 Grad Scale: 2097152   Required: 117 hours
Training: 2025-03-27 10:49:18,200-Speed 80.11 samples/sec   Loss 0.0796   LearningRate 0.000888   Epoch: 22   Global Step: 31910   Fp16 Grad Scale: 1048576   Required: 117 hours
Training: 2025-03-27 10:49:34,307-Speed 79.47 samples/sec   Loss 0.0032   LearningRate 0.000888   Epoch: 22   Global Step: 31920   Fp16 Grad Scale: 1048576   Required: 117 hours
Training: 2025-03-27 10:49:50,356-Speed 79.76 samples/sec   Loss 0.0204   LearningRate 0.000888   Epoch: 22   Global Step: 31930   Fp16 Grad Scale: 1048576   Required: 117 hours
Training: 2025-03-27 10:50:06,397-Speed 79.80 samples/sec   Loss 0.0122   LearningRate 0.000888   Epoch: 22   Global Step: 31940   Fp16 Grad Scale: 1048576   Required: 117 hours
Training: 2025-03-27 10:50:22,443-Speed 79.77 samples/sec   Loss 0.0036   LearningRate 0.000888   Epoch: 22   Global Step: 31950   Fp16 Grad Scale: 1048576   Required: 117 hours
Training: 2025-03-27 10:50:38,466-Speed 79.89 samples/sec   Loss 0.0085   LearningRate 0.000888   Epoch: 22   Global Step: 31960   Fp16 Grad Scale: 1048576   Required: 117 hours
Training: 2025-03-27 10:50:54,532-Speed 79.67 samples/sec   Loss 0.0441   LearningRate 0.000888   Epoch: 22   Global Step: 31970   Fp16 Grad Scale: 1048576   Required: 117 hours
Training: 2025-03-27 10:51:10,631-Speed 79.51 samples/sec   Loss 0.0241   LearningRate 0.000888   Epoch: 22   Global Step: 31980   Fp16 Grad Scale: 1048576   Required: 117 hours
Training: 2025-03-27 10:51:28,481-Speed 71.71 samples/sec   Loss 0.0058   LearningRate 0.000888   Epoch: 22   Global Step: 31990   Fp16 Grad Scale: 1048576   Required: 117 hours
Training: 2025-03-27 10:51:44,580-Speed 79.51 samples/sec   Loss 0.0095   LearningRate 0.000888   Epoch: 22   Global Step: 32000   Fp16 Grad Scale: 1048576   Required: 117 hours
net_out.shape: torch.Size([128, 512])
net_out.shape: torch.Size([128, 512])
net_out.shape: torch.Size([128, 512])
net_out.shape: torch.Size([128, 512])
net_out.shape: torch.Size([128, 512])
net_out.shape: torch.Size([128, 512])
net_out.shape: torch.Size([128, 512])
net_out.shape: torch.Size([128, 512])
net_out.shape: torch.Size([128, 512])
net_out.shape: torch.Size([128, 512])
net_out.shape: torch.Size([128, 512])
net_out.shape: torch.Size([128, 512])
net_out.shape: torch.Size([128, 512])
net_out.shape: torch.Size([128, 512])
net_out.shape: torch.Size([128, 512])
net_out.shape: torch.Size([128, 512])
net_out.shape: torch.Size([128, 512])
net_out.shape: torch.Size([128, 512])
net_out.shape: torch.Size([128, 512])
net_out.shape: torch.Size([128, 512])
net_out.shape: torch.Size([128, 512])
net_out.shape: torch.Size([128, 512])
net_out.shape: torch.Size([128, 512])
net_out.shape: torch.Size([128, 512])
net_out.shape: torch.Size([128, 512])
net_out.shape: torch.Size([128, 512])
net_out.shape: torch.Size([128, 512])
net_out.shape: torch.Size([128, 512])
net_out.shape: torch.Size([128, 512])
net_out.shape: torch.Size([128, 512])
net_out.shape: torch.Size([128, 512])
net_out.shape: torch.Size([128, 512])
net_out.shape: torch.Size([128, 512])
net_out.shape: torch.Size([128, 512])
net_out.shape: torch.Size([128, 512])
net_out.shape: torch.Size([128, 512])
net_out.shape: torch.Size([128, 512])
net_out.shape: torch.Size([128, 512])
net_out.shape: torch.Size([128, 512])
net_out.shape: torch.Size([128, 512])
net_out.shape: torch.Size([128, 512])
net_out.shape: torch.Size([128, 512])
net_out.shape: torch.Size([128, 512])
net_out.shape: torch.Size([128, 512])
net_out.shape: torch.Size([128, 512])
net_out.shape: torch.Size([128, 512])
net_out.shape: torch.Size([128, 512])
net_out.shape: torch.Size([128, 512])
net_out.shape: torch.Size([128, 512])
net_out.shape: torch.Size([128, 512])
net_out.shape: torch.Size([128, 512])
net_out.shape: torch.Size([128, 512])
net_out.shape: torch.Size([128, 512])
net_out.shape: torch.Size([128, 512])
net_out.shape: torch.Size([128, 512])
net_out.shape: torch.Size([128, 512])
net_out.shape: torch.Size([128, 512])
net_out.shape: torch.Size([128, 512])
net_out.shape: torch.Size([128, 512])
net_out.shape: torch.Size([128, 512])
net_out.shape: torch.Size([128, 512])
net_out.shape: torch.Size([128, 512])
net_out.shape: torch.Size([128, 512])
net_out.shape: torch.Size([128, 512])
Training: 2025-03-27 10:52:55,284-[val][32000]XNorm: 20.123220443725586
Training: 2025-03-27 10:52:55,284-[val][32000]val: nan
Training: 2025-03-27 10:52:55,284-[val][32000]val_std: nan
Training: 2025-03-27 10:52:55,284-[val][32000]far: 0.0011292450362816453
Training: 2025-03-27 10:52:55,284-[val][32000]Accuracy: 1.0±0.0
Early stopping triggered. Stopping training to prevent overfitting.
Training: 2025-04-02 12:10:40,641-rank_id: 0
