Training: 2025-04-08 23:08:25,121-rank_id: 0
/afs/crc.nd.edu/user/j/jporubci/Private/ArcIris2/.venv/lib64/python3.9/site-packages/torch/optim/lr_scheduler.py:62: UserWarning: The verbose parameter is deprecated. Please use get_last_lr() to access the learning rate.
  warnings.warn(
Training: 2025-04-08 23:12:18,068-: margin_list              (1.0, 0.5, 0.0)
Training: 2025-04-08 23:12:18,068-: network                  convnext_tiny
Training: 2025-04-08 23:12:18,068-: resume                   False
Training: 2025-04-08 23:12:18,068-: save_all_states          True
Training: 2025-04-08 23:12:18,068-: output                   work_dirs/convnext_tiny
Training: 2025-04-08 23:12:18,068-: embedding_size           512
Training: 2025-04-08 23:12:18,068-: sample_rate              1.0
Training: 2025-04-08 23:12:18,068-: interclass_filtering_threshold0
Training: 2025-04-08 23:12:18,068-: fp16                     True
Training: 2025-04-08 23:12:18,068-: batch_size               128
Training: 2025-04-08 23:12:18,068-: optimizer                adamw
Training: 2025-04-08 23:12:18,068-: lr                       0.001
Training: 2025-04-08 23:12:18,068-: momentum                 0.9
Training: 2025-04-08 23:12:18,068-: weight_decay             0.01
Training: 2025-04-08 23:12:18,068-: verbose                  2000
Training: 2025-04-08 23:12:18,068-: frequent                 10
Training: 2025-04-08 23:12:18,068-: dali                     False
Training: 2025-04-08 23:12:18,068-: dali_aug                 False
Training: 2025-04-08 23:12:18,068-: gradient_acc             1
Training: 2025-04-08 23:12:18,069-: seed                     2048
Training: 2025-04-08 23:12:18,069-: num_workers              2
Training: 2025-04-08 23:12:18,069-: wandb_key                XXXXXXXXXXXXXXXXXXXXXXXXXXXXXXXXXXXXXXXX
Training: 2025-04-08 23:12:18,069-: suffix_run_name          None
Training: 2025-04-08 23:12:18,069-: using_wandb              False
Training: 2025-04-08 23:12:18,069-: wandb_entity             entity
Training: 2025-04-08 23:12:18,069-: wandb_project            project
Training: 2025-04-08 23:12:18,069-: wandb_log_all            True
Training: 2025-04-08 23:12:18,069-: save_artifacts           False
Training: 2025-04-08 23:12:18,069-: wandb_resume             False
Training: 2025-04-08 23:12:18,069-: train_dir                /project01/cvrl/jporubci/ArcIris Dataset/train
Training: 2025-04-08 23:12:18,069-: val_dir                  /project01/cvrl/jporubci/ArcIris Dataset/val
Training: 2025-04-08 23:12:18,069-: test_dir                 /project01/cvrl/jporubci/ArcIris Dataset/test
Training: 2025-04-08 23:12:18,069-: rec                      .
Training: 2025-04-08 23:12:18,069-: num_classes              2071
Training: 2025-04-08 23:12:18,069-: num_image                182644
Training: 2025-04-08 23:12:18,069-: num_epoch                200
Training: 2025-04-08 23:12:18,069-: warmup_epoch             0
Training: 2025-04-08 23:12:18,069-: val_targets              ['val.bin']
Training: 2025-04-08 23:12:18,069-: debug                    True
Training: 2025-04-08 23:12:18,069-: total_batch_size         128
Training: 2025-04-08 23:12:18,069-: warmup_step              0
Training: 2025-04-08 23:12:18,069-: total_step               285200
/afs/crc.nd.edu/user/j/jporubci/Private/ArcIris2/.venv/lib64/python3.9/site-packages/torch/optim/lr_scheduler.py:227: UserWarning: Detected call of `lr_scheduler.step()` before `optimizer.step()`. In PyTorch 1.1.0 and later, you should call them in the opposite order: `optimizer.step()` before `lr_scheduler.step()`.  Failure to do this will result in PyTorch skipping the first value of the learning rate schedule. See more details at https://pytorch.org/docs/stable/optim.html#how-to-adjust-learning-rate
  warnings.warn(
images_and_masks_tensor.shape: torch.Size([2, 8192, 1, 64, 512])
image_0.shape: torch.Size([1, 64, 512])
image_0.min(): 0.0
image_0.max(): 1.0
mask_0.shape: torch.Size([1, 64, 512])
mask_0.min(): 0.0
mask_0.max(): 1.0
image_1.shape: torch.Size([1, 64, 512])
image_1.min(): 0.1725490242242813
image_1.max(): 1.0
mask_1.shape: torch.Size([1, 64, 512])
mask_1.min(): 0.0
mask_1.max(): 1.0
issame[0]: True
batch.device: cuda:0
image_tensor.device: cuda:0
image_tensor.shape: torch.Size([3, 64, 512])
image_tensor.shape: torch.Size([3, 64, 512])
image_tensor.min(): -0.9999833106994629
image_tensor.max(): 0.9996132850646973
Training: 2025-04-08 23:14:15,911-Speed 28.38 samples/sec   Loss 41.9314   LearningRate 0.001000   Epoch: 0   Global Step: 20   Fp16 Grad Scale: 8192   Required: 389 hours
Training: 2025-04-08 23:14:59,837-Speed 29.14 samples/sec   Loss 42.1419   LearningRate 0.001000   Epoch: 0   Global Step: 30   Fp16 Grad Scale: 8192   Required: 376 hours
Training: 2025-04-08 23:15:46,995-Speed 27.14 samples/sec   Loss 41.2813   LearningRate 0.001000   Epoch: 0   Global Step: 40   Fp16 Grad Scale: 8192   Required: 377 hours
Training: 2025-04-08 23:16:31,495-Speed 28.76 samples/sec   Loss 41.5002   LearningRate 0.001000   Epoch: 0   Global Step: 50   Fp16 Grad Scale: 8192   Required: 371 hours
Training: 2025-04-08 23:17:18,020-Speed 27.51 samples/sec   Loss 42.0810   LearningRate 0.001000   Epoch: 0   Global Step: 60   Fp16 Grad Scale: 8192   Required: 371 hours
Training: 2025-04-08 23:18:00,104-Speed 30.42 samples/sec   Loss 41.7305   LearningRate 0.001000   Epoch: 0   Global Step: 70   Fp16 Grad Scale: 8192   Required: 366 hours
Training: 2025-04-08 23:18:44,164-Speed 29.05 samples/sec   Loss 41.5717   LearningRate 0.001000   Epoch: 0   Global Step: 80   Fp16 Grad Scale: 8192   Required: 364 hours
Training: 2025-04-08 23:19:29,696-Speed 28.11 samples/sec   Loss 41.3829   LearningRate 0.001000   Epoch: 0   Global Step: 90   Fp16 Grad Scale: 8192   Required: 363 hours
Training: 2025-04-08 23:20:12,153-Speed 30.15 samples/sec   Loss 41.0574   LearningRate 0.001000   Epoch: 0   Global Step: 100   Fp16 Grad Scale: 8192   Required: 361 hours
Training: 2025-04-08 23:20:59,227-Speed 27.19 samples/sec   Loss 40.4560   LearningRate 0.001000   Epoch: 0   Global Step: 110   Fp16 Grad Scale: 16384   Required: 362 hours
Training: 2025-04-08 23:21:42,905-Speed 29.31 samples/sec   Loss 40.7395   LearningRate 0.001000   Epoch: 0   Global Step: 120   Fp16 Grad Scale: 16384   Required: 360 hours
Training: 2025-04-08 23:22:27,298-Speed 28.83 samples/sec   Loss 40.5191   LearningRate 0.001000   Epoch: 0   Global Step: 130   Fp16 Grad Scale: 16384   Required: 360 hours
Training: 2025-04-08 23:23:09,707-Speed 30.18 samples/sec   Loss 40.2886   LearningRate 0.001000   Epoch: 0   Global Step: 140   Fp16 Grad Scale: 16384   Required: 358 hours
Training: 2025-04-08 23:23:53,887-Speed 28.97 samples/sec   Loss 40.0946   LearningRate 0.000999   Epoch: 0   Global Step: 150   Fp16 Grad Scale: 16384   Required: 357 hours
Training: 2025-04-08 23:24:35,346-Speed 30.87 samples/sec   Loss 39.9289   LearningRate 0.000999   Epoch: 0   Global Step: 160   Fp16 Grad Scale: 16384   Required: 356 hours
Training: 2025-04-08 23:25:16,675-Speed 30.97 samples/sec   Loss 40.4012   LearningRate 0.000999   Epoch: 0   Global Step: 170   Fp16 Grad Scale: 16384   Required: 354 hours
Training: 2025-04-08 23:26:00,513-Speed 29.20 samples/sec   Loss 39.8831   LearningRate 0.000999   Epoch: 0   Global Step: 180   Fp16 Grad Scale: 16384   Required: 353 hours
Training: 2025-04-08 23:26:46,075-Speed 28.09 samples/sec   Loss 39.9384   LearningRate 0.000999   Epoch: 0   Global Step: 190   Fp16 Grad Scale: 16384   Required: 354 hours
Training: 2025-04-08 23:27:31,124-Speed 28.41 samples/sec   Loss 39.3451   LearningRate 0.000999   Epoch: 0   Global Step: 200   Fp16 Grad Scale: 16384   Required: 354 hours
Training: 2025-04-08 23:28:09,636-Speed 33.24 samples/sec   Loss 39.2528   LearningRate 0.000999   Epoch: 0   Global Step: 210   Fp16 Grad Scale: 32768   Required: 352 hours
Training: 2025-04-08 23:28:51,657-Speed 30.46 samples/sec   Loss 39.1751   LearningRate 0.000999   Epoch: 0   Global Step: 220   Fp16 Grad Scale: 16384   Required: 351 hours
Training: 2025-04-08 23:29:31,186-Speed 32.38 samples/sec   Loss 38.8889   LearningRate 0.000999   Epoch: 0   Global Step: 230   Fp16 Grad Scale: 16384   Required: 349 hours
Training: 2025-04-08 23:30:15,674-Speed 28.77 samples/sec   Loss 38.7572   LearningRate 0.000999   Epoch: 0   Global Step: 240   Fp16 Grad Scale: 16384   Required: 349 hours
Training: 2025-04-08 23:31:00,201-Speed 28.75 samples/sec   Loss 38.7992   LearningRate 0.000999   Epoch: 0   Global Step: 250   Fp16 Grad Scale: 16384   Required: 349 hours
Training: 2025-04-08 23:31:47,447-Speed 27.09 samples/sec   Loss 38.8278   LearningRate 0.000999   Epoch: 0   Global Step: 260   Fp16 Grad Scale: 16384   Required: 350 hours
Training: 2025-04-08 23:32:28,208-Speed 31.40 samples/sec   Loss 38.3460   LearningRate 0.000999   Epoch: 0   Global Step: 270   Fp16 Grad Scale: 16384   Required: 349 hours
Training: 2025-04-08 23:33:07,820-Speed 32.31 samples/sec   Loss 38.4062   LearningRate 0.000999   Epoch: 0   Global Step: 280   Fp16 Grad Scale: 16384   Required: 348 hours
Training: 2025-04-08 23:33:50,725-Speed 29.83 samples/sec   Loss 37.8032   LearningRate 0.000999   Epoch: 0   Global Step: 290   Fp16 Grad Scale: 16384   Required: 348 hours
Training: 2025-04-08 23:34:31,695-Speed 31.24 samples/sec   Loss 38.0162   LearningRate 0.000999   Epoch: 0   Global Step: 300   Fp16 Grad Scale: 16384   Required: 347 hours
Training: 2025-04-08 23:35:12,825-Speed 31.12 samples/sec   Loss 37.7199   LearningRate 0.000999   Epoch: 0   Global Step: 310   Fp16 Grad Scale: 16384   Required: 346 hours
Training: 2025-04-08 23:35:57,397-Speed 28.72 samples/sec   Loss 37.7493   LearningRate 0.000999   Epoch: 0   Global Step: 320   Fp16 Grad Scale: 16384   Required: 346 hours
Training: 2025-04-08 23:36:40,187-Speed 29.91 samples/sec   Loss 37.5231   LearningRate 0.000999   Epoch: 0   Global Step: 330   Fp16 Grad Scale: 16384   Required: 346 hours
Training: 2025-04-08 23:37:23,766-Speed 29.37 samples/sec   Loss 37.2394   LearningRate 0.000999   Epoch: 0   Global Step: 340   Fp16 Grad Scale: 16384   Required: 346 hours
Training: 2025-04-08 23:38:04,738-Speed 31.24 samples/sec   Loss 37.1936   LearningRate 0.000999   Epoch: 0   Global Step: 350   Fp16 Grad Scale: 8192   Required: 345 hours
Training: 2025-04-08 23:38:45,971-Speed 31.04 samples/sec   Loss 36.9584   LearningRate 0.000999   Epoch: 0   Global Step: 360   Fp16 Grad Scale: 8192   Required: 345 hours
Training: 2025-04-08 23:39:28,807-Speed 29.88 samples/sec   Loss 36.8180   LearningRate 0.000999   Epoch: 0   Global Step: 370   Fp16 Grad Scale: 8192   Required: 345 hours
Training: 2025-04-08 23:40:09,247-Speed 31.65 samples/sec   Loss 36.3893   LearningRate 0.000999   Epoch: 0   Global Step: 380   Fp16 Grad Scale: 8192   Required: 344 hours
Training: 2025-04-08 23:40:49,503-Speed 31.80 samples/sec   Loss 36.0821   LearningRate 0.000999   Epoch: 0   Global Step: 390   Fp16 Grad Scale: 8192   Required: 343 hours
Training: 2025-04-08 23:41:30,196-Speed 31.46 samples/sec   Loss 36.1716   LearningRate 0.000999   Epoch: 0   Global Step: 400   Fp16 Grad Scale: 8192   Required: 343 hours
Training: 2025-04-08 23:42:11,230-Speed 31.19 samples/sec   Loss 35.6787   LearningRate 0.000999   Epoch: 0   Global Step: 410   Fp16 Grad Scale: 8192   Required: 342 hours
Training: 2025-04-08 23:42:51,816-Speed 31.54 samples/sec   Loss 35.4650   LearningRate 0.000999   Epoch: 0   Global Step: 420   Fp16 Grad Scale: 8192   Required: 342 hours
Training: 2025-04-08 23:43:36,840-Speed 28.43 samples/sec   Loss 35.5792   LearningRate 0.000998   Epoch: 0   Global Step: 430   Fp16 Grad Scale: 8192   Required: 342 hours
Training: 2025-04-08 23:44:17,453-Speed 31.52 samples/sec   Loss 35.2015   LearningRate 0.000998   Epoch: 0   Global Step: 440   Fp16 Grad Scale: 8192   Required: 342 hours
Training: 2025-04-08 23:44:57,265-Speed 32.15 samples/sec   Loss 35.0459   LearningRate 0.000998   Epoch: 0   Global Step: 450   Fp16 Grad Scale: 16384   Required: 341 hours
Training: 2025-04-08 23:45:36,272-Speed 32.82 samples/sec   Loss 34.7381   LearningRate 0.000998   Epoch: 0   Global Step: 460   Fp16 Grad Scale: 16384   Required: 340 hours
Training: 2025-04-08 23:46:15,229-Speed 32.86 samples/sec   Loss 34.6259   LearningRate 0.000998   Epoch: 0   Global Step: 470   Fp16 Grad Scale: 16384   Required: 340 hours
Training: 2025-04-08 23:46:57,547-Speed 30.25 samples/sec   Loss 34.0045   LearningRate 0.000998   Epoch: 0   Global Step: 480   Fp16 Grad Scale: 16384   Required: 340 hours
Training: 2025-04-08 23:47:36,578-Speed 32.80 samples/sec   Loss 34.4239   LearningRate 0.000998   Epoch: 0   Global Step: 490   Fp16 Grad Scale: 8192   Required: 339 hours
Training: 2025-04-08 23:48:15,437-Speed 32.94 samples/sec   Loss 33.9482   LearningRate 0.000998   Epoch: 0   Global Step: 500   Fp16 Grad Scale: 8192   Required: 338 hours
Training: 2025-04-08 23:48:54,031-Speed 33.17 samples/sec   Loss 34.0649   LearningRate 0.000998   Epoch: 0   Global Step: 510   Fp16 Grad Scale: 8192   Required: 338 hours
Training: 2025-04-08 23:49:36,928-Speed 29.84 samples/sec   Loss 33.7203   LearningRate 0.000998   Epoch: 0   Global Step: 520   Fp16 Grad Scale: 8192   Required: 338 hours
Training: 2025-04-08 23:50:17,086-Speed 31.87 samples/sec   Loss 33.6089   LearningRate 0.000998   Epoch: 0   Global Step: 530   Fp16 Grad Scale: 8192   Required: 337 hours
Training: 2025-04-08 23:51:01,029-Speed 29.13 samples/sec   Loss 33.7906   LearningRate 0.000998   Epoch: 0   Global Step: 540   Fp16 Grad Scale: 8192   Required: 337 hours
Training: 2025-04-08 23:51:43,916-Speed 29.85 samples/sec   Loss 33.3167   LearningRate 0.000998   Epoch: 0   Global Step: 550   Fp16 Grad Scale: 8192   Required: 337 hours
Training: 2025-04-08 23:52:30,884-Speed 27.25 samples/sec   Loss 32.8783   LearningRate 0.000998   Epoch: 0   Global Step: 560   Fp16 Grad Scale: 8192   Required: 338 hours
Training: 2025-04-08 23:53:12,402-Speed 30.83 samples/sec   Loss 33.0208   LearningRate 0.000998   Epoch: 0   Global Step: 570   Fp16 Grad Scale: 8192   Required: 338 hours
Training: 2025-04-08 23:53:52,635-Speed 31.82 samples/sec   Loss 32.8124   LearningRate 0.000998   Epoch: 0   Global Step: 580   Fp16 Grad Scale: 8192   Required: 337 hours
Training: 2025-04-08 23:54:34,585-Speed 30.51 samples/sec   Loss 31.8901   LearningRate 0.000998   Epoch: 0   Global Step: 590   Fp16 Grad Scale: 16384   Required: 337 hours
Training: 2025-04-08 23:55:15,653-Speed 31.17 samples/sec   Loss 32.2753   LearningRate 0.000998   Epoch: 0   Global Step: 600   Fp16 Grad Scale: 16384   Required: 337 hours
Training: 2025-04-08 23:55:55,310-Speed 32.28 samples/sec   Loss 31.9087   LearningRate 0.000998   Epoch: 0   Global Step: 610   Fp16 Grad Scale: 8192   Required: 337 hours
Training: 2025-04-08 23:56:38,664-Speed 29.53 samples/sec   Loss 32.0412   LearningRate 0.000998   Epoch: 0   Global Step: 620   Fp16 Grad Scale: 8192   Required: 337 hours
Training: 2025-04-08 23:57:19,399-Speed 31.42 samples/sec   Loss 31.2303   LearningRate 0.000998   Epoch: 0   Global Step: 630   Fp16 Grad Scale: 8192   Required: 337 hours
Training: 2025-04-08 23:57:59,337-Speed 32.05 samples/sec   Loss 31.6045   LearningRate 0.000998   Epoch: 0   Global Step: 640   Fp16 Grad Scale: 8192   Required: 336 hours
Training: 2025-04-08 23:58:39,750-Speed 31.67 samples/sec   Loss 30.8931   LearningRate 0.000998   Epoch: 0   Global Step: 650   Fp16 Grad Scale: 8192   Required: 336 hours
Training: 2025-04-08 23:59:18,738-Speed 32.83 samples/sec   Loss 31.1302   LearningRate 0.000998   Epoch: 0   Global Step: 660   Fp16 Grad Scale: 8192   Required: 336 hours
Training: 2025-04-08 23:59:58,601-Speed 32.11 samples/sec   Loss 30.5564   LearningRate 0.000998   Epoch: 0   Global Step: 670   Fp16 Grad Scale: 8192   Required: 335 hours
Training: 2025-04-09 00:00:45,897-Speed 27.06 samples/sec   Loss 30.6454   LearningRate 0.000998   Epoch: 0   Global Step: 680   Fp16 Grad Scale: 8192   Required: 336 hours
Training: 2025-04-09 00:01:23,927-Speed 33.66 samples/sec   Loss 29.5524   LearningRate 0.000998   Epoch: 0   Global Step: 690   Fp16 Grad Scale: 8192   Required: 335 hours
Training: 2025-04-09 00:02:06,752-Speed 29.89 samples/sec   Loss 29.9367   LearningRate 0.000998   Epoch: 0   Global Step: 700   Fp16 Grad Scale: 8192   Required: 335 hours
Training: 2025-04-09 00:02:45,465-Speed 33.06 samples/sec   Loss 29.2506   LearningRate 0.000998   Epoch: 0   Global Step: 710   Fp16 Grad Scale: 16384   Required: 335 hours
Training: 2025-04-09 00:03:23,130-Speed 33.98 samples/sec   Loss 29.1294   LearningRate 0.000997   Epoch: 0   Global Step: 720   Fp16 Grad Scale: 8192   Required: 334 hours
Training: 2025-04-09 00:04:02,839-Speed 32.24 samples/sec   Loss 28.6451   LearningRate 0.000997   Epoch: 0   Global Step: 730   Fp16 Grad Scale: 8192   Required: 334 hours
Training: 2025-04-09 00:04:40,927-Speed 33.61 samples/sec   Loss 28.9448   LearningRate 0.000997   Epoch: 0   Global Step: 740   Fp16 Grad Scale: 8192   Required: 334 hours
Training: 2025-04-09 00:05:19,172-Speed 33.47 samples/sec   Loss 28.6428   LearningRate 0.000997   Epoch: 0   Global Step: 750   Fp16 Grad Scale: 8192   Required: 333 hours
Training: 2025-04-09 00:05:57,119-Speed 33.73 samples/sec   Loss 27.5678   LearningRate 0.000997   Epoch: 0   Global Step: 760   Fp16 Grad Scale: 8192   Required: 333 hours
Training: 2025-04-09 00:06:34,506-Speed 34.24 samples/sec   Loss 27.2339   LearningRate 0.000997   Epoch: 0   Global Step: 770   Fp16 Grad Scale: 8192   Required: 332 hours
Training: 2025-04-09 00:07:13,818-Speed 32.56 samples/sec   Loss 26.3624   LearningRate 0.000997   Epoch: 0   Global Step: 780   Fp16 Grad Scale: 8192   Required: 332 hours
Training: 2025-04-09 00:07:50,933-Speed 34.49 samples/sec   Loss 25.8919   LearningRate 0.000997   Epoch: 0   Global Step: 790   Fp16 Grad Scale: 8192   Required: 331 hours
Training: 2025-04-09 00:08:28,415-Speed 34.15 samples/sec   Loss 26.3062   LearningRate 0.000997   Epoch: 0   Global Step: 800   Fp16 Grad Scale: 8192   Required: 331 hours
Training: 2025-04-09 00:09:03,903-Speed 36.07 samples/sec   Loss 25.5541   LearningRate 0.000997   Epoch: 0   Global Step: 810   Fp16 Grad Scale: 8192   Required: 330 hours
Training: 2025-04-09 00:09:41,692-Speed 33.87 samples/sec   Loss 26.1713   LearningRate 0.000997   Epoch: 0   Global Step: 820   Fp16 Grad Scale: 16384   Required: 330 hours
Training: 2025-04-09 00:10:17,881-Speed 35.37 samples/sec   Loss 25.1484   LearningRate 0.000997   Epoch: 0   Global Step: 830   Fp16 Grad Scale: 16384   Required: 329 hours
Training: 2025-04-09 00:10:54,970-Speed 34.51 samples/sec   Loss 24.5948   LearningRate 0.000997   Epoch: 0   Global Step: 840   Fp16 Grad Scale: 16384   Required: 329 hours
Training: 2025-04-09 00:11:30,334-Speed 36.20 samples/sec   Loss 24.2818   LearningRate 0.000997   Epoch: 0   Global Step: 850   Fp16 Grad Scale: 16384   Required: 328 hours
Training: 2025-04-09 00:12:08,197-Speed 33.81 samples/sec   Loss 24.5820   LearningRate 0.000997   Epoch: 0   Global Step: 860   Fp16 Grad Scale: 16384   Required: 328 hours
Training: 2025-04-09 00:12:44,492-Speed 35.27 samples/sec   Loss 23.8718   LearningRate 0.000997   Epoch: 0   Global Step: 870   Fp16 Grad Scale: 16384   Required: 328 hours
Training: 2025-04-09 00:13:21,413-Speed 34.67 samples/sec   Loss 23.2613   LearningRate 0.000997   Epoch: 0   Global Step: 880   Fp16 Grad Scale: 16384   Required: 327 hours
Training: 2025-04-09 00:13:56,197-Speed 36.80 samples/sec   Loss 23.3300   LearningRate 0.000997   Epoch: 0   Global Step: 890   Fp16 Grad Scale: 16384   Required: 327 hours
Training: 2025-04-09 00:14:29,692-Speed 38.21 samples/sec   Loss 22.8707   LearningRate 0.000997   Epoch: 0   Global Step: 900   Fp16 Grad Scale: 16384   Required: 326 hours
Training: 2025-04-09 00:15:04,555-Speed 36.72 samples/sec   Loss 23.3328   LearningRate 0.000997   Epoch: 0   Global Step: 910   Fp16 Grad Scale: 16384   Required: 325 hours
Training: 2025-04-09 00:15:38,945-Speed 37.22 samples/sec   Loss 22.0710   LearningRate 0.000997   Epoch: 0   Global Step: 920   Fp16 Grad Scale: 32768   Required: 325 hours
Training: 2025-04-09 00:16:13,261-Speed 37.30 samples/sec   Loss 21.7668   LearningRate 0.000997   Epoch: 0   Global Step: 930   Fp16 Grad Scale: 16384   Required: 324 hours
Training: 2025-04-09 00:16:49,125-Speed 35.69 samples/sec   Loss 21.5333   LearningRate 0.000997   Epoch: 0   Global Step: 940   Fp16 Grad Scale: 16384   Required: 324 hours
Training: 2025-04-09 00:17:25,960-Speed 34.75 samples/sec   Loss 21.0897   LearningRate 0.000997   Epoch: 0   Global Step: 950   Fp16 Grad Scale: 16384   Required: 323 hours
Training: 2025-04-09 00:17:59,977-Speed 37.63 samples/sec   Loss 21.4359   LearningRate 0.000997   Epoch: 0   Global Step: 960   Fp16 Grad Scale: 16384   Required: 323 hours
Training: 2025-04-09 00:18:34,522-Speed 37.05 samples/sec   Loss 21.0839   LearningRate 0.000997   Epoch: 0   Global Step: 970   Fp16 Grad Scale: 16384   Required: 322 hours
Training: 2025-04-09 00:19:09,156-Speed 36.96 samples/sec   Loss 20.8306   LearningRate 0.000997   Epoch: 0   Global Step: 980   Fp16 Grad Scale: 16384   Required: 322 hours
Training: 2025-04-09 00:19:43,320-Speed 37.47 samples/sec   Loss 20.2622   LearningRate 0.000997   Epoch: 0   Global Step: 990   Fp16 Grad Scale: 16384   Required: 321 hours
Training: 2025-04-09 00:20:18,063-Speed 36.84 samples/sec   Loss 19.9517   LearningRate 0.000996   Epoch: 0   Global Step: 1000   Fp16 Grad Scale: 16384   Required: 321 hours
Training: 2025-04-09 00:20:51,801-Speed 37.94 samples/sec   Loss 19.6608   LearningRate 0.000996   Epoch: 0   Global Step: 1010   Fp16 Grad Scale: 16384   Required: 320 hours
Training: 2025-04-09 00:21:26,719-Speed 36.66 samples/sec   Loss 19.9150   LearningRate 0.000996   Epoch: 0   Global Step: 1020   Fp16 Grad Scale: 16384   Required: 320 hours
Training: 2025-04-09 00:21:59,519-Speed 39.02 samples/sec   Loss 19.0867   LearningRate 0.000996   Epoch: 0   Global Step: 1030   Fp16 Grad Scale: 16384   Required: 319 hours
Training: 2025-04-09 00:22:32,978-Speed 38.26 samples/sec   Loss 18.4422   LearningRate 0.000996   Epoch: 0   Global Step: 1040   Fp16 Grad Scale: 16384   Required: 319 hours
Training: 2025-04-09 00:23:06,486-Speed 38.20 samples/sec   Loss 19.4356   LearningRate 0.000996   Epoch: 0   Global Step: 1050   Fp16 Grad Scale: 16384   Required: 318 hours
Training: 2025-04-09 00:23:39,758-Speed 38.47 samples/sec   Loss 18.7767   LearningRate 0.000996   Epoch: 0   Global Step: 1060   Fp16 Grad Scale: 16384   Required: 317 hours
Training: 2025-04-09 00:24:12,193-Speed 39.46 samples/sec   Loss 17.5822   LearningRate 0.000996   Epoch: 0   Global Step: 1070   Fp16 Grad Scale: 16384   Required: 317 hours
Training: 2025-04-09 00:24:45,330-Speed 38.63 samples/sec   Loss 17.8949   LearningRate 0.000996   Epoch: 0   Global Step: 1080   Fp16 Grad Scale: 16384   Required: 316 hours
Training: 2025-04-09 00:25:17,761-Speed 39.47 samples/sec   Loss 17.2435   LearningRate 0.000996   Epoch: 0   Global Step: 1090   Fp16 Grad Scale: 16384   Required: 316 hours
Training: 2025-04-09 00:25:51,830-Speed 37.57 samples/sec   Loss 17.2260   LearningRate 0.000996   Epoch: 0   Global Step: 1100   Fp16 Grad Scale: 16384   Required: 315 hours
Training: 2025-04-09 00:26:27,064-Speed 36.33 samples/sec   Loss 17.1249   LearningRate 0.000996   Epoch: 0   Global Step: 1110   Fp16 Grad Scale: 16384   Required: 315 hours
Training: 2025-04-09 00:27:05,863-Speed 32.99 samples/sec   Loss 17.2322   LearningRate 0.000996   Epoch: 0   Global Step: 1120   Fp16 Grad Scale: 16384   Required: 315 hours
Training: 2025-04-09 00:27:43,498-Speed 34.01 samples/sec   Loss 16.7785   LearningRate 0.000996   Epoch: 0   Global Step: 1130   Fp16 Grad Scale: 32768   Required: 315 hours
Training: 2025-04-09 00:28:21,844-Speed 33.38 samples/sec   Loss 16.2416   LearningRate 0.000996   Epoch: 0   Global Step: 1140   Fp16 Grad Scale: 16384   Required: 315 hours
Training: 2025-04-09 00:29:02,446-Speed 31.53 samples/sec   Loss 15.5575   LearningRate 0.000996   Epoch: 0   Global Step: 1150   Fp16 Grad Scale: 16384   Required: 315 hours
Training: 2025-04-09 00:29:40,709-Speed 33.45 samples/sec   Loss 15.2941   LearningRate 0.000996   Epoch: 0   Global Step: 1160   Fp16 Grad Scale: 16384   Required: 315 hours
Training: 2025-04-09 00:30:19,041-Speed 33.39 samples/sec   Loss 16.0586   LearningRate 0.000996   Epoch: 0   Global Step: 1170   Fp16 Grad Scale: 16384   Required: 314 hours
Training: 2025-04-09 00:30:56,819-Speed 33.88 samples/sec   Loss 15.9185   LearningRate 0.000996   Epoch: 0   Global Step: 1180   Fp16 Grad Scale: 16384   Required: 314 hours
Training: 2025-04-09 00:31:35,512-Speed 33.08 samples/sec   Loss 15.2018   LearningRate 0.000996   Epoch: 0   Global Step: 1190   Fp16 Grad Scale: 16384   Required: 314 hours
Training: 2025-04-09 00:32:13,100-Speed 34.05 samples/sec   Loss 15.4516   LearningRate 0.000996   Epoch: 0   Global Step: 1200   Fp16 Grad Scale: 16384   Required: 314 hours
Training: 2025-04-09 00:32:52,153-Speed 32.78 samples/sec   Loss 14.4073   LearningRate 0.000996   Epoch: 0   Global Step: 1210   Fp16 Grad Scale: 16384   Required: 314 hours
Training: 2025-04-09 00:33:30,055-Speed 33.77 samples/sec   Loss 14.7064   LearningRate 0.000996   Epoch: 0   Global Step: 1220   Fp16 Grad Scale: 16384   Required: 314 hours
Training: 2025-04-09 00:34:10,482-Speed 31.66 samples/sec   Loss 14.3651   LearningRate 0.000996   Epoch: 0   Global Step: 1230   Fp16 Grad Scale: 16384   Required: 314 hours
Training: 2025-04-09 00:34:48,695-Speed 33.50 samples/sec   Loss 14.4347   LearningRate 0.000996   Epoch: 0   Global Step: 1240   Fp16 Grad Scale: 32768   Required: 314 hours
Training: 2025-04-09 00:35:27,569-Speed 32.93 samples/sec   Loss 13.5347   LearningRate 0.000996   Epoch: 0   Global Step: 1250   Fp16 Grad Scale: 32768   Required: 314 hours
Training: 2025-04-09 00:36:06,475-Speed 32.90 samples/sec   Loss 14.0457   LearningRate 0.000996   Epoch: 0   Global Step: 1260   Fp16 Grad Scale: 16384   Required: 314 hours
Training: 2025-04-09 00:36:45,181-Speed 33.07 samples/sec   Loss 13.3669   LearningRate 0.000996   Epoch: 0   Global Step: 1270   Fp16 Grad Scale: 16384   Required: 314 hours
Training: 2025-04-09 00:37:24,280-Speed 32.74 samples/sec   Loss 12.9839   LearningRate 0.000996   Epoch: 0   Global Step: 1280   Fp16 Grad Scale: 16384   Required: 313 hours
Training: 2025-04-09 00:38:03,429-Speed 32.70 samples/sec   Loss 12.8756   LearningRate 0.000995   Epoch: 0   Global Step: 1290   Fp16 Grad Scale: 16384   Required: 313 hours
Training: 2025-04-09 00:38:41,562-Speed 33.57 samples/sec   Loss 12.8428   LearningRate 0.000995   Epoch: 0   Global Step: 1300   Fp16 Grad Scale: 16384   Required: 313 hours
Training: 2025-04-09 00:39:20,028-Speed 33.28 samples/sec   Loss 12.2874   LearningRate 0.000995   Epoch: 0   Global Step: 1310   Fp16 Grad Scale: 16384   Required: 313 hours
Training: 2025-04-09 00:39:57,803-Speed 33.89 samples/sec   Loss 12.6537   LearningRate 0.000995   Epoch: 0   Global Step: 1320   Fp16 Grad Scale: 16384   Required: 313 hours
Training: 2025-04-09 00:40:35,559-Speed 33.90 samples/sec   Loss 12.6791   LearningRate 0.000995   Epoch: 0   Global Step: 1330   Fp16 Grad Scale: 16384   Required: 313 hours
Training: 2025-04-09 00:41:13,547-Speed 33.69 samples/sec   Loss 12.3956   LearningRate 0.000995   Epoch: 0   Global Step: 1340   Fp16 Grad Scale: 16384   Required: 313 hours
Training: 2025-04-09 00:41:51,366-Speed 33.85 samples/sec   Loss 11.5989   LearningRate 0.000995   Epoch: 0   Global Step: 1350   Fp16 Grad Scale: 16384   Required: 313 hours
Training: 2025-04-09 00:42:30,718-Speed 32.53 samples/sec   Loss 11.5627   LearningRate 0.000995   Epoch: 0   Global Step: 1360   Fp16 Grad Scale: 32768   Required: 313 hours
Training: 2025-04-09 00:43:09,261-Speed 33.21 samples/sec   Loss 11.6438   LearningRate 0.000995   Epoch: 0   Global Step: 1370   Fp16 Grad Scale: 32768   Required: 313 hours
Training: 2025-04-09 00:43:47,375-Speed 33.58 samples/sec   Loss 11.8286   LearningRate 0.000995   Epoch: 0   Global Step: 1380   Fp16 Grad Scale: 32768   Required: 313 hours
Training: 2025-04-09 00:44:24,745-Speed 34.25 samples/sec   Loss 11.8797   LearningRate 0.000995   Epoch: 0   Global Step: 1390   Fp16 Grad Scale: 32768   Required: 312 hours
Training: 2025-04-09 00:45:02,574-Speed 33.84 samples/sec   Loss 11.2290   LearningRate 0.000995   Epoch: 0   Global Step: 1400   Fp16 Grad Scale: 32768   Required: 312 hours
Training: 2025-04-09 00:45:42,747-Speed 31.86 samples/sec   Loss 10.9662   LearningRate 0.000995   Epoch: 0   Global Step: 1410   Fp16 Grad Scale: 16384   Required: 312 hours
Training: 2025-04-09 00:46:23,748-Speed 31.22 samples/sec   Loss 11.1824   LearningRate 0.000995   Epoch: 0   Global Step: 1420   Fp16 Grad Scale: 16384   Required: 312 hours
Training: 2025-04-09 00:47:04,056-Speed 31.76 samples/sec   Loss 10.0051   LearningRate 0.000995   Epoch: 1   Global Step: 1430   Fp16 Grad Scale: 16384   Required: 312 hours
Training: 2025-04-09 00:47:19,362-Speed 83.63 samples/sec   Loss 9.7381   LearningRate 0.000995   Epoch: 1   Global Step: 1440   Fp16 Grad Scale: 16384   Required: 311 hours
Training: 2025-04-09 00:47:36,347-Speed 75.36 samples/sec   Loss 9.8515   LearningRate 0.000995   Epoch: 1   Global Step: 1450   Fp16 Grad Scale: 16384   Required: 310 hours
Training: 2025-04-09 00:47:51,575-Speed 84.06 samples/sec   Loss 9.7707   LearningRate 0.000995   Epoch: 1   Global Step: 1460   Fp16 Grad Scale: 16384   Required: 309 hours
Training: 2025-04-09 00:48:06,796-Speed 84.10 samples/sec   Loss 9.4386   LearningRate 0.000995   Epoch: 1   Global Step: 1470   Fp16 Grad Scale: 16384   Required: 307 hours
Training: 2025-04-09 00:48:22,076-Speed 83.77 samples/sec   Loss 9.6526   LearningRate 0.000995   Epoch: 1   Global Step: 1480   Fp16 Grad Scale: 16384   Required: 306 hours
Training: 2025-04-09 00:48:37,137-Speed 84.99 samples/sec   Loss 9.5443   LearningRate 0.000995   Epoch: 1   Global Step: 1490   Fp16 Grad Scale: 16384   Required: 305 hours
Training: 2025-04-09 00:48:52,292-Speed 84.46 samples/sec   Loss 9.8145   LearningRate 0.000995   Epoch: 1   Global Step: 1500   Fp16 Grad Scale: 16384   Required: 303 hours
Training: 2025-04-09 00:49:07,468-Speed 84.35 samples/sec   Loss 9.4921   LearningRate 0.000995   Epoch: 1   Global Step: 1510   Fp16 Grad Scale: 16384   Required: 302 hours
Training: 2025-04-09 00:49:23,011-Speed 82.36 samples/sec   Loss 9.4732   LearningRate 0.000995   Epoch: 1   Global Step: 1520   Fp16 Grad Scale: 16384   Required: 301 hours
Training: 2025-04-09 00:49:38,771-Speed 81.22 samples/sec   Loss 9.0584   LearningRate 0.000995   Epoch: 1   Global Step: 1530   Fp16 Grad Scale: 16384   Required: 300 hours
Training: 2025-04-09 00:49:54,517-Speed 81.29 samples/sec   Loss 9.4667   LearningRate 0.000995   Epoch: 1   Global Step: 1540   Fp16 Grad Scale: 16384   Required: 299 hours
Training: 2025-04-09 00:50:09,899-Speed 83.22 samples/sec   Loss 9.0103   LearningRate 0.000995   Epoch: 1   Global Step: 1550   Fp16 Grad Scale: 16384   Required: 298 hours
Training: 2025-04-09 00:50:25,476-Speed 82.18 samples/sec   Loss 9.2660   LearningRate 0.000995   Epoch: 1   Global Step: 1560   Fp16 Grad Scale: 16384   Required: 296 hours
Training: 2025-04-09 00:50:41,024-Speed 82.32 samples/sec   Loss 8.4771   LearningRate 0.000994   Epoch: 1   Global Step: 1570   Fp16 Grad Scale: 16384   Required: 295 hours
Training: 2025-04-09 00:50:56,480-Speed 82.82 samples/sec   Loss 8.3553   LearningRate 0.000994   Epoch: 1   Global Step: 1580   Fp16 Grad Scale: 16384   Required: 294 hours
Training: 2025-04-09 00:51:11,979-Speed 82.59 samples/sec   Loss 8.8104   LearningRate 0.000994   Epoch: 1   Global Step: 1590   Fp16 Grad Scale: 16384   Required: 293 hours
Training: 2025-04-09 00:51:27,538-Speed 82.27 samples/sec   Loss 8.5873   LearningRate 0.000994   Epoch: 1   Global Step: 1600   Fp16 Grad Scale: 16384   Required: 292 hours
Training: 2025-04-09 00:51:43,088-Speed 82.32 samples/sec   Loss 8.0037   LearningRate 0.000994   Epoch: 1   Global Step: 1610   Fp16 Grad Scale: 32768   Required: 291 hours
Training: 2025-04-09 00:51:58,467-Speed 83.23 samples/sec   Loss 7.5811   LearningRate 0.000994   Epoch: 1   Global Step: 1620   Fp16 Grad Scale: 32768   Required: 290 hours
Training: 2025-04-09 00:52:13,782-Speed 83.58 samples/sec   Loss 7.6931   LearningRate 0.000994   Epoch: 1   Global Step: 1630   Fp16 Grad Scale: 32768   Required: 289 hours
Training: 2025-04-09 00:52:29,143-Speed 83.33 samples/sec   Loss 7.9154   LearningRate 0.000994   Epoch: 1   Global Step: 1640   Fp16 Grad Scale: 32768   Required: 288 hours
Training: 2025-04-09 00:52:45,997-Speed 75.95 samples/sec   Loss 7.7537   LearningRate 0.000994   Epoch: 1   Global Step: 1650   Fp16 Grad Scale: 32768   Required: 287 hours
Training: 2025-04-09 00:53:01,491-Speed 82.62 samples/sec   Loss 8.0707   LearningRate 0.000994   Epoch: 1   Global Step: 1660   Fp16 Grad Scale: 32768   Required: 286 hours
Training: 2025-04-09 00:53:17,122-Speed 81.89 samples/sec   Loss 7.0262   LearningRate 0.000994   Epoch: 1   Global Step: 1670   Fp16 Grad Scale: 32768   Required: 285 hours
Training: 2025-04-09 00:53:32,370-Speed 83.95 samples/sec   Loss 7.0877   LearningRate 0.000994   Epoch: 1   Global Step: 1680   Fp16 Grad Scale: 32768   Required: 284 hours
Training: 2025-04-09 00:53:47,920-Speed 82.32 samples/sec   Loss 7.3292   LearningRate 0.000994   Epoch: 1   Global Step: 1690   Fp16 Grad Scale: 32768   Required: 283 hours
Training: 2025-04-09 00:54:03,118-Speed 84.23 samples/sec   Loss 7.4338   LearningRate 0.000994   Epoch: 1   Global Step: 1700   Fp16 Grad Scale: 32768   Required: 282 hours
Training: 2025-04-09 00:54:18,490-Speed 83.27 samples/sec   Loss 7.6467   LearningRate 0.000994   Epoch: 1   Global Step: 1710   Fp16 Grad Scale: 32768   Required: 281 hours
Training: 2025-04-09 00:54:33,658-Speed 84.39 samples/sec   Loss 7.3047   LearningRate 0.000994   Epoch: 1   Global Step: 1720   Fp16 Grad Scale: 32768   Required: 280 hours
Training: 2025-04-09 00:54:49,149-Speed 82.63 samples/sec   Loss 6.7073   LearningRate 0.000994   Epoch: 1   Global Step: 1730   Fp16 Grad Scale: 32768   Required: 279 hours
Training: 2025-04-09 00:55:04,809-Speed 81.74 samples/sec   Loss 7.3037   LearningRate 0.000994   Epoch: 1   Global Step: 1740   Fp16 Grad Scale: 32768   Required: 278 hours
Training: 2025-04-09 00:55:20,072-Speed 83.87 samples/sec   Loss 6.6876   LearningRate 0.000994   Epoch: 1   Global Step: 1750   Fp16 Grad Scale: 32768   Required: 277 hours
Training: 2025-04-09 00:55:35,322-Speed 83.94 samples/sec   Loss 7.2672   LearningRate 0.000994   Epoch: 1   Global Step: 1760   Fp16 Grad Scale: 32768   Required: 276 hours
Training: 2025-04-09 00:55:50,797-Speed 82.72 samples/sec   Loss 6.6112   LearningRate 0.000994   Epoch: 1   Global Step: 1770   Fp16 Grad Scale: 32768   Required: 276 hours
Training: 2025-04-09 00:56:06,541-Speed 81.31 samples/sec   Loss 7.0789   LearningRate 0.000994   Epoch: 1   Global Step: 1780   Fp16 Grad Scale: 32768   Required: 275 hours
Training: 2025-04-09 00:56:23,591-Speed 75.08 samples/sec   Loss 7.0706   LearningRate 0.000994   Epoch: 1   Global Step: 1790   Fp16 Grad Scale: 32768   Required: 274 hours
Training: 2025-04-09 00:56:41,730-Speed 70.57 samples/sec   Loss 6.9783   LearningRate 0.000994   Epoch: 1   Global Step: 1800   Fp16 Grad Scale: 32768   Required: 273 hours
Training: 2025-04-09 00:57:00,385-Speed 68.62 samples/sec   Loss 6.6259   LearningRate 0.000994   Epoch: 1   Global Step: 1810   Fp16 Grad Scale: 65536   Required: 272 hours
Training: 2025-04-09 00:57:17,623-Speed 74.26 samples/sec   Loss 6.5743   LearningRate 0.000994   Epoch: 1   Global Step: 1820   Fp16 Grad Scale: 32768   Required: 272 hours
Training: 2025-04-09 00:57:33,603-Speed 80.10 samples/sec   Loss 6.1555   LearningRate 0.000994   Epoch: 1   Global Step: 1830   Fp16 Grad Scale: 32768   Required: 271 hours
Training: 2025-04-09 00:57:50,634-Speed 75.16 samples/sec   Loss 6.2121   LearningRate 0.000994   Epoch: 1   Global Step: 1840   Fp16 Grad Scale: 32768   Required: 270 hours
Training: 2025-04-09 00:58:05,955-Speed 83.55 samples/sec   Loss 6.0447   LearningRate 0.000994   Epoch: 1   Global Step: 1850   Fp16 Grad Scale: 32768   Required: 269 hours
Training: 2025-04-09 00:58:21,619-Speed 81.72 samples/sec   Loss 6.7870   LearningRate 0.000993   Epoch: 1   Global Step: 1860   Fp16 Grad Scale: 32768   Required: 269 hours
Training: 2025-04-09 00:58:37,299-Speed 81.63 samples/sec   Loss 6.1957   LearningRate 0.000993   Epoch: 1   Global Step: 1870   Fp16 Grad Scale: 32768   Required: 268 hours
Training: 2025-04-09 00:58:52,941-Speed 81.83 samples/sec   Loss 5.3855   LearningRate 0.000993   Epoch: 1   Global Step: 1880   Fp16 Grad Scale: 32768   Required: 267 hours
Training: 2025-04-09 00:59:08,681-Speed 81.33 samples/sec   Loss 6.1518   LearningRate 0.000993   Epoch: 1   Global Step: 1890   Fp16 Grad Scale: 32768   Required: 266 hours
Training: 2025-04-09 00:59:24,025-Speed 83.42 samples/sec   Loss 5.5303   LearningRate 0.000993   Epoch: 1   Global Step: 1900   Fp16 Grad Scale: 32768   Required: 265 hours
Training: 2025-04-09 00:59:39,191-Speed 84.40 samples/sec   Loss 5.3562   LearningRate 0.000993   Epoch: 1   Global Step: 1910   Fp16 Grad Scale: 32768   Required: 265 hours
Training: 2025-04-09 00:59:54,300-Speed 84.72 samples/sec   Loss 5.6451   LearningRate 0.000993   Epoch: 1   Global Step: 1920   Fp16 Grad Scale: 65536   Required: 264 hours
Training: 2025-04-09 01:00:09,691-Speed 83.17 samples/sec   Loss 5.5577   LearningRate 0.000993   Epoch: 1   Global Step: 1930   Fp16 Grad Scale: 65536   Required: 263 hours
Training: 2025-04-09 01:00:25,521-Speed 80.86 samples/sec   Loss 5.7789   LearningRate 0.000993   Epoch: 1   Global Step: 1940   Fp16 Grad Scale: 32768   Required: 262 hours
Training: 2025-04-09 01:00:41,265-Speed 81.30 samples/sec   Loss 5.5185   LearningRate 0.000993   Epoch: 1   Global Step: 1950   Fp16 Grad Scale: 32768   Required: 262 hours
Training: 2025-04-09 01:00:56,674-Speed 83.07 samples/sec   Loss 5.2775   LearningRate 0.000993   Epoch: 1   Global Step: 1960   Fp16 Grad Scale: 32768   Required: 261 hours
Training: 2025-04-09 01:01:12,334-Speed 81.74 samples/sec   Loss 4.9633   LearningRate 0.000993   Epoch: 1   Global Step: 1970   Fp16 Grad Scale: 32768   Required: 260 hours
Training: 2025-04-09 01:01:28,345-Speed 79.95 samples/sec   Loss 5.1747   LearningRate 0.000993   Epoch: 1   Global Step: 1980   Fp16 Grad Scale: 32768   Required: 260 hours
Training: 2025-04-09 01:01:44,424-Speed 79.61 samples/sec   Loss 5.0346   LearningRate 0.000993   Epoch: 1   Global Step: 1990   Fp16 Grad Scale: 32768   Required: 259 hours
Training: 2025-04-09 01:01:59,801-Speed 83.24 samples/sec   Loss 5.0876   LearningRate 0.000993   Epoch: 1   Global Step: 2000   Fp16 Grad Scale: 32768   Required: 258 hours
Batch 0: torch.Size([128, 3, 64, 512])
batch.shape: torch.Size([128, 3, 64, 512])
batch.min(): -1.0
batch.max(): 1.0
batch.device: cuda:0
net_out.shape: torch.Size([128, 512])
num_nans: 0
num_non_nans: 65536
Batch 1: torch.Size([128, 3, 64, 512])
batch.shape: torch.Size([128, 3, 64, 512])
batch.min(): -1.0
batch.max(): 1.0
batch.device: cuda:0
net_out.shape: torch.Size([128, 512])
num_nans: 0
num_non_nans: 65536
Batch 2: torch.Size([128, 3, 64, 512])
batch.shape: torch.Size([128, 3, 64, 512])
batch.min(): -1.0
batch.max(): 1.0
batch.device: cuda:0
net_out.shape: torch.Size([128, 512])
num_nans: 0
num_non_nans: 65536
Batch 3: torch.Size([128, 3, 64, 512])
batch.shape: torch.Size([128, 3, 64, 512])
batch.min(): -1.0
batch.max(): 1.0
batch.device: cuda:0
net_out.shape: torch.Size([128, 512])
num_nans: 0
num_non_nans: 65536
Batch 4: torch.Size([128, 3, 64, 512])
batch.shape: torch.Size([128, 3, 64, 512])
batch.min(): -1.0
batch.max(): 1.0
batch.device: cuda:0
net_out.shape: torch.Size([128, 512])
num_nans: 0
num_non_nans: 65536
Batch 5: torch.Size([128, 3, 64, 512])
batch.shape: torch.Size([128, 3, 64, 512])
batch.min(): -1.0
batch.max(): 1.0
batch.device: cuda:0
net_out.shape: torch.Size([128, 512])
num_nans: 0
num_non_nans: 65536
Batch 6: torch.Size([128, 3, 64, 512])
batch.shape: torch.Size([128, 3, 64, 512])
batch.min(): -1.0
batch.max(): 1.0
batch.device: cuda:0
net_out.shape: torch.Size([128, 512])
num_nans: 0
num_non_nans: 65536
Batch 7: torch.Size([128, 3, 64, 512])
batch.shape: torch.Size([128, 3, 64, 512])
batch.min(): -1.0
batch.max(): 1.0
batch.device: cuda:0
net_out.shape: torch.Size([128, 512])
num_nans: 0
num_non_nans: 65536
Batch 8: torch.Size([128, 3, 64, 512])
batch.shape: torch.Size([128, 3, 64, 512])
batch.min(): -1.0
batch.max(): 1.0
batch.device: cuda:0
net_out.shape: torch.Size([128, 512])
num_nans: 0
num_non_nans: 65536
Batch 9: torch.Size([128, 3, 64, 512])
batch.shape: torch.Size([128, 3, 64, 512])
batch.min(): -1.0
batch.max(): 1.0
batch.device: cuda:0
net_out.shape: torch.Size([128, 512])
num_nans: 0
num_non_nans: 65536
Batch 10: torch.Size([128, 3, 64, 512])
batch.shape: torch.Size([128, 3, 64, 512])
batch.min(): -1.0
batch.max(): 1.0
batch.device: cuda:0
net_out.shape: torch.Size([128, 512])
num_nans: 0
num_non_nans: 65536
Batch 11: torch.Size([128, 3, 64, 512])
batch.shape: torch.Size([128, 3, 64, 512])
batch.min(): -1.0
batch.max(): 1.0
batch.device: cuda:0
net_out.shape: torch.Size([128, 512])
num_nans: 0
num_non_nans: 65536
Batch 12: torch.Size([128, 3, 64, 512])
batch.shape: torch.Size([128, 3, 64, 512])
batch.min(): -1.0
batch.max(): 1.0
batch.device: cuda:0
net_out.shape: torch.Size([128, 512])
num_nans: 0
num_non_nans: 65536
Batch 13: torch.Size([128, 3, 64, 512])
batch.shape: torch.Size([128, 3, 64, 512])
batch.min(): -1.0
batch.max(): 1.0
batch.device: cuda:0
net_out.shape: torch.Size([128, 512])
num_nans: 0
num_non_nans: 65536
Batch 14: torch.Size([128, 3, 64, 512])
batch.shape: torch.Size([128, 3, 64, 512])
batch.min(): -1.0
batch.max(): 1.0
batch.device: cuda:0
net_out.shape: torch.Size([128, 512])
num_nans: 0
num_non_nans: 65536
Batch 15: torch.Size([128, 3, 64, 512])
batch.shape: torch.Size([128, 3, 64, 512])
batch.min(): -1.0
batch.max(): 1.0
batch.device: cuda:0
net_out.shape: torch.Size([128, 512])
num_nans: 0
num_non_nans: 65536
Batch 16: torch.Size([128, 3, 64, 512])
batch.shape: torch.Size([128, 3, 64, 512])
batch.min(): -1.0
batch.max(): 1.0
batch.device: cuda:0
net_out.shape: torch.Size([128, 512])
num_nans: 0
num_non_nans: 65536
Batch 17: torch.Size([128, 3, 64, 512])
batch.shape: torch.Size([128, 3, 64, 512])
batch.min(): -1.0
batch.max(): 1.0
batch.device: cuda:0
net_out.shape: torch.Size([128, 512])
num_nans: 0
num_non_nans: 65536
Batch 18: torch.Size([128, 3, 64, 512])
batch.shape: torch.Size([128, 3, 64, 512])
batch.min(): -1.0
batch.max(): 1.0
batch.device: cuda:0
net_out.shape: torch.Size([128, 512])
num_nans: 0
num_non_nans: 65536
Batch 19: torch.Size([128, 3, 64, 512])
batch.shape: torch.Size([128, 3, 64, 512])
batch.min(): -1.0
batch.max(): 1.0
batch.device: cuda:0
net_out.shape: torch.Size([128, 512])
num_nans: 0
num_non_nans: 65536
Batch 20: torch.Size([128, 3, 64, 512])
batch.shape: torch.Size([128, 3, 64, 512])
batch.min(): -1.0
batch.max(): 1.0
batch.device: cuda:0
net_out.shape: torch.Size([128, 512])
num_nans: 0
num_non_nans: 65536
Batch 21: torch.Size([128, 3, 64, 512])
batch.shape: torch.Size([128, 3, 64, 512])
batch.min(): -1.0
batch.max(): 1.0
batch.device: cuda:0
net_out.shape: torch.Size([128, 512])
num_nans: 0
num_non_nans: 65536
Batch 22: torch.Size([128, 3, 64, 512])
batch.shape: torch.Size([128, 3, 64, 512])
batch.min(): -1.0
batch.max(): 1.0
batch.device: cuda:0
net_out.shape: torch.Size([128, 512])
num_nans: 0
num_non_nans: 65536
Batch 23: torch.Size([128, 3, 64, 512])
batch.shape: torch.Size([128, 3, 64, 512])
batch.min(): -1.0
batch.max(): 1.0
batch.device: cuda:0
net_out.shape: torch.Size([128, 512])
num_nans: 0
num_non_nans: 65536
Batch 24: torch.Size([128, 3, 64, 512])
batch.shape: torch.Size([128, 3, 64, 512])
batch.min(): -1.0
batch.max(): 1.0
batch.device: cuda:0
net_out.shape: torch.Size([128, 512])
num_nans: 0
num_non_nans: 65536
Batch 25: torch.Size([128, 3, 64, 512])
batch.shape: torch.Size([128, 3, 64, 512])
batch.min(): -1.0
batch.max(): 1.0
batch.device: cuda:0
net_out.shape: torch.Size([128, 512])
num_nans: 0
num_non_nans: 65536
Batch 26: torch.Size([128, 3, 64, 512])
batch.shape: torch.Size([128, 3, 64, 512])
batch.min(): -1.0
batch.max(): 1.0
batch.device: cuda:0
net_out.shape: torch.Size([128, 512])
num_nans: 0
num_non_nans: 65536
Batch 27: torch.Size([128, 3, 64, 512])
batch.shape: torch.Size([128, 3, 64, 512])
batch.min(): -1.0
batch.max(): 1.0
batch.device: cuda:0
net_out.shape: torch.Size([128, 512])
num_nans: 0
num_non_nans: 65536
Batch 28: torch.Size([128, 3, 64, 512])
batch.shape: torch.Size([128, 3, 64, 512])
batch.min(): -1.0
batch.max(): 1.0
batch.device: cuda:0
net_out.shape: torch.Size([128, 512])
num_nans: 0
num_non_nans: 65536
Batch 29: torch.Size([128, 3, 64, 512])
batch.shape: torch.Size([128, 3, 64, 512])
batch.min(): -1.0
batch.max(): 1.0
batch.device: cuda:0
net_out.shape: torch.Size([128, 512])
num_nans: 0
num_non_nans: 65536
Batch 30: torch.Size([128, 3, 64, 512])
batch.shape: torch.Size([128, 3, 64, 512])
batch.min(): -1.0
batch.max(): 1.0
batch.device: cuda:0
net_out.shape: torch.Size([128, 512])
num_nans: 0
num_non_nans: 65536
Batch 31: torch.Size([128, 3, 64, 512])
batch.shape: torch.Size([128, 3, 64, 512])
batch.min(): -1.0
batch.max(): 1.0
batch.device: cuda:0
net_out.shape: torch.Size([128, 512])
num_nans: 0
num_non_nans: 65536
Batch 32: torch.Size([128, 3, 64, 512])
batch.shape: torch.Size([128, 3, 64, 512])
batch.min(): -1.0
batch.max(): 1.0
batch.device: cuda:0
net_out.shape: torch.Size([128, 512])
num_nans: 0
num_non_nans: 65536
Batch 33: torch.Size([128, 3, 64, 512])
batch.shape: torch.Size([128, 3, 64, 512])
batch.min(): -1.0
batch.max(): 1.0
batch.device: cuda:0
net_out.shape: torch.Size([128, 512])
num_nans: 0
num_non_nans: 65536
Batch 34: torch.Size([128, 3, 64, 512])
batch.shape: torch.Size([128, 3, 64, 512])
batch.min(): -1.0
batch.max(): 1.0
batch.device: cuda:0
net_out.shape: torch.Size([128, 512])
num_nans: 0
num_non_nans: 65536
Batch 35: torch.Size([128, 3, 64, 512])
batch.shape: torch.Size([128, 3, 64, 512])
batch.min(): -1.0
batch.max(): 1.0
batch.device: cuda:0
net_out.shape: torch.Size([128, 512])
num_nans: 0
num_non_nans: 65536
Batch 36: torch.Size([128, 3, 64, 512])
batch.shape: torch.Size([128, 3, 64, 512])
batch.min(): -1.0
batch.max(): 1.0
batch.device: cuda:0
net_out.shape: torch.Size([128, 512])
num_nans: 0
num_non_nans: 65536
Batch 37: torch.Size([128, 3, 64, 512])
batch.shape: torch.Size([128, 3, 64, 512])
batch.min(): -1.0
batch.max(): 1.0
batch.device: cuda:0
net_out.shape: torch.Size([128, 512])
num_nans: 0
num_non_nans: 65536
Batch 38: torch.Size([128, 3, 64, 512])
batch.shape: torch.Size([128, 3, 64, 512])
batch.min(): -1.0
batch.max(): 1.0
batch.device: cuda:0
net_out.shape: torch.Size([128, 512])
num_nans: 0
num_non_nans: 65536
Batch 39: torch.Size([128, 3, 64, 512])
batch.shape: torch.Size([128, 3, 64, 512])
batch.min(): -1.0
batch.max(): 1.0
batch.device: cuda:0
net_out.shape: torch.Size([128, 512])
num_nans: 0
num_non_nans: 65536
Batch 40: torch.Size([128, 3, 64, 512])
batch.shape: torch.Size([128, 3, 64, 512])
batch.min(): -1.0
batch.max(): 1.0
batch.device: cuda:0
net_out.shape: torch.Size([128, 512])
num_nans: 0
num_non_nans: 65536
Batch 41: torch.Size([128, 3, 64, 512])
batch.shape: torch.Size([128, 3, 64, 512])
batch.min(): -1.0
batch.max(): 1.0
batch.device: cuda:0
net_out.shape: torch.Size([128, 512])
num_nans: 0
num_non_nans: 65536
Batch 42: torch.Size([128, 3, 64, 512])
batch.shape: torch.Size([128, 3, 64, 512])
batch.min(): -1.0
batch.max(): 1.0
batch.device: cuda:0
net_out.shape: torch.Size([128, 512])
num_nans: 0
num_non_nans: 65536
Batch 43: torch.Size([128, 3, 64, 512])
batch.shape: torch.Size([128, 3, 64, 512])
batch.min(): -1.0
batch.max(): 1.0
batch.device: cuda:0
net_out.shape: torch.Size([128, 512])
num_nans: 0
num_non_nans: 65536
Batch 44: torch.Size([128, 3, 64, 512])
batch.shape: torch.Size([128, 3, 64, 512])
batch.min(): -1.0
batch.max(): 1.0
batch.device: cuda:0
net_out.shape: torch.Size([128, 512])
num_nans: 0
num_non_nans: 65536
Batch 45: torch.Size([128, 3, 64, 512])
batch.shape: torch.Size([128, 3, 64, 512])
batch.min(): -1.0
batch.max(): 1.0
batch.device: cuda:0
net_out.shape: torch.Size([128, 512])
num_nans: 0
num_non_nans: 65536
Batch 46: torch.Size([128, 3, 64, 512])
batch.shape: torch.Size([128, 3, 64, 512])
batch.min(): -1.0
batch.max(): 1.0
batch.device: cuda:0
net_out.shape: torch.Size([128, 512])
num_nans: 0
num_non_nans: 65536
Batch 47: torch.Size([128, 3, 64, 512])
batch.shape: torch.Size([128, 3, 64, 512])
batch.min(): -1.0
batch.max(): 1.0
batch.device: cuda:0
net_out.shape: torch.Size([128, 512])
num_nans: 0
num_non_nans: 65536
Batch 48: torch.Size([128, 3, 64, 512])
batch.shape: torch.Size([128, 3, 64, 512])
batch.min(): -1.0
batch.max(): 1.0
batch.device: cuda:0
net_out.shape: torch.Size([128, 512])
num_nans: 0
num_non_nans: 65536
Batch 49: torch.Size([128, 3, 64, 512])
batch.shape: torch.Size([128, 3, 64, 512])
batch.min(): -1.0
batch.max(): 1.0
batch.device: cuda:0
net_out.shape: torch.Size([128, 512])
num_nans: 0
num_non_nans: 65536
Batch 50: torch.Size([128, 3, 64, 512])
batch.shape: torch.Size([128, 3, 64, 512])
batch.min(): -1.0
batch.max(): 1.0
batch.device: cuda:0
net_out.shape: torch.Size([128, 512])
num_nans: 0
num_non_nans: 65536
Batch 51: torch.Size([128, 3, 64, 512])
batch.shape: torch.Size([128, 3, 64, 512])
batch.min(): -1.0
batch.max(): 1.0
batch.device: cuda:0
net_out.shape: torch.Size([128, 512])
num_nans: 0
num_non_nans: 65536
Batch 52: torch.Size([128, 3, 64, 512])
batch.shape: torch.Size([128, 3, 64, 512])
batch.min(): -1.0
batch.max(): 1.0
batch.device: cuda:0
net_out.shape: torch.Size([128, 512])
num_nans: 0
num_non_nans: 65536
Batch 53: torch.Size([128, 3, 64, 512])
batch.shape: torch.Size([128, 3, 64, 512])
batch.min(): -1.0
batch.max(): 1.0
batch.device: cuda:0
net_out.shape: torch.Size([128, 512])
num_nans: 0
num_non_nans: 65536
Batch 54: torch.Size([128, 3, 64, 512])
batch.shape: torch.Size([128, 3, 64, 512])
batch.min(): -1.0
batch.max(): 1.0
batch.device: cuda:0
net_out.shape: torch.Size([128, 512])
num_nans: 0
num_non_nans: 65536
Batch 55: torch.Size([128, 3, 64, 512])
batch.shape: torch.Size([128, 3, 64, 512])
batch.min(): -1.0
batch.max(): 1.0
batch.device: cuda:0
net_out.shape: torch.Size([128, 512])
num_nans: 0
num_non_nans: 65536
Batch 56: torch.Size([128, 3, 64, 512])
batch.shape: torch.Size([128, 3, 64, 512])
batch.min(): -1.0
batch.max(): 1.0
batch.device: cuda:0
net_out.shape: torch.Size([128, 512])
num_nans: 0
num_non_nans: 65536
Batch 57: torch.Size([128, 3, 64, 512])
batch.shape: torch.Size([128, 3, 64, 512])
batch.min(): -1.0
batch.max(): 1.0
batch.device: cuda:0
net_out.shape: torch.Size([128, 512])
num_nans: 0
num_non_nans: 65536
Batch 58: torch.Size([128, 3, 64, 512])
batch.shape: torch.Size([128, 3, 64, 512])
batch.min(): -1.0
batch.max(): 1.0
batch.device: cuda:0
net_out.shape: torch.Size([128, 512])
num_nans: 0
num_non_nans: 65536
Batch 59: torch.Size([128, 3, 64, 512])
batch.shape: torch.Size([128, 3, 64, 512])
batch.min(): -1.0
batch.max(): 1.0
batch.device: cuda:0
net_out.shape: torch.Size([128, 512])
num_nans: 0
num_non_nans: 65536
Batch 60: torch.Size([128, 3, 64, 512])
batch.shape: torch.Size([128, 3, 64, 512])
batch.min(): -1.0
batch.max(): 1.0
batch.device: cuda:0
net_out.shape: torch.Size([128, 512])
num_nans: 0
num_non_nans: 65536
Batch 61: torch.Size([128, 3, 64, 512])
batch.shape: torch.Size([128, 3, 64, 512])
batch.min(): -1.0
batch.max(): 1.0
batch.device: cuda:0
net_out.shape: torch.Size([128, 512])
num_nans: 0
num_non_nans: 65536
Batch 62: torch.Size([128, 3, 64, 512])
batch.shape: torch.Size([128, 3, 64, 512])
batch.min(): -1.0
batch.max(): 1.0
batch.device: cuda:0
net_out.shape: torch.Size([128, 512])
num_nans: 0
num_non_nans: 65536
Batch 63: torch.Size([128, 3, 64, 512])
batch.shape: torch.Size([128, 3, 64, 512])
batch.min(): -1.0
batch.max(): 1.0
batch.device: cuda:0
net_out.shape: torch.Size([128, 512])
num_nans: 0
num_non_nans: 65536
Training: 2025-04-09 01:03:13,201-[val][Global step: 2000] d prime: 4.660933971405029
Model saved with d prime score: 4.660933971405029
Training: 2025-04-09 01:03:29,287-Speed 14.30 samples/sec   Loss 5.3623   LearningRate 0.000993   Epoch: 1   Global Step: 2010   Fp16 Grad Scale: 32768   Required: 260 hours
Training: 2025-04-09 01:03:44,961-Speed 81.66 samples/sec   Loss 5.6087   LearningRate 0.000993   Epoch: 1   Global Step: 2020   Fp16 Grad Scale: 32768   Required: 260 hours
Training: 2025-04-09 01:04:00,658-Speed 81.55 samples/sec   Loss 4.9956   LearningRate 0.000993   Epoch: 1   Global Step: 2030   Fp16 Grad Scale: 32768   Required: 259 hours
Training: 2025-04-09 01:04:17,070-Speed 78.00 samples/sec   Loss 5.4552   LearningRate 0.000993   Epoch: 1   Global Step: 2040   Fp16 Grad Scale: 65536   Required: 258 hours
Training: 2025-04-09 01:04:33,596-Speed 77.45 samples/sec   Loss 5.0958   LearningRate 0.000993   Epoch: 1   Global Step: 2050   Fp16 Grad Scale: 65536   Required: 258 hours
Training: 2025-04-09 01:04:50,529-Speed 75.60 samples/sec   Loss 4.4704   LearningRate 0.000993   Epoch: 1   Global Step: 2060   Fp16 Grad Scale: 32768   Required: 257 hours
Training: 2025-04-09 01:05:06,544-Speed 79.93 samples/sec   Loss 4.6293   LearningRate 0.000993   Epoch: 1   Global Step: 2070   Fp16 Grad Scale: 32768   Required: 256 hours
Training: 2025-04-09 01:05:22,321-Speed 81.13 samples/sec   Loss 4.2292   LearningRate 0.000993   Epoch: 1   Global Step: 2080   Fp16 Grad Scale: 32768   Required: 256 hours
Training: 2025-04-09 01:05:37,955-Speed 81.87 samples/sec   Loss 4.7706   LearningRate 0.000993   Epoch: 1   Global Step: 2090   Fp16 Grad Scale: 32768   Required: 255 hours
Training: 2025-04-09 01:05:53,510-Speed 82.29 samples/sec   Loss 4.5291   LearningRate 0.000993   Epoch: 1   Global Step: 2100   Fp16 Grad Scale: 32768   Required: 255 hours
Training: 2025-04-09 01:06:08,999-Speed 82.65 samples/sec   Loss 5.0573   LearningRate 0.000993   Epoch: 1   Global Step: 2110   Fp16 Grad Scale: 32768   Required: 254 hours
Training: 2025-04-09 01:06:24,475-Speed 82.71 samples/sec   Loss 4.9996   LearningRate 0.000993   Epoch: 1   Global Step: 2120   Fp16 Grad Scale: 32768   Required: 253 hours
Training: 2025-04-09 01:06:40,034-Speed 82.27 samples/sec   Loss 4.4430   LearningRate 0.000993   Epoch: 1   Global Step: 2130   Fp16 Grad Scale: 32768   Required: 253 hours
Training: 2025-04-09 01:06:55,781-Speed 81.29 samples/sec   Loss 4.5536   LearningRate 0.000992   Epoch: 1   Global Step: 2140   Fp16 Grad Scale: 32768   Required: 252 hours
Training: 2025-04-09 01:07:11,732-Speed 80.25 samples/sec   Loss 4.2232   LearningRate 0.000992   Epoch: 1   Global Step: 2150   Fp16 Grad Scale: 32768   Required: 251 hours
Training: 2025-04-09 01:07:28,213-Speed 77.67 samples/sec   Loss 4.4357   LearningRate 0.000992   Epoch: 1   Global Step: 2160   Fp16 Grad Scale: 65536   Required: 251 hours
Training: 2025-04-09 01:07:45,131-Speed 75.66 samples/sec   Loss 4.5117   LearningRate 0.000992   Epoch: 1   Global Step: 2170   Fp16 Grad Scale: 65536   Required: 250 hours
Training: 2025-04-09 01:08:01,685-Speed 77.32 samples/sec   Loss 4.3621   LearningRate 0.000992   Epoch: 1   Global Step: 2180   Fp16 Grad Scale: 32768   Required: 250 hours
Training: 2025-04-09 01:08:17,122-Speed 82.92 samples/sec   Loss 4.2631   LearningRate 0.000992   Epoch: 1   Global Step: 2190   Fp16 Grad Scale: 32768   Required: 249 hours
Training: 2025-04-09 01:08:32,695-Speed 82.20 samples/sec   Loss 4.2931   LearningRate 0.000992   Epoch: 1   Global Step: 2200   Fp16 Grad Scale: 32768   Required: 249 hours
Training: 2025-04-09 01:08:48,275-Speed 82.16 samples/sec   Loss 3.9518   LearningRate 0.000992   Epoch: 1   Global Step: 2210   Fp16 Grad Scale: 32768   Required: 248 hours
Training: 2025-04-09 01:09:03,927-Speed 81.78 samples/sec   Loss 4.0437   LearningRate 0.000992   Epoch: 1   Global Step: 2220   Fp16 Grad Scale: 32768   Required: 247 hours
Training: 2025-04-09 01:09:19,518-Speed 82.10 samples/sec   Loss 3.9786   LearningRate 0.000992   Epoch: 1   Global Step: 2230   Fp16 Grad Scale: 32768   Required: 247 hours
Training: 2025-04-09 01:09:35,541-Speed 79.89 samples/sec   Loss 3.5539   LearningRate 0.000992   Epoch: 1   Global Step: 2240   Fp16 Grad Scale: 32768   Required: 246 hours
Training: 2025-04-09 01:09:52,061-Speed 77.48 samples/sec   Loss 3.8020   LearningRate 0.000992   Epoch: 1   Global Step: 2250   Fp16 Grad Scale: 32768   Required: 246 hours
Training: 2025-04-09 01:10:09,076-Speed 75.23 samples/sec   Loss 4.0012   LearningRate 0.000992   Epoch: 1   Global Step: 2260   Fp16 Grad Scale: 32768   Required: 245 hours
Training: 2025-04-09 01:10:26,697-Speed 72.64 samples/sec   Loss 3.6398   LearningRate 0.000992   Epoch: 1   Global Step: 2270   Fp16 Grad Scale: 32768   Required: 245 hours
Training: 2025-04-09 01:10:42,811-Speed 79.43 samples/sec   Loss 4.1117   LearningRate 0.000992   Epoch: 1   Global Step: 2280   Fp16 Grad Scale: 65536   Required: 244 hours
Training: 2025-04-09 01:10:58,990-Speed 79.12 samples/sec   Loss 3.5894   LearningRate 0.000992   Epoch: 1   Global Step: 2290   Fp16 Grad Scale: 65536   Required: 244 hours
Training: 2025-04-09 01:11:15,444-Speed 77.79 samples/sec   Loss 3.7655   LearningRate 0.000992   Epoch: 1   Global Step: 2300   Fp16 Grad Scale: 65536   Required: 243 hours
Training: 2025-04-09 01:11:31,527-Speed 79.59 samples/sec   Loss 3.5168   LearningRate 0.000992   Epoch: 1   Global Step: 2310   Fp16 Grad Scale: 65536   Required: 243 hours
Training: 2025-04-09 01:11:47,167-Speed 81.84 samples/sec   Loss 3.7251   LearningRate 0.000992   Epoch: 1   Global Step: 2320   Fp16 Grad Scale: 65536   Required: 242 hours
Training: 2025-04-09 01:12:03,180-Speed 79.94 samples/sec   Loss 3.6270   LearningRate 0.000992   Epoch: 1   Global Step: 2330   Fp16 Grad Scale: 65536   Required: 242 hours
Training: 2025-04-09 01:12:20,177-Speed 75.31 samples/sec   Loss 4.0050   LearningRate 0.000992   Epoch: 1   Global Step: 2340   Fp16 Grad Scale: 65536   Required: 241 hours
Training: 2025-04-09 01:12:36,874-Speed 76.66 samples/sec   Loss 3.5528   LearningRate 0.000992   Epoch: 1   Global Step: 2350   Fp16 Grad Scale: 65536   Required: 241 hours
Training: 2025-04-09 01:12:55,244-Speed 69.68 samples/sec   Loss 3.6524   LearningRate 0.000992   Epoch: 1   Global Step: 2360   Fp16 Grad Scale: 65536   Required: 240 hours
Training: 2025-04-09 01:13:11,750-Speed 77.55 samples/sec   Loss 3.5404   LearningRate 0.000992   Epoch: 1   Global Step: 2370   Fp16 Grad Scale: 65536   Required: 240 hours
Training: 2025-04-09 01:13:27,752-Speed 79.99 samples/sec   Loss 3.2251   LearningRate 0.000992   Epoch: 1   Global Step: 2380   Fp16 Grad Scale: 65536   Required: 239 hours
Training: 2025-04-09 01:13:43,598-Speed 80.78 samples/sec   Loss 2.9760   LearningRate 0.000992   Epoch: 1   Global Step: 2390   Fp16 Grad Scale: 65536   Required: 239 hours
Training: 2025-04-09 01:13:59,677-Speed 79.61 samples/sec   Loss 3.3161   LearningRate 0.000992   Epoch: 1   Global Step: 2400   Fp16 Grad Scale: 65536   Required: 238 hours
Training: 2025-04-09 01:14:15,466-Speed 81.07 samples/sec   Loss 3.5439   LearningRate 0.000992   Epoch: 1   Global Step: 2410   Fp16 Grad Scale: 65536   Required: 238 hours
Training: 2025-04-09 01:14:31,488-Speed 79.90 samples/sec   Loss 3.5542   LearningRate 0.000992   Epoch: 1   Global Step: 2420   Fp16 Grad Scale: 65536   Required: 237 hours
Training: 2025-04-09 01:14:47,352-Speed 80.69 samples/sec   Loss 3.4061   LearningRate 0.000991   Epoch: 1   Global Step: 2430   Fp16 Grad Scale: 65536   Required: 237 hours
Training: 2025-04-09 01:15:02,782-Speed 82.96 samples/sec   Loss 3.5738   LearningRate 0.000991   Epoch: 1   Global Step: 2440   Fp16 Grad Scale: 32768   Required: 237 hours
Training: 2025-04-09 01:15:18,323-Speed 82.36 samples/sec   Loss 2.8551   LearningRate 0.000991   Epoch: 1   Global Step: 2450   Fp16 Grad Scale: 32768   Required: 236 hours
Training: 2025-04-09 01:15:33,852-Speed 82.43 samples/sec   Loss 3.0231   LearningRate 0.000991   Epoch: 1   Global Step: 2460   Fp16 Grad Scale: 32768   Required: 236 hours
Training: 2025-04-09 01:15:49,635-Speed 81.10 samples/sec   Loss 2.9822   LearningRate 0.000991   Epoch: 1   Global Step: 2470   Fp16 Grad Scale: 32768   Required: 235 hours
Training: 2025-04-09 01:16:05,441-Speed 80.98 samples/sec   Loss 2.9577   LearningRate 0.000991   Epoch: 1   Global Step: 2480   Fp16 Grad Scale: 32768   Required: 235 hours
Training: 2025-04-09 01:16:21,022-Speed 82.15 samples/sec   Loss 3.3219   LearningRate 0.000991   Epoch: 1   Global Step: 2490   Fp16 Grad Scale: 32768   Required: 234 hours
Training: 2025-04-09 01:16:36,521-Speed 82.59 samples/sec   Loss 2.9235   LearningRate 0.000991   Epoch: 1   Global Step: 2500   Fp16 Grad Scale: 32768   Required: 234 hours
Training: 2025-04-09 01:16:52,121-Speed 82.05 samples/sec   Loss 3.0699   LearningRate 0.000991   Epoch: 1   Global Step: 2510   Fp16 Grad Scale: 32768   Required: 233 hours
Training: 2025-04-09 01:17:07,675-Speed 82.30 samples/sec   Loss 2.8494   LearningRate 0.000991   Epoch: 1   Global Step: 2520   Fp16 Grad Scale: 32768   Required: 233 hours
Training: 2025-04-09 01:17:23,292-Speed 81.97 samples/sec   Loss 3.1058   LearningRate 0.000991   Epoch: 1   Global Step: 2530   Fp16 Grad Scale: 32768   Required: 232 hours
Training: 2025-04-09 01:17:38,892-Speed 82.05 samples/sec   Loss 2.7028   LearningRate 0.000991   Epoch: 1   Global Step: 2540   Fp16 Grad Scale: 65536   Required: 232 hours
Training: 2025-04-09 01:17:56,343-Speed 73.35 samples/sec   Loss 2.6797   LearningRate 0.000991   Epoch: 1   Global Step: 2550   Fp16 Grad Scale: 65536   Required: 232 hours
Training: 2025-04-09 01:18:12,085-Speed 81.31 samples/sec   Loss 3.1639   LearningRate 0.000991   Epoch: 1   Global Step: 2560   Fp16 Grad Scale: 65536   Required: 231 hours
Training: 2025-04-09 01:18:27,484-Speed 83.12 samples/sec   Loss 3.0879   LearningRate 0.000991   Epoch: 1   Global Step: 2570   Fp16 Grad Scale: 65536   Required: 231 hours
Training: 2025-04-09 01:18:43,175-Speed 81.58 samples/sec   Loss 2.8217   LearningRate 0.000991   Epoch: 1   Global Step: 2580   Fp16 Grad Scale: 65536   Required: 230 hours
Training: 2025-04-09 01:18:58,770-Speed 82.08 samples/sec   Loss 2.7782   LearningRate 0.000991   Epoch: 1   Global Step: 2590   Fp16 Grad Scale: 65536   Required: 230 hours
Training: 2025-04-09 01:19:14,473-Speed 81.52 samples/sec   Loss 2.8373   LearningRate 0.000991   Epoch: 1   Global Step: 2600   Fp16 Grad Scale: 65536   Required: 229 hours
Training: 2025-04-09 01:19:30,008-Speed 82.40 samples/sec   Loss 3.1552   LearningRate 0.000991   Epoch: 1   Global Step: 2610   Fp16 Grad Scale: 65536   Required: 229 hours
Training: 2025-04-09 01:19:45,560-Speed 82.31 samples/sec   Loss 2.4022   LearningRate 0.000991   Epoch: 1   Global Step: 2620   Fp16 Grad Scale: 65536   Required: 229 hours
Training: 2025-04-09 01:20:00,891-Speed 83.50 samples/sec   Loss 2.7174   LearningRate 0.000991   Epoch: 1   Global Step: 2630   Fp16 Grad Scale: 65536   Required: 228 hours
Training: 2025-04-09 01:20:16,580-Speed 81.58 samples/sec   Loss 2.9264   LearningRate 0.000991   Epoch: 1   Global Step: 2640   Fp16 Grad Scale: 65536   Required: 228 hours
Training: 2025-04-09 01:20:32,340-Speed 81.22 samples/sec   Loss 2.6085   LearningRate 0.000991   Epoch: 1   Global Step: 2650   Fp16 Grad Scale: 65536   Required: 227 hours
Training: 2025-04-09 01:20:47,895-Speed 82.30 samples/sec   Loss 2.4613   LearningRate 0.000991   Epoch: 1   Global Step: 2660   Fp16 Grad Scale: 65536   Required: 227 hours
Training: 2025-04-09 01:21:03,944-Speed 79.75 samples/sec   Loss 2.7558   LearningRate 0.000991   Epoch: 1   Global Step: 2670   Fp16 Grad Scale: 65536   Required: 227 hours
Training: 2025-04-09 01:21:19,715-Speed 81.17 samples/sec   Loss 2.6965   LearningRate 0.000991   Epoch: 1   Global Step: 2680   Fp16 Grad Scale: 65536   Required: 226 hours
Training: 2025-04-09 01:21:35,180-Speed 82.77 samples/sec   Loss 2.7680   LearningRate 0.000991   Epoch: 1   Global Step: 2690   Fp16 Grad Scale: 65536   Required: 226 hours
Training: 2025-04-09 01:21:50,847-Speed 81.71 samples/sec   Loss 2.8401   LearningRate 0.000991   Epoch: 1   Global Step: 2700   Fp16 Grad Scale: 65536   Required: 225 hours
Training: 2025-04-09 01:22:06,627-Speed 81.12 samples/sec   Loss 2.5595   LearningRate 0.000990   Epoch: 1   Global Step: 2710   Fp16 Grad Scale: 65536   Required: 225 hours
Training: 2025-04-09 01:22:21,933-Speed 83.63 samples/sec   Loss 2.2869   LearningRate 0.000990   Epoch: 1   Global Step: 2720   Fp16 Grad Scale: 65536   Required: 225 hours
Training: 2025-04-09 01:22:37,441-Speed 82.54 samples/sec   Loss 2.4887   LearningRate 0.000990   Epoch: 1   Global Step: 2730   Fp16 Grad Scale: 65536   Required: 224 hours
Training: 2025-04-09 01:22:52,824-Speed 83.21 samples/sec   Loss 2.9285   LearningRate 0.000990   Epoch: 1   Global Step: 2740   Fp16 Grad Scale: 131072   Required: 224 hours
Training: 2025-04-09 01:23:09,601-Speed 76.30 samples/sec   Loss 2.8030   LearningRate 0.000990   Epoch: 1   Global Step: 2750   Fp16 Grad Scale: 65536   Required: 224 hours
Training: 2025-04-09 01:23:25,052-Speed 82.85 samples/sec   Loss 2.3308   LearningRate 0.000990   Epoch: 1   Global Step: 2760   Fp16 Grad Scale: 65536   Required: 223 hours
Training: 2025-04-09 01:23:40,586-Speed 82.40 samples/sec   Loss 2.3444   LearningRate 0.000990   Epoch: 1   Global Step: 2770   Fp16 Grad Scale: 65536   Required: 223 hours
Training: 2025-04-09 01:23:56,109-Speed 82.46 samples/sec   Loss 2.3694   LearningRate 0.000990   Epoch: 1   Global Step: 2780   Fp16 Grad Scale: 65536   Required: 222 hours
Training: 2025-04-09 01:24:11,676-Speed 82.23 samples/sec   Loss 2.2817   LearningRate 0.000990   Epoch: 1   Global Step: 2790   Fp16 Grad Scale: 65536   Required: 222 hours
Training: 2025-04-09 01:24:27,151-Speed 82.72 samples/sec   Loss 2.7557   LearningRate 0.000990   Epoch: 1   Global Step: 2800   Fp16 Grad Scale: 65536   Required: 222 hours
Training: 2025-04-09 01:24:42,482-Speed 83.49 samples/sec   Loss 2.1321   LearningRate 0.000990   Epoch: 1   Global Step: 2810   Fp16 Grad Scale: 65536   Required: 221 hours
Training: 2025-04-09 01:24:57,974-Speed 82.63 samples/sec   Loss 2.4589   LearningRate 0.000990   Epoch: 1   Global Step: 2820   Fp16 Grad Scale: 65536   Required: 221 hours
Training: 2025-04-09 01:25:13,198-Speed 84.08 samples/sec   Loss 2.4233   LearningRate 0.000990   Epoch: 1   Global Step: 2830   Fp16 Grad Scale: 65536   Required: 221 hours
Training: 2025-04-09 01:25:28,390-Speed 84.26 samples/sec   Loss 2.1541   LearningRate 0.000990   Epoch: 1   Global Step: 2840   Fp16 Grad Scale: 65536   Required: 220 hours
Training: 2025-04-09 01:25:43,718-Speed 83.51 samples/sec   Loss 2.2789   LearningRate 0.000990   Epoch: 1   Global Step: 2850   Fp16 Grad Scale: 65536   Required: 220 hours
Training: 2025-04-09 01:26:02,001-Speed 70.01 samples/sec   Loss 2.0141   LearningRate 0.000990   Epoch: 2   Global Step: 2860   Fp16 Grad Scale: 65536   Required: 220 hours
Training: 2025-04-09 01:26:17,958-Speed 80.22 samples/sec   Loss 2.0231   LearningRate 0.000990   Epoch: 2   Global Step: 2870   Fp16 Grad Scale: 65536   Required: 219 hours
Training: 2025-04-09 01:26:35,778-Speed 71.83 samples/sec   Loss 1.4305   LearningRate 0.000990   Epoch: 2   Global Step: 2880   Fp16 Grad Scale: 65536   Required: 219 hours
Training: 2025-04-09 01:26:53,337-Speed 72.90 samples/sec   Loss 1.7887   LearningRate 0.000990   Epoch: 2   Global Step: 2890   Fp16 Grad Scale: 65536   Required: 219 hours
Training: 2025-04-09 01:27:09,092-Speed 81.25 samples/sec   Loss 1.9205   LearningRate 0.000990   Epoch: 2   Global Step: 2900   Fp16 Grad Scale: 65536   Required: 218 hours
Training: 2025-04-09 01:27:24,329-Speed 84.01 samples/sec   Loss 1.6056   LearningRate 0.000990   Epoch: 2   Global Step: 2910   Fp16 Grad Scale: 65536   Required: 218 hours
Training: 2025-04-09 01:27:40,184-Speed 80.73 samples/sec   Loss 1.5489   LearningRate 0.000990   Epoch: 2   Global Step: 2920   Fp16 Grad Scale: 65536   Required: 218 hours
Training: 2025-04-09 01:27:55,900-Speed 81.45 samples/sec   Loss 1.9384   LearningRate 0.000990   Epoch: 2   Global Step: 2930   Fp16 Grad Scale: 65536   Required: 217 hours
Training: 2025-04-09 01:28:12,976-Speed 74.96 samples/sec   Loss 1.8202   LearningRate 0.000990   Epoch: 2   Global Step: 2940   Fp16 Grad Scale: 65536   Required: 217 hours
Training: 2025-04-09 01:28:28,245-Speed 83.83 samples/sec   Loss 1.7770   LearningRate 0.000990   Epoch: 2   Global Step: 2950   Fp16 Grad Scale: 131072   Required: 217 hours
Training: 2025-04-09 01:28:43,519-Speed 83.81 samples/sec   Loss 1.7888   LearningRate 0.000990   Epoch: 2   Global Step: 2960   Fp16 Grad Scale: 65536   Required: 216 hours
Training: 2025-04-09 01:28:58,786-Speed 83.84 samples/sec   Loss 1.6370   LearningRate 0.000990   Epoch: 2   Global Step: 2970   Fp16 Grad Scale: 65536   Required: 216 hours
Training: 2025-04-09 01:29:14,114-Speed 83.51 samples/sec   Loss 1.5817   LearningRate 0.000990   Epoch: 2   Global Step: 2980   Fp16 Grad Scale: 65536   Required: 216 hours
Training: 2025-04-09 01:29:29,486-Speed 83.27 samples/sec   Loss 1.5271   LearningRate 0.000990   Epoch: 2   Global Step: 2990   Fp16 Grad Scale: 65536   Required: 215 hours
Training: 2025-04-09 01:29:44,761-Speed 83.80 samples/sec   Loss 1.4656   LearningRate 0.000989   Epoch: 2   Global Step: 3000   Fp16 Grad Scale: 65536   Required: 215 hours
Training: 2025-04-09 01:29:59,942-Speed 84.32 samples/sec   Loss 1.6167   LearningRate 0.000989   Epoch: 2   Global Step: 3010   Fp16 Grad Scale: 65536   Required: 215 hours
Training: 2025-04-09 01:30:15,350-Speed 83.07 samples/sec   Loss 1.6123   LearningRate 0.000989   Epoch: 2   Global Step: 3020   Fp16 Grad Scale: 65536   Required: 214 hours
Training: 2025-04-09 01:30:31,204-Speed 80.74 samples/sec   Loss 1.9235   LearningRate 0.000989   Epoch: 2   Global Step: 3030   Fp16 Grad Scale: 65536   Required: 214 hours
Training: 2025-04-09 01:30:46,686-Speed 82.68 samples/sec   Loss 1.2318   LearningRate 0.000989   Epoch: 2   Global Step: 3040   Fp16 Grad Scale: 65536   Required: 214 hours
Training: 2025-04-09 01:31:01,922-Speed 84.02 samples/sec   Loss 1.6450   LearningRate 0.000989   Epoch: 2   Global Step: 3050   Fp16 Grad Scale: 65536   Required: 213 hours
Training: 2025-04-09 01:31:17,282-Speed 83.34 samples/sec   Loss 1.7289   LearningRate 0.000989   Epoch: 2   Global Step: 3060   Fp16 Grad Scale: 131072   Required: 213 hours
Training: 2025-04-09 01:31:32,535-Speed 83.92 samples/sec   Loss 1.7238   LearningRate 0.000989   Epoch: 2   Global Step: 3070   Fp16 Grad Scale: 65536   Required: 213 hours
Training: 2025-04-09 01:31:48,100-Speed 82.24 samples/sec   Loss 1.3428   LearningRate 0.000989   Epoch: 2   Global Step: 3080   Fp16 Grad Scale: 65536   Required: 213 hours
Training: 2025-04-09 01:32:03,414-Speed 83.59 samples/sec   Loss 1.5574   LearningRate 0.000989   Epoch: 2   Global Step: 3090   Fp16 Grad Scale: 65536   Required: 212 hours
Training: 2025-04-09 01:32:18,708-Speed 83.70 samples/sec   Loss 1.6834   LearningRate 0.000989   Epoch: 2   Global Step: 3100   Fp16 Grad Scale: 65536   Required: 212 hours
Training: 2025-04-09 01:32:34,161-Speed 82.83 samples/sec   Loss 1.4015   LearningRate 0.000989   Epoch: 2   Global Step: 3110   Fp16 Grad Scale: 65536   Required: 212 hours
Training: 2025-04-09 01:32:49,635-Speed 82.72 samples/sec   Loss 1.6940   LearningRate 0.000989   Epoch: 2   Global Step: 3120   Fp16 Grad Scale: 65536   Required: 211 hours
Training: 2025-04-09 01:33:06,701-Speed 75.01 samples/sec   Loss 1.3512   LearningRate 0.000989   Epoch: 2   Global Step: 3130   Fp16 Grad Scale: 65536   Required: 211 hours
Training: 2025-04-09 01:33:21,983-Speed 83.76 samples/sec   Loss 1.5231   LearningRate 0.000989   Epoch: 2   Global Step: 3140   Fp16 Grad Scale: 65536   Required: 211 hours
Training: 2025-04-09 01:33:37,198-Speed 84.13 samples/sec   Loss 1.6236   LearningRate 0.000989   Epoch: 2   Global Step: 3150   Fp16 Grad Scale: 65536   Required: 210 hours
Training: 2025-04-09 01:33:52,555-Speed 83.35 samples/sec   Loss 1.4758   LearningRate 0.000989   Epoch: 2   Global Step: 3160   Fp16 Grad Scale: 65536   Required: 210 hours
Training: 2025-04-09 01:34:08,250-Speed 81.56 samples/sec   Loss 1.4206   LearningRate 0.000989   Epoch: 2   Global Step: 3170   Fp16 Grad Scale: 131072   Required: 210 hours
Training: 2025-04-09 01:34:23,637-Speed 83.19 samples/sec   Loss 1.5966   LearningRate 0.000989   Epoch: 2   Global Step: 3180   Fp16 Grad Scale: 65536   Required: 210 hours
Training: 2025-04-09 01:34:39,280-Speed 81.83 samples/sec   Loss 1.4161   LearningRate 0.000989   Epoch: 2   Global Step: 3190   Fp16 Grad Scale: 65536   Required: 209 hours
Training: 2025-04-09 01:34:55,180-Speed 80.51 samples/sec   Loss 1.6219   LearningRate 0.000989   Epoch: 2   Global Step: 3200   Fp16 Grad Scale: 65536   Required: 209 hours
Training: 2025-04-09 01:35:10,812-Speed 81.88 samples/sec   Loss 1.5341   LearningRate 0.000989   Epoch: 2   Global Step: 3210   Fp16 Grad Scale: 65536   Required: 209 hours
Training: 2025-04-09 01:35:26,300-Speed 82.65 samples/sec   Loss 1.5650   LearningRate 0.000989   Epoch: 2   Global Step: 3220   Fp16 Grad Scale: 65536   Required: 209 hours
Training: 2025-04-09 01:35:41,824-Speed 82.46 samples/sec   Loss 1.3498   LearningRate 0.000989   Epoch: 2   Global Step: 3230   Fp16 Grad Scale: 65536   Required: 208 hours
Training: 2025-04-09 01:35:57,389-Speed 82.24 samples/sec   Loss 1.6027   LearningRate 0.000989   Epoch: 2   Global Step: 3240   Fp16 Grad Scale: 65536   Required: 208 hours
Training: 2025-04-09 01:36:12,979-Speed 82.11 samples/sec   Loss 1.5560   LearningRate 0.000989   Epoch: 2   Global Step: 3250   Fp16 Grad Scale: 65536   Required: 208 hours
Training: 2025-04-09 01:36:28,456-Speed 82.70 samples/sec   Loss 1.4973   LearningRate 0.000989   Epoch: 2   Global Step: 3260   Fp16 Grad Scale: 65536   Required: 207 hours
Training: 2025-04-09 01:36:44,077-Speed 81.94 samples/sec   Loss 1.4606   LearningRate 0.000989   Epoch: 2   Global Step: 3270   Fp16 Grad Scale: 65536   Required: 207 hours
Training: 2025-04-09 01:37:00,246-Speed 79.17 samples/sec   Loss 1.4759   LearningRate 0.000988   Epoch: 2   Global Step: 3280   Fp16 Grad Scale: 131072   Required: 207 hours
Training: 2025-04-09 01:37:15,780-Speed 82.40 samples/sec   Loss 1.6997   LearningRate 0.000988   Epoch: 2   Global Step: 3290   Fp16 Grad Scale: 65536   Required: 207 hours
Training: 2025-04-09 01:37:31,110-Speed 83.50 samples/sec   Loss 1.5148   LearningRate 0.000988   Epoch: 2   Global Step: 3300   Fp16 Grad Scale: 65536   Required: 206 hours
Training: 2025-04-09 01:37:46,462-Speed 83.38 samples/sec   Loss 1.3792   LearningRate 0.000988   Epoch: 2   Global Step: 3310   Fp16 Grad Scale: 65536   Required: 206 hours
Training: 2025-04-09 01:38:01,835-Speed 83.27 samples/sec   Loss 1.5932   LearningRate 0.000988   Epoch: 2   Global Step: 3320   Fp16 Grad Scale: 65536   Required: 206 hours
Training: 2025-04-09 01:38:19,003-Speed 74.56 samples/sec   Loss 1.6228   LearningRate 0.000988   Epoch: 2   Global Step: 3330   Fp16 Grad Scale: 65536   Required: 206 hours
Training: 2025-04-09 01:38:34,613-Speed 82.00 samples/sec   Loss 1.5645   LearningRate 0.000988   Epoch: 2   Global Step: 3340   Fp16 Grad Scale: 65536   Required: 205 hours
Training: 2025-04-09 01:38:50,024-Speed 83.06 samples/sec   Loss 1.2968   LearningRate 0.000988   Epoch: 2   Global Step: 3350   Fp16 Grad Scale: 65536   Required: 205 hours
Training: 2025-04-09 01:39:05,514-Speed 82.64 samples/sec   Loss 1.2934   LearningRate 0.000988   Epoch: 2   Global Step: 3360   Fp16 Grad Scale: 65536   Required: 205 hours
Training: 2025-04-09 01:39:21,024-Speed 82.53 samples/sec   Loss 1.3686   LearningRate 0.000988   Epoch: 2   Global Step: 3370   Fp16 Grad Scale: 65536   Required: 205 hours
Training: 2025-04-09 01:39:36,400-Speed 83.25 samples/sec   Loss 1.3029   LearningRate 0.000988   Epoch: 2   Global Step: 3380   Fp16 Grad Scale: 65536   Required: 204 hours
Training: 2025-04-09 01:39:51,556-Speed 84.46 samples/sec   Loss 1.1980   LearningRate 0.000988   Epoch: 2   Global Step: 3390   Fp16 Grad Scale: 131072   Required: 204 hours
Training: 2025-04-09 01:40:06,640-Speed 84.86 samples/sec   Loss 1.3456   LearningRate 0.000988   Epoch: 2   Global Step: 3400   Fp16 Grad Scale: 65536   Required: 204 hours
Training: 2025-04-09 01:40:22,116-Speed 82.71 samples/sec   Loss 1.3313   LearningRate 0.000988   Epoch: 2   Global Step: 3410   Fp16 Grad Scale: 65536   Required: 204 hours
Training: 2025-04-09 01:40:37,418-Speed 83.65 samples/sec   Loss 1.4119   LearningRate 0.000988   Epoch: 2   Global Step: 3420   Fp16 Grad Scale: 65536   Required: 203 hours
Training: 2025-04-09 01:40:52,741-Speed 83.54 samples/sec   Loss 1.3728   LearningRate 0.000988   Epoch: 2   Global Step: 3430   Fp16 Grad Scale: 65536   Required: 203 hours
Training: 2025-04-09 01:41:08,045-Speed 83.64 samples/sec   Loss 1.3769   LearningRate 0.000988   Epoch: 2   Global Step: 3440   Fp16 Grad Scale: 65536   Required: 203 hours
Training: 2025-04-09 01:41:23,286-Speed 83.99 samples/sec   Loss 1.2901   LearningRate 0.000988   Epoch: 2   Global Step: 3450   Fp16 Grad Scale: 65536   Required: 203 hours
Training: 2025-04-09 01:41:38,712-Speed 82.98 samples/sec   Loss 1.1731   LearningRate 0.000988   Epoch: 2   Global Step: 3460   Fp16 Grad Scale: 65536   Required: 202 hours
Training: 2025-04-09 01:41:53,933-Speed 84.10 samples/sec   Loss 1.3016   LearningRate 0.000988   Epoch: 2   Global Step: 3470   Fp16 Grad Scale: 65536   Required: 202 hours
Training: 2025-04-09 01:42:09,142-Speed 84.16 samples/sec   Loss 1.3606   LearningRate 0.000988   Epoch: 2   Global Step: 3480   Fp16 Grad Scale: 65536   Required: 202 hours
Training: 2025-04-09 01:42:24,479-Speed 83.46 samples/sec   Loss 1.1261   LearningRate 0.000988   Epoch: 2   Global Step: 3490   Fp16 Grad Scale: 65536   Required: 202 hours
Training: 2025-04-09 01:42:40,117-Speed 81.85 samples/sec   Loss 1.3271   LearningRate 0.000988   Epoch: 2   Global Step: 3500   Fp16 Grad Scale: 131072   Required: 201 hours
Training: 2025-04-09 01:42:55,284-Speed 84.40 samples/sec   Loss 1.2223   LearningRate 0.000988   Epoch: 2   Global Step: 3510   Fp16 Grad Scale: 131072   Required: 201 hours
Training: 2025-04-09 01:43:11,588-Speed 78.51 samples/sec   Loss 1.2878   LearningRate 0.000988   Epoch: 2   Global Step: 3520   Fp16 Grad Scale: 131072   Required: 201 hours
Training: 2025-04-09 01:43:27,812-Speed 78.90 samples/sec   Loss 1.1486   LearningRate 0.000988   Epoch: 2   Global Step: 3530   Fp16 Grad Scale: 131072   Required: 201 hours
Training: 2025-04-09 01:43:43,299-Speed 82.65 samples/sec   Loss 1.2053   LearningRate 0.000988   Epoch: 2   Global Step: 3540   Fp16 Grad Scale: 131072   Required: 200 hours
Training: 2025-04-09 01:43:58,452-Speed 84.47 samples/sec   Loss 1.3102   LearningRate 0.000988   Epoch: 2   Global Step: 3550   Fp16 Grad Scale: 131072   Required: 200 hours
Training: 2025-04-09 01:44:13,574-Speed 84.65 samples/sec   Loss 1.4231   LearningRate 0.000988   Epoch: 2   Global Step: 3560   Fp16 Grad Scale: 65536   Required: 200 hours
Training: 2025-04-09 01:44:28,796-Speed 84.09 samples/sec   Loss 1.3399   LearningRate 0.000987   Epoch: 2   Global Step: 3570   Fp16 Grad Scale: 65536   Required: 200 hours
Training: 2025-04-09 01:44:44,182-Speed 83.20 samples/sec   Loss 1.2218   LearningRate 0.000987   Epoch: 2   Global Step: 3580   Fp16 Grad Scale: 65536   Required: 199 hours
Training: 2025-04-09 01:44:59,779-Speed 82.07 samples/sec   Loss 1.2895   LearningRate 0.000987   Epoch: 2   Global Step: 3590   Fp16 Grad Scale: 65536   Required: 199 hours
Training: 2025-04-09 01:45:15,494-Speed 81.45 samples/sec   Loss 1.1173   LearningRate 0.000987   Epoch: 2   Global Step: 3600   Fp16 Grad Scale: 65536   Required: 199 hours
Training: 2025-04-09 01:45:30,960-Speed 82.77 samples/sec   Loss 1.3076   LearningRate 0.000987   Epoch: 2   Global Step: 3610   Fp16 Grad Scale: 65536   Required: 199 hours
Training: 2025-04-09 01:45:46,510-Speed 82.32 samples/sec   Loss 1.6191   LearningRate 0.000987   Epoch: 2   Global Step: 3620   Fp16 Grad Scale: 65536   Required: 199 hours
Training: 2025-04-09 01:46:02,314-Speed 80.99 samples/sec   Loss 1.1414   LearningRate 0.000987   Epoch: 2   Global Step: 3630   Fp16 Grad Scale: 65536   Required: 198 hours
Training: 2025-04-09 01:46:17,892-Speed 82.17 samples/sec   Loss 1.2402   LearningRate 0.000987   Epoch: 2   Global Step: 3640   Fp16 Grad Scale: 65536   Required: 198 hours
Training: 2025-04-09 01:46:33,350-Speed 82.81 samples/sec   Loss 1.2413   LearningRate 0.000987   Epoch: 2   Global Step: 3650   Fp16 Grad Scale: 65536   Required: 198 hours
Training: 2025-04-09 01:46:48,533-Speed 84.31 samples/sec   Loss 1.1069   LearningRate 0.000987   Epoch: 2   Global Step: 3660   Fp16 Grad Scale: 131072   Required: 198 hours
Training: 2025-04-09 01:47:03,784-Speed 83.93 samples/sec   Loss 1.0163   LearningRate 0.000987   Epoch: 2   Global Step: 3670   Fp16 Grad Scale: 131072   Required: 197 hours
Training: 2025-04-09 01:47:19,158-Speed 83.26 samples/sec   Loss 1.5615   LearningRate 0.000987   Epoch: 2   Global Step: 3680   Fp16 Grad Scale: 131072   Required: 197 hours
Training: 2025-04-09 01:47:34,439-Speed 83.77 samples/sec   Loss 1.1797   LearningRate 0.000987   Epoch: 2   Global Step: 3690   Fp16 Grad Scale: 131072   Required: 197 hours
Training: 2025-04-09 01:47:49,774-Speed 83.47 samples/sec   Loss 1.3194   LearningRate 0.000987   Epoch: 2   Global Step: 3700   Fp16 Grad Scale: 65536   Required: 197 hours
Training: 2025-04-09 01:48:05,005-Speed 84.04 samples/sec   Loss 1.2407   LearningRate 0.000987   Epoch: 2   Global Step: 3710   Fp16 Grad Scale: 65536   Required: 197 hours
Training: 2025-04-09 01:48:22,135-Speed 74.72 samples/sec   Loss 1.0679   LearningRate 0.000987   Epoch: 2   Global Step: 3720   Fp16 Grad Scale: 65536   Required: 196 hours
Training: 2025-04-09 01:48:37,476-Speed 83.44 samples/sec   Loss 1.2231   LearningRate 0.000987   Epoch: 2   Global Step: 3730   Fp16 Grad Scale: 65536   Required: 196 hours
Training: 2025-04-09 01:48:52,920-Speed 82.88 samples/sec   Loss 1.2300   LearningRate 0.000987   Epoch: 2   Global Step: 3740   Fp16 Grad Scale: 65536   Required: 196 hours
Training: 2025-04-09 01:49:08,755-Speed 80.84 samples/sec   Loss 1.2010   LearningRate 0.000987   Epoch: 2   Global Step: 3750   Fp16 Grad Scale: 65536   Required: 196 hours
Training: 2025-04-09 01:49:24,592-Speed 80.83 samples/sec   Loss 1.2812   LearningRate 0.000987   Epoch: 2   Global Step: 3760   Fp16 Grad Scale: 65536   Required: 196 hours
Training: 2025-04-09 01:49:40,224-Speed 81.89 samples/sec   Loss 1.1921   LearningRate 0.000987   Epoch: 2   Global Step: 3770   Fp16 Grad Scale: 65536   Required: 195 hours
Training: 2025-04-09 01:49:55,717-Speed 82.62 samples/sec   Loss 1.3234   LearningRate 0.000987   Epoch: 2   Global Step: 3780   Fp16 Grad Scale: 65536   Required: 195 hours
Training: 2025-04-09 01:50:11,477-Speed 81.23 samples/sec   Loss 1.1050   LearningRate 0.000987   Epoch: 2   Global Step: 3790   Fp16 Grad Scale: 65536   Required: 195 hours
Training: 2025-04-09 01:50:27,183-Speed 81.50 samples/sec   Loss 1.1976   LearningRate 0.000987   Epoch: 2   Global Step: 3800   Fp16 Grad Scale: 131072   Required: 195 hours
Training: 2025-04-09 01:50:42,811-Speed 81.91 samples/sec   Loss 1.2169   LearningRate 0.000987   Epoch: 2   Global Step: 3810   Fp16 Grad Scale: 131072   Required: 195 hours
Training: 2025-04-09 01:50:58,327-Speed 82.50 samples/sec   Loss 1.1940   LearningRate 0.000987   Epoch: 2   Global Step: 3820   Fp16 Grad Scale: 131072   Required: 194 hours
Training: 2025-04-09 01:51:13,725-Speed 83.13 samples/sec   Loss 1.3651   LearningRate 0.000987   Epoch: 2   Global Step: 3830   Fp16 Grad Scale: 65536   Required: 194 hours
Training: 2025-04-09 01:51:29,660-Speed 80.33 samples/sec   Loss 1.1522   LearningRate 0.000987   Epoch: 2   Global Step: 3840   Fp16 Grad Scale: 65536   Required: 194 hours
Training: 2025-04-09 01:51:45,449-Speed 81.07 samples/sec   Loss 1.2559   LearningRate 0.000987   Epoch: 2   Global Step: 3850   Fp16 Grad Scale: 65536   Required: 194 hours
Training: 2025-04-09 01:52:00,861-Speed 83.06 samples/sec   Loss 1.0295   LearningRate 0.000986   Epoch: 2   Global Step: 3860   Fp16 Grad Scale: 65536   Required: 194 hours
Training: 2025-04-09 01:52:16,185-Speed 83.53 samples/sec   Loss 1.3085   LearningRate 0.000986   Epoch: 2   Global Step: 3870   Fp16 Grad Scale: 65536   Required: 193 hours
Training: 2025-04-09 01:52:31,364-Speed 84.33 samples/sec   Loss 1.1717   LearningRate 0.000986   Epoch: 2   Global Step: 3880   Fp16 Grad Scale: 65536   Required: 193 hours
Training: 2025-04-09 01:52:46,826-Speed 82.78 samples/sec   Loss 1.0506   LearningRate 0.000986   Epoch: 2   Global Step: 3890   Fp16 Grad Scale: 65536   Required: 193 hours
Training: 2025-04-09 01:53:02,304-Speed 82.70 samples/sec   Loss 1.1236   LearningRate 0.000986   Epoch: 2   Global Step: 3900   Fp16 Grad Scale: 65536   Required: 193 hours
Training: 2025-04-09 01:53:19,124-Speed 76.10 samples/sec   Loss 1.0805   LearningRate 0.000986   Epoch: 2   Global Step: 3910   Fp16 Grad Scale: 65536   Required: 193 hours
Training: 2025-04-09 01:53:35,452-Speed 78.39 samples/sec   Loss 1.1805   LearningRate 0.000986   Epoch: 2   Global Step: 3920   Fp16 Grad Scale: 65536   Required: 193 hours
Training: 2025-04-09 01:53:50,846-Speed 83.15 samples/sec   Loss 1.0259   LearningRate 0.000986   Epoch: 2   Global Step: 3930   Fp16 Grad Scale: 131072   Required: 192 hours
Training: 2025-04-09 01:54:06,014-Speed 84.39 samples/sec   Loss 1.1157   LearningRate 0.000986   Epoch: 2   Global Step: 3940   Fp16 Grad Scale: 131072   Required: 192 hours
Training: 2025-04-09 01:54:21,256-Speed 83.98 samples/sec   Loss 0.9634   LearningRate 0.000986   Epoch: 2   Global Step: 3950   Fp16 Grad Scale: 131072   Required: 192 hours
Training: 2025-04-09 01:54:36,612-Speed 83.36 samples/sec   Loss 1.1286   LearningRate 0.000986   Epoch: 2   Global Step: 3960   Fp16 Grad Scale: 131072   Required: 192 hours
Training: 2025-04-09 01:54:51,916-Speed 83.64 samples/sec   Loss 1.1235   LearningRate 0.000986   Epoch: 2   Global Step: 3970   Fp16 Grad Scale: 131072   Required: 192 hours
Training: 2025-04-09 01:55:07,700-Speed 81.10 samples/sec   Loss 1.1374   LearningRate 0.000986   Epoch: 2   Global Step: 3980   Fp16 Grad Scale: 131072   Required: 191 hours
Training: 2025-04-09 01:55:23,101-Speed 83.11 samples/sec   Loss 1.1138   LearningRate 0.000986   Epoch: 2   Global Step: 3990   Fp16 Grad Scale: 131072   Required: 191 hours
Training: 2025-04-09 01:55:38,357-Speed 83.91 samples/sec   Loss 0.9588   LearningRate 0.000986   Epoch: 2   Global Step: 4000   Fp16 Grad Scale: 65536   Required: 191 hours
Batch 0: torch.Size([128, 3, 64, 512])
batch.shape: torch.Size([128, 3, 64, 512])
batch.min(): -1.0
batch.max(): 1.0
batch.device: cuda:0
net_out.shape: torch.Size([128, 512])
num_nans: 0
num_non_nans: 65536
Batch 1: torch.Size([128, 3, 64, 512])
batch.shape: torch.Size([128, 3, 64, 512])
batch.min(): -1.0
batch.max(): 1.0
batch.device: cuda:0
net_out.shape: torch.Size([128, 512])
num_nans: 0
num_non_nans: 65536
Batch 2: torch.Size([128, 3, 64, 512])
batch.shape: torch.Size([128, 3, 64, 512])
batch.min(): -1.0
batch.max(): 1.0
batch.device: cuda:0
net_out.shape: torch.Size([128, 512])
num_nans: 0
num_non_nans: 65536
Batch 3: torch.Size([128, 3, 64, 512])
batch.shape: torch.Size([128, 3, 64, 512])
batch.min(): -1.0
batch.max(): 1.0
batch.device: cuda:0
net_out.shape: torch.Size([128, 512])
num_nans: 0
num_non_nans: 65536
Batch 4: torch.Size([128, 3, 64, 512])
batch.shape: torch.Size([128, 3, 64, 512])
batch.min(): -1.0
batch.max(): 1.0
batch.device: cuda:0
net_out.shape: torch.Size([128, 512])
num_nans: 0
num_non_nans: 65536
Batch 5: torch.Size([128, 3, 64, 512])
batch.shape: torch.Size([128, 3, 64, 512])
batch.min(): -1.0
batch.max(): 1.0
batch.device: cuda:0
net_out.shape: torch.Size([128, 512])
num_nans: 0
num_non_nans: 65536
Batch 6: torch.Size([128, 3, 64, 512])
batch.shape: torch.Size([128, 3, 64, 512])
batch.min(): -1.0
batch.max(): 1.0
batch.device: cuda:0
net_out.shape: torch.Size([128, 512])
num_nans: 0
num_non_nans: 65536
Batch 7: torch.Size([128, 3, 64, 512])
batch.shape: torch.Size([128, 3, 64, 512])
batch.min(): -1.0
batch.max(): 1.0
batch.device: cuda:0
net_out.shape: torch.Size([128, 512])
num_nans: 0
num_non_nans: 65536
Batch 8: torch.Size([128, 3, 64, 512])
batch.shape: torch.Size([128, 3, 64, 512])
batch.min(): -1.0
batch.max(): 1.0
batch.device: cuda:0
net_out.shape: torch.Size([128, 512])
num_nans: 0
num_non_nans: 65536
Batch 9: torch.Size([128, 3, 64, 512])
batch.shape: torch.Size([128, 3, 64, 512])
batch.min(): -1.0
batch.max(): 1.0
batch.device: cuda:0
net_out.shape: torch.Size([128, 512])
num_nans: 0
num_non_nans: 65536
Batch 10: torch.Size([128, 3, 64, 512])
batch.shape: torch.Size([128, 3, 64, 512])
batch.min(): -1.0
batch.max(): 1.0
batch.device: cuda:0
net_out.shape: torch.Size([128, 512])
num_nans: 0
num_non_nans: 65536
Batch 11: torch.Size([128, 3, 64, 512])
batch.shape: torch.Size([128, 3, 64, 512])
batch.min(): -1.0
batch.max(): 1.0
batch.device: cuda:0
net_out.shape: torch.Size([128, 512])
num_nans: 0
num_non_nans: 65536
Batch 12: torch.Size([128, 3, 64, 512])
batch.shape: torch.Size([128, 3, 64, 512])
batch.min(): -1.0
batch.max(): 1.0
batch.device: cuda:0
net_out.shape: torch.Size([128, 512])
num_nans: 0
num_non_nans: 65536
Batch 13: torch.Size([128, 3, 64, 512])
batch.shape: torch.Size([128, 3, 64, 512])
batch.min(): -1.0
batch.max(): 1.0
batch.device: cuda:0
net_out.shape: torch.Size([128, 512])
num_nans: 0
num_non_nans: 65536
Batch 14: torch.Size([128, 3, 64, 512])
batch.shape: torch.Size([128, 3, 64, 512])
batch.min(): -1.0
batch.max(): 1.0
batch.device: cuda:0
net_out.shape: torch.Size([128, 512])
num_nans: 0
num_non_nans: 65536
Batch 15: torch.Size([128, 3, 64, 512])
batch.shape: torch.Size([128, 3, 64, 512])
batch.min(): -1.0
batch.max(): 1.0
batch.device: cuda:0
net_out.shape: torch.Size([128, 512])
num_nans: 0
num_non_nans: 65536
Batch 16: torch.Size([128, 3, 64, 512])
batch.shape: torch.Size([128, 3, 64, 512])
batch.min(): -1.0
batch.max(): 1.0
batch.device: cuda:0
net_out.shape: torch.Size([128, 512])
num_nans: 0
num_non_nans: 65536
Batch 17: torch.Size([128, 3, 64, 512])
batch.shape: torch.Size([128, 3, 64, 512])
batch.min(): -1.0
batch.max(): 1.0
batch.device: cuda:0
net_out.shape: torch.Size([128, 512])
num_nans: 0
num_non_nans: 65536
Batch 18: torch.Size([128, 3, 64, 512])
batch.shape: torch.Size([128, 3, 64, 512])
batch.min(): -1.0
batch.max(): 1.0
batch.device: cuda:0
net_out.shape: torch.Size([128, 512])
num_nans: 0
num_non_nans: 65536
Batch 19: torch.Size([128, 3, 64, 512])
batch.shape: torch.Size([128, 3, 64, 512])
batch.min(): -1.0
batch.max(): 1.0
batch.device: cuda:0
net_out.shape: torch.Size([128, 512])
num_nans: 0
num_non_nans: 65536
Batch 20: torch.Size([128, 3, 64, 512])
batch.shape: torch.Size([128, 3, 64, 512])
batch.min(): -1.0
batch.max(): 1.0
batch.device: cuda:0
net_out.shape: torch.Size([128, 512])
num_nans: 0
num_non_nans: 65536
Batch 21: torch.Size([128, 3, 64, 512])
batch.shape: torch.Size([128, 3, 64, 512])
batch.min(): -1.0
batch.max(): 1.0
batch.device: cuda:0
net_out.shape: torch.Size([128, 512])
num_nans: 0
num_non_nans: 65536
Batch 22: torch.Size([128, 3, 64, 512])
batch.shape: torch.Size([128, 3, 64, 512])
batch.min(): -1.0
batch.max(): 1.0
batch.device: cuda:0
net_out.shape: torch.Size([128, 512])
num_nans: 0
num_non_nans: 65536
Batch 23: torch.Size([128, 3, 64, 512])
batch.shape: torch.Size([128, 3, 64, 512])
batch.min(): -1.0
batch.max(): 1.0
batch.device: cuda:0
net_out.shape: torch.Size([128, 512])
num_nans: 0
num_non_nans: 65536
Batch 24: torch.Size([128, 3, 64, 512])
batch.shape: torch.Size([128, 3, 64, 512])
batch.min(): -1.0
batch.max(): 1.0
batch.device: cuda:0
net_out.shape: torch.Size([128, 512])
num_nans: 0
num_non_nans: 65536
Batch 25: torch.Size([128, 3, 64, 512])
batch.shape: torch.Size([128, 3, 64, 512])
batch.min(): -1.0
batch.max(): 1.0
batch.device: cuda:0
net_out.shape: torch.Size([128, 512])
num_nans: 0
num_non_nans: 65536
Batch 26: torch.Size([128, 3, 64, 512])
batch.shape: torch.Size([128, 3, 64, 512])
batch.min(): -1.0
batch.max(): 1.0
batch.device: cuda:0
net_out.shape: torch.Size([128, 512])
num_nans: 0
num_non_nans: 65536
Batch 27: torch.Size([128, 3, 64, 512])
batch.shape: torch.Size([128, 3, 64, 512])
batch.min(): -1.0
batch.max(): 1.0
batch.device: cuda:0
net_out.shape: torch.Size([128, 512])
num_nans: 0
num_non_nans: 65536
Batch 28: torch.Size([128, 3, 64, 512])
batch.shape: torch.Size([128, 3, 64, 512])
batch.min(): -1.0
batch.max(): 1.0
batch.device: cuda:0
net_out.shape: torch.Size([128, 512])
num_nans: 0
num_non_nans: 65536
Batch 29: torch.Size([128, 3, 64, 512])
batch.shape: torch.Size([128, 3, 64, 512])
batch.min(): -1.0
batch.max(): 1.0
batch.device: cuda:0
net_out.shape: torch.Size([128, 512])
num_nans: 0
num_non_nans: 65536
Batch 30: torch.Size([128, 3, 64, 512])
batch.shape: torch.Size([128, 3, 64, 512])
batch.min(): -1.0
batch.max(): 1.0
batch.device: cuda:0
net_out.shape: torch.Size([128, 512])
num_nans: 0
num_non_nans: 65536
Batch 31: torch.Size([128, 3, 64, 512])
batch.shape: torch.Size([128, 3, 64, 512])
batch.min(): -1.0
batch.max(): 1.0
batch.device: cuda:0
net_out.shape: torch.Size([128, 512])
num_nans: 0
num_non_nans: 65536
Batch 32: torch.Size([128, 3, 64, 512])
batch.shape: torch.Size([128, 3, 64, 512])
batch.min(): -1.0
batch.max(): 1.0
batch.device: cuda:0
net_out.shape: torch.Size([128, 512])
num_nans: 0
num_non_nans: 65536
Batch 33: torch.Size([128, 3, 64, 512])
batch.shape: torch.Size([128, 3, 64, 512])
batch.min(): -1.0
batch.max(): 1.0
batch.device: cuda:0
net_out.shape: torch.Size([128, 512])
num_nans: 0
num_non_nans: 65536
Batch 34: torch.Size([128, 3, 64, 512])
batch.shape: torch.Size([128, 3, 64, 512])
batch.min(): -1.0
batch.max(): 1.0
batch.device: cuda:0
net_out.shape: torch.Size([128, 512])
num_nans: 0
num_non_nans: 65536
Batch 35: torch.Size([128, 3, 64, 512])
batch.shape: torch.Size([128, 3, 64, 512])
batch.min(): -1.0
batch.max(): 1.0
batch.device: cuda:0
net_out.shape: torch.Size([128, 512])
num_nans: 0
num_non_nans: 65536
Batch 36: torch.Size([128, 3, 64, 512])
batch.shape: torch.Size([128, 3, 64, 512])
batch.min(): -1.0
batch.max(): 1.0
batch.device: cuda:0
net_out.shape: torch.Size([128, 512])
num_nans: 0
num_non_nans: 65536
Batch 37: torch.Size([128, 3, 64, 512])
batch.shape: torch.Size([128, 3, 64, 512])
batch.min(): -1.0
batch.max(): 1.0
batch.device: cuda:0
net_out.shape: torch.Size([128, 512])
num_nans: 0
num_non_nans: 65536
Batch 38: torch.Size([128, 3, 64, 512])
batch.shape: torch.Size([128, 3, 64, 512])
batch.min(): -1.0
batch.max(): 1.0
batch.device: cuda:0
net_out.shape: torch.Size([128, 512])
num_nans: 0
num_non_nans: 65536
Batch 39: torch.Size([128, 3, 64, 512])
batch.shape: torch.Size([128, 3, 64, 512])
batch.min(): -1.0
batch.max(): 1.0
batch.device: cuda:0
net_out.shape: torch.Size([128, 512])
num_nans: 0
num_non_nans: 65536
Batch 40: torch.Size([128, 3, 64, 512])
batch.shape: torch.Size([128, 3, 64, 512])
batch.min(): -1.0
batch.max(): 1.0
batch.device: cuda:0
net_out.shape: torch.Size([128, 512])
num_nans: 0
num_non_nans: 65536
Batch 41: torch.Size([128, 3, 64, 512])
batch.shape: torch.Size([128, 3, 64, 512])
batch.min(): -1.0
batch.max(): 1.0
batch.device: cuda:0
net_out.shape: torch.Size([128, 512])
num_nans: 0
num_non_nans: 65536
Batch 42: torch.Size([128, 3, 64, 512])
batch.shape: torch.Size([128, 3, 64, 512])
batch.min(): -1.0
batch.max(): 1.0
batch.device: cuda:0
net_out.shape: torch.Size([128, 512])
num_nans: 0
num_non_nans: 65536
Batch 43: torch.Size([128, 3, 64, 512])
batch.shape: torch.Size([128, 3, 64, 512])
batch.min(): -1.0
batch.max(): 1.0
batch.device: cuda:0
net_out.shape: torch.Size([128, 512])
num_nans: 0
num_non_nans: 65536
Batch 44: torch.Size([128, 3, 64, 512])
batch.shape: torch.Size([128, 3, 64, 512])
batch.min(): -1.0
batch.max(): 1.0
batch.device: cuda:0
net_out.shape: torch.Size([128, 512])
num_nans: 0
num_non_nans: 65536
Batch 45: torch.Size([128, 3, 64, 512])
batch.shape: torch.Size([128, 3, 64, 512])
batch.min(): -1.0
batch.max(): 1.0
batch.device: cuda:0
net_out.shape: torch.Size([128, 512])
num_nans: 0
num_non_nans: 65536
Batch 46: torch.Size([128, 3, 64, 512])
batch.shape: torch.Size([128, 3, 64, 512])
batch.min(): -1.0
batch.max(): 1.0
batch.device: cuda:0
net_out.shape: torch.Size([128, 512])
num_nans: 0
num_non_nans: 65536
Batch 47: torch.Size([128, 3, 64, 512])
batch.shape: torch.Size([128, 3, 64, 512])
batch.min(): -1.0
batch.max(): 1.0
batch.device: cuda:0
net_out.shape: torch.Size([128, 512])
num_nans: 0
num_non_nans: 65536
Batch 48: torch.Size([128, 3, 64, 512])
batch.shape: torch.Size([128, 3, 64, 512])
batch.min(): -1.0
batch.max(): 1.0
batch.device: cuda:0
net_out.shape: torch.Size([128, 512])
num_nans: 0
num_non_nans: 65536
Batch 49: torch.Size([128, 3, 64, 512])
batch.shape: torch.Size([128, 3, 64, 512])
batch.min(): -1.0
batch.max(): 1.0
batch.device: cuda:0
net_out.shape: torch.Size([128, 512])
num_nans: 0
num_non_nans: 65536
Batch 50: torch.Size([128, 3, 64, 512])
batch.shape: torch.Size([128, 3, 64, 512])
batch.min(): -1.0
batch.max(): 1.0
batch.device: cuda:0
net_out.shape: torch.Size([128, 512])
num_nans: 0
num_non_nans: 65536
Batch 51: torch.Size([128, 3, 64, 512])
batch.shape: torch.Size([128, 3, 64, 512])
batch.min(): -1.0
batch.max(): 1.0
batch.device: cuda:0
net_out.shape: torch.Size([128, 512])
num_nans: 0
num_non_nans: 65536
Batch 52: torch.Size([128, 3, 64, 512])
batch.shape: torch.Size([128, 3, 64, 512])
batch.min(): -1.0
batch.max(): 1.0
batch.device: cuda:0
net_out.shape: torch.Size([128, 512])
num_nans: 0
num_non_nans: 65536
Batch 53: torch.Size([128, 3, 64, 512])
batch.shape: torch.Size([128, 3, 64, 512])
batch.min(): -1.0
batch.max(): 1.0
batch.device: cuda:0
net_out.shape: torch.Size([128, 512])
num_nans: 0
num_non_nans: 65536
Batch 54: torch.Size([128, 3, 64, 512])
batch.shape: torch.Size([128, 3, 64, 512])
batch.min(): -1.0
batch.max(): 1.0
batch.device: cuda:0
net_out.shape: torch.Size([128, 512])
num_nans: 0
num_non_nans: 65536
Batch 55: torch.Size([128, 3, 64, 512])
batch.shape: torch.Size([128, 3, 64, 512])
batch.min(): -1.0
batch.max(): 1.0
batch.device: cuda:0
net_out.shape: torch.Size([128, 512])
num_nans: 0
num_non_nans: 65536
Batch 56: torch.Size([128, 3, 64, 512])
batch.shape: torch.Size([128, 3, 64, 512])
batch.min(): -1.0
batch.max(): 1.0
batch.device: cuda:0
net_out.shape: torch.Size([128, 512])
num_nans: 0
num_non_nans: 65536
Batch 57: torch.Size([128, 3, 64, 512])
batch.shape: torch.Size([128, 3, 64, 512])
batch.min(): -1.0
batch.max(): 1.0
batch.device: cuda:0
net_out.shape: torch.Size([128, 512])
num_nans: 0
num_non_nans: 65536
Batch 58: torch.Size([128, 3, 64, 512])
batch.shape: torch.Size([128, 3, 64, 512])
batch.min(): -1.0
batch.max(): 1.0
batch.device: cuda:0
net_out.shape: torch.Size([128, 512])
num_nans: 0
num_non_nans: 65536
Batch 59: torch.Size([128, 3, 64, 512])
batch.shape: torch.Size([128, 3, 64, 512])
batch.min(): -1.0
batch.max(): 1.0
batch.device: cuda:0
net_out.shape: torch.Size([128, 512])
num_nans: 0
num_non_nans: 65536
Batch 60: torch.Size([128, 3, 64, 512])
batch.shape: torch.Size([128, 3, 64, 512])
batch.min(): -1.0
batch.max(): 1.0
batch.device: cuda:0
net_out.shape: torch.Size([128, 512])
num_nans: 0
num_non_nans: 65536
Batch 61: torch.Size([128, 3, 64, 512])
batch.shape: torch.Size([128, 3, 64, 512])
batch.min(): -1.0
batch.max(): 1.0
batch.device: cuda:0
net_out.shape: torch.Size([128, 512])
num_nans: 0
num_non_nans: 65536
Batch 62: torch.Size([128, 3, 64, 512])
batch.shape: torch.Size([128, 3, 64, 512])
batch.min(): -1.0
batch.max(): 1.0
batch.device: cuda:0
net_out.shape: torch.Size([128, 512])
num_nans: 0
num_non_nans: 65536
Batch 63: torch.Size([128, 3, 64, 512])
batch.shape: torch.Size([128, 3, 64, 512])
batch.min(): -1.0
batch.max(): 1.0
batch.device: cuda:0
net_out.shape: torch.Size([128, 512])
num_nans: 0
num_non_nans: 65536
Training: 2025-04-09 01:56:49,903-[val][Global step: 4000] d prime: 6.2635087966918945
Model saved with d prime score: 6.2635087966918945
Training: 2025-04-09 01:57:06,869-Speed 14.46 samples/sec   Loss 1.1417   LearningRate 0.000986   Epoch: 2   Global Step: 4010   Fp16 Grad Scale: 65536   Required: 192 hours
Training: 2025-04-09 01:57:22,182-Speed 83.59 samples/sec   Loss 1.1921   LearningRate 0.000986   Epoch: 2   Global Step: 4020   Fp16 Grad Scale: 65536   Required: 192 hours
Training: 2025-04-09 01:57:37,514-Speed 83.49 samples/sec   Loss 1.0138   LearningRate 0.000986   Epoch: 2   Global Step: 4030   Fp16 Grad Scale: 65536   Required: 192 hours
Training: 2025-04-09 01:57:52,935-Speed 83.01 samples/sec   Loss 1.0751   LearningRate 0.000986   Epoch: 2   Global Step: 4040   Fp16 Grad Scale: 65536   Required: 192 hours
Training: 2025-04-09 01:58:08,310-Speed 83.25 samples/sec   Loss 1.1354   LearningRate 0.000986   Epoch: 2   Global Step: 4050   Fp16 Grad Scale: 65536   Required: 192 hours
Training: 2025-04-09 01:58:25,864-Speed 72.92 samples/sec   Loss 1.1178   LearningRate 0.000986   Epoch: 2   Global Step: 4060   Fp16 Grad Scale: 65536   Required: 191 hours
Training: 2025-04-09 01:58:41,402-Speed 82.38 samples/sec   Loss 1.3733   LearningRate 0.000986   Epoch: 2   Global Step: 4070   Fp16 Grad Scale: 65536   Required: 191 hours
Training: 2025-04-09 01:58:56,508-Speed 84.74 samples/sec   Loss 1.1224   LearningRate 0.000986   Epoch: 2   Global Step: 4080   Fp16 Grad Scale: 65536   Required: 191 hours
Training: 2025-04-09 01:59:11,793-Speed 83.74 samples/sec   Loss 1.2044   LearningRate 0.000986   Epoch: 2   Global Step: 4090   Fp16 Grad Scale: 65536   Required: 191 hours
Training: 2025-04-09 01:59:27,315-Speed 82.47 samples/sec   Loss 1.1427   LearningRate 0.000986   Epoch: 2   Global Step: 4100   Fp16 Grad Scale: 131072   Required: 191 hours
Training: 2025-04-09 01:59:42,826-Speed 82.52 samples/sec   Loss 1.0766   LearningRate 0.000986   Epoch: 2   Global Step: 4110   Fp16 Grad Scale: 131072   Required: 190 hours
Training: 2025-04-09 01:59:58,236-Speed 83.07 samples/sec   Loss 0.8665   LearningRate 0.000986   Epoch: 2   Global Step: 4120   Fp16 Grad Scale: 131072   Required: 190 hours
Training: 2025-04-09 02:00:13,597-Speed 83.33 samples/sec   Loss 1.0983   LearningRate 0.000986   Epoch: 2   Global Step: 4130   Fp16 Grad Scale: 131072   Required: 190 hours
Training: 2025-04-09 02:00:28,810-Speed 84.14 samples/sec   Loss 0.9884   LearningRate 0.000985   Epoch: 2   Global Step: 4140   Fp16 Grad Scale: 131072   Required: 190 hours
Training: 2025-04-09 02:00:44,024-Speed 84.14 samples/sec   Loss 0.7191   LearningRate 0.000985   Epoch: 2   Global Step: 4150   Fp16 Grad Scale: 131072   Required: 190 hours
Training: 2025-04-09 02:00:59,227-Speed 84.20 samples/sec   Loss 0.6966   LearningRate 0.000985   Epoch: 2   Global Step: 4160   Fp16 Grad Scale: 131072   Required: 190 hours
Training: 2025-04-09 02:01:14,407-Speed 84.33 samples/sec   Loss 1.0440   LearningRate 0.000985   Epoch: 2   Global Step: 4170   Fp16 Grad Scale: 131072   Required: 189 hours
Training: 2025-04-09 02:01:29,548-Speed 84.54 samples/sec   Loss 1.1825   LearningRate 0.000985   Epoch: 2   Global Step: 4180   Fp16 Grad Scale: 131072   Required: 189 hours
Training: 2025-04-09 02:01:44,940-Speed 83.16 samples/sec   Loss 0.9847   LearningRate 0.000985   Epoch: 2   Global Step: 4190   Fp16 Grad Scale: 131072   Required: 189 hours
Training: 2025-04-09 02:02:00,295-Speed 83.36 samples/sec   Loss 1.0882   LearningRate 0.000985   Epoch: 2   Global Step: 4200   Fp16 Grad Scale: 262144   Required: 189 hours
Training: 2025-04-09 02:02:16,068-Speed 81.15 samples/sec   Loss 0.9662   LearningRate 0.000985   Epoch: 2   Global Step: 4210   Fp16 Grad Scale: 131072   Required: 189 hours
Training: 2025-04-09 02:02:31,496-Speed 82.97 samples/sec   Loss 1.1995   LearningRate 0.000985   Epoch: 2   Global Step: 4220   Fp16 Grad Scale: 131072   Required: 189 hours
Training: 2025-04-09 02:02:46,710-Speed 84.14 samples/sec   Loss 0.8691   LearningRate 0.000985   Epoch: 2   Global Step: 4230   Fp16 Grad Scale: 131072   Required: 188 hours
Training: 2025-04-09 02:03:02,231-Speed 82.47 samples/sec   Loss 0.8859   LearningRate 0.000985   Epoch: 2   Global Step: 4240   Fp16 Grad Scale: 65536   Required: 188 hours
Training: 2025-04-09 02:03:17,920-Speed 81.59 samples/sec   Loss 0.9927   LearningRate 0.000985   Epoch: 2   Global Step: 4250   Fp16 Grad Scale: 65536   Required: 188 hours
Training: 2025-04-09 02:03:34,737-Speed 76.12 samples/sec   Loss 1.0444   LearningRate 0.000985   Epoch: 2   Global Step: 4260   Fp16 Grad Scale: 65536   Required: 188 hours
Training: 2025-04-09 02:03:50,389-Speed 81.78 samples/sec   Loss 0.8743   LearningRate 0.000985   Epoch: 2   Global Step: 4270   Fp16 Grad Scale: 65536   Required: 188 hours
Training: 2025-04-09 02:04:05,907-Speed 82.49 samples/sec   Loss 1.0094   LearningRate 0.000985   Epoch: 2   Global Step: 4280   Fp16 Grad Scale: 65536   Required: 188 hours
Training: 2025-04-09 02:04:24,019-Speed 70.67 samples/sec   Loss 0.6194   LearningRate 0.000985   Epoch: 3   Global Step: 4290   Fp16 Grad Scale: 65536   Required: 188 hours
Training: 2025-04-09 02:04:39,313-Speed 83.70 samples/sec   Loss 0.6868   LearningRate 0.000985   Epoch: 3   Global Step: 4300   Fp16 Grad Scale: 65536   Required: 187 hours
Training: 2025-04-09 02:04:54,773-Speed 82.80 samples/sec   Loss 0.6264   LearningRate 0.000985   Epoch: 3   Global Step: 4310   Fp16 Grad Scale: 65536   Required: 187 hours
Training: 2025-04-09 02:05:10,225-Speed 82.84 samples/sec   Loss 0.6586   LearningRate 0.000985   Epoch: 3   Global Step: 4320   Fp16 Grad Scale: 65536   Required: 187 hours
Training: 2025-04-09 02:05:25,936-Speed 81.48 samples/sec   Loss 0.5859   LearningRate 0.000985   Epoch: 3   Global Step: 4330   Fp16 Grad Scale: 65536   Required: 187 hours
Training: 2025-04-09 02:05:41,679-Speed 81.30 samples/sec   Loss 0.6024   LearningRate 0.000985   Epoch: 3   Global Step: 4340   Fp16 Grad Scale: 131072   Required: 187 hours
Training: 2025-04-09 02:05:57,260-Speed 82.16 samples/sec   Loss 0.5383   LearningRate 0.000985   Epoch: 3   Global Step: 4350   Fp16 Grad Scale: 131072   Required: 187 hours
Training: 2025-04-09 02:06:12,815-Speed 82.29 samples/sec   Loss 0.5189   LearningRate 0.000985   Epoch: 3   Global Step: 4360   Fp16 Grad Scale: 131072   Required: 186 hours
Training: 2025-04-09 02:06:28,204-Speed 83.18 samples/sec   Loss 0.5080   LearningRate 0.000985   Epoch: 3   Global Step: 4370   Fp16 Grad Scale: 131072   Required: 186 hours
Training: 2025-04-09 02:06:43,484-Speed 83.77 samples/sec   Loss 0.6471   LearningRate 0.000985   Epoch: 3   Global Step: 4380   Fp16 Grad Scale: 131072   Required: 186 hours
Training: 2025-04-09 02:06:58,747-Speed 83.87 samples/sec   Loss 0.5897   LearningRate 0.000985   Epoch: 3   Global Step: 4390   Fp16 Grad Scale: 131072   Required: 186 hours
Training: 2025-04-09 02:07:14,023-Speed 83.79 samples/sec   Loss 0.5701   LearningRate 0.000985   Epoch: 3   Global Step: 4400   Fp16 Grad Scale: 131072   Required: 186 hours
Training: 2025-04-09 02:07:29,153-Speed 84.60 samples/sec   Loss 0.5852   LearningRate 0.000985   Epoch: 3   Global Step: 4410   Fp16 Grad Scale: 131072   Required: 186 hours
Training: 2025-04-09 02:07:44,229-Speed 84.91 samples/sec   Loss 0.6042   LearningRate 0.000985   Epoch: 3   Global Step: 4420   Fp16 Grad Scale: 131072   Required: 185 hours
Training: 2025-04-09 02:07:59,382-Speed 84.47 samples/sec   Loss 0.6173   LearningRate 0.000984   Epoch: 3   Global Step: 4430   Fp16 Grad Scale: 131072   Required: 185 hours
Training: 2025-04-09 02:08:14,773-Speed 83.17 samples/sec   Loss 0.8200   LearningRate 0.000984   Epoch: 3   Global Step: 4440   Fp16 Grad Scale: 262144   Required: 185 hours
Training: 2025-04-09 02:08:31,837-Speed 75.02 samples/sec   Loss 0.6050   LearningRate 0.000984   Epoch: 3   Global Step: 4450   Fp16 Grad Scale: 131072   Required: 185 hours
Training: 2025-04-09 02:08:47,072-Speed 84.02 samples/sec   Loss 0.5936   LearningRate 0.000984   Epoch: 3   Global Step: 4460   Fp16 Grad Scale: 131072   Required: 185 hours
Training: 2025-04-09 02:09:02,823-Speed 81.27 samples/sec   Loss 0.5390   LearningRate 0.000984   Epoch: 3   Global Step: 4470   Fp16 Grad Scale: 131072   Required: 185 hours
Training: 2025-04-09 02:09:18,231-Speed 83.08 samples/sec   Loss 0.6953   LearningRate 0.000984   Epoch: 3   Global Step: 4480   Fp16 Grad Scale: 131072   Required: 185 hours
Training: 2025-04-09 02:09:33,414-Speed 84.31 samples/sec   Loss 0.6008   LearningRate 0.000984   Epoch: 3   Global Step: 4490   Fp16 Grad Scale: 131072   Required: 184 hours
Training: 2025-04-09 02:09:48,549-Speed 84.58 samples/sec   Loss 0.5683   LearningRate 0.000984   Epoch: 3   Global Step: 4500   Fp16 Grad Scale: 131072   Required: 184 hours
Training: 2025-04-09 02:10:03,841-Speed 83.71 samples/sec   Loss 0.6456   LearningRate 0.000984   Epoch: 3   Global Step: 4510   Fp16 Grad Scale: 131072   Required: 184 hours
Training: 2025-04-09 02:10:19,019-Speed 84.33 samples/sec   Loss 0.5536   LearningRate 0.000984   Epoch: 3   Global Step: 4520   Fp16 Grad Scale: 131072   Required: 184 hours
Training: 2025-04-09 02:10:34,410-Speed 83.17 samples/sec   Loss 0.7408   LearningRate 0.000984   Epoch: 3   Global Step: 4530   Fp16 Grad Scale: 131072   Required: 184 hours
Training: 2025-04-09 02:10:49,909-Speed 82.59 samples/sec   Loss 0.5914   LearningRate 0.000984   Epoch: 3   Global Step: 4540   Fp16 Grad Scale: 131072   Required: 184 hours
Training: 2025-04-09 02:11:05,573-Speed 81.72 samples/sec   Loss 0.6060   LearningRate 0.000984   Epoch: 3   Global Step: 4550   Fp16 Grad Scale: 262144   Required: 184 hours
Training: 2025-04-09 02:11:21,022-Speed 82.86 samples/sec   Loss 0.5864   LearningRate 0.000984   Epoch: 3   Global Step: 4560   Fp16 Grad Scale: 131072   Required: 183 hours
Training: 2025-04-09 02:11:36,519-Speed 82.60 samples/sec   Loss 0.5716   LearningRate 0.000984   Epoch: 3   Global Step: 4570   Fp16 Grad Scale: 131072   Required: 183 hours
Training: 2025-04-09 02:11:51,795-Speed 83.79 samples/sec   Loss 0.6761   LearningRate 0.000984   Epoch: 3   Global Step: 4580   Fp16 Grad Scale: 131072   Required: 183 hours
Training: 2025-04-09 02:12:07,022-Speed 84.06 samples/sec   Loss 0.6977   LearningRate 0.000984   Epoch: 3   Global Step: 4590   Fp16 Grad Scale: 131072   Required: 183 hours
Training: 2025-04-09 02:12:22,489-Speed 82.76 samples/sec   Loss 0.6363   LearningRate 0.000984   Epoch: 3   Global Step: 4600   Fp16 Grad Scale: 131072   Required: 183 hours
Training: 2025-04-09 02:12:38,334-Speed 80.78 samples/sec   Loss 0.7490   LearningRate 0.000984   Epoch: 3   Global Step: 4610   Fp16 Grad Scale: 131072   Required: 183 hours
Training: 2025-04-09 02:12:53,958-Speed 81.93 samples/sec   Loss 0.6601   LearningRate 0.000984   Epoch: 3   Global Step: 4620   Fp16 Grad Scale: 131072   Required: 183 hours
Training: 2025-04-09 02:13:09,585-Speed 81.91 samples/sec   Loss 0.5807   LearningRate 0.000984   Epoch: 3   Global Step: 4630   Fp16 Grad Scale: 131072   Required: 182 hours
Training: 2025-04-09 02:13:47,968-Speed 73.91 samples/sec   Loss 0.5173   LearningRate 0.000984   Epoch: 3   Global Step: 4640   Fp16 Grad Scale: 131072   Required: 183 hours
Training: 2025-04-09 02:14:03,272-Speed 83.64 samples/sec   Loss 0.6391   LearningRate 0.000984   Epoch: 3   Global Step: 4650   Fp16 Grad Scale: 131072   Required: 182 hours
Training: 2025-04-09 02:14:18,506-Speed 84.03 samples/sec   Loss 0.6351   LearningRate 0.000984   Epoch: 3   Global Step: 4660   Fp16 Grad Scale: 262144   Required: 182 hours
Training: 2025-04-09 02:14:33,723-Speed 84.12 samples/sec   Loss 0.6366   LearningRate 0.000984   Epoch: 3   Global Step: 4670   Fp16 Grad Scale: 262144   Required: 182 hours
Training: 2025-04-09 02:14:49,043-Speed 83.56 samples/sec   Loss 0.5117   LearningRate 0.000984   Epoch: 3   Global Step: 4680   Fp16 Grad Scale: 131072   Required: 182 hours
Training: 2025-04-09 02:15:04,390-Speed 83.40 samples/sec   Loss 0.6268   LearningRate 0.000984   Epoch: 3   Global Step: 4690   Fp16 Grad Scale: 131072   Required: 182 hours
Training: 2025-04-09 02:15:19,683-Speed 83.70 samples/sec   Loss 0.6969   LearningRate 0.000984   Epoch: 3   Global Step: 4700   Fp16 Grad Scale: 131072   Required: 182 hours
Training: 2025-04-09 02:15:34,973-Speed 83.72 samples/sec   Loss 0.7805   LearningRate 0.000983   Epoch: 3   Global Step: 4710   Fp16 Grad Scale: 131072   Required: 182 hours
Training: 2025-04-09 02:15:50,185-Speed 84.15 samples/sec   Loss 0.6626   LearningRate 0.000983   Epoch: 3   Global Step: 4720   Fp16 Grad Scale: 131072   Required: 182 hours
Training: 2025-04-09 02:16:05,432-Speed 83.95 samples/sec   Loss 0.5487   LearningRate 0.000983   Epoch: 3   Global Step: 4730   Fp16 Grad Scale: 131072   Required: 181 hours
Training: 2025-04-09 02:16:20,648-Speed 84.13 samples/sec   Loss 0.7043   LearningRate 0.000983   Epoch: 3   Global Step: 4740   Fp16 Grad Scale: 131072   Required: 181 hours
Training: 2025-04-09 02:16:35,757-Speed 84.72 samples/sec   Loss 0.6705   LearningRate 0.000983   Epoch: 3   Global Step: 4750   Fp16 Grad Scale: 131072   Required: 181 hours
Training: 2025-04-09 02:16:51,146-Speed 83.18 samples/sec   Loss 0.7265   LearningRate 0.000983   Epoch: 3   Global Step: 4760   Fp16 Grad Scale: 131072   Required: 181 hours
Training: 2025-04-09 02:17:06,485-Speed 83.45 samples/sec   Loss 0.5660   LearningRate 0.000983   Epoch: 3   Global Step: 4770   Fp16 Grad Scale: 131072   Required: 181 hours
Training: 2025-04-09 02:17:21,802-Speed 83.57 samples/sec   Loss 0.6266   LearningRate 0.000983   Epoch: 3   Global Step: 4780   Fp16 Grad Scale: 262144   Required: 181 hours
Training: 2025-04-09 02:17:37,140-Speed 83.45 samples/sec   Loss 0.6047   LearningRate 0.000983   Epoch: 3   Global Step: 4790   Fp16 Grad Scale: 131072   Required: 181 hours
Training: 2025-04-09 02:17:52,299-Speed 84.44 samples/sec   Loss 0.5846   LearningRate 0.000983   Epoch: 3   Global Step: 4800   Fp16 Grad Scale: 131072   Required: 180 hours
Training: 2025-04-09 02:18:07,593-Speed 83.70 samples/sec   Loss 0.7557   LearningRate 0.000983   Epoch: 3   Global Step: 4810   Fp16 Grad Scale: 131072   Required: 180 hours
Training: 2025-04-09 02:18:22,961-Speed 83.29 samples/sec   Loss 0.6670   LearningRate 0.000983   Epoch: 3   Global Step: 4820   Fp16 Grad Scale: 131072   Required: 180 hours
Training: 2025-04-09 02:18:39,811-Speed 75.97 samples/sec   Loss 0.6479   LearningRate 0.000983   Epoch: 3   Global Step: 4830   Fp16 Grad Scale: 131072   Required: 180 hours
Training: 2025-04-09 02:18:55,102-Speed 83.72 samples/sec   Loss 0.6269   LearningRate 0.000983   Epoch: 3   Global Step: 4840   Fp16 Grad Scale: 131072   Required: 180 hours
Training: 2025-04-09 02:19:10,701-Speed 82.06 samples/sec   Loss 0.6374   LearningRate 0.000983   Epoch: 3   Global Step: 4850   Fp16 Grad Scale: 131072   Required: 180 hours
Training: 2025-04-09 02:19:26,261-Speed 82.26 samples/sec   Loss 0.5954   LearningRate 0.000983   Epoch: 3   Global Step: 4860   Fp16 Grad Scale: 131072   Required: 180 hours
Training: 2025-04-09 02:19:42,009-Speed 81.28 samples/sec   Loss 0.5952   LearningRate 0.000983   Epoch: 3   Global Step: 4870   Fp16 Grad Scale: 131072   Required: 180 hours
Training: 2025-04-09 02:19:57,557-Speed 82.33 samples/sec   Loss 0.5700   LearningRate 0.000983   Epoch: 3   Global Step: 4880   Fp16 Grad Scale: 131072   Required: 179 hours
Training: 2025-04-09 02:20:13,077-Speed 82.48 samples/sec   Loss 0.5102   LearningRate 0.000983   Epoch: 3   Global Step: 4890   Fp16 Grad Scale: 262144   Required: 179 hours
Training: 2025-04-09 02:20:28,624-Speed 82.33 samples/sec   Loss 0.5183   LearningRate 0.000983   Epoch: 3   Global Step: 4900   Fp16 Grad Scale: 262144   Required: 179 hours
Training: 2025-04-09 02:20:44,028-Speed 83.10 samples/sec   Loss 0.5543   LearningRate 0.000983   Epoch: 3   Global Step: 4910   Fp16 Grad Scale: 262144   Required: 179 hours
Training: 2025-04-09 02:20:59,376-Speed 83.41 samples/sec   Loss 0.6115   LearningRate 0.000983   Epoch: 3   Global Step: 4920   Fp16 Grad Scale: 262144   Required: 179 hours
Training: 2025-04-09 02:21:14,751-Speed 83.26 samples/sec   Loss 0.5286   LearningRate 0.000983   Epoch: 3   Global Step: 4930   Fp16 Grad Scale: 262144   Required: 179 hours
Training: 2025-04-09 02:21:30,273-Speed 82.46 samples/sec   Loss 0.7271   LearningRate 0.000983   Epoch: 3   Global Step: 4940   Fp16 Grad Scale: 131072   Required: 179 hours
Training: 2025-04-09 02:21:45,749-Speed 82.71 samples/sec   Loss 0.8014   LearningRate 0.000983   Epoch: 3   Global Step: 4950   Fp16 Grad Scale: 131072   Required: 179 hours
Training: 2025-04-09 02:22:01,324-Speed 82.19 samples/sec   Loss 0.5594   LearningRate 0.000983   Epoch: 3   Global Step: 4960   Fp16 Grad Scale: 131072   Required: 178 hours
Training: 2025-04-09 02:22:16,558-Speed 84.02 samples/sec   Loss 0.7541   LearningRate 0.000983   Epoch: 3   Global Step: 4970   Fp16 Grad Scale: 131072   Required: 178 hours
Training: 2025-04-09 02:22:31,888-Speed 83.50 samples/sec   Loss 0.7414   LearningRate 0.000983   Epoch: 3   Global Step: 4980   Fp16 Grad Scale: 131072   Required: 178 hours
Training: 2025-04-09 02:22:47,206-Speed 83.57 samples/sec   Loss 0.6556   LearningRate 0.000983   Epoch: 3   Global Step: 4990   Fp16 Grad Scale: 131072   Required: 178 hours
Training: 2025-04-09 02:23:02,333-Speed 84.62 samples/sec   Loss 0.5346   LearningRate 0.000982   Epoch: 3   Global Step: 5000   Fp16 Grad Scale: 131072   Required: 178 hours
Training: 2025-04-09 02:23:17,540-Speed 84.17 samples/sec   Loss 0.5049   LearningRate 0.000982   Epoch: 3   Global Step: 5010   Fp16 Grad Scale: 131072   Required: 178 hours
Training: 2025-04-09 02:23:32,850-Speed 83.61 samples/sec   Loss 0.6510   LearningRate 0.000982   Epoch: 3   Global Step: 5020   Fp16 Grad Scale: 131072   Required: 178 hours
Training: 2025-04-09 02:23:49,895-Speed 75.10 samples/sec   Loss 0.7263   LearningRate 0.000982   Epoch: 3   Global Step: 5030   Fp16 Grad Scale: 131072   Required: 178 hours
Training: 2025-04-09 02:24:05,120-Speed 84.07 samples/sec   Loss 0.6903   LearningRate 0.000982   Epoch: 3   Global Step: 5040   Fp16 Grad Scale: 131072   Required: 177 hours
Training: 2025-04-09 02:24:20,427-Speed 83.63 samples/sec   Loss 0.6519   LearningRate 0.000982   Epoch: 3   Global Step: 5050   Fp16 Grad Scale: 131072   Required: 177 hours
Training: 2025-04-09 02:24:35,666-Speed 84.00 samples/sec   Loss 0.5173   LearningRate 0.000982   Epoch: 3   Global Step: 5060   Fp16 Grad Scale: 131072   Required: 177 hours
Training: 2025-04-09 02:24:51,317-Speed 81.79 samples/sec   Loss 0.5955   LearningRate 0.000982   Epoch: 3   Global Step: 5070   Fp16 Grad Scale: 131072   Required: 177 hours
Training: 2025-04-09 02:25:06,900-Speed 82.14 samples/sec   Loss 0.6036   LearningRate 0.000982   Epoch: 3   Global Step: 5080   Fp16 Grad Scale: 131072   Required: 177 hours
Training: 2025-04-09 02:25:22,198-Speed 83.67 samples/sec   Loss 0.7754   LearningRate 0.000982   Epoch: 3   Global Step: 5090   Fp16 Grad Scale: 131072   Required: 177 hours
Training: 2025-04-09 02:25:37,504-Speed 83.63 samples/sec   Loss 0.8271   LearningRate 0.000982   Epoch: 3   Global Step: 5100   Fp16 Grad Scale: 131072   Required: 177 hours
Training: 2025-04-09 02:25:52,703-Speed 84.22 samples/sec   Loss 0.6312   LearningRate 0.000982   Epoch: 3   Global Step: 5110   Fp16 Grad Scale: 131072   Required: 177 hours
Training: 2025-04-09 02:26:07,976-Speed 83.81 samples/sec   Loss 0.6810   LearningRate 0.000982   Epoch: 3   Global Step: 5120   Fp16 Grad Scale: 131072   Required: 176 hours
Training: 2025-04-09 02:26:24,590-Speed 77.05 samples/sec   Loss 0.6484   LearningRate 0.000982   Epoch: 3   Global Step: 5130   Fp16 Grad Scale: 131072   Required: 176 hours
Training: 2025-04-09 02:26:42,748-Speed 70.50 samples/sec   Loss 0.6784   LearningRate 0.000982   Epoch: 3   Global Step: 5140   Fp16 Grad Scale: 262144   Required: 176 hours
Training: 2025-04-09 02:27:00,832-Speed 70.78 samples/sec   Loss 0.6557   LearningRate 0.000982   Epoch: 3   Global Step: 5150   Fp16 Grad Scale: 262144   Required: 176 hours
Training: 2025-04-09 02:27:16,920-Speed 79.56 samples/sec   Loss 0.7713   LearningRate 0.000982   Epoch: 3   Global Step: 5160   Fp16 Grad Scale: 131072   Required: 176 hours
Training: 2025-04-09 02:27:32,214-Speed 83.70 samples/sec   Loss 0.5417   LearningRate 0.000982   Epoch: 3   Global Step: 5170   Fp16 Grad Scale: 131072   Required: 176 hours
Training: 2025-04-09 02:27:47,528-Speed 83.59 samples/sec   Loss 0.4952   LearningRate 0.000982   Epoch: 3   Global Step: 5180   Fp16 Grad Scale: 131072   Required: 176 hours
Training: 2025-04-09 02:28:02,873-Speed 83.42 samples/sec   Loss 0.5825   LearningRate 0.000982   Epoch: 3   Global Step: 5190   Fp16 Grad Scale: 131072   Required: 176 hours
Training: 2025-04-09 02:28:18,547-Speed 81.67 samples/sec   Loss 0.7568   LearningRate 0.000982   Epoch: 3   Global Step: 5200   Fp16 Grad Scale: 131072   Required: 176 hours
Training: 2025-04-09 02:28:34,483-Speed 80.32 samples/sec   Loss 0.6318   LearningRate 0.000982   Epoch: 3   Global Step: 5210   Fp16 Grad Scale: 131072   Required: 176 hours
Training: 2025-04-09 02:28:51,746-Speed 74.15 samples/sec   Loss 0.8020   LearningRate 0.000982   Epoch: 3   Global Step: 5220   Fp16 Grad Scale: 131072   Required: 175 hours
Training: 2025-04-09 02:29:07,008-Speed 83.87 samples/sec   Loss 0.5878   LearningRate 0.000982   Epoch: 3   Global Step: 5230   Fp16 Grad Scale: 131072   Required: 175 hours
Training: 2025-04-09 02:29:22,728-Speed 81.43 samples/sec   Loss 0.6344   LearningRate 0.000982   Epoch: 3   Global Step: 5240   Fp16 Grad Scale: 131072   Required: 175 hours
Training: 2025-04-09 02:29:38,085-Speed 83.35 samples/sec   Loss 0.6788   LearningRate 0.000982   Epoch: 3   Global Step: 5250   Fp16 Grad Scale: 131072   Required: 175 hours
Training: 2025-04-09 02:29:53,345-Speed 83.88 samples/sec   Loss 0.7625   LearningRate 0.000982   Epoch: 3   Global Step: 5260   Fp16 Grad Scale: 262144   Required: 175 hours
Training: 2025-04-09 02:30:08,614-Speed 83.83 samples/sec   Loss 0.7126   LearningRate 0.000982   Epoch: 3   Global Step: 5270   Fp16 Grad Scale: 131072   Required: 175 hours
Training: 2025-04-09 02:30:23,724-Speed 84.72 samples/sec   Loss 0.6787   LearningRate 0.000981   Epoch: 3   Global Step: 5280   Fp16 Grad Scale: 131072   Required: 175 hours
Training: 2025-04-09 02:30:39,159-Speed 82.93 samples/sec   Loss 0.7042   LearningRate 0.000981   Epoch: 3   Global Step: 5290   Fp16 Grad Scale: 131072   Required: 175 hours
Training: 2025-04-09 02:30:54,335-Speed 84.35 samples/sec   Loss 0.7989   LearningRate 0.000981   Epoch: 3   Global Step: 5300   Fp16 Grad Scale: 131072   Required: 175 hours
Training: 2025-04-09 02:31:09,504-Speed 84.39 samples/sec   Loss 0.8257   LearningRate 0.000981   Epoch: 3   Global Step: 5310   Fp16 Grad Scale: 131072   Required: 174 hours
Training: 2025-04-09 02:31:24,737-Speed 84.03 samples/sec   Loss 0.5588   LearningRate 0.000981   Epoch: 3   Global Step: 5320   Fp16 Grad Scale: 131072   Required: 174 hours
Training: 2025-04-09 02:31:40,375-Speed 81.86 samples/sec   Loss 0.8003   LearningRate 0.000981   Epoch: 3   Global Step: 5330   Fp16 Grad Scale: 131072   Required: 174 hours
Training: 2025-04-09 02:31:55,634-Speed 83.89 samples/sec   Loss 0.5862   LearningRate 0.000981   Epoch: 3   Global Step: 5340   Fp16 Grad Scale: 131072   Required: 174 hours
Training: 2025-04-09 02:32:10,769-Speed 84.58 samples/sec   Loss 0.5755   LearningRate 0.000981   Epoch: 3   Global Step: 5350   Fp16 Grad Scale: 131072   Required: 174 hours
Training: 2025-04-09 02:32:25,937-Speed 84.39 samples/sec   Loss 0.6898   LearningRate 0.000981   Epoch: 3   Global Step: 5360   Fp16 Grad Scale: 131072   Required: 174 hours
Training: 2025-04-09 02:32:41,429-Speed 82.63 samples/sec   Loss 0.7893   LearningRate 0.000981   Epoch: 3   Global Step: 5370   Fp16 Grad Scale: 131072   Required: 174 hours
Training: 2025-04-09 02:32:56,726-Speed 83.68 samples/sec   Loss 0.6304   LearningRate 0.000981   Epoch: 3   Global Step: 5380   Fp16 Grad Scale: 131072   Required: 174 hours
Training: 2025-04-09 02:33:12,107-Speed 83.22 samples/sec   Loss 0.7463   LearningRate 0.000981   Epoch: 3   Global Step: 5390   Fp16 Grad Scale: 131072   Required: 174 hours
Training: 2025-04-09 02:33:27,509-Speed 83.11 samples/sec   Loss 0.6480   LearningRate 0.000981   Epoch: 3   Global Step: 5400   Fp16 Grad Scale: 131072   Required: 173 hours
Training: 2025-04-09 02:33:42,778-Speed 83.83 samples/sec   Loss 0.5618   LearningRate 0.000981   Epoch: 3   Global Step: 5410   Fp16 Grad Scale: 131072   Required: 173 hours
Training: 2025-04-09 02:33:59,698-Speed 75.65 samples/sec   Loss 0.7214   LearningRate 0.000981   Epoch: 3   Global Step: 5420   Fp16 Grad Scale: 131072   Required: 173 hours
Training: 2025-04-09 02:34:15,086-Speed 83.19 samples/sec   Loss 0.5761   LearningRate 0.000981   Epoch: 3   Global Step: 5430   Fp16 Grad Scale: 131072   Required: 173 hours
Training: 2025-04-09 02:34:31,728-Speed 76.91 samples/sec   Loss 0.5578   LearningRate 0.000981   Epoch: 3   Global Step: 5440   Fp16 Grad Scale: 131072   Required: 173 hours
Training: 2025-04-09 02:34:47,607-Speed 80.62 samples/sec   Loss 0.4796   LearningRate 0.000981   Epoch: 3   Global Step: 5450   Fp16 Grad Scale: 131072   Required: 173 hours
Training: 2025-04-09 02:35:03,070-Speed 82.78 samples/sec   Loss 0.5071   LearningRate 0.000981   Epoch: 3   Global Step: 5460   Fp16 Grad Scale: 131072   Required: 173 hours
Training: 2025-04-09 02:35:18,498-Speed 82.97 samples/sec   Loss 0.4981   LearningRate 0.000981   Epoch: 3   Global Step: 5470   Fp16 Grad Scale: 262144   Required: 173 hours
Training: 2025-04-09 02:35:33,902-Speed 83.10 samples/sec   Loss 0.4632   LearningRate 0.000981   Epoch: 3   Global Step: 5480   Fp16 Grad Scale: 262144   Required: 173 hours
Training: 2025-04-09 02:35:49,319-Speed 83.02 samples/sec   Loss 0.5703   LearningRate 0.000981   Epoch: 3   Global Step: 5490   Fp16 Grad Scale: 131072   Required: 173 hours
Training: 2025-04-09 02:36:04,911-Speed 82.10 samples/sec   Loss 0.5881   LearningRate 0.000981   Epoch: 3   Global Step: 5500   Fp16 Grad Scale: 131072   Required: 172 hours
Training: 2025-04-09 02:36:20,196-Speed 83.74 samples/sec   Loss 0.7962   LearningRate 0.000981   Epoch: 3   Global Step: 5510   Fp16 Grad Scale: 131072   Required: 172 hours
Training: 2025-04-09 02:36:35,416-Speed 84.11 samples/sec   Loss 0.7066   LearningRate 0.000981   Epoch: 3   Global Step: 5520   Fp16 Grad Scale: 131072   Required: 172 hours
Training: 2025-04-09 02:36:50,644-Speed 84.06 samples/sec   Loss 0.6880   LearningRate 0.000981   Epoch: 3   Global Step: 5530   Fp16 Grad Scale: 131072   Required: 172 hours
Training: 2025-04-09 02:37:05,932-Speed 83.73 samples/sec   Loss 0.7210   LearningRate 0.000981   Epoch: 3   Global Step: 5540   Fp16 Grad Scale: 131072   Required: 172 hours
Training: 2025-04-09 02:37:21,367-Speed 82.93 samples/sec   Loss 0.6535   LearningRate 0.000981   Epoch: 3   Global Step: 5550   Fp16 Grad Scale: 131072   Required: 172 hours
Training: 2025-04-09 02:37:36,622-Speed 83.91 samples/sec   Loss 0.4807   LearningRate 0.000981   Epoch: 3   Global Step: 5560   Fp16 Grad Scale: 131072   Required: 172 hours
Training: 2025-04-09 02:37:51,786-Speed 84.41 samples/sec   Loss 0.7232   LearningRate 0.000980   Epoch: 3   Global Step: 5570   Fp16 Grad Scale: 131072   Required: 172 hours
Training: 2025-04-09 02:38:07,067-Speed 83.77 samples/sec   Loss 0.4690   LearningRate 0.000980   Epoch: 3   Global Step: 5580   Fp16 Grad Scale: 131072   Required: 172 hours
Training: 2025-04-09 02:38:22,389-Speed 83.54 samples/sec   Loss 0.5439   LearningRate 0.000980   Epoch: 3   Global Step: 5590   Fp16 Grad Scale: 262144   Required: 172 hours
Training: 2025-04-09 02:38:37,595-Speed 84.18 samples/sec   Loss 0.5575   LearningRate 0.000980   Epoch: 3   Global Step: 5600   Fp16 Grad Scale: 262144   Required: 171 hours
Training: 2025-04-09 02:38:55,258-Speed 72.47 samples/sec   Loss 0.8202   LearningRate 0.000980   Epoch: 3   Global Step: 5610   Fp16 Grad Scale: 262144   Required: 171 hours
Training: 2025-04-09 02:39:10,848-Speed 82.11 samples/sec   Loss 0.7354   LearningRate 0.000980   Epoch: 3   Global Step: 5620   Fp16 Grad Scale: 262144   Required: 171 hours
Training: 2025-04-09 02:39:26,295-Speed 82.87 samples/sec   Loss 0.5221   LearningRate 0.000980   Epoch: 3   Global Step: 5630   Fp16 Grad Scale: 262144   Required: 171 hours
Training: 2025-04-09 02:39:41,674-Speed 83.23 samples/sec   Loss 0.5652   LearningRate 0.000980   Epoch: 3   Global Step: 5640   Fp16 Grad Scale: 131072   Required: 171 hours
Training: 2025-04-09 02:39:56,861-Speed 84.29 samples/sec   Loss 0.7001   LearningRate 0.000980   Epoch: 3   Global Step: 5650   Fp16 Grad Scale: 131072   Required: 171 hours
Training: 2025-04-09 02:40:11,909-Speed 85.06 samples/sec   Loss 0.5087   LearningRate 0.000980   Epoch: 3   Global Step: 5660   Fp16 Grad Scale: 131072   Required: 171 hours
Training: 2025-04-09 02:40:27,321-Speed 83.05 samples/sec   Loss 0.5920   LearningRate 0.000980   Epoch: 3   Global Step: 5670   Fp16 Grad Scale: 131072   Required: 171 hours
Training: 2025-04-09 02:40:42,662-Speed 83.44 samples/sec   Loss 0.6572   LearningRate 0.000980   Epoch: 3   Global Step: 5680   Fp16 Grad Scale: 131072   Required: 171 hours
Training: 2025-04-09 02:40:57,862-Speed 84.21 samples/sec   Loss 0.6423   LearningRate 0.000980   Epoch: 3   Global Step: 5690   Fp16 Grad Scale: 131072   Required: 171 hours
Training: 2025-04-09 02:41:13,175-Speed 83.59 samples/sec   Loss 0.6197   LearningRate 0.000980   Epoch: 3   Global Step: 5700   Fp16 Grad Scale: 131072   Required: 171 hours
Training: 2025-04-09 02:41:34,092-Speed 61.20 samples/sec   Loss 0.5767   LearningRate 0.000980   Epoch: 4   Global Step: 5710   Fp16 Grad Scale: 131072   Required: 170 hours
Training: 2025-04-09 02:41:49,475-Speed 83.21 samples/sec   Loss 0.4976   LearningRate 0.000980   Epoch: 4   Global Step: 5720   Fp16 Grad Scale: 131072   Required: 170 hours
Training: 2025-04-09 02:42:04,687-Speed 84.14 samples/sec   Loss 0.3713   LearningRate 0.000980   Epoch: 4   Global Step: 5730   Fp16 Grad Scale: 131072   Required: 170 hours
Training: 2025-04-09 02:42:19,872-Speed 84.30 samples/sec   Loss 0.4262   LearningRate 0.000980   Epoch: 4   Global Step: 5740   Fp16 Grad Scale: 262144   Required: 170 hours
Training: 2025-04-09 02:42:35,012-Speed 84.55 samples/sec   Loss 0.3841   LearningRate 0.000980   Epoch: 4   Global Step: 5750   Fp16 Grad Scale: 262144   Required: 170 hours
Training: 2025-04-09 02:42:50,482-Speed 82.74 samples/sec   Loss 0.3643   LearningRate 0.000980   Epoch: 4   Global Step: 5760   Fp16 Grad Scale: 262144   Required: 170 hours
Training: 2025-04-09 02:43:05,796-Speed 83.58 samples/sec   Loss 0.4479   LearningRate 0.000980   Epoch: 4   Global Step: 5770   Fp16 Grad Scale: 262144   Required: 170 hours
Training: 2025-04-09 02:43:21,012-Speed 84.13 samples/sec   Loss 0.4035   LearningRate 0.000980   Epoch: 4   Global Step: 5780   Fp16 Grad Scale: 131072   Required: 170 hours
Training: 2025-04-09 02:43:36,191-Speed 84.33 samples/sec   Loss 0.3738   LearningRate 0.000980   Epoch: 4   Global Step: 5790   Fp16 Grad Scale: 131072   Required: 170 hours
Training: 2025-04-09 02:43:51,485-Speed 83.70 samples/sec   Loss 0.3258   LearningRate 0.000980   Epoch: 4   Global Step: 5800   Fp16 Grad Scale: 131072   Required: 170 hours
Training: 2025-04-09 02:44:08,602-Speed 74.78 samples/sec   Loss 0.3500   LearningRate 0.000980   Epoch: 4   Global Step: 5810   Fp16 Grad Scale: 131072   Required: 170 hours
Training: 2025-04-09 02:44:24,242-Speed 81.84 samples/sec   Loss 0.3842   LearningRate 0.000980   Epoch: 4   Global Step: 5820   Fp16 Grad Scale: 131072   Required: 169 hours
Training: 2025-04-09 02:44:39,406-Speed 84.41 samples/sec   Loss 0.3553   LearningRate 0.000980   Epoch: 4   Global Step: 5830   Fp16 Grad Scale: 131072   Required: 169 hours
Training: 2025-04-09 02:44:54,727-Speed 83.55 samples/sec   Loss 0.4113   LearningRate 0.000980   Epoch: 4   Global Step: 5840   Fp16 Grad Scale: 131072   Required: 169 hours
Training: 2025-04-09 02:45:10,244-Speed 82.49 samples/sec   Loss 0.4622   LearningRate 0.000979   Epoch: 4   Global Step: 5850   Fp16 Grad Scale: 131072   Required: 169 hours
Training: 2025-04-09 02:45:25,505-Speed 83.88 samples/sec   Loss 0.2962   LearningRate 0.000979   Epoch: 4   Global Step: 5860   Fp16 Grad Scale: 131072   Required: 169 hours
Training: 2025-04-09 02:45:40,735-Speed 84.05 samples/sec   Loss 0.3510   LearningRate 0.000979   Epoch: 4   Global Step: 5870   Fp16 Grad Scale: 131072   Required: 169 hours
Training: 2025-04-09 02:45:55,920-Speed 84.30 samples/sec   Loss 0.3859   LearningRate 0.000979   Epoch: 4   Global Step: 5880   Fp16 Grad Scale: 262144   Required: 169 hours
Training: 2025-04-09 02:46:11,290-Speed 83.28 samples/sec   Loss 0.3715   LearningRate 0.000979   Epoch: 4   Global Step: 5890   Fp16 Grad Scale: 262144   Required: 169 hours
Training: 2025-04-09 02:46:26,409-Speed 84.66 samples/sec   Loss 0.4061   LearningRate 0.000979   Epoch: 4   Global Step: 5900   Fp16 Grad Scale: 262144   Required: 169 hours
Training: 2025-04-09 02:46:41,741-Speed 83.49 samples/sec   Loss 0.4277   LearningRate 0.000979   Epoch: 4   Global Step: 5910   Fp16 Grad Scale: 262144   Required: 169 hours
Training: 2025-04-09 02:46:56,984-Speed 83.98 samples/sec   Loss 0.3612   LearningRate 0.000979   Epoch: 4   Global Step: 5920   Fp16 Grad Scale: 131072   Required: 169 hours
Training: 2025-04-09 02:47:12,281-Speed 83.68 samples/sec   Loss 0.4477   LearningRate 0.000979   Epoch: 4   Global Step: 5930   Fp16 Grad Scale: 131072   Required: 168 hours
Training: 2025-04-09 02:47:27,497-Speed 84.13 samples/sec   Loss 0.4060   LearningRate 0.000979   Epoch: 4   Global Step: 5940   Fp16 Grad Scale: 131072   Required: 168 hours
Training: 2025-04-09 02:47:42,773-Speed 83.79 samples/sec   Loss 0.3940   LearningRate 0.000979   Epoch: 4   Global Step: 5950   Fp16 Grad Scale: 131072   Required: 168 hours
Training: 2025-04-09 02:47:58,264-Speed 82.63 samples/sec   Loss 0.3693   LearningRate 0.000979   Epoch: 4   Global Step: 5960   Fp16 Grad Scale: 131072   Required: 168 hours
Training: 2025-04-09 02:48:13,752-Speed 82.65 samples/sec   Loss 0.4006   LearningRate 0.000979   Epoch: 4   Global Step: 5970   Fp16 Grad Scale: 131072   Required: 168 hours
Training: 2025-04-09 02:48:29,292-Speed 82.37 samples/sec   Loss 0.4714   LearningRate 0.000979   Epoch: 4   Global Step: 5980   Fp16 Grad Scale: 131072   Required: 168 hours
Training: 2025-04-09 02:48:44,922-Speed 81.90 samples/sec   Loss 0.4858   LearningRate 0.000979   Epoch: 4   Global Step: 5990   Fp16 Grad Scale: 131072   Required: 168 hours
Training: 2025-04-09 02:49:01,652-Speed 76.51 samples/sec   Loss 0.4853   LearningRate 0.000979   Epoch: 4   Global Step: 6000   Fp16 Grad Scale: 131072   Required: 168 hours
Batch 0: torch.Size([128, 3, 64, 512])
batch.shape: torch.Size([128, 3, 64, 512])
batch.min(): -1.0
batch.max(): 1.0
batch.device: cuda:0
net_out.shape: torch.Size([128, 512])
num_nans: 0
num_non_nans: 65536
Batch 1: torch.Size([128, 3, 64, 512])
batch.shape: torch.Size([128, 3, 64, 512])
batch.min(): -1.0
batch.max(): 1.0
batch.device: cuda:0
net_out.shape: torch.Size([128, 512])
num_nans: 0
num_non_nans: 65536
Batch 2: torch.Size([128, 3, 64, 512])
batch.shape: torch.Size([128, 3, 64, 512])
batch.min(): -1.0
batch.max(): 1.0
batch.device: cuda:0
net_out.shape: torch.Size([128, 512])
num_nans: 0
num_non_nans: 65536
Batch 3: torch.Size([128, 3, 64, 512])
batch.shape: torch.Size([128, 3, 64, 512])
batch.min(): -1.0
batch.max(): 1.0
batch.device: cuda:0
net_out.shape: torch.Size([128, 512])
num_nans: 0
num_non_nans: 65536
Batch 4: torch.Size([128, 3, 64, 512])
batch.shape: torch.Size([128, 3, 64, 512])
batch.min(): -1.0
batch.max(): 1.0
batch.device: cuda:0
net_out.shape: torch.Size([128, 512])
num_nans: 0
num_non_nans: 65536
Batch 5: torch.Size([128, 3, 64, 512])
batch.shape: torch.Size([128, 3, 64, 512])
batch.min(): -1.0
batch.max(): 1.0
batch.device: cuda:0
net_out.shape: torch.Size([128, 512])
num_nans: 0
num_non_nans: 65536
Batch 6: torch.Size([128, 3, 64, 512])
batch.shape: torch.Size([128, 3, 64, 512])
batch.min(): -1.0
batch.max(): 1.0
batch.device: cuda:0
net_out.shape: torch.Size([128, 512])
num_nans: 0
num_non_nans: 65536
Batch 7: torch.Size([128, 3, 64, 512])
batch.shape: torch.Size([128, 3, 64, 512])
batch.min(): -1.0
batch.max(): 1.0
batch.device: cuda:0
net_out.shape: torch.Size([128, 512])
num_nans: 0
num_non_nans: 65536
Batch 8: torch.Size([128, 3, 64, 512])
batch.shape: torch.Size([128, 3, 64, 512])
batch.min(): -1.0
batch.max(): 1.0
batch.device: cuda:0
net_out.shape: torch.Size([128, 512])
num_nans: 0
num_non_nans: 65536
Batch 9: torch.Size([128, 3, 64, 512])
batch.shape: torch.Size([128, 3, 64, 512])
batch.min(): -1.0
batch.max(): 1.0
batch.device: cuda:0
net_out.shape: torch.Size([128, 512])
num_nans: 0
num_non_nans: 65536
Batch 10: torch.Size([128, 3, 64, 512])
batch.shape: torch.Size([128, 3, 64, 512])
batch.min(): -1.0
batch.max(): 1.0
batch.device: cuda:0
net_out.shape: torch.Size([128, 512])
num_nans: 0
num_non_nans: 65536
Batch 11: torch.Size([128, 3, 64, 512])
batch.shape: torch.Size([128, 3, 64, 512])
batch.min(): -1.0
batch.max(): 1.0
batch.device: cuda:0
net_out.shape: torch.Size([128, 512])
num_nans: 0
num_non_nans: 65536
Batch 12: torch.Size([128, 3, 64, 512])
batch.shape: torch.Size([128, 3, 64, 512])
batch.min(): -1.0
batch.max(): 1.0
batch.device: cuda:0
net_out.shape: torch.Size([128, 512])
num_nans: 0
num_non_nans: 65536
Batch 13: torch.Size([128, 3, 64, 512])
batch.shape: torch.Size([128, 3, 64, 512])
batch.min(): -1.0
batch.max(): 1.0
batch.device: cuda:0
net_out.shape: torch.Size([128, 512])
num_nans: 0
num_non_nans: 65536
Batch 14: torch.Size([128, 3, 64, 512])
batch.shape: torch.Size([128, 3, 64, 512])
batch.min(): -1.0
batch.max(): 1.0
batch.device: cuda:0
net_out.shape: torch.Size([128, 512])
num_nans: 0
num_non_nans: 65536
Batch 15: torch.Size([128, 3, 64, 512])
batch.shape: torch.Size([128, 3, 64, 512])
batch.min(): -1.0
batch.max(): 1.0
batch.device: cuda:0
net_out.shape: torch.Size([128, 512])
num_nans: 0
num_non_nans: 65536
Batch 16: torch.Size([128, 3, 64, 512])
batch.shape: torch.Size([128, 3, 64, 512])
batch.min(): -1.0
batch.max(): 1.0
batch.device: cuda:0
net_out.shape: torch.Size([128, 512])
num_nans: 0
num_non_nans: 65536
Batch 17: torch.Size([128, 3, 64, 512])
batch.shape: torch.Size([128, 3, 64, 512])
batch.min(): -1.0
batch.max(): 1.0
batch.device: cuda:0
net_out.shape: torch.Size([128, 512])
num_nans: 0
num_non_nans: 65536
Batch 18: torch.Size([128, 3, 64, 512])
batch.shape: torch.Size([128, 3, 64, 512])
batch.min(): -1.0
batch.max(): 1.0
batch.device: cuda:0
net_out.shape: torch.Size([128, 512])
num_nans: 0
num_non_nans: 65536
Batch 19: torch.Size([128, 3, 64, 512])
batch.shape: torch.Size([128, 3, 64, 512])
batch.min(): -1.0
batch.max(): 1.0
batch.device: cuda:0
net_out.shape: torch.Size([128, 512])
num_nans: 0
num_non_nans: 65536
Batch 20: torch.Size([128, 3, 64, 512])
batch.shape: torch.Size([128, 3, 64, 512])
batch.min(): -1.0
batch.max(): 1.0
batch.device: cuda:0
net_out.shape: torch.Size([128, 512])
num_nans: 0
num_non_nans: 65536
Batch 21: torch.Size([128, 3, 64, 512])
batch.shape: torch.Size([128, 3, 64, 512])
batch.min(): -1.0
batch.max(): 1.0
batch.device: cuda:0
net_out.shape: torch.Size([128, 512])
num_nans: 0
num_non_nans: 65536
Batch 22: torch.Size([128, 3, 64, 512])
batch.shape: torch.Size([128, 3, 64, 512])
batch.min(): -1.0
batch.max(): 1.0
batch.device: cuda:0
net_out.shape: torch.Size([128, 512])
num_nans: 0
num_non_nans: 65536
Batch 23: torch.Size([128, 3, 64, 512])
batch.shape: torch.Size([128, 3, 64, 512])
batch.min(): -1.0
batch.max(): 1.0
batch.device: cuda:0
net_out.shape: torch.Size([128, 512])
num_nans: 0
num_non_nans: 65536
Batch 24: torch.Size([128, 3, 64, 512])
batch.shape: torch.Size([128, 3, 64, 512])
batch.min(): -1.0
batch.max(): 1.0
batch.device: cuda:0
net_out.shape: torch.Size([128, 512])
num_nans: 0
num_non_nans: 65536
Batch 25: torch.Size([128, 3, 64, 512])
batch.shape: torch.Size([128, 3, 64, 512])
batch.min(): -1.0
batch.max(): 1.0
batch.device: cuda:0
net_out.shape: torch.Size([128, 512])
num_nans: 0
num_non_nans: 65536
Batch 26: torch.Size([128, 3, 64, 512])
batch.shape: torch.Size([128, 3, 64, 512])
batch.min(): -1.0
batch.max(): 1.0
batch.device: cuda:0
net_out.shape: torch.Size([128, 512])
num_nans: 0
num_non_nans: 65536
Batch 27: torch.Size([128, 3, 64, 512])
batch.shape: torch.Size([128, 3, 64, 512])
batch.min(): -1.0
batch.max(): 1.0
batch.device: cuda:0
net_out.shape: torch.Size([128, 512])
num_nans: 0
num_non_nans: 65536
Batch 28: torch.Size([128, 3, 64, 512])
batch.shape: torch.Size([128, 3, 64, 512])
batch.min(): -1.0
batch.max(): 1.0
batch.device: cuda:0
net_out.shape: torch.Size([128, 512])
num_nans: 0
num_non_nans: 65536
Batch 29: torch.Size([128, 3, 64, 512])
batch.shape: torch.Size([128, 3, 64, 512])
batch.min(): -1.0
batch.max(): 1.0
batch.device: cuda:0
net_out.shape: torch.Size([128, 512])
num_nans: 0
num_non_nans: 65536
Batch 30: torch.Size([128, 3, 64, 512])
batch.shape: torch.Size([128, 3, 64, 512])
batch.min(): -1.0
batch.max(): 1.0
batch.device: cuda:0
net_out.shape: torch.Size([128, 512])
num_nans: 0
num_non_nans: 65536
Batch 31: torch.Size([128, 3, 64, 512])
batch.shape: torch.Size([128, 3, 64, 512])
batch.min(): -1.0
batch.max(): 1.0
batch.device: cuda:0
net_out.shape: torch.Size([128, 512])
num_nans: 0
num_non_nans: 65536
Batch 32: torch.Size([128, 3, 64, 512])
batch.shape: torch.Size([128, 3, 64, 512])
batch.min(): -1.0
batch.max(): 1.0
batch.device: cuda:0
net_out.shape: torch.Size([128, 512])
num_nans: 0
num_non_nans: 65536
Batch 33: torch.Size([128, 3, 64, 512])
batch.shape: torch.Size([128, 3, 64, 512])
batch.min(): -1.0
batch.max(): 1.0
batch.device: cuda:0
net_out.shape: torch.Size([128, 512])
num_nans: 0
num_non_nans: 65536
Batch 34: torch.Size([128, 3, 64, 512])
batch.shape: torch.Size([128, 3, 64, 512])
batch.min(): -1.0
batch.max(): 1.0
batch.device: cuda:0
net_out.shape: torch.Size([128, 512])
num_nans: 0
num_non_nans: 65536
Batch 35: torch.Size([128, 3, 64, 512])
batch.shape: torch.Size([128, 3, 64, 512])
batch.min(): -1.0
batch.max(): 1.0
batch.device: cuda:0
net_out.shape: torch.Size([128, 512])
num_nans: 0
num_non_nans: 65536
Batch 36: torch.Size([128, 3, 64, 512])
batch.shape: torch.Size([128, 3, 64, 512])
batch.min(): -1.0
batch.max(): 1.0
batch.device: cuda:0
net_out.shape: torch.Size([128, 512])
num_nans: 0
num_non_nans: 65536
Batch 37: torch.Size([128, 3, 64, 512])
batch.shape: torch.Size([128, 3, 64, 512])
batch.min(): -1.0
batch.max(): 1.0
batch.device: cuda:0
net_out.shape: torch.Size([128, 512])
num_nans: 0
num_non_nans: 65536
Batch 38: torch.Size([128, 3, 64, 512])
batch.shape: torch.Size([128, 3, 64, 512])
batch.min(): -1.0
batch.max(): 1.0
batch.device: cuda:0
net_out.shape: torch.Size([128, 512])
num_nans: 0
num_non_nans: 65536
Batch 39: torch.Size([128, 3, 64, 512])
batch.shape: torch.Size([128, 3, 64, 512])
batch.min(): -1.0
batch.max(): 1.0
batch.device: cuda:0
net_out.shape: torch.Size([128, 512])
num_nans: 0
num_non_nans: 65536
Batch 40: torch.Size([128, 3, 64, 512])
batch.shape: torch.Size([128, 3, 64, 512])
batch.min(): -1.0
batch.max(): 1.0
batch.device: cuda:0
net_out.shape: torch.Size([128, 512])
num_nans: 0
num_non_nans: 65536
Batch 41: torch.Size([128, 3, 64, 512])
batch.shape: torch.Size([128, 3, 64, 512])
batch.min(): -1.0
batch.max(): 1.0
batch.device: cuda:0
net_out.shape: torch.Size([128, 512])
num_nans: 0
num_non_nans: 65536
Batch 42: torch.Size([128, 3, 64, 512])
batch.shape: torch.Size([128, 3, 64, 512])
batch.min(): -1.0
batch.max(): 1.0
batch.device: cuda:0
net_out.shape: torch.Size([128, 512])
num_nans: 0
num_non_nans: 65536
Batch 43: torch.Size([128, 3, 64, 512])
batch.shape: torch.Size([128, 3, 64, 512])
batch.min(): -1.0
batch.max(): 1.0
batch.device: cuda:0
net_out.shape: torch.Size([128, 512])
num_nans: 0
num_non_nans: 65536
Batch 44: torch.Size([128, 3, 64, 512])
batch.shape: torch.Size([128, 3, 64, 512])
batch.min(): -1.0
batch.max(): 1.0
batch.device: cuda:0
net_out.shape: torch.Size([128, 512])
num_nans: 0
num_non_nans: 65536
Batch 45: torch.Size([128, 3, 64, 512])
batch.shape: torch.Size([128, 3, 64, 512])
batch.min(): -1.0
batch.max(): 1.0
batch.device: cuda:0
net_out.shape: torch.Size([128, 512])
num_nans: 0
num_non_nans: 65536
Batch 46: torch.Size([128, 3, 64, 512])
batch.shape: torch.Size([128, 3, 64, 512])
batch.min(): -1.0
batch.max(): 1.0
batch.device: cuda:0
net_out.shape: torch.Size([128, 512])
num_nans: 0
num_non_nans: 65536
Batch 47: torch.Size([128, 3, 64, 512])
batch.shape: torch.Size([128, 3, 64, 512])
batch.min(): -1.0
batch.max(): 1.0
batch.device: cuda:0
net_out.shape: torch.Size([128, 512])
num_nans: 0
num_non_nans: 65536
Batch 48: torch.Size([128, 3, 64, 512])
batch.shape: torch.Size([128, 3, 64, 512])
batch.min(): -1.0
batch.max(): 1.0
batch.device: cuda:0
net_out.shape: torch.Size([128, 512])
num_nans: 0
num_non_nans: 65536
Batch 49: torch.Size([128, 3, 64, 512])
batch.shape: torch.Size([128, 3, 64, 512])
batch.min(): -1.0
batch.max(): 1.0
batch.device: cuda:0
net_out.shape: torch.Size([128, 512])
num_nans: 0
num_non_nans: 65536
Batch 50: torch.Size([128, 3, 64, 512])
batch.shape: torch.Size([128, 3, 64, 512])
batch.min(): -1.0
batch.max(): 1.0
batch.device: cuda:0
net_out.shape: torch.Size([128, 512])
num_nans: 0
num_non_nans: 65536
Batch 51: torch.Size([128, 3, 64, 512])
batch.shape: torch.Size([128, 3, 64, 512])
batch.min(): -1.0
batch.max(): 1.0
batch.device: cuda:0
net_out.shape: torch.Size([128, 512])
num_nans: 0
num_non_nans: 65536
Batch 52: torch.Size([128, 3, 64, 512])
batch.shape: torch.Size([128, 3, 64, 512])
batch.min(): -1.0
batch.max(): 1.0
batch.device: cuda:0
net_out.shape: torch.Size([128, 512])
num_nans: 0
num_non_nans: 65536
Batch 53: torch.Size([128, 3, 64, 512])
batch.shape: torch.Size([128, 3, 64, 512])
batch.min(): -1.0
batch.max(): 1.0
batch.device: cuda:0
net_out.shape: torch.Size([128, 512])
num_nans: 0
num_non_nans: 65536
Batch 54: torch.Size([128, 3, 64, 512])
batch.shape: torch.Size([128, 3, 64, 512])
batch.min(): -1.0
batch.max(): 1.0
batch.device: cuda:0
net_out.shape: torch.Size([128, 512])
num_nans: 0
num_non_nans: 65536
Batch 55: torch.Size([128, 3, 64, 512])
batch.shape: torch.Size([128, 3, 64, 512])
batch.min(): -1.0
batch.max(): 1.0
batch.device: cuda:0
net_out.shape: torch.Size([128, 512])
num_nans: 0
num_non_nans: 65536
Batch 56: torch.Size([128, 3, 64, 512])
batch.shape: torch.Size([128, 3, 64, 512])
batch.min(): -1.0
batch.max(): 1.0
batch.device: cuda:0
net_out.shape: torch.Size([128, 512])
num_nans: 0
num_non_nans: 65536
Batch 57: torch.Size([128, 3, 64, 512])
batch.shape: torch.Size([128, 3, 64, 512])
batch.min(): -1.0
batch.max(): 1.0
batch.device: cuda:0
net_out.shape: torch.Size([128, 512])
num_nans: 0
num_non_nans: 65536
Batch 58: torch.Size([128, 3, 64, 512])
batch.shape: torch.Size([128, 3, 64, 512])
batch.min(): -1.0
batch.max(): 1.0
batch.device: cuda:0
net_out.shape: torch.Size([128, 512])
num_nans: 0
num_non_nans: 65536
Batch 59: torch.Size([128, 3, 64, 512])
batch.shape: torch.Size([128, 3, 64, 512])
batch.min(): -1.0
batch.max(): 1.0
batch.device: cuda:0
net_out.shape: torch.Size([128, 512])
num_nans: 0
num_non_nans: 65536
Batch 60: torch.Size([128, 3, 64, 512])
batch.shape: torch.Size([128, 3, 64, 512])
batch.min(): -1.0
batch.max(): 1.0
batch.device: cuda:0
net_out.shape: torch.Size([128, 512])
num_nans: 0
num_non_nans: 65536
Batch 61: torch.Size([128, 3, 64, 512])
batch.shape: torch.Size([128, 3, 64, 512])
batch.min(): -1.0
batch.max(): 1.0
batch.device: cuda:0
net_out.shape: torch.Size([128, 512])
num_nans: 0
num_non_nans: 65536
Batch 62: torch.Size([128, 3, 64, 512])
batch.shape: torch.Size([128, 3, 64, 512])
batch.min(): -1.0
batch.max(): 1.0
batch.device: cuda:0
net_out.shape: torch.Size([128, 512])
num_nans: 0
num_non_nans: 65536
Batch 63: torch.Size([128, 3, 64, 512])
batch.shape: torch.Size([128, 3, 64, 512])
batch.min(): -1.0
batch.max(): 1.0
batch.device: cuda:0
net_out.shape: torch.Size([128, 512])
num_nans: 0
num_non_nans: 65536
Training: 2025-04-09 02:50:14,096-[val][Global step: 6000] d prime: 6.93425178527832
Model saved with d prime score: 6.93425178527832
Training: 2025-04-09 02:50:30,596-Speed 14.39 samples/sec   Loss 0.3511   LearningRate 0.000979   Epoch: 4   Global Step: 6010   Fp16 Grad Scale: 131072   Required: 169 hours
Training: 2025-04-09 02:50:45,987-Speed 83.17 samples/sec   Loss 0.4235   LearningRate 0.000979   Epoch: 4   Global Step: 6020   Fp16 Grad Scale: 262144   Required: 169 hours
Training: 2025-04-09 02:51:01,284-Speed 83.68 samples/sec   Loss 0.3426   LearningRate 0.000979   Epoch: 4   Global Step: 6030   Fp16 Grad Scale: 262144   Required: 169 hours
Training: 2025-04-09 02:51:16,543-Speed 83.88 samples/sec   Loss 0.4168   LearningRate 0.000979   Epoch: 4   Global Step: 6040   Fp16 Grad Scale: 262144   Required: 168 hours
Training: 2025-04-09 02:51:31,906-Speed 83.32 samples/sec   Loss 0.3953   LearningRate 0.000979   Epoch: 4   Global Step: 6050   Fp16 Grad Scale: 262144   Required: 168 hours
Training: 2025-04-09 02:51:47,362-Speed 82.81 samples/sec   Loss 0.3811   LearningRate 0.000979   Epoch: 4   Global Step: 6060   Fp16 Grad Scale: 262144   Required: 168 hours
Training: 2025-04-09 02:52:02,641-Speed 83.78 samples/sec   Loss 0.3638   LearningRate 0.000979   Epoch: 4   Global Step: 6070   Fp16 Grad Scale: 262144   Required: 168 hours
Training: 2025-04-09 02:52:17,920-Speed 83.78 samples/sec   Loss 0.3218   LearningRate 0.000979   Epoch: 4   Global Step: 6080   Fp16 Grad Scale: 262144   Required: 168 hours
Training: 2025-04-09 02:52:33,169-Speed 83.94 samples/sec   Loss 0.4378   LearningRate 0.000979   Epoch: 4   Global Step: 6090   Fp16 Grad Scale: 131072   Required: 168 hours
Training: 2025-04-09 02:52:48,553-Speed 83.21 samples/sec   Loss 0.4693   LearningRate 0.000979   Epoch: 4   Global Step: 6100   Fp16 Grad Scale: 131072   Required: 168 hours
Training: 2025-04-09 02:53:03,797-Speed 83.97 samples/sec   Loss 0.4105   LearningRate 0.000979   Epoch: 4   Global Step: 6110   Fp16 Grad Scale: 131072   Required: 168 hours
Training: 2025-04-09 02:53:18,979-Speed 84.31 samples/sec   Loss 0.3532   LearningRate 0.000979   Epoch: 4   Global Step: 6120   Fp16 Grad Scale: 131072   Required: 168 hours
Training: 2025-04-09 02:53:34,335-Speed 83.36 samples/sec   Loss 0.4318   LearningRate 0.000979   Epoch: 4   Global Step: 6130   Fp16 Grad Scale: 131072   Required: 168 hours
Training: 2025-04-09 02:53:49,784-Speed 82.86 samples/sec   Loss 0.4475   LearningRate 0.000978   Epoch: 4   Global Step: 6140   Fp16 Grad Scale: 131072   Required: 168 hours
Training: 2025-04-09 02:54:06,841-Speed 75.05 samples/sec   Loss 0.3932   LearningRate 0.000978   Epoch: 4   Global Step: 6150   Fp16 Grad Scale: 131072   Required: 168 hours
Training: 2025-04-09 02:54:22,151-Speed 83.68 samples/sec   Loss 0.4350   LearningRate 0.000978   Epoch: 4   Global Step: 6160   Fp16 Grad Scale: 131072   Required: 167 hours
Training: 2025-04-09 02:54:37,450-Speed 84.53 samples/sec   Loss 0.4888   LearningRate 0.000978   Epoch: 4   Global Step: 6170   Fp16 Grad Scale: 131072   Required: 167 hours
Training: 2025-04-09 02:54:52,745-Speed 83.69 samples/sec   Loss 0.3299   LearningRate 0.000978   Epoch: 4   Global Step: 6180   Fp16 Grad Scale: 131072   Required: 167 hours
Training: 2025-04-09 02:55:08,074-Speed 83.50 samples/sec   Loss 0.3779   LearningRate 0.000978   Epoch: 4   Global Step: 6190   Fp16 Grad Scale: 262144   Required: 167 hours
Training: 2025-04-09 02:55:23,337-Speed 83.87 samples/sec   Loss 0.4761   LearningRate 0.000978   Epoch: 4   Global Step: 6200   Fp16 Grad Scale: 262144   Required: 167 hours
Training: 2025-04-09 02:55:38,509-Speed 84.37 samples/sec   Loss 0.4858   LearningRate 0.000978   Epoch: 4   Global Step: 6210   Fp16 Grad Scale: 131072   Required: 167 hours
Training: 2025-04-09 02:55:53,752-Speed 83.98 samples/sec   Loss 0.3989   LearningRate 0.000978   Epoch: 4   Global Step: 6220   Fp16 Grad Scale: 131072   Required: 167 hours
Training: 2025-04-09 02:56:09,028-Speed 83.79 samples/sec   Loss 0.4207   LearningRate 0.000978   Epoch: 4   Global Step: 6230   Fp16 Grad Scale: 131072   Required: 167 hours
Training: 2025-04-09 02:56:26,001-Speed 75.42 samples/sec   Loss 0.4443   LearningRate 0.000978   Epoch: 4   Global Step: 6240   Fp16 Grad Scale: 131072   Required: 167 hours
Training: 2025-04-09 02:56:43,655-Speed 72.51 samples/sec   Loss 0.4711   LearningRate 0.000978   Epoch: 4   Global Step: 6250   Fp16 Grad Scale: 131072   Required: 167 hours
Training: 2025-04-09 02:57:00,962-Speed 73.96 samples/sec   Loss 0.4476   LearningRate 0.000978   Epoch: 4   Global Step: 6260   Fp16 Grad Scale: 131072   Required: 167 hours
Training: 2025-04-09 02:57:16,497-Speed 82.40 samples/sec   Loss 0.3741   LearningRate 0.000978   Epoch: 4   Global Step: 6270   Fp16 Grad Scale: 131072   Required: 167 hours
Training: 2025-04-09 02:57:31,806-Speed 83.62 samples/sec   Loss 0.4323   LearningRate 0.000978   Epoch: 4   Global Step: 6280   Fp16 Grad Scale: 131072   Required: 167 hours
Training: 2025-04-09 02:57:47,184-Speed 83.24 samples/sec   Loss 0.3671   LearningRate 0.000978   Epoch: 4   Global Step: 6290   Fp16 Grad Scale: 131072   Required: 166 hours
Training: 2025-04-09 02:58:02,358-Speed 84.36 samples/sec   Loss 0.4428   LearningRate 0.000978   Epoch: 4   Global Step: 6300   Fp16 Grad Scale: 131072   Required: 166 hours
Training: 2025-04-09 02:58:17,570-Speed 84.15 samples/sec   Loss 0.4547   LearningRate 0.000978   Epoch: 4   Global Step: 6310   Fp16 Grad Scale: 262144   Required: 166 hours
Training: 2025-04-09 02:58:32,819-Speed 83.94 samples/sec   Loss 0.3481   LearningRate 0.000978   Epoch: 4   Global Step: 6320   Fp16 Grad Scale: 262144   Required: 166 hours
Training: 2025-04-09 02:58:48,006-Speed 84.28 samples/sec   Loss 0.3938   LearningRate 0.000978   Epoch: 4   Global Step: 6330   Fp16 Grad Scale: 262144   Required: 166 hours
Training: 2025-04-09 02:59:03,273-Speed 83.85 samples/sec   Loss 0.4139   LearningRate 0.000978   Epoch: 4   Global Step: 6340   Fp16 Grad Scale: 262144   Required: 166 hours
Training: 2025-04-09 02:59:20,681-Speed 73.53 samples/sec   Loss 0.4511   LearningRate 0.000978   Epoch: 4   Global Step: 6350   Fp16 Grad Scale: 262144   Required: 166 hours
Training: 2025-04-09 02:59:36,061-Speed 83.23 samples/sec   Loss 0.4065   LearningRate 0.000978   Epoch: 4   Global Step: 6360   Fp16 Grad Scale: 262144   Required: 166 hours
Training: 2025-04-09 02:59:51,298-Speed 84.01 samples/sec   Loss 0.2937   LearningRate 0.000978   Epoch: 4   Global Step: 6370   Fp16 Grad Scale: 262144   Required: 166 hours
Training: 2025-04-09 03:00:06,506-Speed 84.17 samples/sec   Loss 0.4669   LearningRate 0.000978   Epoch: 4   Global Step: 6380   Fp16 Grad Scale: 131072   Required: 166 hours
Training: 2025-04-09 03:00:21,904-Speed 83.13 samples/sec   Loss 0.5192   LearningRate 0.000978   Epoch: 4   Global Step: 6390   Fp16 Grad Scale: 131072   Required: 166 hours
Training: 2025-04-09 03:00:37,357-Speed 82.83 samples/sec   Loss 0.3687   LearningRate 0.000978   Epoch: 4   Global Step: 6400   Fp16 Grad Scale: 131072   Required: 166 hours
Training: 2025-04-09 03:00:53,010-Speed 81.78 samples/sec   Loss 0.3858   LearningRate 0.000978   Epoch: 4   Global Step: 6410   Fp16 Grad Scale: 131072   Required: 166 hours
Training: 2025-04-09 03:01:08,253-Speed 83.98 samples/sec   Loss 0.3823   LearningRate 0.000977   Epoch: 4   Global Step: 6420   Fp16 Grad Scale: 131072   Required: 165 hours
Training: 2025-04-09 03:01:23,476-Speed 84.09 samples/sec   Loss 0.3846   LearningRate 0.000977   Epoch: 4   Global Step: 6430   Fp16 Grad Scale: 131072   Required: 165 hours
Training: 2025-04-09 03:01:39,241-Speed 81.20 samples/sec   Loss 0.4542   LearningRate 0.000977   Epoch: 4   Global Step: 6440   Fp16 Grad Scale: 131072   Required: 165 hours
Training: 2025-04-09 03:01:54,406-Speed 84.41 samples/sec   Loss 0.4159   LearningRate 0.000977   Epoch: 4   Global Step: 6450   Fp16 Grad Scale: 131072   Required: 165 hours
Training: 2025-04-09 03:02:09,816-Speed 83.07 samples/sec   Loss 0.4197   LearningRate 0.000977   Epoch: 4   Global Step: 6460   Fp16 Grad Scale: 131072   Required: 165 hours
Training: 2025-04-09 03:02:25,265-Speed 82.86 samples/sec   Loss 0.3563   LearningRate 0.000977   Epoch: 4   Global Step: 6470   Fp16 Grad Scale: 131072   Required: 165 hours
Training: 2025-04-09 03:02:40,864-Speed 82.06 samples/sec   Loss 0.5069   LearningRate 0.000977   Epoch: 4   Global Step: 6480   Fp16 Grad Scale: 262144   Required: 165 hours
Training: 2025-04-09 03:02:56,382-Speed 82.49 samples/sec   Loss 0.4737   LearningRate 0.000977   Epoch: 4   Global Step: 6490   Fp16 Grad Scale: 262144   Required: 165 hours
Training: 2025-04-09 03:03:11,747-Speed 83.31 samples/sec   Loss 0.5221   LearningRate 0.000977   Epoch: 4   Global Step: 6500   Fp16 Grad Scale: 262144   Required: 165 hours
Training: 2025-04-09 03:03:27,208-Speed 82.79 samples/sec   Loss 0.5596   LearningRate 0.000977   Epoch: 4   Global Step: 6510   Fp16 Grad Scale: 262144   Required: 165 hours
Training: 2025-04-09 03:03:42,766-Speed 82.28 samples/sec   Loss 0.5639   LearningRate 0.000977   Epoch: 4   Global Step: 6520   Fp16 Grad Scale: 262144   Required: 165 hours
Training: 2025-04-09 03:03:58,212-Speed 82.88 samples/sec   Loss 0.5405   LearningRate 0.000977   Epoch: 4   Global Step: 6530   Fp16 Grad Scale: 131072   Required: 165 hours
Training: 2025-04-09 03:04:15,046-Speed 76.04 samples/sec   Loss 0.3405   LearningRate 0.000977   Epoch: 4   Global Step: 6540   Fp16 Grad Scale: 131072   Required: 165 hours
Training: 2025-04-09 03:04:30,375-Speed 83.51 samples/sec   Loss 0.4282   LearningRate 0.000977   Epoch: 4   Global Step: 6550   Fp16 Grad Scale: 131072   Required: 164 hours
Training: 2025-04-09 03:04:45,800-Speed 82.99 samples/sec   Loss 0.3894   LearningRate 0.000977   Epoch: 4   Global Step: 6560   Fp16 Grad Scale: 131072   Required: 164 hours
Training: 2025-04-09 03:05:01,367-Speed 82.23 samples/sec   Loss 0.4515   LearningRate 0.000977   Epoch: 4   Global Step: 6570   Fp16 Grad Scale: 131072   Required: 164 hours
Training: 2025-04-09 03:05:16,994-Speed 81.91 samples/sec   Loss 0.4479   LearningRate 0.000977   Epoch: 4   Global Step: 6580   Fp16 Grad Scale: 131072   Required: 164 hours
Training: 2025-04-09 03:05:32,527-Speed 82.40 samples/sec   Loss 0.5402   LearningRate 0.000977   Epoch: 4   Global Step: 6590   Fp16 Grad Scale: 131072   Required: 164 hours
Training: 2025-04-09 03:05:47,987-Speed 82.80 samples/sec   Loss 0.5009   LearningRate 0.000977   Epoch: 4   Global Step: 6600   Fp16 Grad Scale: 131072   Required: 164 hours
Training: 2025-04-09 03:06:03,479-Speed 82.63 samples/sec   Loss 0.5237   LearningRate 0.000977   Epoch: 4   Global Step: 6610   Fp16 Grad Scale: 131072   Required: 164 hours
Training: 2025-04-09 03:06:18,854-Speed 83.26 samples/sec   Loss 0.3605   LearningRate 0.000977   Epoch: 4   Global Step: 6620   Fp16 Grad Scale: 131072   Required: 164 hours
Training: 2025-04-09 03:06:34,229-Speed 83.26 samples/sec   Loss 0.4138   LearningRate 0.000977   Epoch: 4   Global Step: 6630   Fp16 Grad Scale: 262144   Required: 164 hours
Training: 2025-04-09 03:06:49,469-Speed 83.99 samples/sec   Loss 0.4519   LearningRate 0.000977   Epoch: 4   Global Step: 6640   Fp16 Grad Scale: 262144   Required: 164 hours
Training: 2025-04-09 03:07:04,790-Speed 83.55 samples/sec   Loss 0.4267   LearningRate 0.000977   Epoch: 4   Global Step: 6650   Fp16 Grad Scale: 262144   Required: 164 hours
Training: 2025-04-09 03:07:20,511-Speed 81.43 samples/sec   Loss 0.4238   LearningRate 0.000977   Epoch: 4   Global Step: 6660   Fp16 Grad Scale: 131072   Required: 164 hours
Training: 2025-04-09 03:07:35,895-Speed 83.21 samples/sec   Loss 0.4623   LearningRate 0.000977   Epoch: 4   Global Step: 6670   Fp16 Grad Scale: 131072   Required: 164 hours
Training: 2025-04-09 03:07:51,111-Speed 84.14 samples/sec   Loss 0.4962   LearningRate 0.000977   Epoch: 4   Global Step: 6680   Fp16 Grad Scale: 131072   Required: 163 hours
Training: 2025-04-09 03:08:06,551-Speed 82.91 samples/sec   Loss 0.4194   LearningRate 0.000977   Epoch: 4   Global Step: 6690   Fp16 Grad Scale: 131072   Required: 163 hours
Training: 2025-04-09 03:08:21,930-Speed 83.23 samples/sec   Loss 0.4549   LearningRate 0.000977   Epoch: 4   Global Step: 6700   Fp16 Grad Scale: 131072   Required: 163 hours
Training: 2025-04-09 03:08:37,075-Speed 84.52 samples/sec   Loss 0.5007   LearningRate 0.000976   Epoch: 4   Global Step: 6710   Fp16 Grad Scale: 131072   Required: 163 hours
Training: 2025-04-09 03:08:52,403-Speed 83.51 samples/sec   Loss 0.4582   LearningRate 0.000976   Epoch: 4   Global Step: 6720   Fp16 Grad Scale: 131072   Required: 163 hours
Training: 2025-04-09 03:09:07,728-Speed 83.52 samples/sec   Loss 0.3429   LearningRate 0.000976   Epoch: 4   Global Step: 6730   Fp16 Grad Scale: 131072   Required: 163 hours
Training: 2025-04-09 03:09:24,864-Speed 74.70 samples/sec   Loss 0.6433   LearningRate 0.000976   Epoch: 4   Global Step: 6740   Fp16 Grad Scale: 131072   Required: 163 hours
Training: 2025-04-09 03:09:40,332-Speed 82.76 samples/sec   Loss 0.4858   LearningRate 0.000976   Epoch: 4   Global Step: 6750   Fp16 Grad Scale: 131072   Required: 163 hours
Training: 2025-04-09 03:09:55,937-Speed 82.02 samples/sec   Loss 0.4115   LearningRate 0.000976   Epoch: 4   Global Step: 6760   Fp16 Grad Scale: 262144   Required: 163 hours
Training: 2025-04-09 03:10:11,876-Speed 80.31 samples/sec   Loss 0.5040   LearningRate 0.000976   Epoch: 4   Global Step: 6770   Fp16 Grad Scale: 262144   Required: 163 hours
Training: 2025-04-09 03:10:27,468-Speed 82.10 samples/sec   Loss 0.5501   LearningRate 0.000976   Epoch: 4   Global Step: 6780   Fp16 Grad Scale: 131072   Required: 163 hours
Training: 2025-04-09 03:10:43,287-Speed 80.92 samples/sec   Loss 0.4881   LearningRate 0.000976   Epoch: 4   Global Step: 6790   Fp16 Grad Scale: 131072   Required: 163 hours
Training: 2025-04-09 03:10:58,965-Speed 81.65 samples/sec   Loss 0.4565   LearningRate 0.000976   Epoch: 4   Global Step: 6800   Fp16 Grad Scale: 131072   Required: 163 hours
Training: 2025-04-09 03:11:14,542-Speed 82.18 samples/sec   Loss 0.5030   LearningRate 0.000976   Epoch: 4   Global Step: 6810   Fp16 Grad Scale: 131072   Required: 163 hours
Training: 2025-04-09 03:11:30,078-Speed 82.39 samples/sec   Loss 0.5620   LearningRate 0.000976   Epoch: 4   Global Step: 6820   Fp16 Grad Scale: 131072   Required: 163 hours
Training: 2025-04-09 03:11:45,692-Speed 81.98 samples/sec   Loss 0.4831   LearningRate 0.000976   Epoch: 4   Global Step: 6830   Fp16 Grad Scale: 131072   Required: 162 hours
Training: 2025-04-09 03:12:01,326-Speed 81.88 samples/sec   Loss 0.5496   LearningRate 0.000976   Epoch: 4   Global Step: 6840   Fp16 Grad Scale: 131072   Required: 162 hours
Training: 2025-04-09 03:12:17,172-Speed 80.78 samples/sec   Loss 0.3676   LearningRate 0.000976   Epoch: 4   Global Step: 6850   Fp16 Grad Scale: 131072   Required: 162 hours
Training: 2025-04-09 03:12:33,268-Speed 79.53 samples/sec   Loss 0.4590   LearningRate 0.000976   Epoch: 4   Global Step: 6860   Fp16 Grad Scale: 131072   Required: 162 hours
Training: 2025-04-09 03:12:49,609-Speed 78.33 samples/sec   Loss 0.5621   LearningRate 0.000976   Epoch: 4   Global Step: 6870   Fp16 Grad Scale: 131072   Required: 162 hours
Training: 2025-04-09 03:13:05,366-Speed 81.24 samples/sec   Loss 0.4010   LearningRate 0.000976   Epoch: 4   Global Step: 6880   Fp16 Grad Scale: 262144   Required: 162 hours
Training: 2025-04-09 03:13:21,200-Speed 80.84 samples/sec   Loss 0.4795   LearningRate 0.000976   Epoch: 4   Global Step: 6890   Fp16 Grad Scale: 262144   Required: 162 hours
Training: 2025-04-09 03:13:37,221-Speed 79.90 samples/sec   Loss 0.4878   LearningRate 0.000976   Epoch: 4   Global Step: 6900   Fp16 Grad Scale: 262144   Required: 162 hours
Training: 2025-04-09 03:13:53,421-Speed 79.02 samples/sec   Loss 0.5451   LearningRate 0.000976   Epoch: 4   Global Step: 6910   Fp16 Grad Scale: 262144   Required: 162 hours
Training: 2025-04-09 03:14:09,557-Speed 79.33 samples/sec   Loss 0.3849   LearningRate 0.000976   Epoch: 4   Global Step: 6920   Fp16 Grad Scale: 262144   Required: 162 hours
Training: 2025-04-09 03:14:27,149-Speed 72.76 samples/sec   Loss 0.4501   LearningRate 0.000976   Epoch: 4   Global Step: 6930   Fp16 Grad Scale: 262144   Required: 162 hours
Training: 2025-04-09 03:14:43,064-Speed 80.43 samples/sec   Loss 0.4570   LearningRate 0.000976   Epoch: 4   Global Step: 6940   Fp16 Grad Scale: 262144   Required: 162 hours
Training: 2025-04-09 03:14:59,235-Speed 79.16 samples/sec   Loss 0.5016   LearningRate 0.000976   Epoch: 4   Global Step: 6950   Fp16 Grad Scale: 262144   Required: 162 hours
Training: 2025-04-09 03:15:15,366-Speed 79.35 samples/sec   Loss 0.3470   LearningRate 0.000976   Epoch: 4   Global Step: 6960   Fp16 Grad Scale: 262144   Required: 162 hours
Training: 2025-04-09 03:15:31,253-Speed 80.57 samples/sec   Loss 0.4883   LearningRate 0.000976   Epoch: 4   Global Step: 6970   Fp16 Grad Scale: 262144   Required: 162 hours
Training: 2025-04-09 03:15:47,117-Speed 80.69 samples/sec   Loss 0.4381   LearningRate 0.000976   Epoch: 4   Global Step: 6980   Fp16 Grad Scale: 131072   Required: 162 hours
Training: 2025-04-09 03:16:02,874-Speed 81.24 samples/sec   Loss 0.4472   LearningRate 0.000975   Epoch: 4   Global Step: 6990   Fp16 Grad Scale: 131072   Required: 162 hours
Training: 2025-04-09 03:16:18,782-Speed 80.47 samples/sec   Loss 0.4923   LearningRate 0.000975   Epoch: 4   Global Step: 7000   Fp16 Grad Scale: 131072   Required: 161 hours
Training: 2025-04-09 03:16:34,728-Speed 80.27 samples/sec   Loss 0.5562   LearningRate 0.000975   Epoch: 4   Global Step: 7010   Fp16 Grad Scale: 131072   Required: 161 hours
Training: 2025-04-09 03:16:50,645-Speed 80.42 samples/sec   Loss 0.4955   LearningRate 0.000975   Epoch: 4   Global Step: 7020   Fp16 Grad Scale: 131072   Required: 161 hours
Training: 2025-04-09 03:17:06,521-Speed 80.63 samples/sec   Loss 0.6098   LearningRate 0.000975   Epoch: 4   Global Step: 7030   Fp16 Grad Scale: 131072   Required: 161 hours
Training: 2025-04-09 03:17:22,709-Speed 79.08 samples/sec   Loss 0.6126   LearningRate 0.000975   Epoch: 4   Global Step: 7040   Fp16 Grad Scale: 131072   Required: 161 hours
Training: 2025-04-09 03:17:38,837-Speed 79.37 samples/sec   Loss 0.4729   LearningRate 0.000975   Epoch: 4   Global Step: 7050   Fp16 Grad Scale: 131072   Required: 161 hours
Training: 2025-04-09 03:17:55,005-Speed 79.17 samples/sec   Loss 0.5520   LearningRate 0.000975   Epoch: 4   Global Step: 7060   Fp16 Grad Scale: 131072   Required: 161 hours
Training: 2025-04-09 03:18:11,122-Speed 79.42 samples/sec   Loss 0.4203   LearningRate 0.000975   Epoch: 4   Global Step: 7070   Fp16 Grad Scale: 131072   Required: 161 hours
Training: 2025-04-09 03:18:27,227-Speed 79.48 samples/sec   Loss 0.4884   LearningRate 0.000975   Epoch: 4   Global Step: 7080   Fp16 Grad Scale: 262144   Required: 161 hours
Training: 2025-04-09 03:18:43,335-Speed 79.47 samples/sec   Loss 0.4356   LearningRate 0.000975   Epoch: 4   Global Step: 7090   Fp16 Grad Scale: 131072   Required: 161 hours
Training: 2025-04-09 03:18:59,608-Speed 78.66 samples/sec   Loss 0.5869   LearningRate 0.000975   Epoch: 4   Global Step: 7100   Fp16 Grad Scale: 131072   Required: 161 hours
Training: 2025-04-09 03:19:15,896-Speed 78.59 samples/sec   Loss 0.3804   LearningRate 0.000975   Epoch: 4   Global Step: 7110   Fp16 Grad Scale: 131072   Required: 161 hours
Training: 2025-04-09 03:19:33,416-Speed 73.06 samples/sec   Loss 0.4808   LearningRate 0.000975   Epoch: 4   Global Step: 7120   Fp16 Grad Scale: 131072   Required: 161 hours
Training: 2025-04-09 03:19:49,466-Speed 79.76 samples/sec   Loss 0.5050   LearningRate 0.000975   Epoch: 4   Global Step: 7130   Fp16 Grad Scale: 131072   Required: 161 hours
Training: 2025-04-09 03:20:08,384-Speed 67.66 samples/sec   Loss 0.5391   LearningRate 0.000975   Epoch: 5   Global Step: 7140   Fp16 Grad Scale: 131072   Required: 161 hours
Training: 2025-04-09 03:20:24,287-Speed 80.49 samples/sec   Loss 0.3437   LearningRate 0.000975   Epoch: 5   Global Step: 7150   Fp16 Grad Scale: 131072   Required: 161 hours
Training: 2025-04-09 03:20:40,273-Speed 80.08 samples/sec   Loss 0.3058   LearningRate 0.000975   Epoch: 5   Global Step: 7160   Fp16 Grad Scale: 131072   Required: 161 hours
Training: 2025-04-09 03:20:56,193-Speed 80.40 samples/sec   Loss 0.3926   LearningRate 0.000975   Epoch: 5   Global Step: 7170   Fp16 Grad Scale: 131072   Required: 161 hours
Training: 2025-04-09 03:21:11,855-Speed 81.73 samples/sec   Loss 0.3324   LearningRate 0.000975   Epoch: 5   Global Step: 7180   Fp16 Grad Scale: 131072   Required: 160 hours
Training: 2025-04-09 03:21:27,827-Speed 80.15 samples/sec   Loss 0.2456   LearningRate 0.000975   Epoch: 5   Global Step: 7190   Fp16 Grad Scale: 262144   Required: 160 hours
Training: 2025-04-09 03:21:43,823-Speed 80.02 samples/sec   Loss 0.2866   LearningRate 0.000975   Epoch: 5   Global Step: 7200   Fp16 Grad Scale: 131072   Required: 160 hours
Training: 2025-04-09 03:21:59,739-Speed 80.42 samples/sec   Loss 0.2811   LearningRate 0.000975   Epoch: 5   Global Step: 7210   Fp16 Grad Scale: 131072   Required: 160 hours
Training: 2025-04-09 03:22:15,831-Speed 79.55 samples/sec   Loss 0.2288   LearningRate 0.000975   Epoch: 5   Global Step: 7220   Fp16 Grad Scale: 131072   Required: 160 hours
Training: 2025-04-09 03:22:31,917-Speed 79.57 samples/sec   Loss 0.4115   LearningRate 0.000975   Epoch: 5   Global Step: 7230   Fp16 Grad Scale: 131072   Required: 160 hours
Training: 2025-04-09 03:22:47,717-Speed 81.02 samples/sec   Loss 0.3262   LearningRate 0.000975   Epoch: 5   Global Step: 7240   Fp16 Grad Scale: 131072   Required: 160 hours
Training: 2025-04-09 03:23:03,711-Speed 80.03 samples/sec   Loss 0.3485   LearningRate 0.000975   Epoch: 5   Global Step: 7250   Fp16 Grad Scale: 131072   Required: 160 hours
Training: 2025-04-09 03:23:19,467-Speed 81.24 samples/sec   Loss 0.3394   LearningRate 0.000975   Epoch: 5   Global Step: 7260   Fp16 Grad Scale: 131072   Required: 160 hours
Training: 2025-04-09 03:23:35,379-Speed 80.44 samples/sec   Loss 0.3358   LearningRate 0.000975   Epoch: 5   Global Step: 7270   Fp16 Grad Scale: 131072   Required: 160 hours
Training: 2025-04-09 03:23:52,041-Speed 76.82 samples/sec   Loss 0.3296   LearningRate 0.000974   Epoch: 5   Global Step: 7280   Fp16 Grad Scale: 131072   Required: 160 hours
Training: 2025-04-09 03:24:08,270-Speed 78.87 samples/sec   Loss 0.2447   LearningRate 0.000974   Epoch: 5   Global Step: 7290   Fp16 Grad Scale: 131072   Required: 160 hours
Training: 2025-04-09 03:24:25,076-Speed 76.17 samples/sec   Loss 0.3102   LearningRate 0.000974   Epoch: 5   Global Step: 7300   Fp16 Grad Scale: 262144   Required: 160 hours
Training: 2025-04-09 03:24:41,870-Speed 76.22 samples/sec   Loss 0.3083   LearningRate 0.000974   Epoch: 5   Global Step: 7310   Fp16 Grad Scale: 262144   Required: 160 hours
Training: 2025-04-09 03:24:57,662-Speed 81.06 samples/sec   Loss 0.3264   LearningRate 0.000974   Epoch: 5   Global Step: 7320   Fp16 Grad Scale: 262144   Required: 160 hours
Training: 2025-04-09 03:25:13,671-Speed 79.96 samples/sec   Loss 0.3482   LearningRate 0.000974   Epoch: 5   Global Step: 7330   Fp16 Grad Scale: 262144   Required: 160 hours
Training: 2025-04-09 03:25:29,777-Speed 79.48 samples/sec   Loss 0.2682   LearningRate 0.000974   Epoch: 5   Global Step: 7340   Fp16 Grad Scale: 262144   Required: 160 hours
Training: 2025-04-09 03:25:45,580-Speed 81.00 samples/sec   Loss 0.2822   LearningRate 0.000974   Epoch: 5   Global Step: 7350   Fp16 Grad Scale: 262144   Required: 160 hours
Training: 2025-04-09 03:26:01,435-Speed 80.74 samples/sec   Loss 0.2967   LearningRate 0.000974   Epoch: 5   Global Step: 7360   Fp16 Grad Scale: 262144   Required: 159 hours
Training: 2025-04-09 03:26:17,799-Speed 78.22 samples/sec   Loss 0.2438   LearningRate 0.000974   Epoch: 5   Global Step: 7370   Fp16 Grad Scale: 262144   Required: 159 hours
Training: 2025-04-09 03:26:35,805-Speed 71.09 samples/sec   Loss 0.2635   LearningRate 0.000974   Epoch: 5   Global Step: 7380   Fp16 Grad Scale: 262144   Required: 159 hours
Training: 2025-04-09 03:26:53,812-Speed 71.09 samples/sec   Loss 0.3496   LearningRate 0.000974   Epoch: 5   Global Step: 7390   Fp16 Grad Scale: 262144   Required: 159 hours
Training: 2025-04-09 03:27:09,850-Speed 79.81 samples/sec   Loss 0.2621   LearningRate 0.000974   Epoch: 5   Global Step: 7400   Fp16 Grad Scale: 524288   Required: 159 hours
Training: 2025-04-09 03:27:25,573-Speed 81.41 samples/sec   Loss 0.4019   LearningRate 0.000974   Epoch: 5   Global Step: 7410   Fp16 Grad Scale: 262144   Required: 159 hours
Training: 2025-04-09 03:27:41,318-Speed 81.30 samples/sec   Loss 0.3709   LearningRate 0.000974   Epoch: 5   Global Step: 7420   Fp16 Grad Scale: 262144   Required: 159 hours
Training: 2025-04-09 03:27:57,446-Speed 79.37 samples/sec   Loss 0.3396   LearningRate 0.000974   Epoch: 5   Global Step: 7430   Fp16 Grad Scale: 262144   Required: 159 hours
Training: 2025-04-09 03:28:13,287-Speed 80.81 samples/sec   Loss 0.3213   LearningRate 0.000974   Epoch: 5   Global Step: 7440   Fp16 Grad Scale: 262144   Required: 159 hours
Training: 2025-04-09 03:28:29,161-Speed 80.64 samples/sec   Loss 0.2979   LearningRate 0.000974   Epoch: 5   Global Step: 7450   Fp16 Grad Scale: 262144   Required: 159 hours
Training: 2025-04-09 03:28:44,969-Speed 80.97 samples/sec   Loss 0.2738   LearningRate 0.000974   Epoch: 5   Global Step: 7460   Fp16 Grad Scale: 262144   Required: 159 hours
Training: 2025-04-09 03:29:00,816-Speed 80.78 samples/sec   Loss 0.3208   LearningRate 0.000974   Epoch: 5   Global Step: 7470   Fp16 Grad Scale: 262144   Required: 159 hours
Training: 2025-04-09 03:29:17,042-Speed 78.89 samples/sec   Loss 0.2781   LearningRate 0.000974   Epoch: 5   Global Step: 7480   Fp16 Grad Scale: 262144   Required: 159 hours
Training: 2025-04-09 03:29:34,262-Speed 74.33 samples/sec   Loss 0.3491   LearningRate 0.000974   Epoch: 5   Global Step: 7490   Fp16 Grad Scale: 262144   Required: 159 hours
Training: 2025-04-09 03:29:50,316-Speed 79.73 samples/sec   Loss 0.3146   LearningRate 0.000974   Epoch: 5   Global Step: 7500   Fp16 Grad Scale: 262144   Required: 159 hours
Training: 2025-04-09 03:30:06,072-Speed 81.24 samples/sec   Loss 0.3819   LearningRate 0.000974   Epoch: 5   Global Step: 7510   Fp16 Grad Scale: 262144   Required: 159 hours
Training: 2025-04-09 03:30:21,906-Speed 80.84 samples/sec   Loss 0.2972   LearningRate 0.000974   Epoch: 5   Global Step: 7520   Fp16 Grad Scale: 262144   Required: 159 hours
Training: 2025-04-09 03:30:38,080-Speed 79.14 samples/sec   Loss 0.3947   LearningRate 0.000974   Epoch: 5   Global Step: 7530   Fp16 Grad Scale: 262144   Required: 159 hours
Training: 2025-04-09 03:30:53,811-Speed 81.37 samples/sec   Loss 0.2812   LearningRate 0.000974   Epoch: 5   Global Step: 7540   Fp16 Grad Scale: 262144   Required: 159 hours
Training: 2025-04-09 03:31:09,527-Speed 81.45 samples/sec   Loss 0.3412   LearningRate 0.000974   Epoch: 5   Global Step: 7550   Fp16 Grad Scale: 262144   Required: 158 hours
Training: 2025-04-09 03:31:25,547-Speed 79.90 samples/sec   Loss 0.2956   LearningRate 0.000973   Epoch: 5   Global Step: 7560   Fp16 Grad Scale: 262144   Required: 158 hours
Training: 2025-04-09 03:31:41,467-Speed 80.41 samples/sec   Loss 0.2745   LearningRate 0.000973   Epoch: 5   Global Step: 7570   Fp16 Grad Scale: 262144   Required: 158 hours
Training: 2025-04-09 03:31:57,446-Speed 80.11 samples/sec   Loss 0.3505   LearningRate 0.000973   Epoch: 5   Global Step: 7580   Fp16 Grad Scale: 262144   Required: 158 hours
Training: 2025-04-09 03:32:13,565-Speed 79.41 samples/sec   Loss 0.3770   LearningRate 0.000973   Epoch: 5   Global Step: 7590   Fp16 Grad Scale: 262144   Required: 158 hours
Training: 2025-04-09 03:32:29,636-Speed 79.65 samples/sec   Loss 0.2488   LearningRate 0.000973   Epoch: 5   Global Step: 7600   Fp16 Grad Scale: 262144   Required: 158 hours
Training: 2025-04-09 03:32:45,998-Speed 78.23 samples/sec   Loss 0.3825   LearningRate 0.000973   Epoch: 5   Global Step: 7610   Fp16 Grad Scale: 262144   Required: 158 hours
Training: 2025-04-09 03:33:02,027-Speed 79.86 samples/sec   Loss 0.3102   LearningRate 0.000973   Epoch: 5   Global Step: 7620   Fp16 Grad Scale: 262144   Required: 158 hours
Training: 2025-04-09 03:33:18,053-Speed 79.87 samples/sec   Loss 0.2780   LearningRate 0.000973   Epoch: 5   Global Step: 7630   Fp16 Grad Scale: 262144   Required: 158 hours
Training: 2025-04-09 03:33:34,015-Speed 80.20 samples/sec   Loss 0.3546   LearningRate 0.000973   Epoch: 5   Global Step: 7640   Fp16 Grad Scale: 262144   Required: 158 hours
Training: 2025-04-09 03:33:50,165-Speed 79.26 samples/sec   Loss 0.2092   LearningRate 0.000973   Epoch: 5   Global Step: 7650   Fp16 Grad Scale: 262144   Required: 158 hours
Training: 2025-04-09 03:34:06,316-Speed 79.25 samples/sec   Loss 0.3085   LearningRate 0.000973   Epoch: 5   Global Step: 7660   Fp16 Grad Scale: 262144   Required: 158 hours
Training: 2025-04-09 03:34:22,353-Speed 79.82 samples/sec   Loss 0.4172   LearningRate 0.000973   Epoch: 5   Global Step: 7670   Fp16 Grad Scale: 262144   Required: 158 hours
Training: 2025-04-09 03:34:39,314-Speed 75.47 samples/sec   Loss 0.3363   LearningRate 0.000973   Epoch: 5   Global Step: 7680   Fp16 Grad Scale: 262144   Required: 158 hours
Training: 2025-04-09 03:34:55,358-Speed 79.78 samples/sec   Loss 0.2508   LearningRate 0.000973   Epoch: 5   Global Step: 7690   Fp16 Grad Scale: 131072   Required: 158 hours
Training: 2025-04-09 03:35:11,679-Speed 78.43 samples/sec   Loss 0.4212   LearningRate 0.000973   Epoch: 5   Global Step: 7700   Fp16 Grad Scale: 131072   Required: 158 hours
Training: 2025-04-09 03:35:27,709-Speed 79.85 samples/sec   Loss 0.3537   LearningRate 0.000973   Epoch: 5   Global Step: 7710   Fp16 Grad Scale: 131072   Required: 158 hours
Training: 2025-04-09 03:35:43,549-Speed 80.81 samples/sec   Loss 0.3582   LearningRate 0.000973   Epoch: 5   Global Step: 7720   Fp16 Grad Scale: 131072   Required: 158 hours
Training: 2025-04-09 03:35:59,286-Speed 81.34 samples/sec   Loss 0.3456   LearningRate 0.000973   Epoch: 5   Global Step: 7730   Fp16 Grad Scale: 131072   Required: 158 hours
Training: 2025-04-09 03:36:14,957-Speed 81.68 samples/sec   Loss 0.3015   LearningRate 0.000973   Epoch: 5   Global Step: 7740   Fp16 Grad Scale: 131072   Required: 158 hours
Training: 2025-04-09 03:36:30,817-Speed 80.71 samples/sec   Loss 0.2788   LearningRate 0.000973   Epoch: 5   Global Step: 7750   Fp16 Grad Scale: 131072   Required: 157 hours
Training: 2025-04-09 03:36:46,508-Speed 81.58 samples/sec   Loss 0.3073   LearningRate 0.000973   Epoch: 5   Global Step: 7760   Fp16 Grad Scale: 131072   Required: 157 hours
Training: 2025-04-09 03:37:02,313-Speed 80.99 samples/sec   Loss 0.2749   LearningRate 0.000973   Epoch: 5   Global Step: 7770   Fp16 Grad Scale: 131072   Required: 157 hours
Training: 2025-04-09 03:37:18,163-Speed 80.76 samples/sec   Loss 0.3132   LearningRate 0.000973   Epoch: 5   Global Step: 7780   Fp16 Grad Scale: 131072   Required: 157 hours
Training: 2025-04-09 03:37:34,037-Speed 80.64 samples/sec   Loss 0.3162   LearningRate 0.000973   Epoch: 5   Global Step: 7790   Fp16 Grad Scale: 262144   Required: 157 hours
Training: 2025-04-09 03:37:49,882-Speed 80.79 samples/sec   Loss 0.3731   LearningRate 0.000973   Epoch: 5   Global Step: 7800   Fp16 Grad Scale: 131072   Required: 157 hours
Training: 2025-04-09 03:38:05,589-Speed 81.49 samples/sec   Loss 0.4244   LearningRate 0.000973   Epoch: 5   Global Step: 7810   Fp16 Grad Scale: 131072   Required: 157 hours
Training: 2025-04-09 03:38:21,554-Speed 80.18 samples/sec   Loss 0.2810   LearningRate 0.000973   Epoch: 5   Global Step: 7820   Fp16 Grad Scale: 131072   Required: 157 hours
Training: 2025-04-09 03:38:37,299-Speed 81.30 samples/sec   Loss 0.3651   LearningRate 0.000973   Epoch: 5   Global Step: 7830   Fp16 Grad Scale: 131072   Required: 157 hours
Training: 2025-04-09 03:38:53,093-Speed 81.05 samples/sec   Loss 0.2926   LearningRate 0.000973   Epoch: 5   Global Step: 7840   Fp16 Grad Scale: 131072   Required: 157 hours
Training: 2025-04-09 03:39:08,862-Speed 81.18 samples/sec   Loss 0.2432   LearningRate 0.000972   Epoch: 5   Global Step: 7850   Fp16 Grad Scale: 131072   Required: 157 hours
Training: 2025-04-09 03:39:24,630-Speed 81.18 samples/sec   Loss 0.3422   LearningRate 0.000972   Epoch: 5   Global Step: 7860   Fp16 Grad Scale: 131072   Required: 157 hours
Training: 2025-04-09 03:39:42,433-Speed 71.90 samples/sec   Loss 0.3812   LearningRate 0.000972   Epoch: 5   Global Step: 7870   Fp16 Grad Scale: 131072   Required: 157 hours
Training: 2025-04-09 03:39:58,215-Speed 81.11 samples/sec   Loss 0.3468   LearningRate 0.000972   Epoch: 5   Global Step: 7880   Fp16 Grad Scale: 131072   Required: 157 hours
Training: 2025-04-09 03:40:14,077-Speed 80.70 samples/sec   Loss 0.3748   LearningRate 0.000972   Epoch: 5   Global Step: 7890   Fp16 Grad Scale: 131072   Required: 157 hours
Training: 2025-04-09 03:40:30,089-Speed 79.94 samples/sec   Loss 0.3596   LearningRate 0.000972   Epoch: 5   Global Step: 7900   Fp16 Grad Scale: 262144   Required: 157 hours
Training: 2025-04-09 03:40:46,050-Speed 80.20 samples/sec   Loss 0.3235   LearningRate 0.000972   Epoch: 5   Global Step: 7910   Fp16 Grad Scale: 262144   Required: 157 hours
Training: 2025-04-09 03:41:01,930-Speed 80.61 samples/sec   Loss 0.4156   LearningRate 0.000972   Epoch: 5   Global Step: 7920   Fp16 Grad Scale: 262144   Required: 157 hours
Training: 2025-04-09 03:41:17,977-Speed 79.77 samples/sec   Loss 0.2453   LearningRate 0.000972   Epoch: 5   Global Step: 7930   Fp16 Grad Scale: 262144   Required: 157 hours
Training: 2025-04-09 03:41:33,986-Speed 79.96 samples/sec   Loss 0.2750   LearningRate 0.000972   Epoch: 5   Global Step: 7940   Fp16 Grad Scale: 262144   Required: 157 hours
Training: 2025-04-09 03:41:50,008-Speed 79.90 samples/sec   Loss 0.2957   LearningRate 0.000972   Epoch: 5   Global Step: 7950   Fp16 Grad Scale: 262144   Required: 157 hours
Training: 2025-04-09 03:42:05,759-Speed 81.27 samples/sec   Loss 0.2712   LearningRate 0.000972   Epoch: 5   Global Step: 7960   Fp16 Grad Scale: 262144   Required: 156 hours
Training: 2025-04-09 03:42:21,681-Speed 80.40 samples/sec   Loss 0.2045   LearningRate 0.000972   Epoch: 5   Global Step: 7970   Fp16 Grad Scale: 262144   Required: 156 hours
Training: 2025-04-09 03:42:37,544-Speed 80.70 samples/sec   Loss 0.3265   LearningRate 0.000972   Epoch: 5   Global Step: 7980   Fp16 Grad Scale: 262144   Required: 156 hours
Training: 2025-04-09 03:42:53,516-Speed 80.14 samples/sec   Loss 0.2806   LearningRate 0.000972   Epoch: 5   Global Step: 7990   Fp16 Grad Scale: 131072   Required: 156 hours
Training: 2025-04-09 03:43:09,440-Speed 80.39 samples/sec   Loss 0.3268   LearningRate 0.000972   Epoch: 5   Global Step: 8000   Fp16 Grad Scale: 131072   Required: 156 hours
Batch 0: torch.Size([128, 3, 64, 512])
batch.shape: torch.Size([128, 3, 64, 512])
batch.min(): -1.0
batch.max(): 1.0
batch.device: cuda:0
net_out.shape: torch.Size([128, 512])
num_nans: 0
num_non_nans: 65536
Batch 1: torch.Size([128, 3, 64, 512])
batch.shape: torch.Size([128, 3, 64, 512])
batch.min(): -1.0
batch.max(): 1.0
batch.device: cuda:0
net_out.shape: torch.Size([128, 512])
num_nans: 0
num_non_nans: 65536
Batch 2: torch.Size([128, 3, 64, 512])
batch.shape: torch.Size([128, 3, 64, 512])
batch.min(): -1.0
batch.max(): 1.0
batch.device: cuda:0
net_out.shape: torch.Size([128, 512])
num_nans: 0
num_non_nans: 65536
Batch 3: torch.Size([128, 3, 64, 512])
batch.shape: torch.Size([128, 3, 64, 512])
batch.min(): -1.0
batch.max(): 1.0
batch.device: cuda:0
net_out.shape: torch.Size([128, 512])
num_nans: 0
num_non_nans: 65536
Batch 4: torch.Size([128, 3, 64, 512])
batch.shape: torch.Size([128, 3, 64, 512])
batch.min(): -1.0
batch.max(): 1.0
batch.device: cuda:0
net_out.shape: torch.Size([128, 512])
num_nans: 0
num_non_nans: 65536
Batch 5: torch.Size([128, 3, 64, 512])
batch.shape: torch.Size([128, 3, 64, 512])
batch.min(): -1.0
batch.max(): 1.0
batch.device: cuda:0
net_out.shape: torch.Size([128, 512])
num_nans: 0
num_non_nans: 65536
Batch 6: torch.Size([128, 3, 64, 512])
batch.shape: torch.Size([128, 3, 64, 512])
batch.min(): -1.0
batch.max(): 1.0
batch.device: cuda:0
net_out.shape: torch.Size([128, 512])
num_nans: 0
num_non_nans: 65536
Batch 7: torch.Size([128, 3, 64, 512])
batch.shape: torch.Size([128, 3, 64, 512])
batch.min(): -1.0
batch.max(): 1.0
batch.device: cuda:0
net_out.shape: torch.Size([128, 512])
num_nans: 0
num_non_nans: 65536
Batch 8: torch.Size([128, 3, 64, 512])
batch.shape: torch.Size([128, 3, 64, 512])
batch.min(): -1.0
batch.max(): 1.0
batch.device: cuda:0
net_out.shape: torch.Size([128, 512])
num_nans: 0
num_non_nans: 65536
Batch 9: torch.Size([128, 3, 64, 512])
batch.shape: torch.Size([128, 3, 64, 512])
batch.min(): -1.0
batch.max(): 1.0
batch.device: cuda:0
net_out.shape: torch.Size([128, 512])
num_nans: 0
num_non_nans: 65536
Batch 10: torch.Size([128, 3, 64, 512])
batch.shape: torch.Size([128, 3, 64, 512])
batch.min(): -1.0
batch.max(): 1.0
batch.device: cuda:0
net_out.shape: torch.Size([128, 512])
num_nans: 0
num_non_nans: 65536
Batch 11: torch.Size([128, 3, 64, 512])
batch.shape: torch.Size([128, 3, 64, 512])
batch.min(): -1.0
batch.max(): 1.0
batch.device: cuda:0
net_out.shape: torch.Size([128, 512])
num_nans: 0
num_non_nans: 65536
Batch 12: torch.Size([128, 3, 64, 512])
batch.shape: torch.Size([128, 3, 64, 512])
batch.min(): -1.0
batch.max(): 1.0
batch.device: cuda:0
net_out.shape: torch.Size([128, 512])
num_nans: 0
num_non_nans: 65536
Batch 13: torch.Size([128, 3, 64, 512])
batch.shape: torch.Size([128, 3, 64, 512])
batch.min(): -1.0
batch.max(): 1.0
batch.device: cuda:0
net_out.shape: torch.Size([128, 512])
num_nans: 0
num_non_nans: 65536
Batch 14: torch.Size([128, 3, 64, 512])
batch.shape: torch.Size([128, 3, 64, 512])
batch.min(): -1.0
batch.max(): 1.0
batch.device: cuda:0
net_out.shape: torch.Size([128, 512])
num_nans: 0
num_non_nans: 65536
Batch 15: torch.Size([128, 3, 64, 512])
batch.shape: torch.Size([128, 3, 64, 512])
batch.min(): -1.0
batch.max(): 1.0
batch.device: cuda:0
net_out.shape: torch.Size([128, 512])
num_nans: 0
num_non_nans: 65536
Batch 16: torch.Size([128, 3, 64, 512])
batch.shape: torch.Size([128, 3, 64, 512])
batch.min(): -1.0
batch.max(): 1.0
batch.device: cuda:0
net_out.shape: torch.Size([128, 512])
num_nans: 0
num_non_nans: 65536
Batch 17: torch.Size([128, 3, 64, 512])
batch.shape: torch.Size([128, 3, 64, 512])
batch.min(): -1.0
batch.max(): 1.0
batch.device: cuda:0
net_out.shape: torch.Size([128, 512])
num_nans: 0
num_non_nans: 65536
Batch 18: torch.Size([128, 3, 64, 512])
batch.shape: torch.Size([128, 3, 64, 512])
batch.min(): -1.0
batch.max(): 1.0
batch.device: cuda:0
net_out.shape: torch.Size([128, 512])
num_nans: 0
num_non_nans: 65536
Batch 19: torch.Size([128, 3, 64, 512])
batch.shape: torch.Size([128, 3, 64, 512])
batch.min(): -1.0
batch.max(): 1.0
batch.device: cuda:0
net_out.shape: torch.Size([128, 512])
num_nans: 0
num_non_nans: 65536
Batch 20: torch.Size([128, 3, 64, 512])
batch.shape: torch.Size([128, 3, 64, 512])
batch.min(): -1.0
batch.max(): 1.0
batch.device: cuda:0
net_out.shape: torch.Size([128, 512])
num_nans: 0
num_non_nans: 65536
Batch 21: torch.Size([128, 3, 64, 512])
batch.shape: torch.Size([128, 3, 64, 512])
batch.min(): -1.0
batch.max(): 1.0
batch.device: cuda:0
net_out.shape: torch.Size([128, 512])
num_nans: 0
num_non_nans: 65536
Batch 22: torch.Size([128, 3, 64, 512])
batch.shape: torch.Size([128, 3, 64, 512])
batch.min(): -1.0
batch.max(): 1.0
batch.device: cuda:0
net_out.shape: torch.Size([128, 512])
num_nans: 0
num_non_nans: 65536
Batch 23: torch.Size([128, 3, 64, 512])
batch.shape: torch.Size([128, 3, 64, 512])
batch.min(): -1.0
batch.max(): 1.0
batch.device: cuda:0
net_out.shape: torch.Size([128, 512])
num_nans: 0
num_non_nans: 65536
Batch 24: torch.Size([128, 3, 64, 512])
batch.shape: torch.Size([128, 3, 64, 512])
batch.min(): -1.0
batch.max(): 1.0
batch.device: cuda:0
net_out.shape: torch.Size([128, 512])
num_nans: 0
num_non_nans: 65536
Batch 25: torch.Size([128, 3, 64, 512])
batch.shape: torch.Size([128, 3, 64, 512])
batch.min(): -1.0
batch.max(): 1.0
batch.device: cuda:0
net_out.shape: torch.Size([128, 512])
num_nans: 0
num_non_nans: 65536
Batch 26: torch.Size([128, 3, 64, 512])
batch.shape: torch.Size([128, 3, 64, 512])
batch.min(): -1.0
batch.max(): 1.0
batch.device: cuda:0
net_out.shape: torch.Size([128, 512])
num_nans: 0
num_non_nans: 65536
Batch 27: torch.Size([128, 3, 64, 512])
batch.shape: torch.Size([128, 3, 64, 512])
batch.min(): -1.0
batch.max(): 1.0
batch.device: cuda:0
net_out.shape: torch.Size([128, 512])
num_nans: 0
num_non_nans: 65536
Batch 28: torch.Size([128, 3, 64, 512])
batch.shape: torch.Size([128, 3, 64, 512])
batch.min(): -1.0
batch.max(): 1.0
batch.device: cuda:0
net_out.shape: torch.Size([128, 512])
num_nans: 0
num_non_nans: 65536
Batch 29: torch.Size([128, 3, 64, 512])
batch.shape: torch.Size([128, 3, 64, 512])
batch.min(): -1.0
batch.max(): 1.0
batch.device: cuda:0
net_out.shape: torch.Size([128, 512])
num_nans: 0
num_non_nans: 65536
Batch 30: torch.Size([128, 3, 64, 512])
batch.shape: torch.Size([128, 3, 64, 512])
batch.min(): -1.0
batch.max(): 1.0
batch.device: cuda:0
net_out.shape: torch.Size([128, 512])
num_nans: 0
num_non_nans: 65536
Batch 31: torch.Size([128, 3, 64, 512])
batch.shape: torch.Size([128, 3, 64, 512])
batch.min(): -1.0
batch.max(): 1.0
batch.device: cuda:0
net_out.shape: torch.Size([128, 512])
num_nans: 0
num_non_nans: 65536
Batch 32: torch.Size([128, 3, 64, 512])
batch.shape: torch.Size([128, 3, 64, 512])
batch.min(): -1.0
batch.max(): 1.0
batch.device: cuda:0
net_out.shape: torch.Size([128, 512])
num_nans: 0
num_non_nans: 65536
Batch 33: torch.Size([128, 3, 64, 512])
batch.shape: torch.Size([128, 3, 64, 512])
batch.min(): -1.0
batch.max(): 1.0
batch.device: cuda:0
net_out.shape: torch.Size([128, 512])
num_nans: 0
num_non_nans: 65536
Batch 34: torch.Size([128, 3, 64, 512])
batch.shape: torch.Size([128, 3, 64, 512])
batch.min(): -1.0
batch.max(): 1.0
batch.device: cuda:0
net_out.shape: torch.Size([128, 512])
num_nans: 0
num_non_nans: 65536
Batch 35: torch.Size([128, 3, 64, 512])
batch.shape: torch.Size([128, 3, 64, 512])
batch.min(): -1.0
batch.max(): 1.0
batch.device: cuda:0
net_out.shape: torch.Size([128, 512])
num_nans: 0
num_non_nans: 65536
Batch 36: torch.Size([128, 3, 64, 512])
batch.shape: torch.Size([128, 3, 64, 512])
batch.min(): -1.0
batch.max(): 1.0
batch.device: cuda:0
net_out.shape: torch.Size([128, 512])
num_nans: 0
num_non_nans: 65536
Batch 37: torch.Size([128, 3, 64, 512])
batch.shape: torch.Size([128, 3, 64, 512])
batch.min(): -1.0
batch.max(): 1.0
batch.device: cuda:0
net_out.shape: torch.Size([128, 512])
num_nans: 0
num_non_nans: 65536
Batch 38: torch.Size([128, 3, 64, 512])
batch.shape: torch.Size([128, 3, 64, 512])
batch.min(): -1.0
batch.max(): 1.0
batch.device: cuda:0
net_out.shape: torch.Size([128, 512])
num_nans: 0
num_non_nans: 65536
Batch 39: torch.Size([128, 3, 64, 512])
batch.shape: torch.Size([128, 3, 64, 512])
batch.min(): -1.0
batch.max(): 1.0
batch.device: cuda:0
net_out.shape: torch.Size([128, 512])
num_nans: 0
num_non_nans: 65536
Batch 40: torch.Size([128, 3, 64, 512])
batch.shape: torch.Size([128, 3, 64, 512])
batch.min(): -1.0
batch.max(): 1.0
batch.device: cuda:0
net_out.shape: torch.Size([128, 512])
num_nans: 0
num_non_nans: 65536
Batch 41: torch.Size([128, 3, 64, 512])
batch.shape: torch.Size([128, 3, 64, 512])
batch.min(): -1.0
batch.max(): 1.0
batch.device: cuda:0
net_out.shape: torch.Size([128, 512])
num_nans: 0
num_non_nans: 65536
Batch 42: torch.Size([128, 3, 64, 512])
batch.shape: torch.Size([128, 3, 64, 512])
batch.min(): -1.0
batch.max(): 1.0
batch.device: cuda:0
net_out.shape: torch.Size([128, 512])
num_nans: 0
num_non_nans: 65536
Batch 43: torch.Size([128, 3, 64, 512])
batch.shape: torch.Size([128, 3, 64, 512])
batch.min(): -1.0
batch.max(): 1.0
batch.device: cuda:0
net_out.shape: torch.Size([128, 512])
num_nans: 0
num_non_nans: 65536
Batch 44: torch.Size([128, 3, 64, 512])
batch.shape: torch.Size([128, 3, 64, 512])
batch.min(): -1.0
batch.max(): 1.0
batch.device: cuda:0
net_out.shape: torch.Size([128, 512])
num_nans: 0
num_non_nans: 65536
Batch 45: torch.Size([128, 3, 64, 512])
batch.shape: torch.Size([128, 3, 64, 512])
batch.min(): -1.0
batch.max(): 1.0
batch.device: cuda:0
net_out.shape: torch.Size([128, 512])
num_nans: 0
num_non_nans: 65536
Batch 46: torch.Size([128, 3, 64, 512])
batch.shape: torch.Size([128, 3, 64, 512])
batch.min(): -1.0
batch.max(): 1.0
batch.device: cuda:0
net_out.shape: torch.Size([128, 512])
num_nans: 0
num_non_nans: 65536
Batch 47: torch.Size([128, 3, 64, 512])
batch.shape: torch.Size([128, 3, 64, 512])
batch.min(): -1.0
batch.max(): 1.0
batch.device: cuda:0
net_out.shape: torch.Size([128, 512])
num_nans: 0
num_non_nans: 65536
Batch 48: torch.Size([128, 3, 64, 512])
batch.shape: torch.Size([128, 3, 64, 512])
batch.min(): -1.0
batch.max(): 1.0
batch.device: cuda:0
net_out.shape: torch.Size([128, 512])
num_nans: 0
num_non_nans: 65536
Batch 49: torch.Size([128, 3, 64, 512])
batch.shape: torch.Size([128, 3, 64, 512])
batch.min(): -1.0
batch.max(): 1.0
batch.device: cuda:0
net_out.shape: torch.Size([128, 512])
num_nans: 0
num_non_nans: 65536
Batch 50: torch.Size([128, 3, 64, 512])
batch.shape: torch.Size([128, 3, 64, 512])
batch.min(): -1.0
batch.max(): 1.0
batch.device: cuda:0
net_out.shape: torch.Size([128, 512])
num_nans: 0
num_non_nans: 65536
Batch 51: torch.Size([128, 3, 64, 512])
batch.shape: torch.Size([128, 3, 64, 512])
batch.min(): -1.0
batch.max(): 1.0
batch.device: cuda:0
net_out.shape: torch.Size([128, 512])
num_nans: 0
num_non_nans: 65536
Batch 52: torch.Size([128, 3, 64, 512])
batch.shape: torch.Size([128, 3, 64, 512])
batch.min(): -1.0
batch.max(): 1.0
batch.device: cuda:0
net_out.shape: torch.Size([128, 512])
num_nans: 0
num_non_nans: 65536
Batch 53: torch.Size([128, 3, 64, 512])
batch.shape: torch.Size([128, 3, 64, 512])
batch.min(): -1.0
batch.max(): 1.0
batch.device: cuda:0
net_out.shape: torch.Size([128, 512])
num_nans: 0
num_non_nans: 65536
Batch 54: torch.Size([128, 3, 64, 512])
batch.shape: torch.Size([128, 3, 64, 512])
batch.min(): -1.0
batch.max(): 1.0
batch.device: cuda:0
net_out.shape: torch.Size([128, 512])
num_nans: 0
num_non_nans: 65536
Batch 55: torch.Size([128, 3, 64, 512])
batch.shape: torch.Size([128, 3, 64, 512])
batch.min(): -1.0
batch.max(): 1.0
batch.device: cuda:0
net_out.shape: torch.Size([128, 512])
num_nans: 0
num_non_nans: 65536
Batch 56: torch.Size([128, 3, 64, 512])
batch.shape: torch.Size([128, 3, 64, 512])
batch.min(): -1.0
batch.max(): 1.0
batch.device: cuda:0
net_out.shape: torch.Size([128, 512])
num_nans: 0
num_non_nans: 65536
Batch 57: torch.Size([128, 3, 64, 512])
batch.shape: torch.Size([128, 3, 64, 512])
batch.min(): -1.0
batch.max(): 1.0
batch.device: cuda:0
net_out.shape: torch.Size([128, 512])
num_nans: 0
num_non_nans: 65536
Batch 58: torch.Size([128, 3, 64, 512])
batch.shape: torch.Size([128, 3, 64, 512])
batch.min(): -1.0
batch.max(): 1.0
batch.device: cuda:0
net_out.shape: torch.Size([128, 512])
num_nans: 0
num_non_nans: 65536
Batch 59: torch.Size([128, 3, 64, 512])
batch.shape: torch.Size([128, 3, 64, 512])
batch.min(): -1.0
batch.max(): 1.0
batch.device: cuda:0
net_out.shape: torch.Size([128, 512])
num_nans: 0
num_non_nans: 65536
Batch 60: torch.Size([128, 3, 64, 512])
batch.shape: torch.Size([128, 3, 64, 512])
batch.min(): -1.0
batch.max(): 1.0
batch.device: cuda:0
net_out.shape: torch.Size([128, 512])
num_nans: 0
num_non_nans: 65536
Batch 61: torch.Size([128, 3, 64, 512])
batch.shape: torch.Size([128, 3, 64, 512])
batch.min(): -1.0
batch.max(): 1.0
batch.device: cuda:0
net_out.shape: torch.Size([128, 512])
num_nans: 0
num_non_nans: 65536
Batch 62: torch.Size([128, 3, 64, 512])
batch.shape: torch.Size([128, 3, 64, 512])
batch.min(): -1.0
batch.max(): 1.0
batch.device: cuda:0
net_out.shape: torch.Size([128, 512])
num_nans: 0
num_non_nans: 65536
Batch 63: torch.Size([128, 3, 64, 512])
batch.shape: torch.Size([128, 3, 64, 512])
batch.min(): -1.0
batch.max(): 1.0
batch.device: cuda:0
net_out.shape: torch.Size([128, 512])
num_nans: 0
num_non_nans: 65536
Training: 2025-04-09 03:44:21,106-[val][Global step: 8000] d prime: 7.014205455780029
Model saved with d prime score: 7.014205455780029
Training: 2025-04-09 03:44:38,579-Speed 14.36 samples/sec   Loss 0.3426   LearningRate 0.000972   Epoch: 5   Global Step: 8010   Fp16 Grad Scale: 131072   Required: 157 hours
Training: 2025-04-09 03:44:55,599-Speed 75.21 samples/sec   Loss 0.3707   LearningRate 0.000972   Epoch: 5   Global Step: 8020   Fp16 Grad Scale: 131072   Required: 157 hours
Training: 2025-04-09 03:45:11,354-Speed 81.25 samples/sec   Loss 0.4205   LearningRate 0.000972   Epoch: 5   Global Step: 8030   Fp16 Grad Scale: 131072   Required: 157 hours
Training: 2025-04-09 03:45:27,206-Speed 80.75 samples/sec   Loss 0.4124   LearningRate 0.000972   Epoch: 5   Global Step: 8040   Fp16 Grad Scale: 131072   Required: 157 hours
Training: 2025-04-09 03:45:43,227-Speed 79.90 samples/sec   Loss 0.3735   LearningRate 0.000972   Epoch: 5   Global Step: 8050   Fp16 Grad Scale: 131072   Required: 157 hours
Training: 2025-04-09 03:45:59,280-Speed 79.74 samples/sec   Loss 0.3018   LearningRate 0.000972   Epoch: 5   Global Step: 8060   Fp16 Grad Scale: 131072   Required: 157 hours
Training: 2025-04-09 03:46:15,201-Speed 80.40 samples/sec   Loss 0.3214   LearningRate 0.000972   Epoch: 5   Global Step: 8070   Fp16 Grad Scale: 131072   Required: 157 hours
Training: 2025-04-09 03:46:31,123-Speed 80.39 samples/sec   Loss 0.3427   LearningRate 0.000972   Epoch: 5   Global Step: 8080   Fp16 Grad Scale: 131072   Required: 157 hours
Training: 2025-04-09 03:46:47,055-Speed 80.34 samples/sec   Loss 0.2818   LearningRate 0.000972   Epoch: 5   Global Step: 8090   Fp16 Grad Scale: 262144   Required: 157 hours
Training: 2025-04-09 03:47:03,016-Speed 80.20 samples/sec   Loss 0.2787   LearningRate 0.000972   Epoch: 5   Global Step: 8100   Fp16 Grad Scale: 262144   Required: 156 hours
Training: 2025-04-09 03:47:18,903-Speed 80.57 samples/sec   Loss 0.2955   LearningRate 0.000972   Epoch: 5   Global Step: 8110   Fp16 Grad Scale: 262144   Required: 156 hours
Training: 2025-04-09 03:47:34,823-Speed 80.41 samples/sec   Loss 0.2935   LearningRate 0.000972   Epoch: 5   Global Step: 8120   Fp16 Grad Scale: 262144   Required: 156 hours
Training: 2025-04-09 03:47:50,711-Speed 80.57 samples/sec   Loss 0.3485   LearningRate 0.000971   Epoch: 5   Global Step: 8130   Fp16 Grad Scale: 262144   Required: 156 hours
Training: 2025-04-09 03:48:06,611-Speed 80.51 samples/sec   Loss 0.4136   LearningRate 0.000971   Epoch: 5   Global Step: 8140   Fp16 Grad Scale: 262144   Required: 156 hours
Training: 2025-04-09 03:48:22,574-Speed 80.19 samples/sec   Loss 0.3933   LearningRate 0.000971   Epoch: 5   Global Step: 8150   Fp16 Grad Scale: 262144   Required: 156 hours
Training: 2025-04-09 03:48:38,417-Speed 80.80 samples/sec   Loss 0.3238   LearningRate 0.000971   Epoch: 5   Global Step: 8160   Fp16 Grad Scale: 262144   Required: 156 hours
Training: 2025-04-09 03:48:54,259-Speed 80.80 samples/sec   Loss 0.3288   LearningRate 0.000971   Epoch: 5   Global Step: 8170   Fp16 Grad Scale: 262144   Required: 156 hours
Training: 2025-04-09 03:49:10,105-Speed 80.78 samples/sec   Loss 0.2632   LearningRate 0.000971   Epoch: 5   Global Step: 8180   Fp16 Grad Scale: 262144   Required: 156 hours
Training: 2025-04-09 03:49:26,100-Speed 80.03 samples/sec   Loss 0.3959   LearningRate 0.000971   Epoch: 5   Global Step: 8190   Fp16 Grad Scale: 262144   Required: 156 hours
Training: 2025-04-09 03:49:42,586-Speed 77.64 samples/sec   Loss 0.2777   LearningRate 0.000971   Epoch: 5   Global Step: 8200   Fp16 Grad Scale: 262144   Required: 156 hours
Training: 2025-04-09 03:49:59,314-Speed 76.52 samples/sec   Loss 0.2575   LearningRate 0.000971   Epoch: 5   Global Step: 8210   Fp16 Grad Scale: 262144   Required: 156 hours
Training: 2025-04-09 03:50:15,234-Speed 80.40 samples/sec   Loss 0.3023   LearningRate 0.000971   Epoch: 5   Global Step: 8220   Fp16 Grad Scale: 262144   Required: 156 hours
Training: 2025-04-09 03:50:31,224-Speed 80.05 samples/sec   Loss 0.3460   LearningRate 0.000971   Epoch: 5   Global Step: 8230   Fp16 Grad Scale: 262144   Required: 156 hours
Training: 2025-04-09 03:50:47,398-Speed 79.14 samples/sec   Loss 0.2982   LearningRate 0.000971   Epoch: 5   Global Step: 8240   Fp16 Grad Scale: 262144   Required: 156 hours
Training: 2025-04-09 03:51:03,397-Speed 80.01 samples/sec   Loss 0.2878   LearningRate 0.000971   Epoch: 5   Global Step: 8250   Fp16 Grad Scale: 262144   Required: 156 hours
Training: 2025-04-09 03:51:19,543-Speed 79.28 samples/sec   Loss 0.3486   LearningRate 0.000971   Epoch: 5   Global Step: 8260   Fp16 Grad Scale: 262144   Required: 156 hours
Training: 2025-04-09 03:51:35,508-Speed 80.18 samples/sec   Loss 0.2956   LearningRate 0.000971   Epoch: 5   Global Step: 8270   Fp16 Grad Scale: 262144   Required: 156 hours
Training: 2025-04-09 03:51:51,686-Speed 79.12 samples/sec   Loss 0.3250   LearningRate 0.000971   Epoch: 5   Global Step: 8280   Fp16 Grad Scale: 262144   Required: 156 hours
Training: 2025-04-09 03:52:07,523-Speed 80.83 samples/sec   Loss 0.3588   LearningRate 0.000971   Epoch: 5   Global Step: 8290   Fp16 Grad Scale: 524288   Required: 156 hours
Training: 2025-04-09 03:52:23,662-Speed 79.31 samples/sec   Loss 0.3120   LearningRate 0.000971   Epoch: 5   Global Step: 8300   Fp16 Grad Scale: 524288   Required: 156 hours
Training: 2025-04-09 03:52:39,547-Speed 80.58 samples/sec   Loss 0.2960   LearningRate 0.000971   Epoch: 5   Global Step: 8310   Fp16 Grad Scale: 262144   Required: 156 hours
Training: 2025-04-09 03:52:55,576-Speed 79.86 samples/sec   Loss 0.3791   LearningRate 0.000971   Epoch: 5   Global Step: 8320   Fp16 Grad Scale: 262144   Required: 155 hours
Training: 2025-04-09 03:53:11,496-Speed 80.40 samples/sec   Loss 0.4284   LearningRate 0.000971   Epoch: 5   Global Step: 8330   Fp16 Grad Scale: 262144   Required: 155 hours
Training: 2025-04-09 03:53:27,327-Speed 80.86 samples/sec   Loss 0.4372   LearningRate 0.000971   Epoch: 5   Global Step: 8340   Fp16 Grad Scale: 262144   Required: 155 hours
Training: 2025-04-09 03:53:43,270-Speed 80.29 samples/sec   Loss 0.3671   LearningRate 0.000971   Epoch: 5   Global Step: 8350   Fp16 Grad Scale: 262144   Required: 155 hours
Training: 2025-04-09 03:53:59,356-Speed 79.58 samples/sec   Loss 0.2807   LearningRate 0.000971   Epoch: 5   Global Step: 8360   Fp16 Grad Scale: 262144   Required: 155 hours
Training: 2025-04-09 03:54:15,210-Speed 80.74 samples/sec   Loss 0.4383   LearningRate 0.000971   Epoch: 5   Global Step: 8370   Fp16 Grad Scale: 262144   Required: 155 hours
Training: 2025-04-09 03:54:31,258-Speed 79.76 samples/sec   Loss 0.3116   LearningRate 0.000971   Epoch: 5   Global Step: 8380   Fp16 Grad Scale: 262144   Required: 155 hours
Training: 2025-04-09 03:54:48,761-Speed 73.13 samples/sec   Loss 0.2943   LearningRate 0.000971   Epoch: 5   Global Step: 8390   Fp16 Grad Scale: 262144   Required: 155 hours
Training: 2025-04-09 03:55:04,891-Speed 79.36 samples/sec   Loss 0.3725   LearningRate 0.000971   Epoch: 5   Global Step: 8400   Fp16 Grad Scale: 262144   Required: 155 hours
Training: 2025-04-09 03:55:20,772-Speed 80.60 samples/sec   Loss 0.3860   LearningRate 0.000971   Epoch: 5   Global Step: 8410   Fp16 Grad Scale: 262144   Required: 155 hours
Training: 2025-04-09 03:55:36,833-Speed 79.70 samples/sec   Loss 0.3104   LearningRate 0.000970   Epoch: 5   Global Step: 8420   Fp16 Grad Scale: 262144   Required: 155 hours
Training: 2025-04-09 03:55:52,744-Speed 80.45 samples/sec   Loss 0.3068   LearningRate 0.000970   Epoch: 5   Global Step: 8430   Fp16 Grad Scale: 262144   Required: 155 hours
Training: 2025-04-09 03:56:08,747-Speed 79.99 samples/sec   Loss 0.4016   LearningRate 0.000970   Epoch: 5   Global Step: 8440   Fp16 Grad Scale: 262144   Required: 155 hours
Training: 2025-04-09 03:56:26,275-Speed 73.03 samples/sec   Loss 0.3343   LearningRate 0.000970   Epoch: 5   Global Step: 8450   Fp16 Grad Scale: 262144   Required: 155 hours
Training: 2025-04-09 03:56:44,911-Speed 68.69 samples/sec   Loss 0.5682   LearningRate 0.000970   Epoch: 5   Global Step: 8460   Fp16 Grad Scale: 262144   Required: 155 hours
Training: 2025-04-09 03:57:02,057-Speed 74.65 samples/sec   Loss 0.3308   LearningRate 0.000970   Epoch: 5   Global Step: 8470   Fp16 Grad Scale: 262144   Required: 155 hours
Training: 2025-04-09 03:57:18,230-Speed 79.15 samples/sec   Loss 0.4366   LearningRate 0.000970   Epoch: 5   Global Step: 8480   Fp16 Grad Scale: 131072   Required: 155 hours
Training: 2025-04-09 03:57:34,433-Speed 79.00 samples/sec   Loss 0.4370   LearningRate 0.000970   Epoch: 5   Global Step: 8490   Fp16 Grad Scale: 131072   Required: 155 hours
Training: 2025-04-09 03:57:50,413-Speed 80.10 samples/sec   Loss 0.5756   LearningRate 0.000970   Epoch: 5   Global Step: 8500   Fp16 Grad Scale: 131072   Required: 155 hours
Training: 2025-04-09 03:58:06,379-Speed 80.17 samples/sec   Loss 0.3637   LearningRate 0.000970   Epoch: 5   Global Step: 8510   Fp16 Grad Scale: 131072   Required: 155 hours
Training: 2025-04-09 03:58:22,327-Speed 80.26 samples/sec   Loss 0.3446   LearningRate 0.000970   Epoch: 5   Global Step: 8520   Fp16 Grad Scale: 131072   Required: 155 hours
Training: 2025-04-09 03:58:38,167-Speed 80.81 samples/sec   Loss 0.4101   LearningRate 0.000970   Epoch: 5   Global Step: 8530   Fp16 Grad Scale: 131072   Required: 155 hours
Training: 2025-04-09 03:58:54,048-Speed 80.60 samples/sec   Loss 0.3194   LearningRate 0.000970   Epoch: 5   Global Step: 8540   Fp16 Grad Scale: 131072   Required: 155 hours
Training: 2025-04-09 03:59:10,168-Speed 79.41 samples/sec   Loss 0.3183   LearningRate 0.000970   Epoch: 5   Global Step: 8550   Fp16 Grad Scale: 131072   Required: 155 hours
Training: 2025-04-09 03:59:26,388-Speed 78.92 samples/sec   Loss 0.3472   LearningRate 0.000970   Epoch: 5   Global Step: 8560   Fp16 Grad Scale: 131072   Required: 155 hours
Training: 2025-04-09 03:59:44,659-Speed 70.06 samples/sec   Loss 0.2435   LearningRate 0.000970   Epoch: 6   Global Step: 8570   Fp16 Grad Scale: 131072   Required: 154 hours
Training: 2025-04-09 04:00:01,616-Speed 75.48 samples/sec   Loss 0.2245   LearningRate 0.000970   Epoch: 6   Global Step: 8580   Fp16 Grad Scale: 262144   Required: 154 hours
Training: 2025-04-09 04:00:16,919-Speed 83.65 samples/sec   Loss 0.1804   LearningRate 0.000970   Epoch: 6   Global Step: 8590   Fp16 Grad Scale: 262144   Required: 154 hours
Training: 2025-04-09 04:00:32,206-Speed 83.73 samples/sec   Loss 0.2636   LearningRate 0.000970   Epoch: 6   Global Step: 8600   Fp16 Grad Scale: 262144   Required: 154 hours
Training: 2025-04-09 04:00:47,493-Speed 83.73 samples/sec   Loss 0.2519   LearningRate 0.000970   Epoch: 6   Global Step: 8610   Fp16 Grad Scale: 262144   Required: 154 hours
Training: 2025-04-09 04:01:02,906-Speed 83.05 samples/sec   Loss 0.2274   LearningRate 0.000970   Epoch: 6   Global Step: 8620   Fp16 Grad Scale: 262144   Required: 154 hours
Training: 2025-04-09 04:01:18,569-Speed 81.72 samples/sec   Loss 0.2334   LearningRate 0.000970   Epoch: 6   Global Step: 8630   Fp16 Grad Scale: 262144   Required: 154 hours
Training: 2025-04-09 04:01:34,201-Speed 81.89 samples/sec   Loss 0.3465   LearningRate 0.000970   Epoch: 6   Global Step: 8640   Fp16 Grad Scale: 262144   Required: 154 hours
Training: 2025-04-09 04:01:49,673-Speed 82.73 samples/sec   Loss 0.2906   LearningRate 0.000970   Epoch: 6   Global Step: 8650   Fp16 Grad Scale: 262144   Required: 154 hours
Training: 2025-04-09 04:02:04,984-Speed 83.60 samples/sec   Loss 0.2016   LearningRate 0.000970   Epoch: 6   Global Step: 8660   Fp16 Grad Scale: 262144   Required: 154 hours
Training: 2025-04-09 04:02:20,244-Speed 83.88 samples/sec   Loss 0.2556   LearningRate 0.000970   Epoch: 6   Global Step: 8670   Fp16 Grad Scale: 262144   Required: 154 hours
Training: 2025-04-09 04:02:35,904-Speed 81.74 samples/sec   Loss 0.2645   LearningRate 0.000970   Epoch: 6   Global Step: 8680   Fp16 Grad Scale: 524288   Required: 154 hours
Training: 2025-04-09 04:02:51,231-Speed 83.51 samples/sec   Loss 0.2044   LearningRate 0.000970   Epoch: 6   Global Step: 8690   Fp16 Grad Scale: 524288   Required: 154 hours
Training: 2025-04-09 04:03:06,645-Speed 83.04 samples/sec   Loss 0.1869   LearningRate 0.000969   Epoch: 6   Global Step: 8700   Fp16 Grad Scale: 524288   Required: 154 hours
Training: 2025-04-09 04:03:22,221-Speed 82.18 samples/sec   Loss 0.2354   LearningRate 0.000969   Epoch: 6   Global Step: 8710   Fp16 Grad Scale: 262144   Required: 154 hours
Training: 2025-04-09 04:03:37,648-Speed 82.98 samples/sec   Loss 0.2652   LearningRate 0.000969   Epoch: 6   Global Step: 8720   Fp16 Grad Scale: 262144   Required: 154 hours
Training: 2025-04-09 04:03:53,368-Speed 81.43 samples/sec   Loss 0.2772   LearningRate 0.000969   Epoch: 6   Global Step: 8730   Fp16 Grad Scale: 262144   Required: 154 hours
Training: 2025-04-09 04:04:08,789-Speed 83.01 samples/sec   Loss 0.1749   LearningRate 0.000969   Epoch: 6   Global Step: 8740   Fp16 Grad Scale: 262144   Required: 154 hours
Training: 2025-04-09 04:04:24,354-Speed 82.24 samples/sec   Loss 0.2367   LearningRate 0.000969   Epoch: 6   Global Step: 8750   Fp16 Grad Scale: 262144   Required: 154 hours
Training: 2025-04-09 04:04:39,677-Speed 83.54 samples/sec   Loss 0.2956   LearningRate 0.000969   Epoch: 6   Global Step: 8760   Fp16 Grad Scale: 262144   Required: 154 hours
Training: 2025-04-09 04:04:56,887-Speed 74.38 samples/sec   Loss 0.2623   LearningRate 0.000969   Epoch: 6   Global Step: 8770   Fp16 Grad Scale: 262144   Required: 154 hours
Training: 2025-04-09 04:05:12,339-Speed 82.84 samples/sec   Loss 0.2756   LearningRate 0.000969   Epoch: 6   Global Step: 8780   Fp16 Grad Scale: 262144   Required: 154 hours
Training: 2025-04-09 04:05:27,759-Speed 83.02 samples/sec   Loss 0.2537   LearningRate 0.000969   Epoch: 6   Global Step: 8790   Fp16 Grad Scale: 262144   Required: 153 hours
Training: 2025-04-09 04:05:43,260-Speed 82.58 samples/sec   Loss 0.3718   LearningRate 0.000969   Epoch: 6   Global Step: 8800   Fp16 Grad Scale: 262144   Required: 153 hours
Training: 2025-04-09 04:05:58,706-Speed 82.87 samples/sec   Loss 0.2830   LearningRate 0.000969   Epoch: 6   Global Step: 8810   Fp16 Grad Scale: 262144   Required: 153 hours
Training: 2025-04-09 04:06:14,154-Speed 82.86 samples/sec   Loss 0.2448   LearningRate 0.000969   Epoch: 6   Global Step: 8820   Fp16 Grad Scale: 262144   Required: 153 hours
Training: 2025-04-09 04:06:29,527-Speed 83.27 samples/sec   Loss 0.2718   LearningRate 0.000969   Epoch: 6   Global Step: 8830   Fp16 Grad Scale: 262144   Required: 153 hours
Training: 2025-04-09 04:06:44,949-Speed 83.00 samples/sec   Loss 0.2526   LearningRate 0.000969   Epoch: 6   Global Step: 8840   Fp16 Grad Scale: 262144   Required: 153 hours
Training: 2025-04-09 04:07:00,388-Speed 82.91 samples/sec   Loss 0.2705   LearningRate 0.000969   Epoch: 6   Global Step: 8850   Fp16 Grad Scale: 262144   Required: 153 hours
Training: 2025-04-09 04:07:15,748-Speed 83.34 samples/sec   Loss 0.2772   LearningRate 0.000969   Epoch: 6   Global Step: 8860   Fp16 Grad Scale: 262144   Required: 153 hours
Training: 2025-04-09 04:07:31,259-Speed 82.52 samples/sec   Loss 0.2742   LearningRate 0.000969   Epoch: 6   Global Step: 8870   Fp16 Grad Scale: 262144   Required: 153 hours
Training: 2025-04-09 04:07:46,660-Speed 83.11 samples/sec   Loss 0.2514   LearningRate 0.000969   Epoch: 6   Global Step: 8880   Fp16 Grad Scale: 262144   Required: 153 hours
Training: 2025-04-09 04:08:01,974-Speed 83.59 samples/sec   Loss 0.2258   LearningRate 0.000969   Epoch: 6   Global Step: 8890   Fp16 Grad Scale: 262144   Required: 153 hours
Training: 2025-04-09 04:08:17,810-Speed 80.83 samples/sec   Loss 0.1890   LearningRate 0.000969   Epoch: 6   Global Step: 8900   Fp16 Grad Scale: 262144   Required: 153 hours
Training: 2025-04-09 04:08:33,294-Speed 82.67 samples/sec   Loss 0.2422   LearningRate 0.000969   Epoch: 6   Global Step: 8910   Fp16 Grad Scale: 262144   Required: 153 hours
Training: 2025-04-09 04:08:48,913-Speed 81.95 samples/sec   Loss 0.2725   LearningRate 0.000969   Epoch: 6   Global Step: 8920   Fp16 Grad Scale: 262144   Required: 153 hours
Training: 2025-04-09 04:09:04,323-Speed 83.06 samples/sec   Loss 0.2688   LearningRate 0.000969   Epoch: 6   Global Step: 8930   Fp16 Grad Scale: 131072   Required: 153 hours
Training: 2025-04-09 04:09:19,731-Speed 83.08 samples/sec   Loss 0.2088   LearningRate 0.000969   Epoch: 6   Global Step: 8940   Fp16 Grad Scale: 131072   Required: 153 hours
Training: 2025-04-09 04:09:35,229-Speed 82.59 samples/sec   Loss 0.2625   LearningRate 0.000969   Epoch: 6   Global Step: 8950   Fp16 Grad Scale: 131072   Required: 153 hours
Training: 2025-04-09 04:09:50,603-Speed 83.26 samples/sec   Loss 0.2968   LearningRate 0.000969   Epoch: 6   Global Step: 8960   Fp16 Grad Scale: 131072   Required: 153 hours
Training: 2025-04-09 04:10:07,767-Speed 74.58 samples/sec   Loss 0.2302   LearningRate 0.000969   Epoch: 6   Global Step: 8970   Fp16 Grad Scale: 131072   Required: 153 hours
Training: 2025-04-09 04:10:23,467-Speed 81.53 samples/sec   Loss 0.1786   LearningRate 0.000969   Epoch: 6   Global Step: 8980   Fp16 Grad Scale: 131072   Required: 153 hours
Training: 2025-04-09 04:10:39,142-Speed 81.67 samples/sec   Loss 0.1842   LearningRate 0.000968   Epoch: 6   Global Step: 8990   Fp16 Grad Scale: 131072   Required: 153 hours
Training: 2025-04-09 04:10:54,534-Speed 83.16 samples/sec   Loss 0.3117   LearningRate 0.000968   Epoch: 6   Global Step: 9000   Fp16 Grad Scale: 131072   Required: 153 hours
Training: 2025-04-09 04:11:10,214-Speed 81.64 samples/sec   Loss 0.1953   LearningRate 0.000968   Epoch: 6   Global Step: 9010   Fp16 Grad Scale: 131072   Required: 153 hours
Training: 2025-04-09 04:11:25,691-Speed 82.70 samples/sec   Loss 0.2717   LearningRate 0.000968   Epoch: 6   Global Step: 9020   Fp16 Grad Scale: 131072   Required: 153 hours
Training: 2025-04-09 04:11:40,969-Speed 83.78 samples/sec   Loss 0.1620   LearningRate 0.000968   Epoch: 6   Global Step: 9030   Fp16 Grad Scale: 262144   Required: 152 hours
Training: 2025-04-09 04:11:56,487-Speed 82.49 samples/sec   Loss 0.1692   LearningRate 0.000968   Epoch: 6   Global Step: 9040   Fp16 Grad Scale: 262144   Required: 152 hours
Training: 2025-04-09 04:12:11,990-Speed 82.57 samples/sec   Loss 0.3289   LearningRate 0.000968   Epoch: 6   Global Step: 9050   Fp16 Grad Scale: 131072   Required: 152 hours
Training: 2025-04-09 04:12:27,395-Speed 83.09 samples/sec   Loss 0.2187   LearningRate 0.000968   Epoch: 6   Global Step: 9060   Fp16 Grad Scale: 131072   Required: 152 hours
Training: 2025-04-09 04:12:43,091-Speed 81.55 samples/sec   Loss 0.2701   LearningRate 0.000968   Epoch: 6   Global Step: 9070   Fp16 Grad Scale: 131072   Required: 152 hours
Training: 2025-04-09 04:12:58,674-Speed 82.14 samples/sec   Loss 0.2252   LearningRate 0.000968   Epoch: 6   Global Step: 9080   Fp16 Grad Scale: 131072   Required: 152 hours
Training: 2025-04-09 04:13:14,246-Speed 82.20 samples/sec   Loss 0.2242   LearningRate 0.000968   Epoch: 6   Global Step: 9090   Fp16 Grad Scale: 131072   Required: 152 hours
Training: 2025-04-09 04:13:29,919-Speed 81.67 samples/sec   Loss 0.2318   LearningRate 0.000968   Epoch: 6   Global Step: 9100   Fp16 Grad Scale: 131072   Required: 152 hours
Training: 2025-04-09 04:13:45,600-Speed 81.63 samples/sec   Loss 0.2996   LearningRate 0.000968   Epoch: 6   Global Step: 9110   Fp16 Grad Scale: 131072   Required: 152 hours
Training: 2025-04-09 04:14:01,025-Speed 82.99 samples/sec   Loss 0.2196   LearningRate 0.000968   Epoch: 6   Global Step: 9120   Fp16 Grad Scale: 131072   Required: 152 hours
Training: 2025-04-09 04:14:16,460-Speed 82.93 samples/sec   Loss 0.2925   LearningRate 0.000968   Epoch: 6   Global Step: 9130   Fp16 Grad Scale: 131072   Required: 152 hours
Training: 2025-04-09 04:14:31,922-Speed 82.79 samples/sec   Loss 0.2721   LearningRate 0.000968   Epoch: 6   Global Step: 9140   Fp16 Grad Scale: 131072   Required: 152 hours
Training: 2025-04-09 04:14:47,473-Speed 82.31 samples/sec   Loss 0.2600   LearningRate 0.000968   Epoch: 6   Global Step: 9150   Fp16 Grad Scale: 262144   Required: 152 hours
Training: 2025-04-09 04:15:04,861-Speed 73.62 samples/sec   Loss 0.2475   LearningRate 0.000968   Epoch: 6   Global Step: 9160   Fp16 Grad Scale: 262144   Required: 152 hours
Training: 2025-04-09 04:15:20,287-Speed 82.98 samples/sec   Loss 0.2322   LearningRate 0.000968   Epoch: 6   Global Step: 9170   Fp16 Grad Scale: 262144   Required: 152 hours
Training: 2025-04-09 04:15:35,725-Speed 82.92 samples/sec   Loss 0.2884   LearningRate 0.000968   Epoch: 6   Global Step: 9180   Fp16 Grad Scale: 262144   Required: 152 hours
Training: 2025-04-09 04:15:51,344-Speed 81.96 samples/sec   Loss 0.2931   LearningRate 0.000968   Epoch: 6   Global Step: 9190   Fp16 Grad Scale: 262144   Required: 152 hours
Training: 2025-04-09 04:16:06,829-Speed 82.66 samples/sec   Loss 0.2472   LearningRate 0.000968   Epoch: 6   Global Step: 9200   Fp16 Grad Scale: 262144   Required: 152 hours
Training: 2025-04-09 04:16:22,224-Speed 83.15 samples/sec   Loss 0.3359   LearningRate 0.000968   Epoch: 6   Global Step: 9210   Fp16 Grad Scale: 262144   Required: 152 hours
Training: 2025-04-09 04:16:37,789-Speed 82.24 samples/sec   Loss 0.3147   LearningRate 0.000968   Epoch: 6   Global Step: 9220   Fp16 Grad Scale: 262144   Required: 152 hours
Training: 2025-04-09 04:16:53,465-Speed 81.65 samples/sec   Loss 0.2807   LearningRate 0.000968   Epoch: 6   Global Step: 9230   Fp16 Grad Scale: 262144   Required: 152 hours
Training: 2025-04-09 04:17:09,369-Speed 80.49 samples/sec   Loss 0.2016   LearningRate 0.000968   Epoch: 6   Global Step: 9240   Fp16 Grad Scale: 262144   Required: 152 hours
Training: 2025-04-09 04:17:24,931-Speed 82.26 samples/sec   Loss 0.3118   LearningRate 0.000968   Epoch: 6   Global Step: 9250   Fp16 Grad Scale: 262144   Required: 152 hours
Training: 2025-04-09 04:17:40,463-Speed 82.41 samples/sec   Loss 0.3339   LearningRate 0.000968   Epoch: 6   Global Step: 9260   Fp16 Grad Scale: 262144   Required: 152 hours
Training: 2025-04-09 04:17:55,894-Speed 82.95 samples/sec   Loss 0.3452   LearningRate 0.000967   Epoch: 6   Global Step: 9270   Fp16 Grad Scale: 262144   Required: 151 hours
Training: 2025-04-09 04:18:11,679-Speed 81.09 samples/sec   Loss 0.1754   LearningRate 0.000967   Epoch: 6   Global Step: 9280   Fp16 Grad Scale: 262144   Required: 151 hours
Training: 2025-04-09 04:18:27,131-Speed 82.84 samples/sec   Loss 0.2170   LearningRate 0.000967   Epoch: 6   Global Step: 9290   Fp16 Grad Scale: 262144   Required: 151 hours
Training: 2025-04-09 04:18:42,889-Speed 81.23 samples/sec   Loss 0.2635   LearningRate 0.000967   Epoch: 6   Global Step: 9300   Fp16 Grad Scale: 262144   Required: 151 hours
Training: 2025-04-09 04:18:58,388-Speed 82.59 samples/sec   Loss 0.2842   LearningRate 0.000967   Epoch: 6   Global Step: 9310   Fp16 Grad Scale: 262144   Required: 151 hours
Training: 2025-04-09 04:19:13,973-Speed 82.13 samples/sec   Loss 0.2992   LearningRate 0.000967   Epoch: 6   Global Step: 9320   Fp16 Grad Scale: 262144   Required: 151 hours
Training: 2025-04-09 04:19:29,815-Speed 80.80 samples/sec   Loss 0.3313   LearningRate 0.000967   Epoch: 6   Global Step: 9330   Fp16 Grad Scale: 262144   Required: 151 hours
Training: 2025-04-09 04:19:45,515-Speed 81.53 samples/sec   Loss 0.3123   LearningRate 0.000967   Epoch: 6   Global Step: 9340   Fp16 Grad Scale: 262144   Required: 151 hours
Training: 2025-04-09 04:20:01,123-Speed 82.02 samples/sec   Loss 0.2224   LearningRate 0.000967   Epoch: 6   Global Step: 9350   Fp16 Grad Scale: 524288   Required: 151 hours
Training: 2025-04-09 04:20:18,175-Speed 75.06 samples/sec   Loss 0.3155   LearningRate 0.000967   Epoch: 6   Global Step: 9360   Fp16 Grad Scale: 262144   Required: 151 hours
Training: 2025-04-09 04:20:33,582-Speed 83.08 samples/sec   Loss 0.1933   LearningRate 0.000967   Epoch: 6   Global Step: 9370   Fp16 Grad Scale: 262144   Required: 151 hours
Training: 2025-04-09 04:20:49,423-Speed 80.81 samples/sec   Loss 0.3543   LearningRate 0.000967   Epoch: 6   Global Step: 9380   Fp16 Grad Scale: 262144   Required: 151 hours
Training: 2025-04-09 04:21:04,952-Speed 82.43 samples/sec   Loss 0.2663   LearningRate 0.000967   Epoch: 6   Global Step: 9390   Fp16 Grad Scale: 262144   Required: 151 hours
Training: 2025-04-09 04:21:20,371-Speed 83.02 samples/sec   Loss 0.2341   LearningRate 0.000967   Epoch: 6   Global Step: 9400   Fp16 Grad Scale: 262144   Required: 151 hours
Training: 2025-04-09 04:21:35,977-Speed 82.02 samples/sec   Loss 0.2842   LearningRate 0.000967   Epoch: 6   Global Step: 9410   Fp16 Grad Scale: 262144   Required: 151 hours
Training: 2025-04-09 04:21:51,725-Speed 81.28 samples/sec   Loss 0.2120   LearningRate 0.000967   Epoch: 6   Global Step: 9420   Fp16 Grad Scale: 262144   Required: 151 hours
Training: 2025-04-09 04:22:07,501-Speed 81.14 samples/sec   Loss 0.3409   LearningRate 0.000967   Epoch: 6   Global Step: 9430   Fp16 Grad Scale: 262144   Required: 151 hours
Training: 2025-04-09 04:22:23,249-Speed 81.28 samples/sec   Loss 0.2538   LearningRate 0.000967   Epoch: 6   Global Step: 9440   Fp16 Grad Scale: 262144   Required: 151 hours
Training: 2025-04-09 04:22:38,856-Speed 82.02 samples/sec   Loss 0.2381   LearningRate 0.000967   Epoch: 6   Global Step: 9450   Fp16 Grad Scale: 262144   Required: 151 hours
Training: 2025-04-09 04:22:54,407-Speed 82.31 samples/sec   Loss 0.3621   LearningRate 0.000967   Epoch: 6   Global Step: 9460   Fp16 Grad Scale: 262144   Required: 151 hours
Training: 2025-04-09 04:23:10,019-Speed 81.99 samples/sec   Loss 0.2541   LearningRate 0.000967   Epoch: 6   Global Step: 9470   Fp16 Grad Scale: 262144   Required: 151 hours
Training: 2025-04-09 04:23:25,700-Speed 81.63 samples/sec   Loss 0.3595   LearningRate 0.000967   Epoch: 6   Global Step: 9480   Fp16 Grad Scale: 262144   Required: 151 hours
Training: 2025-04-09 04:23:41,283-Speed 82.15 samples/sec   Loss 0.1867   LearningRate 0.000967   Epoch: 6   Global Step: 9490   Fp16 Grad Scale: 262144   Required: 151 hours
Training: 2025-04-09 04:23:57,006-Speed 81.41 samples/sec   Loss 0.2544   LearningRate 0.000967   Epoch: 6   Global Step: 9500   Fp16 Grad Scale: 262144   Required: 151 hours
Training: 2025-04-09 04:24:12,735-Speed 81.38 samples/sec   Loss 0.3204   LearningRate 0.000967   Epoch: 6   Global Step: 9510   Fp16 Grad Scale: 262144   Required: 151 hours
Training: 2025-04-09 04:24:28,531-Speed 81.04 samples/sec   Loss 0.2517   LearningRate 0.000967   Epoch: 6   Global Step: 9520   Fp16 Grad Scale: 262144   Required: 151 hours
Training: 2025-04-09 04:24:44,117-Speed 82.13 samples/sec   Loss 0.1872   LearningRate 0.000967   Epoch: 6   Global Step: 9530   Fp16 Grad Scale: 262144   Required: 150 hours
Training: 2025-04-09 04:24:59,651-Speed 82.40 samples/sec   Loss 0.3222   LearningRate 0.000967   Epoch: 6   Global Step: 9540   Fp16 Grad Scale: 262144   Required: 150 hours
Training: 2025-04-09 04:25:16,761-Speed 74.81 samples/sec   Loss 0.3168   LearningRate 0.000967   Epoch: 6   Global Step: 9550   Fp16 Grad Scale: 262144   Required: 150 hours
Training: 2025-04-09 04:25:32,310-Speed 82.32 samples/sec   Loss 0.2918   LearningRate 0.000966   Epoch: 6   Global Step: 9560   Fp16 Grad Scale: 524288   Required: 150 hours
Training: 2025-04-09 04:25:48,011-Speed 81.53 samples/sec   Loss 0.3656   LearningRate 0.000966   Epoch: 6   Global Step: 9570   Fp16 Grad Scale: 524288   Required: 150 hours
Training: 2025-04-09 04:26:03,574-Speed 82.25 samples/sec   Loss 0.2499   LearningRate 0.000966   Epoch: 6   Global Step: 9580   Fp16 Grad Scale: 262144   Required: 150 hours
Training: 2025-04-09 04:26:19,944-Speed 78.19 samples/sec   Loss 0.2311   LearningRate 0.000966   Epoch: 6   Global Step: 9590   Fp16 Grad Scale: 262144   Required: 150 hours
Training: 2025-04-09 04:26:37,924-Speed 71.19 samples/sec   Loss 0.3131   LearningRate 0.000966   Epoch: 6   Global Step: 9600   Fp16 Grad Scale: 262144   Required: 150 hours
Training: 2025-04-09 04:26:55,672-Speed 72.12 samples/sec   Loss 0.3288   LearningRate 0.000966   Epoch: 6   Global Step: 9610   Fp16 Grad Scale: 262144   Required: 150 hours
Training: 2025-04-09 04:27:12,118-Speed 77.83 samples/sec   Loss 0.2765   LearningRate 0.000966   Epoch: 6   Global Step: 9620   Fp16 Grad Scale: 262144   Required: 150 hours
Training: 2025-04-09 04:27:27,923-Speed 80.99 samples/sec   Loss 0.2491   LearningRate 0.000966   Epoch: 6   Global Step: 9630   Fp16 Grad Scale: 262144   Required: 150 hours
Training: 2025-04-09 04:27:43,564-Speed 81.84 samples/sec   Loss 0.2077   LearningRate 0.000966   Epoch: 6   Global Step: 9640   Fp16 Grad Scale: 262144   Required: 150 hours
Training: 2025-04-09 04:27:59,192-Speed 81.91 samples/sec   Loss 0.2684   LearningRate 0.000966   Epoch: 6   Global Step: 9650   Fp16 Grad Scale: 262144   Required: 150 hours
Training: 2025-04-09 04:28:14,760-Speed 82.22 samples/sec   Loss 0.2784   LearningRate 0.000966   Epoch: 6   Global Step: 9660   Fp16 Grad Scale: 262144   Required: 150 hours
Training: 2025-04-09 04:28:30,402-Speed 81.83 samples/sec   Loss 0.3476   LearningRate 0.000966   Epoch: 6   Global Step: 9670   Fp16 Grad Scale: 262144   Required: 150 hours
Training: 2025-04-09 04:28:46,302-Speed 80.51 samples/sec   Loss 0.1857   LearningRate 0.000966   Epoch: 6   Global Step: 9680   Fp16 Grad Scale: 262144   Required: 150 hours
Training: 2025-04-09 04:29:01,920-Speed 81.96 samples/sec   Loss 0.3150   LearningRate 0.000966   Epoch: 6   Global Step: 9690   Fp16 Grad Scale: 262144   Required: 150 hours
Training: 2025-04-09 04:29:17,633-Speed 81.47 samples/sec   Loss 0.2804   LearningRate 0.000966   Epoch: 6   Global Step: 9700   Fp16 Grad Scale: 262144   Required: 150 hours
Training: 2025-04-09 04:29:33,438-Speed 80.99 samples/sec   Loss 0.3709   LearningRate 0.000966   Epoch: 6   Global Step: 9710   Fp16 Grad Scale: 262144   Required: 150 hours
Training: 2025-04-09 04:29:49,175-Speed 81.34 samples/sec   Loss 0.2495   LearningRate 0.000966   Epoch: 6   Global Step: 9720   Fp16 Grad Scale: 262144   Required: 150 hours
Training: 2025-04-09 04:30:04,931-Speed 81.24 samples/sec   Loss 0.3892   LearningRate 0.000966   Epoch: 6   Global Step: 9730   Fp16 Grad Scale: 262144   Required: 150 hours
Training: 2025-04-09 04:30:22,343-Speed 73.51 samples/sec   Loss 0.2290   LearningRate 0.000966   Epoch: 6   Global Step: 9740   Fp16 Grad Scale: 262144   Required: 150 hours
Training: 2025-04-09 04:30:37,997-Speed 81.77 samples/sec   Loss 0.3830   LearningRate 0.000966   Epoch: 6   Global Step: 9750   Fp16 Grad Scale: 262144   Required: 150 hours
Training: 2025-04-09 04:30:53,743-Speed 81.29 samples/sec   Loss 0.2780   LearningRate 0.000966   Epoch: 6   Global Step: 9760   Fp16 Grad Scale: 262144   Required: 150 hours
Training: 2025-04-09 04:31:09,417-Speed 81.67 samples/sec   Loss 0.2685   LearningRate 0.000966   Epoch: 6   Global Step: 9770   Fp16 Grad Scale: 262144   Required: 150 hours
Training: 2025-04-09 04:31:24,994-Speed 82.18 samples/sec   Loss 0.2248   LearningRate 0.000966   Epoch: 6   Global Step: 9780   Fp16 Grad Scale: 524288   Required: 150 hours
Training: 2025-04-09 04:31:40,632-Speed 81.86 samples/sec   Loss 0.2705   LearningRate 0.000966   Epoch: 6   Global Step: 9790   Fp16 Grad Scale: 262144   Required: 150 hours
Training: 2025-04-09 04:31:56,430-Speed 81.02 samples/sec   Loss 0.2934   LearningRate 0.000966   Epoch: 6   Global Step: 9800   Fp16 Grad Scale: 262144   Required: 150 hours
Training: 2025-04-09 04:32:12,208-Speed 81.13 samples/sec   Loss 0.3107   LearningRate 0.000966   Epoch: 6   Global Step: 9810   Fp16 Grad Scale: 262144   Required: 150 hours
Training: 2025-04-09 04:32:27,884-Speed 81.66 samples/sec   Loss 0.3840   LearningRate 0.000966   Epoch: 6   Global Step: 9820   Fp16 Grad Scale: 262144   Required: 150 hours
Training: 2025-04-09 04:32:43,474-Speed 82.10 samples/sec   Loss 0.2472   LearningRate 0.000966   Epoch: 6   Global Step: 9830   Fp16 Grad Scale: 262144   Required: 149 hours
Training: 2025-04-09 04:32:59,170-Speed 81.55 samples/sec   Loss 0.3370   LearningRate 0.000965   Epoch: 6   Global Step: 9840   Fp16 Grad Scale: 262144   Required: 149 hours
Training: 2025-04-09 04:33:15,036-Speed 80.68 samples/sec   Loss 0.3104   LearningRate 0.000965   Epoch: 6   Global Step: 9850   Fp16 Grad Scale: 262144   Required: 149 hours
Training: 2025-04-09 04:33:30,660-Speed 81.93 samples/sec   Loss 0.3525   LearningRate 0.000965   Epoch: 6   Global Step: 9860   Fp16 Grad Scale: 262144   Required: 149 hours
Training: 2025-04-09 04:33:46,395-Speed 81.35 samples/sec   Loss 0.2780   LearningRate 0.000965   Epoch: 6   Global Step: 9870   Fp16 Grad Scale: 262144   Required: 149 hours
Training: 2025-04-09 04:34:02,018-Speed 81.94 samples/sec   Loss 0.2603   LearningRate 0.000965   Epoch: 6   Global Step: 9880   Fp16 Grad Scale: 262144   Required: 149 hours
Training: 2025-04-09 04:34:17,793-Speed 81.14 samples/sec   Loss 0.3181   LearningRate 0.000965   Epoch: 6   Global Step: 9890   Fp16 Grad Scale: 524288   Required: 149 hours
Training: 2025-04-09 04:34:33,524-Speed 81.37 samples/sec   Loss 0.2634   LearningRate 0.000965   Epoch: 6   Global Step: 9900   Fp16 Grad Scale: 524288   Required: 149 hours
Training: 2025-04-09 04:34:49,283-Speed 81.23 samples/sec   Loss 0.3722   LearningRate 0.000965   Epoch: 6   Global Step: 9910   Fp16 Grad Scale: 524288   Required: 149 hours
Training: 2025-04-09 04:35:05,067-Speed 81.10 samples/sec   Loss 0.3906   LearningRate 0.000965   Epoch: 6   Global Step: 9920   Fp16 Grad Scale: 262144   Required: 149 hours
Training: 2025-04-09 04:35:22,408-Speed 73.82 samples/sec   Loss 0.3252   LearningRate 0.000965   Epoch: 6   Global Step: 9930   Fp16 Grad Scale: 262144   Required: 149 hours
Training: 2025-04-09 04:35:38,142-Speed 81.36 samples/sec   Loss 0.3341   LearningRate 0.000965   Epoch: 6   Global Step: 9940   Fp16 Grad Scale: 262144   Required: 149 hours
Training: 2025-04-09 04:35:53,975-Speed 80.85 samples/sec   Loss 0.2689   LearningRate 0.000965   Epoch: 6   Global Step: 9950   Fp16 Grad Scale: 262144   Required: 149 hours
Training: 2025-04-09 04:36:09,605-Speed 81.90 samples/sec   Loss 0.2132   LearningRate 0.000965   Epoch: 6   Global Step: 9960   Fp16 Grad Scale: 262144   Required: 149 hours
Training: 2025-04-09 04:36:25,162-Speed 82.28 samples/sec   Loss 0.2619   LearningRate 0.000965   Epoch: 6   Global Step: 9970   Fp16 Grad Scale: 262144   Required: 149 hours
Training: 2025-04-09 04:36:40,987-Speed 80.89 samples/sec   Loss 0.2325   LearningRate 0.000965   Epoch: 6   Global Step: 9980   Fp16 Grad Scale: 262144   Required: 149 hours
Training: 2025-04-09 04:36:59,907-Speed 67.66 samples/sec   Loss 0.3337   LearningRate 0.000965   Epoch: 7   Global Step: 9990   Fp16 Grad Scale: 262144   Required: 149 hours
Training: 2025-04-09 04:37:15,289-Speed 83.22 samples/sec   Loss 0.1748   LearningRate 0.000965   Epoch: 7   Global Step: 10000   Fp16 Grad Scale: 262144   Required: 149 hours
Batch 0: torch.Size([128, 3, 64, 512])
batch.shape: torch.Size([128, 3, 64, 512])
batch.min(): -1.0
batch.max(): 1.0
batch.device: cuda:0
net_out.shape: torch.Size([128, 512])
num_nans: 0
num_non_nans: 65536
Batch 1: torch.Size([128, 3, 64, 512])
batch.shape: torch.Size([128, 3, 64, 512])
batch.min(): -1.0
batch.max(): 1.0
batch.device: cuda:0
net_out.shape: torch.Size([128, 512])
num_nans: 0
num_non_nans: 65536
Batch 2: torch.Size([128, 3, 64, 512])
batch.shape: torch.Size([128, 3, 64, 512])
batch.min(): -1.0
batch.max(): 1.0
batch.device: cuda:0
net_out.shape: torch.Size([128, 512])
num_nans: 0
num_non_nans: 65536
Batch 3: torch.Size([128, 3, 64, 512])
batch.shape: torch.Size([128, 3, 64, 512])
batch.min(): -1.0
batch.max(): 1.0
batch.device: cuda:0
net_out.shape: torch.Size([128, 512])
num_nans: 0
num_non_nans: 65536
Batch 4: torch.Size([128, 3, 64, 512])
batch.shape: torch.Size([128, 3, 64, 512])
batch.min(): -1.0
batch.max(): 1.0
batch.device: cuda:0
net_out.shape: torch.Size([128, 512])
num_nans: 0
num_non_nans: 65536
Batch 5: torch.Size([128, 3, 64, 512])
batch.shape: torch.Size([128, 3, 64, 512])
batch.min(): -1.0
batch.max(): 1.0
batch.device: cuda:0
net_out.shape: torch.Size([128, 512])
num_nans: 0
num_non_nans: 65536
Batch 6: torch.Size([128, 3, 64, 512])
batch.shape: torch.Size([128, 3, 64, 512])
batch.min(): -1.0
batch.max(): 1.0
batch.device: cuda:0
net_out.shape: torch.Size([128, 512])
num_nans: 0
num_non_nans: 65536
Batch 7: torch.Size([128, 3, 64, 512])
batch.shape: torch.Size([128, 3, 64, 512])
batch.min(): -1.0
batch.max(): 1.0
batch.device: cuda:0
net_out.shape: torch.Size([128, 512])
num_nans: 0
num_non_nans: 65536
Batch 8: torch.Size([128, 3, 64, 512])
batch.shape: torch.Size([128, 3, 64, 512])
batch.min(): -1.0
batch.max(): 1.0
batch.device: cuda:0
net_out.shape: torch.Size([128, 512])
num_nans: 0
num_non_nans: 65536
Batch 9: torch.Size([128, 3, 64, 512])
batch.shape: torch.Size([128, 3, 64, 512])
batch.min(): -1.0
batch.max(): 1.0
batch.device: cuda:0
net_out.shape: torch.Size([128, 512])
num_nans: 0
num_non_nans: 65536
Batch 10: torch.Size([128, 3, 64, 512])
batch.shape: torch.Size([128, 3, 64, 512])
batch.min(): -1.0
batch.max(): 1.0
batch.device: cuda:0
net_out.shape: torch.Size([128, 512])
num_nans: 0
num_non_nans: 65536
Batch 11: torch.Size([128, 3, 64, 512])
batch.shape: torch.Size([128, 3, 64, 512])
batch.min(): -1.0
batch.max(): 1.0
batch.device: cuda:0
net_out.shape: torch.Size([128, 512])
num_nans: 0
num_non_nans: 65536
Batch 12: torch.Size([128, 3, 64, 512])
batch.shape: torch.Size([128, 3, 64, 512])
batch.min(): -1.0
batch.max(): 1.0
batch.device: cuda:0
net_out.shape: torch.Size([128, 512])
num_nans: 0
num_non_nans: 65536
Batch 13: torch.Size([128, 3, 64, 512])
batch.shape: torch.Size([128, 3, 64, 512])
batch.min(): -1.0
batch.max(): 1.0
batch.device: cuda:0
net_out.shape: torch.Size([128, 512])
num_nans: 0
num_non_nans: 65536
Batch 14: torch.Size([128, 3, 64, 512])
batch.shape: torch.Size([128, 3, 64, 512])
batch.min(): -1.0
batch.max(): 1.0
batch.device: cuda:0
net_out.shape: torch.Size([128, 512])
num_nans: 0
num_non_nans: 65536
Batch 15: torch.Size([128, 3, 64, 512])
batch.shape: torch.Size([128, 3, 64, 512])
batch.min(): -1.0
batch.max(): 1.0
batch.device: cuda:0
net_out.shape: torch.Size([128, 512])
num_nans: 0
num_non_nans: 65536
Batch 16: torch.Size([128, 3, 64, 512])
batch.shape: torch.Size([128, 3, 64, 512])
batch.min(): -1.0
batch.max(): 1.0
batch.device: cuda:0
net_out.shape: torch.Size([128, 512])
num_nans: 0
num_non_nans: 65536
Batch 17: torch.Size([128, 3, 64, 512])
batch.shape: torch.Size([128, 3, 64, 512])
batch.min(): -1.0
batch.max(): 1.0
batch.device: cuda:0
net_out.shape: torch.Size([128, 512])
num_nans: 0
num_non_nans: 65536
Batch 18: torch.Size([128, 3, 64, 512])
batch.shape: torch.Size([128, 3, 64, 512])
batch.min(): -1.0
batch.max(): 1.0
batch.device: cuda:0
net_out.shape: torch.Size([128, 512])
num_nans: 0
num_non_nans: 65536
Batch 19: torch.Size([128, 3, 64, 512])
batch.shape: torch.Size([128, 3, 64, 512])
batch.min(): -1.0
batch.max(): 1.0
batch.device: cuda:0
net_out.shape: torch.Size([128, 512])
num_nans: 0
num_non_nans: 65536
Batch 20: torch.Size([128, 3, 64, 512])
batch.shape: torch.Size([128, 3, 64, 512])
batch.min(): -1.0
batch.max(): 1.0
batch.device: cuda:0
net_out.shape: torch.Size([128, 512])
num_nans: 0
num_non_nans: 65536
Batch 21: torch.Size([128, 3, 64, 512])
batch.shape: torch.Size([128, 3, 64, 512])
batch.min(): -1.0
batch.max(): 1.0
batch.device: cuda:0
net_out.shape: torch.Size([128, 512])
num_nans: 0
num_non_nans: 65536
Batch 22: torch.Size([128, 3, 64, 512])
batch.shape: torch.Size([128, 3, 64, 512])
batch.min(): -1.0
batch.max(): 1.0
batch.device: cuda:0
net_out.shape: torch.Size([128, 512])
num_nans: 0
num_non_nans: 65536
Batch 23: torch.Size([128, 3, 64, 512])
batch.shape: torch.Size([128, 3, 64, 512])
batch.min(): -1.0
batch.max(): 1.0
batch.device: cuda:0
net_out.shape: torch.Size([128, 512])
num_nans: 0
num_non_nans: 65536
Batch 24: torch.Size([128, 3, 64, 512])
batch.shape: torch.Size([128, 3, 64, 512])
batch.min(): -1.0
batch.max(): 1.0
batch.device: cuda:0
net_out.shape: torch.Size([128, 512])
num_nans: 0
num_non_nans: 65536
Batch 25: torch.Size([128, 3, 64, 512])
batch.shape: torch.Size([128, 3, 64, 512])
batch.min(): -1.0
batch.max(): 1.0
batch.device: cuda:0
net_out.shape: torch.Size([128, 512])
num_nans: 0
num_non_nans: 65536
Batch 26: torch.Size([128, 3, 64, 512])
batch.shape: torch.Size([128, 3, 64, 512])
batch.min(): -1.0
batch.max(): 1.0
batch.device: cuda:0
net_out.shape: torch.Size([128, 512])
num_nans: 0
num_non_nans: 65536
Batch 27: torch.Size([128, 3, 64, 512])
batch.shape: torch.Size([128, 3, 64, 512])
batch.min(): -1.0
batch.max(): 1.0
batch.device: cuda:0
net_out.shape: torch.Size([128, 512])
num_nans: 0
num_non_nans: 65536
Batch 28: torch.Size([128, 3, 64, 512])
batch.shape: torch.Size([128, 3, 64, 512])
batch.min(): -1.0
batch.max(): 1.0
batch.device: cuda:0
net_out.shape: torch.Size([128, 512])
num_nans: 0
num_non_nans: 65536
Batch 29: torch.Size([128, 3, 64, 512])
batch.shape: torch.Size([128, 3, 64, 512])
batch.min(): -1.0
batch.max(): 1.0
batch.device: cuda:0
net_out.shape: torch.Size([128, 512])
num_nans: 0
num_non_nans: 65536
Batch 30: torch.Size([128, 3, 64, 512])
batch.shape: torch.Size([128, 3, 64, 512])
batch.min(): -1.0
batch.max(): 1.0
batch.device: cuda:0
net_out.shape: torch.Size([128, 512])
num_nans: 0
num_non_nans: 65536
Batch 31: torch.Size([128, 3, 64, 512])
batch.shape: torch.Size([128, 3, 64, 512])
batch.min(): -1.0
batch.max(): 1.0
batch.device: cuda:0
net_out.shape: torch.Size([128, 512])
num_nans: 0
num_non_nans: 65536
Batch 32: torch.Size([128, 3, 64, 512])
batch.shape: torch.Size([128, 3, 64, 512])
batch.min(): -1.0
batch.max(): 1.0
batch.device: cuda:0
net_out.shape: torch.Size([128, 512])
num_nans: 0
num_non_nans: 65536
Batch 33: torch.Size([128, 3, 64, 512])
batch.shape: torch.Size([128, 3, 64, 512])
batch.min(): -1.0
batch.max(): 1.0
batch.device: cuda:0
net_out.shape: torch.Size([128, 512])
num_nans: 0
num_non_nans: 65536
Batch 34: torch.Size([128, 3, 64, 512])
batch.shape: torch.Size([128, 3, 64, 512])
batch.min(): -1.0
batch.max(): 1.0
batch.device: cuda:0
net_out.shape: torch.Size([128, 512])
num_nans: 0
num_non_nans: 65536
Batch 35: torch.Size([128, 3, 64, 512])
batch.shape: torch.Size([128, 3, 64, 512])
batch.min(): -1.0
batch.max(): 1.0
batch.device: cuda:0
net_out.shape: torch.Size([128, 512])
num_nans: 0
num_non_nans: 65536
Batch 36: torch.Size([128, 3, 64, 512])
batch.shape: torch.Size([128, 3, 64, 512])
batch.min(): -1.0
batch.max(): 1.0
batch.device: cuda:0
net_out.shape: torch.Size([128, 512])
num_nans: 0
num_non_nans: 65536
Batch 37: torch.Size([128, 3, 64, 512])
batch.shape: torch.Size([128, 3, 64, 512])
batch.min(): -1.0
batch.max(): 1.0
batch.device: cuda:0
net_out.shape: torch.Size([128, 512])
num_nans: 0
num_non_nans: 65536
Batch 38: torch.Size([128, 3, 64, 512])
batch.shape: torch.Size([128, 3, 64, 512])
batch.min(): -1.0
batch.max(): 1.0
batch.device: cuda:0
net_out.shape: torch.Size([128, 512])
num_nans: 0
num_non_nans: 65536
Batch 39: torch.Size([128, 3, 64, 512])
batch.shape: torch.Size([128, 3, 64, 512])
batch.min(): -1.0
batch.max(): 1.0
batch.device: cuda:0
net_out.shape: torch.Size([128, 512])
num_nans: 0
num_non_nans: 65536
Batch 40: torch.Size([128, 3, 64, 512])
batch.shape: torch.Size([128, 3, 64, 512])
batch.min(): -1.0
batch.max(): 1.0
batch.device: cuda:0
net_out.shape: torch.Size([128, 512])
num_nans: 0
num_non_nans: 65536
Batch 41: torch.Size([128, 3, 64, 512])
batch.shape: torch.Size([128, 3, 64, 512])
batch.min(): -1.0
batch.max(): 1.0
batch.device: cuda:0
net_out.shape: torch.Size([128, 512])
num_nans: 0
num_non_nans: 65536
Batch 42: torch.Size([128, 3, 64, 512])
batch.shape: torch.Size([128, 3, 64, 512])
batch.min(): -1.0
batch.max(): 1.0
batch.device: cuda:0
net_out.shape: torch.Size([128, 512])
num_nans: 0
num_non_nans: 65536
Batch 43: torch.Size([128, 3, 64, 512])
batch.shape: torch.Size([128, 3, 64, 512])
batch.min(): -1.0
batch.max(): 1.0
batch.device: cuda:0
net_out.shape: torch.Size([128, 512])
num_nans: 0
num_non_nans: 65536
Batch 44: torch.Size([128, 3, 64, 512])
batch.shape: torch.Size([128, 3, 64, 512])
batch.min(): -1.0
batch.max(): 1.0
batch.device: cuda:0
net_out.shape: torch.Size([128, 512])
num_nans: 0
num_non_nans: 65536
Batch 45: torch.Size([128, 3, 64, 512])
batch.shape: torch.Size([128, 3, 64, 512])
batch.min(): -1.0
batch.max(): 1.0
batch.device: cuda:0
net_out.shape: torch.Size([128, 512])
num_nans: 0
num_non_nans: 65536
Batch 46: torch.Size([128, 3, 64, 512])
batch.shape: torch.Size([128, 3, 64, 512])
batch.min(): -1.0
batch.max(): 1.0
batch.device: cuda:0
net_out.shape: torch.Size([128, 512])
num_nans: 0
num_non_nans: 65536
Batch 47: torch.Size([128, 3, 64, 512])
batch.shape: torch.Size([128, 3, 64, 512])
batch.min(): -1.0
batch.max(): 1.0
batch.device: cuda:0
net_out.shape: torch.Size([128, 512])
num_nans: 0
num_non_nans: 65536
Batch 48: torch.Size([128, 3, 64, 512])
batch.shape: torch.Size([128, 3, 64, 512])
batch.min(): -1.0
batch.max(): 1.0
batch.device: cuda:0
net_out.shape: torch.Size([128, 512])
num_nans: 0
num_non_nans: 65536
Batch 49: torch.Size([128, 3, 64, 512])
batch.shape: torch.Size([128, 3, 64, 512])
batch.min(): -1.0
batch.max(): 1.0
batch.device: cuda:0
net_out.shape: torch.Size([128, 512])
num_nans: 0
num_non_nans: 65536
Batch 50: torch.Size([128, 3, 64, 512])
batch.shape: torch.Size([128, 3, 64, 512])
batch.min(): -1.0
batch.max(): 1.0
batch.device: cuda:0
net_out.shape: torch.Size([128, 512])
num_nans: 0
num_non_nans: 65536
Batch 51: torch.Size([128, 3, 64, 512])
batch.shape: torch.Size([128, 3, 64, 512])
batch.min(): -1.0
batch.max(): 1.0
batch.device: cuda:0
net_out.shape: torch.Size([128, 512])
num_nans: 0
num_non_nans: 65536
Batch 52: torch.Size([128, 3, 64, 512])
batch.shape: torch.Size([128, 3, 64, 512])
batch.min(): -1.0
batch.max(): 1.0
batch.device: cuda:0
net_out.shape: torch.Size([128, 512])
num_nans: 0
num_non_nans: 65536
Batch 53: torch.Size([128, 3, 64, 512])
batch.shape: torch.Size([128, 3, 64, 512])
batch.min(): -1.0
batch.max(): 1.0
batch.device: cuda:0
net_out.shape: torch.Size([128, 512])
num_nans: 0
num_non_nans: 65536
Batch 54: torch.Size([128, 3, 64, 512])
batch.shape: torch.Size([128, 3, 64, 512])
batch.min(): -1.0
batch.max(): 1.0
batch.device: cuda:0
net_out.shape: torch.Size([128, 512])
num_nans: 0
num_non_nans: 65536
Batch 55: torch.Size([128, 3, 64, 512])
batch.shape: torch.Size([128, 3, 64, 512])
batch.min(): -1.0
batch.max(): 1.0
batch.device: cuda:0
net_out.shape: torch.Size([128, 512])
num_nans: 0
num_non_nans: 65536
Batch 56: torch.Size([128, 3, 64, 512])
batch.shape: torch.Size([128, 3, 64, 512])
batch.min(): -1.0
batch.max(): 1.0
batch.device: cuda:0
net_out.shape: torch.Size([128, 512])
num_nans: 0
num_non_nans: 65536
Batch 57: torch.Size([128, 3, 64, 512])
batch.shape: torch.Size([128, 3, 64, 512])
batch.min(): -1.0
batch.max(): 1.0
batch.device: cuda:0
net_out.shape: torch.Size([128, 512])
num_nans: 0
num_non_nans: 65536
Batch 58: torch.Size([128, 3, 64, 512])
batch.shape: torch.Size([128, 3, 64, 512])
batch.min(): -1.0
batch.max(): 1.0
batch.device: cuda:0
net_out.shape: torch.Size([128, 512])
num_nans: 0
num_non_nans: 65536
Batch 59: torch.Size([128, 3, 64, 512])
batch.shape: torch.Size([128, 3, 64, 512])
batch.min(): -1.0
batch.max(): 1.0
batch.device: cuda:0
net_out.shape: torch.Size([128, 512])
num_nans: 0
num_non_nans: 65536
Batch 60: torch.Size([128, 3, 64, 512])
batch.shape: torch.Size([128, 3, 64, 512])
batch.min(): -1.0
batch.max(): 1.0
batch.device: cuda:0
net_out.shape: torch.Size([128, 512])
num_nans: 0
num_non_nans: 65536
Batch 61: torch.Size([128, 3, 64, 512])
batch.shape: torch.Size([128, 3, 64, 512])
batch.min(): -1.0
batch.max(): 1.0
batch.device: cuda:0
net_out.shape: torch.Size([128, 512])
num_nans: 0
num_non_nans: 65536
Batch 62: torch.Size([128, 3, 64, 512])
batch.shape: torch.Size([128, 3, 64, 512])
batch.min(): -1.0
batch.max(): 1.0
batch.device: cuda:0
net_out.shape: torch.Size([128, 512])
num_nans: 0
num_non_nans: 65536
Batch 63: torch.Size([128, 3, 64, 512])
batch.shape: torch.Size([128, 3, 64, 512])
batch.min(): -1.0
batch.max(): 1.0
batch.device: cuda:0
net_out.shape: torch.Size([128, 512])
num_nans: 0
num_non_nans: 65536
Training: 2025-04-09 04:38:26,941-[val][Global step: 10000] d prime: 7.30877685546875
Model saved with d prime score: 7.30877685546875
Training: 2025-04-09 04:38:43,156-Speed 14.57 samples/sec   Loss 0.1483   LearningRate 0.000965   Epoch: 7   Global Step: 10010   Fp16 Grad Scale: 262144   Required: 149 hours
Training: 2025-04-09 04:38:58,662-Speed 82.55 samples/sec   Loss 0.2233   LearningRate 0.000965   Epoch: 7   Global Step: 10020   Fp16 Grad Scale: 524288   Required: 149 hours
Training: 2025-04-09 04:39:14,104-Speed 82.89 samples/sec   Loss 0.1594   LearningRate 0.000965   Epoch: 7   Global Step: 10030   Fp16 Grad Scale: 524288   Required: 149 hours
Training: 2025-04-09 04:39:29,384-Speed 83.77 samples/sec   Loss 0.1743   LearningRate 0.000965   Epoch: 7   Global Step: 10040   Fp16 Grad Scale: 262144   Required: 149 hours
Training: 2025-04-09 04:39:44,692-Speed 83.62 samples/sec   Loss 0.1825   LearningRate 0.000965   Epoch: 7   Global Step: 10050   Fp16 Grad Scale: 262144   Required: 149 hours
Training: 2025-04-09 04:40:00,164-Speed 82.73 samples/sec   Loss 0.1757   LearningRate 0.000965   Epoch: 7   Global Step: 10060   Fp16 Grad Scale: 262144   Required: 149 hours
Training: 2025-04-09 04:40:15,577-Speed 83.05 samples/sec   Loss 0.1539   LearningRate 0.000965   Epoch: 7   Global Step: 10070   Fp16 Grad Scale: 262144   Required: 149 hours
Training: 2025-04-09 04:40:32,352-Speed 76.31 samples/sec   Loss 0.1576   LearningRate 0.000965   Epoch: 7   Global Step: 10080   Fp16 Grad Scale: 262144   Required: 149 hours
Training: 2025-04-09 04:40:47,673-Speed 83.55 samples/sec   Loss 0.1729   LearningRate 0.000965   Epoch: 7   Global Step: 10090   Fp16 Grad Scale: 262144   Required: 149 hours
Training: 2025-04-09 04:41:03,211-Speed 82.38 samples/sec   Loss 0.1956   LearningRate 0.000965   Epoch: 7   Global Step: 10100   Fp16 Grad Scale: 262144   Required: 149 hours
Training: 2025-04-09 04:41:18,677-Speed 82.77 samples/sec   Loss 0.1471   LearningRate 0.000965   Epoch: 7   Global Step: 10110   Fp16 Grad Scale: 262144   Required: 149 hours
Training: 2025-04-09 04:41:33,985-Speed 83.62 samples/sec   Loss 0.1859   LearningRate 0.000965   Epoch: 7   Global Step: 10120   Fp16 Grad Scale: 262144   Required: 149 hours
Training: 2025-04-09 04:41:49,383-Speed 83.13 samples/sec   Loss 0.2796   LearningRate 0.000964   Epoch: 7   Global Step: 10130   Fp16 Grad Scale: 262144   Required: 149 hours
Training: 2025-04-09 04:42:04,902-Speed 82.48 samples/sec   Loss 0.1326   LearningRate 0.000964   Epoch: 7   Global Step: 10140   Fp16 Grad Scale: 524288   Required: 149 hours
Training: 2025-04-09 04:42:20,516-Speed 81.98 samples/sec   Loss 0.1998   LearningRate 0.000964   Epoch: 7   Global Step: 10150   Fp16 Grad Scale: 262144   Required: 149 hours
Training: 2025-04-09 04:42:36,010-Speed 82.62 samples/sec   Loss 0.1460   LearningRate 0.000964   Epoch: 7   Global Step: 10160   Fp16 Grad Scale: 262144   Required: 149 hours
Training: 2025-04-09 04:42:51,416-Speed 83.09 samples/sec   Loss 0.1494   LearningRate 0.000964   Epoch: 7   Global Step: 10170   Fp16 Grad Scale: 262144   Required: 149 hours
Training: 2025-04-09 04:43:06,838-Speed 83.00 samples/sec   Loss 0.1942   LearningRate 0.000964   Epoch: 7   Global Step: 10180   Fp16 Grad Scale: 262144   Required: 149 hours
Training: 2025-04-09 04:43:22,320-Speed 82.68 samples/sec   Loss 0.1594   LearningRate 0.000964   Epoch: 7   Global Step: 10190   Fp16 Grad Scale: 262144   Required: 149 hours
Training: 2025-04-09 04:43:37,868-Speed 82.33 samples/sec   Loss 0.1877   LearningRate 0.000964   Epoch: 7   Global Step: 10200   Fp16 Grad Scale: 262144   Required: 149 hours
Training: 2025-04-09 04:43:53,303-Speed 82.93 samples/sec   Loss 0.2313   LearningRate 0.000964   Epoch: 7   Global Step: 10210   Fp16 Grad Scale: 262144   Required: 149 hours
Training: 2025-04-09 04:44:08,685-Speed 83.22 samples/sec   Loss 0.1507   LearningRate 0.000964   Epoch: 7   Global Step: 10220   Fp16 Grad Scale: 262144   Required: 149 hours
Training: 2025-04-09 04:44:24,126-Speed 82.90 samples/sec   Loss 0.1392   LearningRate 0.000964   Epoch: 7   Global Step: 10230   Fp16 Grad Scale: 262144   Required: 149 hours
Training: 2025-04-09 04:44:39,478-Speed 83.38 samples/sec   Loss 0.2396   LearningRate 0.000964   Epoch: 7   Global Step: 10240   Fp16 Grad Scale: 262144   Required: 149 hours
Training: 2025-04-09 04:44:54,946-Speed 82.76 samples/sec   Loss 0.1392   LearningRate 0.000964   Epoch: 7   Global Step: 10250   Fp16 Grad Scale: 524288   Required: 149 hours
Training: 2025-04-09 04:45:10,324-Speed 83.24 samples/sec   Loss 0.1496   LearningRate 0.000964   Epoch: 7   Global Step: 10260   Fp16 Grad Scale: 262144   Required: 149 hours
Training: 2025-04-09 04:45:27,181-Speed 75.94 samples/sec   Loss 0.1803   LearningRate 0.000964   Epoch: 7   Global Step: 10270   Fp16 Grad Scale: 262144   Required: 149 hours
Training: 2025-04-09 04:45:42,684-Speed 82.57 samples/sec   Loss 0.1314   LearningRate 0.000964   Epoch: 7   Global Step: 10280   Fp16 Grad Scale: 262144   Required: 148 hours
Training: 2025-04-09 04:45:58,181-Speed 82.60 samples/sec   Loss 0.2149   LearningRate 0.000964   Epoch: 7   Global Step: 10290   Fp16 Grad Scale: 262144   Required: 148 hours
Training: 2025-04-09 04:46:13,613-Speed 82.94 samples/sec   Loss 0.2285   LearningRate 0.000964   Epoch: 7   Global Step: 10300   Fp16 Grad Scale: 262144   Required: 148 hours
Training: 2025-04-09 04:46:29,080-Speed 82.76 samples/sec   Loss 0.1180   LearningRate 0.000964   Epoch: 7   Global Step: 10310   Fp16 Grad Scale: 262144   Required: 148 hours
Training: 2025-04-09 04:46:44,550-Speed 82.74 samples/sec   Loss 0.1822   LearningRate 0.000964   Epoch: 7   Global Step: 10320   Fp16 Grad Scale: 262144   Required: 148 hours
Training: 2025-04-09 04:47:00,042-Speed 82.63 samples/sec   Loss 0.1452   LearningRate 0.000964   Epoch: 7   Global Step: 10330   Fp16 Grad Scale: 262144   Required: 148 hours
Training: 2025-04-09 04:47:15,533-Speed 82.63 samples/sec   Loss 0.1398   LearningRate 0.000964   Epoch: 7   Global Step: 10340   Fp16 Grad Scale: 262144   Required: 148 hours
Training: 2025-04-09 04:47:31,032-Speed 82.59 samples/sec   Loss 0.1928   LearningRate 0.000964   Epoch: 7   Global Step: 10350   Fp16 Grad Scale: 262144   Required: 148 hours
Training: 2025-04-09 04:47:46,432-Speed 83.12 samples/sec   Loss 0.2332   LearningRate 0.000964   Epoch: 7   Global Step: 10360   Fp16 Grad Scale: 524288   Required: 148 hours
Training: 2025-04-09 04:48:02,164-Speed 81.37 samples/sec   Loss 0.1629   LearningRate 0.000964   Epoch: 7   Global Step: 10370   Fp16 Grad Scale: 524288   Required: 148 hours
Training: 2025-04-09 04:48:17,635-Speed 82.73 samples/sec   Loss 0.2012   LearningRate 0.000964   Epoch: 7   Global Step: 10380   Fp16 Grad Scale: 262144   Required: 148 hours
Training: 2025-04-09 04:48:32,926-Speed 83.71 samples/sec   Loss 0.2238   LearningRate 0.000964   Epoch: 7   Global Step: 10390   Fp16 Grad Scale: 262144   Required: 148 hours
Training: 2025-04-09 04:48:48,479-Speed 82.30 samples/sec   Loss 0.2225   LearningRate 0.000964   Epoch: 7   Global Step: 10400   Fp16 Grad Scale: 262144   Required: 148 hours
Training: 2025-04-09 04:49:03,970-Speed 82.63 samples/sec   Loss 0.1673   LearningRate 0.000963   Epoch: 7   Global Step: 10410   Fp16 Grad Scale: 262144   Required: 148 hours
Training: 2025-04-09 04:49:19,519-Speed 82.32 samples/sec   Loss 0.2101   LearningRate 0.000963   Epoch: 7   Global Step: 10420   Fp16 Grad Scale: 262144   Required: 148 hours
Training: 2025-04-09 04:49:34,872-Speed 83.38 samples/sec   Loss 0.1609   LearningRate 0.000963   Epoch: 7   Global Step: 10430   Fp16 Grad Scale: 131072   Required: 148 hours
Training: 2025-04-09 04:49:50,518-Speed 81.81 samples/sec   Loss 0.1913   LearningRate 0.000963   Epoch: 7   Global Step: 10440   Fp16 Grad Scale: 131072   Required: 148 hours
Training: 2025-04-09 04:50:06,242-Speed 81.41 samples/sec   Loss 0.2037   LearningRate 0.000963   Epoch: 7   Global Step: 10450   Fp16 Grad Scale: 131072   Required: 148 hours
Training: 2025-04-09 04:50:21,781-Speed 82.38 samples/sec   Loss 0.2383   LearningRate 0.000963   Epoch: 7   Global Step: 10460   Fp16 Grad Scale: 131072   Required: 148 hours
Training: 2025-04-09 04:50:39,109-Speed 73.87 samples/sec   Loss 0.2472   LearningRate 0.000963   Epoch: 7   Global Step: 10470   Fp16 Grad Scale: 131072   Required: 148 hours
Training: 2025-04-09 04:50:54,608-Speed 82.59 samples/sec   Loss 0.2455   LearningRate 0.000963   Epoch: 7   Global Step: 10480   Fp16 Grad Scale: 131072   Required: 148 hours
Training: 2025-04-09 04:51:10,131-Speed 82.46 samples/sec   Loss 0.2113   LearningRate 0.000963   Epoch: 7   Global Step: 10490   Fp16 Grad Scale: 131072   Required: 148 hours
Training: 2025-04-09 04:51:25,593-Speed 82.78 samples/sec   Loss 0.1969   LearningRate 0.000963   Epoch: 7   Global Step: 10500   Fp16 Grad Scale: 131072   Required: 148 hours
Training: 2025-04-09 04:51:41,059-Speed 82.76 samples/sec   Loss 0.2107   LearningRate 0.000963   Epoch: 7   Global Step: 10510   Fp16 Grad Scale: 131072   Required: 148 hours
Training: 2025-04-09 04:51:56,451-Speed 83.16 samples/sec   Loss 0.1893   LearningRate 0.000963   Epoch: 7   Global Step: 10520   Fp16 Grad Scale: 131072   Required: 148 hours
Training: 2025-04-09 04:52:11,928-Speed 82.71 samples/sec   Loss 0.1635   LearningRate 0.000963   Epoch: 7   Global Step: 10530   Fp16 Grad Scale: 262144   Required: 148 hours
Training: 2025-04-09 04:52:27,467-Speed 82.38 samples/sec   Loss 0.2632   LearningRate 0.000963   Epoch: 7   Global Step: 10540   Fp16 Grad Scale: 262144   Required: 148 hours
Training: 2025-04-09 04:52:42,935-Speed 82.75 samples/sec   Loss 0.1924   LearningRate 0.000963   Epoch: 7   Global Step: 10550   Fp16 Grad Scale: 262144   Required: 148 hours
Training: 2025-04-09 04:52:58,351-Speed 83.03 samples/sec   Loss 0.2430   LearningRate 0.000963   Epoch: 7   Global Step: 10560   Fp16 Grad Scale: 262144   Required: 148 hours
Training: 2025-04-09 04:53:13,865-Speed 82.51 samples/sec   Loss 0.2344   LearningRate 0.000963   Epoch: 7   Global Step: 10570   Fp16 Grad Scale: 262144   Required: 148 hours
Training: 2025-04-09 04:53:29,512-Speed 81.80 samples/sec   Loss 0.2009   LearningRate 0.000963   Epoch: 7   Global Step: 10580   Fp16 Grad Scale: 262144   Required: 147 hours
Training: 2025-04-09 04:53:45,012-Speed 82.58 samples/sec   Loss 0.1868   LearningRate 0.000963   Epoch: 7   Global Step: 10590   Fp16 Grad Scale: 262144   Required: 147 hours
Training: 2025-04-09 04:54:00,380-Speed 83.29 samples/sec   Loss 0.1873   LearningRate 0.000963   Epoch: 7   Global Step: 10600   Fp16 Grad Scale: 262144   Required: 147 hours
Training: 2025-04-09 04:54:15,828-Speed 82.86 samples/sec   Loss 0.1915   LearningRate 0.000963   Epoch: 7   Global Step: 10610   Fp16 Grad Scale: 262144   Required: 147 hours
Training: 2025-04-09 04:54:31,318-Speed 82.63 samples/sec   Loss 0.2405   LearningRate 0.000963   Epoch: 7   Global Step: 10620   Fp16 Grad Scale: 262144   Required: 147 hours
Training: 2025-04-09 04:54:46,869-Speed 82.31 samples/sec   Loss 0.2070   LearningRate 0.000963   Epoch: 7   Global Step: 10630   Fp16 Grad Scale: 524288   Required: 147 hours
Training: 2025-04-09 04:55:02,255-Speed 83.20 samples/sec   Loss 0.1778   LearningRate 0.000963   Epoch: 7   Global Step: 10640   Fp16 Grad Scale: 262144   Required: 147 hours
Training: 2025-04-09 04:55:17,817-Speed 82.25 samples/sec   Loss 0.2382   LearningRate 0.000963   Epoch: 7   Global Step: 10650   Fp16 Grad Scale: 262144   Required: 147 hours
Training: 2025-04-09 04:55:34,913-Speed 74.87 samples/sec   Loss 0.1744   LearningRate 0.000963   Epoch: 7   Global Step: 10660   Fp16 Grad Scale: 262144   Required: 147 hours
Training: 2025-04-09 04:55:50,414-Speed 82.58 samples/sec   Loss 0.2128   LearningRate 0.000963   Epoch: 7   Global Step: 10670   Fp16 Grad Scale: 262144   Required: 147 hours
Training: 2025-04-09 04:56:05,977-Speed 82.25 samples/sec   Loss 0.2316   LearningRate 0.000963   Epoch: 7   Global Step: 10680   Fp16 Grad Scale: 262144   Required: 147 hours
Training: 2025-04-09 04:56:22,565-Speed 77.17 samples/sec   Loss 0.2049   LearningRate 0.000963   Epoch: 7   Global Step: 10690   Fp16 Grad Scale: 262144   Required: 147 hours
Training: 2025-04-09 04:56:40,016-Speed 73.35 samples/sec   Loss 0.2160   LearningRate 0.000962   Epoch: 7   Global Step: 10700   Fp16 Grad Scale: 262144   Required: 147 hours
Training: 2025-04-09 04:56:57,328-Speed 73.94 samples/sec   Loss 0.2032   LearningRate 0.000962   Epoch: 7   Global Step: 10710   Fp16 Grad Scale: 262144   Required: 147 hours
Training: 2025-04-09 04:57:13,623-Speed 78.55 samples/sec   Loss 0.1719   LearningRate 0.000962   Epoch: 7   Global Step: 10720   Fp16 Grad Scale: 262144   Required: 147 hours
Training: 2025-04-09 04:57:29,278-Speed 81.77 samples/sec   Loss 0.1996   LearningRate 0.000962   Epoch: 7   Global Step: 10730   Fp16 Grad Scale: 262144   Required: 147 hours
Training: 2025-04-09 04:57:44,809-Speed 82.42 samples/sec   Loss 0.2366   LearningRate 0.000962   Epoch: 7   Global Step: 10740   Fp16 Grad Scale: 524288   Required: 147 hours
Training: 2025-04-09 04:58:00,405-Speed 82.07 samples/sec   Loss 0.2488   LearningRate 0.000962   Epoch: 7   Global Step: 10750   Fp16 Grad Scale: 524288   Required: 147 hours
Training: 2025-04-09 04:58:15,911-Speed 82.55 samples/sec   Loss 0.2994   LearningRate 0.000962   Epoch: 7   Global Step: 10760   Fp16 Grad Scale: 262144   Required: 147 hours
Training: 2025-04-09 04:58:31,359-Speed 82.86 samples/sec   Loss 0.2186   LearningRate 0.000962   Epoch: 7   Global Step: 10770   Fp16 Grad Scale: 262144   Required: 147 hours
Training: 2025-04-09 04:58:46,741-Speed 83.22 samples/sec   Loss 0.2017   LearningRate 0.000962   Epoch: 7   Global Step: 10780   Fp16 Grad Scale: 262144   Required: 147 hours
Training: 2025-04-09 04:59:02,121-Speed 83.22 samples/sec   Loss 0.2266   LearningRate 0.000962   Epoch: 7   Global Step: 10790   Fp16 Grad Scale: 262144   Required: 147 hours
Training: 2025-04-09 04:59:17,689-Speed 82.22 samples/sec   Loss 0.3038   LearningRate 0.000962   Epoch: 7   Global Step: 10800   Fp16 Grad Scale: 262144   Required: 147 hours
Training: 2025-04-09 04:59:33,453-Speed 81.20 samples/sec   Loss 0.1932   LearningRate 0.000962   Epoch: 7   Global Step: 10810   Fp16 Grad Scale: 262144   Required: 147 hours
Training: 2025-04-09 04:59:49,090-Speed 81.86 samples/sec   Loss 0.2771   LearningRate 0.000962   Epoch: 7   Global Step: 10820   Fp16 Grad Scale: 262144   Required: 147 hours
Training: 2025-04-09 05:00:04,659-Speed 82.21 samples/sec   Loss 0.2254   LearningRate 0.000962   Epoch: 7   Global Step: 10830   Fp16 Grad Scale: 262144   Required: 147 hours
Training: 2025-04-09 05:00:20,228-Speed 82.22 samples/sec   Loss 0.3667   LearningRate 0.000962   Epoch: 7   Global Step: 10840   Fp16 Grad Scale: 262144   Required: 147 hours
Training: 2025-04-09 05:00:37,586-Speed 73.74 samples/sec   Loss 0.2399   LearningRate 0.000962   Epoch: 7   Global Step: 10850   Fp16 Grad Scale: 262144   Required: 147 hours
Training: 2025-04-09 05:00:53,011-Speed 82.99 samples/sec   Loss 0.2171   LearningRate 0.000962   Epoch: 7   Global Step: 10860   Fp16 Grad Scale: 524288   Required: 147 hours
Training: 2025-04-09 05:01:08,580-Speed 82.22 samples/sec   Loss 0.3192   LearningRate 0.000962   Epoch: 7   Global Step: 10870   Fp16 Grad Scale: 262144   Required: 147 hours
Training: 2025-04-09 05:01:24,076-Speed 82.60 samples/sec   Loss 0.2708   LearningRate 0.000962   Epoch: 7   Global Step: 10880   Fp16 Grad Scale: 262144   Required: 147 hours
Training: 2025-04-09 05:01:39,703-Speed 81.91 samples/sec   Loss 0.2016   LearningRate 0.000962   Epoch: 7   Global Step: 10890   Fp16 Grad Scale: 262144   Required: 147 hours
Training: 2025-04-09 05:01:55,364-Speed 81.73 samples/sec   Loss 0.1767   LearningRate 0.000962   Epoch: 7   Global Step: 10900   Fp16 Grad Scale: 262144   Required: 147 hours
Training: 2025-04-09 05:02:10,943-Speed 82.17 samples/sec   Loss 0.2136   LearningRate 0.000962   Epoch: 7   Global Step: 10910   Fp16 Grad Scale: 262144   Required: 146 hours
Training: 2025-04-09 05:02:26,453-Speed 82.53 samples/sec   Loss 0.2728   LearningRate 0.000962   Epoch: 7   Global Step: 10920   Fp16 Grad Scale: 262144   Required: 146 hours
Training: 2025-04-09 05:02:41,761-Speed 83.62 samples/sec   Loss 0.2395   LearningRate 0.000962   Epoch: 7   Global Step: 10930   Fp16 Grad Scale: 262144   Required: 146 hours
Training: 2025-04-09 05:02:57,278-Speed 82.49 samples/sec   Loss 0.1808   LearningRate 0.000962   Epoch: 7   Global Step: 10940   Fp16 Grad Scale: 262144   Required: 146 hours
Training: 2025-04-09 05:03:12,758-Speed 82.69 samples/sec   Loss 0.2260   LearningRate 0.000962   Epoch: 7   Global Step: 10950   Fp16 Grad Scale: 262144   Required: 146 hours
Training: 2025-04-09 05:03:28,339-Speed 82.15 samples/sec   Loss 0.2888   LearningRate 0.000962   Epoch: 7   Global Step: 10960   Fp16 Grad Scale: 262144   Required: 146 hours
Training: 2025-04-09 05:03:43,751-Speed 83.06 samples/sec   Loss 0.1801   LearningRate 0.000962   Epoch: 7   Global Step: 10970   Fp16 Grad Scale: 262144   Required: 146 hours
Training: 2025-04-09 05:03:59,325-Speed 82.19 samples/sec   Loss 0.2297   LearningRate 0.000962   Epoch: 7   Global Step: 10980   Fp16 Grad Scale: 262144   Required: 146 hours
Training: 2025-04-09 05:04:14,849-Speed 82.46 samples/sec   Loss 0.3023   LearningRate 0.000961   Epoch: 7   Global Step: 10990   Fp16 Grad Scale: 131072   Required: 146 hours
Training: 2025-04-09 05:04:30,772-Speed 80.46 samples/sec   Loss 0.3089   LearningRate 0.000961   Epoch: 7   Global Step: 11000   Fp16 Grad Scale: 131072   Required: 146 hours
Training: 2025-04-09 05:04:46,381-Speed 82.06 samples/sec   Loss 0.2002   LearningRate 0.000961   Epoch: 7   Global Step: 11010   Fp16 Grad Scale: 131072   Required: 146 hours
Training: 2025-04-09 05:05:01,758-Speed 83.25 samples/sec   Loss 0.2330   LearningRate 0.000961   Epoch: 7   Global Step: 11020   Fp16 Grad Scale: 131072   Required: 146 hours
Training: 2025-04-09 05:05:17,195-Speed 82.92 samples/sec   Loss 0.2845   LearningRate 0.000961   Epoch: 7   Global Step: 11030   Fp16 Grad Scale: 131072   Required: 146 hours
Training: 2025-04-09 05:05:32,528-Speed 83.48 samples/sec   Loss 0.2126   LearningRate 0.000961   Epoch: 7   Global Step: 11040   Fp16 Grad Scale: 131072   Required: 146 hours
Training: 2025-04-09 05:05:49,862-Speed 73.85 samples/sec   Loss 0.2073   LearningRate 0.000961   Epoch: 7   Global Step: 11050   Fp16 Grad Scale: 131072   Required: 146 hours
Training: 2025-04-09 05:06:05,502-Speed 81.84 samples/sec   Loss 0.1598   LearningRate 0.000961   Epoch: 7   Global Step: 11060   Fp16 Grad Scale: 131072   Required: 146 hours
Training: 2025-04-09 05:06:21,068-Speed 82.23 samples/sec   Loss 0.2110   LearningRate 0.000961   Epoch: 7   Global Step: 11070   Fp16 Grad Scale: 131072   Required: 146 hours
Training: 2025-04-09 05:06:36,716-Speed 81.80 samples/sec   Loss 0.1992   LearningRate 0.000961   Epoch: 7   Global Step: 11080   Fp16 Grad Scale: 131072   Required: 146 hours
Training: 2025-04-09 05:06:52,365-Speed 81.80 samples/sec   Loss 0.2055   LearningRate 0.000961   Epoch: 7   Global Step: 11090   Fp16 Grad Scale: 262144   Required: 146 hours
Training: 2025-04-09 05:07:07,743-Speed 83.24 samples/sec   Loss 0.2251   LearningRate 0.000961   Epoch: 7   Global Step: 11100   Fp16 Grad Scale: 262144   Required: 146 hours
Training: 2025-04-09 05:07:23,147-Speed 83.10 samples/sec   Loss 0.2612   LearningRate 0.000961   Epoch: 7   Global Step: 11110   Fp16 Grad Scale: 262144   Required: 146 hours
Training: 2025-04-09 05:07:38,693-Speed 82.34 samples/sec   Loss 0.1525   LearningRate 0.000961   Epoch: 7   Global Step: 11120   Fp16 Grad Scale: 262144   Required: 146 hours
Training: 2025-04-09 05:07:54,399-Speed 81.50 samples/sec   Loss 0.2381   LearningRate 0.000961   Epoch: 7   Global Step: 11130   Fp16 Grad Scale: 262144   Required: 146 hours
Training: 2025-04-09 05:08:09,992-Speed 82.09 samples/sec   Loss 0.1989   LearningRate 0.000961   Epoch: 7   Global Step: 11140   Fp16 Grad Scale: 262144   Required: 146 hours
Training: 2025-04-09 05:08:25,585-Speed 82.09 samples/sec   Loss 0.1590   LearningRate 0.000961   Epoch: 7   Global Step: 11150   Fp16 Grad Scale: 262144   Required: 146 hours
Training: 2025-04-09 05:08:41,118-Speed 82.41 samples/sec   Loss 0.2379   LearningRate 0.000961   Epoch: 7   Global Step: 11160   Fp16 Grad Scale: 262144   Required: 146 hours
Training: 2025-04-09 05:08:56,754-Speed 81.87 samples/sec   Loss 0.1650   LearningRate 0.000961   Epoch: 7   Global Step: 11170   Fp16 Grad Scale: 262144   Required: 146 hours
Training: 2025-04-09 05:09:12,389-Speed 81.87 samples/sec   Loss 0.2294   LearningRate 0.000961   Epoch: 7   Global Step: 11180   Fp16 Grad Scale: 262144   Required: 146 hours
Training: 2025-04-09 05:09:27,888-Speed 82.59 samples/sec   Loss 0.2933   LearningRate 0.000961   Epoch: 7   Global Step: 11190   Fp16 Grad Scale: 524288   Required: 146 hours
Training: 2025-04-09 05:09:43,273-Speed 83.20 samples/sec   Loss 0.2504   LearningRate 0.000961   Epoch: 7   Global Step: 11200   Fp16 Grad Scale: 262144   Required: 146 hours
Training: 2025-04-09 05:09:58,678-Speed 83.09 samples/sec   Loss 0.2400   LearningRate 0.000961   Epoch: 7   Global Step: 11210   Fp16 Grad Scale: 262144   Required: 146 hours
Training: 2025-04-09 05:10:14,134-Speed 82.82 samples/sec   Loss 0.2257   LearningRate 0.000961   Epoch: 7   Global Step: 11220   Fp16 Grad Scale: 262144   Required: 146 hours
Training: 2025-04-09 05:10:29,800-Speed 81.71 samples/sec   Loss 0.1855   LearningRate 0.000961   Epoch: 7   Global Step: 11230   Fp16 Grad Scale: 262144   Required: 146 hours
Training: 2025-04-09 05:10:47,125-Speed 73.88 samples/sec   Loss 0.2809   LearningRate 0.000961   Epoch: 7   Global Step: 11240   Fp16 Grad Scale: 131072   Required: 146 hours
Training: 2025-04-09 05:11:02,659-Speed 82.40 samples/sec   Loss 0.1792   LearningRate 0.000961   Epoch: 7   Global Step: 11250   Fp16 Grad Scale: 131072   Required: 145 hours
Training: 2025-04-09 05:11:18,273-Speed 81.98 samples/sec   Loss 0.3079   LearningRate 0.000961   Epoch: 7   Global Step: 11260   Fp16 Grad Scale: 131072   Required: 145 hours
Training: 2025-04-09 05:11:33,748-Speed 82.72 samples/sec   Loss 0.2069   LearningRate 0.000960   Epoch: 7   Global Step: 11270   Fp16 Grad Scale: 131072   Required: 145 hours
Training: 2025-04-09 05:11:49,257-Speed 82.53 samples/sec   Loss 0.1808   LearningRate 0.000960   Epoch: 7   Global Step: 11280   Fp16 Grad Scale: 131072   Required: 145 hours
Training: 2025-04-09 05:12:04,727-Speed 82.74 samples/sec   Loss 0.2111   LearningRate 0.000960   Epoch: 7   Global Step: 11290   Fp16 Grad Scale: 131072   Required: 145 hours
Training: 2025-04-09 05:12:20,172-Speed 82.88 samples/sec   Loss 0.2549   LearningRate 0.000960   Epoch: 7   Global Step: 11300   Fp16 Grad Scale: 131072   Required: 145 hours
Training: 2025-04-09 05:12:35,685-Speed 82.51 samples/sec   Loss 0.3230   LearningRate 0.000960   Epoch: 7   Global Step: 11310   Fp16 Grad Scale: 131072   Required: 145 hours
Training: 2025-04-09 05:12:51,252-Speed 82.23 samples/sec   Loss 0.3138   LearningRate 0.000960   Epoch: 7   Global Step: 11320   Fp16 Grad Scale: 131072   Required: 145 hours
Training: 2025-04-09 05:13:06,765-Speed 82.52 samples/sec   Loss 0.2910   LearningRate 0.000960   Epoch: 7   Global Step: 11330   Fp16 Grad Scale: 131072   Required: 145 hours
Training: 2025-04-09 05:13:22,285-Speed 82.48 samples/sec   Loss 0.2998   LearningRate 0.000960   Epoch: 7   Global Step: 11340   Fp16 Grad Scale: 262144   Required: 145 hours
Training: 2025-04-09 05:13:37,849-Speed 82.24 samples/sec   Loss 0.2577   LearningRate 0.000960   Epoch: 7   Global Step: 11350   Fp16 Grad Scale: 262144   Required: 145 hours
Training: 2025-04-09 05:13:53,285-Speed 82.93 samples/sec   Loss 0.2664   LearningRate 0.000960   Epoch: 7   Global Step: 11360   Fp16 Grad Scale: 262144   Required: 145 hours
Training: 2025-04-09 05:14:08,874-Speed 82.12 samples/sec   Loss 0.3113   LearningRate 0.000960   Epoch: 7   Global Step: 11370   Fp16 Grad Scale: 262144   Required: 145 hours
Training: 2025-04-09 05:14:24,444-Speed 82.21 samples/sec   Loss 0.3926   LearningRate 0.000960   Epoch: 7   Global Step: 11380   Fp16 Grad Scale: 262144   Required: 145 hours
Training: 2025-04-09 05:14:39,896-Speed 82.84 samples/sec   Loss 0.1778   LearningRate 0.000960   Epoch: 7   Global Step: 11390   Fp16 Grad Scale: 262144   Required: 145 hours
Training: 2025-04-09 05:14:55,552-Speed 81.76 samples/sec   Loss 0.2356   LearningRate 0.000960   Epoch: 7   Global Step: 11400   Fp16 Grad Scale: 262144   Required: 145 hours
Training: 2025-04-09 05:15:10,934-Speed 83.22 samples/sec   Loss 0.2943   LearningRate 0.000960   Epoch: 7   Global Step: 11410   Fp16 Grad Scale: 262144   Required: 145 hours
Training: 2025-04-09 05:15:29,185-Speed 70.14 samples/sec   Loss 0.2409   LearningRate 0.000960   Epoch: 8   Global Step: 11420   Fp16 Grad Scale: 262144   Required: 145 hours
Training: 2025-04-09 05:15:45,557-Speed 78.18 samples/sec   Loss 0.1739   LearningRate 0.000960   Epoch: 8   Global Step: 11430   Fp16 Grad Scale: 262144   Required: 145 hours
Training: 2025-04-09 05:16:01,675-Speed 79.42 samples/sec   Loss 0.1402   LearningRate 0.000960   Epoch: 8   Global Step: 11440   Fp16 Grad Scale: 524288   Required: 145 hours
Training: 2025-04-09 05:16:16,823-Speed 84.50 samples/sec   Loss 0.2115   LearningRate 0.000960   Epoch: 8   Global Step: 11450   Fp16 Grad Scale: 524288   Required: 145 hours
Training: 2025-04-09 05:16:32,012-Speed 84.28 samples/sec   Loss 0.2379   LearningRate 0.000960   Epoch: 8   Global Step: 11460   Fp16 Grad Scale: 524288   Required: 145 hours
Training: 2025-04-09 05:16:47,288-Speed 83.80 samples/sec   Loss 0.2157   LearningRate 0.000960   Epoch: 8   Global Step: 11470   Fp16 Grad Scale: 524288   Required: 145 hours
Training: 2025-04-09 05:17:02,554-Speed 83.85 samples/sec   Loss 0.1408   LearningRate 0.000960   Epoch: 8   Global Step: 11480   Fp16 Grad Scale: 524288   Required: 145 hours
Training: 2025-04-09 05:17:17,780-Speed 84.07 samples/sec   Loss 0.1504   LearningRate 0.000960   Epoch: 8   Global Step: 11490   Fp16 Grad Scale: 524288   Required: 145 hours
Training: 2025-04-09 05:17:33,119-Speed 83.45 samples/sec   Loss 0.2131   LearningRate 0.000960   Epoch: 8   Global Step: 11500   Fp16 Grad Scale: 262144   Required: 145 hours
Training: 2025-04-09 05:17:48,650-Speed 82.42 samples/sec   Loss 0.1944   LearningRate 0.000960   Epoch: 8   Global Step: 11510   Fp16 Grad Scale: 262144   Required: 145 hours
Training: 2025-04-09 05:18:04,015-Speed 83.31 samples/sec   Loss 0.1628   LearningRate 0.000960   Epoch: 8   Global Step: 11520   Fp16 Grad Scale: 262144   Required: 145 hours
Training: 2025-04-09 05:18:19,237-Speed 84.09 samples/sec   Loss 0.1595   LearningRate 0.000960   Epoch: 8   Global Step: 11530   Fp16 Grad Scale: 262144   Required: 145 hours
Training: 2025-04-09 05:18:34,422-Speed 84.30 samples/sec   Loss 0.2093   LearningRate 0.000960   Epoch: 8   Global Step: 11540   Fp16 Grad Scale: 262144   Required: 145 hours
Training: 2025-04-09 05:18:49,898-Speed 82.71 samples/sec   Loss 0.1320   LearningRate 0.000960   Epoch: 8   Global Step: 11550   Fp16 Grad Scale: 262144   Required: 145 hours
Training: 2025-04-09 05:19:05,059-Speed 84.43 samples/sec   Loss 0.1082   LearningRate 0.000959   Epoch: 8   Global Step: 11560   Fp16 Grad Scale: 262144   Required: 145 hours
Training: 2025-04-09 05:19:20,274-Speed 84.13 samples/sec   Loss 0.1878   LearningRate 0.000959   Epoch: 8   Global Step: 11570   Fp16 Grad Scale: 262144   Required: 145 hours
Training: 2025-04-09 05:19:35,659-Speed 83.20 samples/sec   Loss 0.2034   LearningRate 0.000959   Epoch: 8   Global Step: 11580   Fp16 Grad Scale: 262144   Required: 145 hours
Training: 2025-04-09 05:19:50,905-Speed 83.96 samples/sec   Loss 0.1781   LearningRate 0.000959   Epoch: 8   Global Step: 11590   Fp16 Grad Scale: 262144   Required: 145 hours
Training: 2025-04-09 05:20:06,338-Speed 82.94 samples/sec   Loss 0.1853   LearningRate 0.000959   Epoch: 8   Global Step: 11600   Fp16 Grad Scale: 524288   Required: 144 hours
Training: 2025-04-09 05:20:21,629-Speed 83.72 samples/sec   Loss 0.2294   LearningRate 0.000959   Epoch: 8   Global Step: 11610   Fp16 Grad Scale: 262144   Required: 144 hours
Training: 2025-04-09 05:20:36,869-Speed 83.99 samples/sec   Loss 0.1650   LearningRate 0.000959   Epoch: 8   Global Step: 11620   Fp16 Grad Scale: 262144   Required: 144 hours
Training: 2025-04-09 05:20:53,667-Speed 76.20 samples/sec   Loss 0.1101   LearningRate 0.000959   Epoch: 8   Global Step: 11630   Fp16 Grad Scale: 262144   Required: 144 hours
Training: 2025-04-09 05:21:08,946-Speed 83.78 samples/sec   Loss 0.1359   LearningRate 0.000959   Epoch: 8   Global Step: 11640   Fp16 Grad Scale: 262144   Required: 144 hours
Training: 2025-04-09 05:21:24,398-Speed 82.84 samples/sec   Loss 0.2078   LearningRate 0.000959   Epoch: 8   Global Step: 11650   Fp16 Grad Scale: 262144   Required: 144 hours
Training: 2025-04-09 05:21:39,708-Speed 83.61 samples/sec   Loss 0.1789   LearningRate 0.000959   Epoch: 8   Global Step: 11660   Fp16 Grad Scale: 262144   Required: 144 hours
Training: 2025-04-09 05:21:54,918-Speed 84.16 samples/sec   Loss 0.1372   LearningRate 0.000959   Epoch: 8   Global Step: 11670   Fp16 Grad Scale: 262144   Required: 144 hours
Training: 2025-04-09 05:22:10,211-Speed 83.70 samples/sec   Loss 0.1279   LearningRate 0.000959   Epoch: 8   Global Step: 11680   Fp16 Grad Scale: 262144   Required: 144 hours
Training: 2025-04-09 05:22:25,506-Speed 83.69 samples/sec   Loss 0.1625   LearningRate 0.000959   Epoch: 8   Global Step: 11690   Fp16 Grad Scale: 262144   Required: 144 hours
Training: 2025-04-09 05:22:40,812-Speed 83.63 samples/sec   Loss 0.1009   LearningRate 0.000959   Epoch: 8   Global Step: 11700   Fp16 Grad Scale: 262144   Required: 144 hours
Training: 2025-04-09 05:22:56,130-Speed 83.57 samples/sec   Loss 0.2312   LearningRate 0.000959   Epoch: 8   Global Step: 11710   Fp16 Grad Scale: 262144   Required: 144 hours
Training: 2025-04-09 05:23:11,272-Speed 84.54 samples/sec   Loss 0.1611   LearningRate 0.000959   Epoch: 8   Global Step: 11720   Fp16 Grad Scale: 262144   Required: 144 hours
Training: 2025-04-09 05:23:26,453-Speed 84.32 samples/sec   Loss 0.1975   LearningRate 0.000959   Epoch: 8   Global Step: 11730   Fp16 Grad Scale: 262144   Required: 144 hours
Training: 2025-04-09 05:23:41,820-Speed 83.30 samples/sec   Loss 0.1849   LearningRate 0.000959   Epoch: 8   Global Step: 11740   Fp16 Grad Scale: 262144   Required: 144 hours
Training: 2025-04-09 05:23:56,988-Speed 84.39 samples/sec   Loss 0.1236   LearningRate 0.000959   Epoch: 8   Global Step: 11750   Fp16 Grad Scale: 262144   Required: 144 hours
Training: 2025-04-09 05:24:12,221-Speed 84.03 samples/sec   Loss 0.1878   LearningRate 0.000959   Epoch: 8   Global Step: 11760   Fp16 Grad Scale: 262144   Required: 144 hours
Training: 2025-04-09 05:24:27,951-Speed 81.38 samples/sec   Loss 0.2016   LearningRate 0.000959   Epoch: 8   Global Step: 11770   Fp16 Grad Scale: 262144   Required: 144 hours
Training: 2025-04-09 05:24:43,075-Speed 84.64 samples/sec   Loss 0.1391   LearningRate 0.000959   Epoch: 8   Global Step: 11780   Fp16 Grad Scale: 262144   Required: 144 hours
Training: 2025-04-09 05:24:58,398-Speed 83.54 samples/sec   Loss 0.2126   LearningRate 0.000959   Epoch: 8   Global Step: 11790   Fp16 Grad Scale: 262144   Required: 144 hours
Training: 2025-04-09 05:25:13,590-Speed 84.26 samples/sec   Loss 0.1510   LearningRate 0.000959   Epoch: 8   Global Step: 11800   Fp16 Grad Scale: 262144   Required: 144 hours
Training: 2025-04-09 05:25:28,791-Speed 84.21 samples/sec   Loss 0.1801   LearningRate 0.000959   Epoch: 8   Global Step: 11810   Fp16 Grad Scale: 524288   Required: 144 hours
Training: 2025-04-09 05:25:43,930-Speed 84.55 samples/sec   Loss 0.1363   LearningRate 0.000959   Epoch: 8   Global Step: 11820   Fp16 Grad Scale: 524288   Required: 144 hours
Training: 2025-04-09 05:26:01,059-Speed 74.73 samples/sec   Loss 0.1599   LearningRate 0.000959   Epoch: 8   Global Step: 11830   Fp16 Grad Scale: 524288   Required: 144 hours
Training: 2025-04-09 05:26:16,763-Speed 81.51 samples/sec   Loss 0.1708   LearningRate 0.000958   Epoch: 8   Global Step: 11840   Fp16 Grad Scale: 524288   Required: 144 hours
Training: 2025-04-09 05:26:34,068-Speed 73.97 samples/sec   Loss 0.1713   LearningRate 0.000958   Epoch: 8   Global Step: 11850   Fp16 Grad Scale: 524288   Required: 144 hours
Training: 2025-04-09 05:26:51,546-Speed 73.23 samples/sec   Loss 0.1972   LearningRate 0.000958   Epoch: 8   Global Step: 11860   Fp16 Grad Scale: 524288   Required: 144 hours
Training: 2025-04-09 05:27:08,310-Speed 76.36 samples/sec   Loss 0.1610   LearningRate 0.000958   Epoch: 8   Global Step: 11870   Fp16 Grad Scale: 524288   Required: 144 hours
Training: 2025-04-09 05:27:23,776-Speed 82.77 samples/sec   Loss 0.1577   LearningRate 0.000958   Epoch: 8   Global Step: 11880   Fp16 Grad Scale: 262144   Required: 144 hours
Training: 2025-04-09 05:27:38,892-Speed 84.68 samples/sec   Loss 0.1761   LearningRate 0.000958   Epoch: 8   Global Step: 11890   Fp16 Grad Scale: 262144   Required: 144 hours
Training: 2025-04-09 05:27:54,308-Speed 83.03 samples/sec   Loss 0.2457   LearningRate 0.000958   Epoch: 8   Global Step: 11900   Fp16 Grad Scale: 262144   Required: 144 hours
Training: 2025-04-09 05:28:09,820-Speed 82.52 samples/sec   Loss 0.1795   LearningRate 0.000958   Epoch: 8   Global Step: 11910   Fp16 Grad Scale: 262144   Required: 144 hours
Training: 2025-04-09 05:28:25,114-Speed 83.69 samples/sec   Loss 0.2055   LearningRate 0.000958   Epoch: 8   Global Step: 11920   Fp16 Grad Scale: 262144   Required: 144 hours
Training: 2025-04-09 05:28:40,391-Speed 83.79 samples/sec   Loss 0.1342   LearningRate 0.000958   Epoch: 8   Global Step: 11930   Fp16 Grad Scale: 262144   Required: 144 hours
Training: 2025-04-09 05:28:55,646-Speed 83.91 samples/sec   Loss 0.2761   LearningRate 0.000958   Epoch: 8   Global Step: 11940   Fp16 Grad Scale: 262144   Required: 144 hours
Training: 2025-04-09 05:29:11,035-Speed 83.18 samples/sec   Loss 0.1672   LearningRate 0.000958   Epoch: 8   Global Step: 11950   Fp16 Grad Scale: 262144   Required: 144 hours
Training: 2025-04-09 05:29:26,359-Speed 83.53 samples/sec   Loss 0.2750   LearningRate 0.000958   Epoch: 8   Global Step: 11960   Fp16 Grad Scale: 262144   Required: 143 hours
Training: 2025-04-09 05:29:41,771-Speed 83.05 samples/sec   Loss 0.2176   LearningRate 0.000958   Epoch: 8   Global Step: 11970   Fp16 Grad Scale: 262144   Required: 143 hours
Training: 2025-04-09 05:29:57,111-Speed 83.45 samples/sec   Loss 0.2930   LearningRate 0.000958   Epoch: 8   Global Step: 11980   Fp16 Grad Scale: 262144   Required: 143 hours
Training: 2025-04-09 05:30:12,385-Speed 83.80 samples/sec   Loss 0.1553   LearningRate 0.000958   Epoch: 8   Global Step: 11990   Fp16 Grad Scale: 262144   Required: 143 hours
Training: 2025-04-09 05:30:27,605-Speed 84.10 samples/sec   Loss 0.1876   LearningRate 0.000958   Epoch: 8   Global Step: 12000   Fp16 Grad Scale: 262144   Required: 143 hours
Batch 0: torch.Size([128, 3, 64, 512])
batch.shape: torch.Size([128, 3, 64, 512])
batch.min(): -1.0
batch.max(): 1.0
batch.device: cuda:0
net_out.shape: torch.Size([128, 512])
num_nans: 0
num_non_nans: 65536
Batch 1: torch.Size([128, 3, 64, 512])
batch.shape: torch.Size([128, 3, 64, 512])
batch.min(): -1.0
batch.max(): 1.0
batch.device: cuda:0
net_out.shape: torch.Size([128, 512])
num_nans: 0
num_non_nans: 65536
Batch 2: torch.Size([128, 3, 64, 512])
batch.shape: torch.Size([128, 3, 64, 512])
batch.min(): -1.0
batch.max(): 1.0
batch.device: cuda:0
net_out.shape: torch.Size([128, 512])
num_nans: 0
num_non_nans: 65536
Batch 3: torch.Size([128, 3, 64, 512])
batch.shape: torch.Size([128, 3, 64, 512])
batch.min(): -1.0
batch.max(): 1.0
batch.device: cuda:0
net_out.shape: torch.Size([128, 512])
num_nans: 0
num_non_nans: 65536
Batch 4: torch.Size([128, 3, 64, 512])
batch.shape: torch.Size([128, 3, 64, 512])
batch.min(): -1.0
batch.max(): 1.0
batch.device: cuda:0
net_out.shape: torch.Size([128, 512])
num_nans: 0
num_non_nans: 65536
Batch 5: torch.Size([128, 3, 64, 512])
batch.shape: torch.Size([128, 3, 64, 512])
batch.min(): -1.0
batch.max(): 1.0
batch.device: cuda:0
net_out.shape: torch.Size([128, 512])
num_nans: 0
num_non_nans: 65536
Batch 6: torch.Size([128, 3, 64, 512])
batch.shape: torch.Size([128, 3, 64, 512])
batch.min(): -1.0
batch.max(): 1.0
batch.device: cuda:0
net_out.shape: torch.Size([128, 512])
num_nans: 0
num_non_nans: 65536
Batch 7: torch.Size([128, 3, 64, 512])
batch.shape: torch.Size([128, 3, 64, 512])
batch.min(): -1.0
batch.max(): 1.0
batch.device: cuda:0
net_out.shape: torch.Size([128, 512])
num_nans: 0
num_non_nans: 65536
Batch 8: torch.Size([128, 3, 64, 512])
batch.shape: torch.Size([128, 3, 64, 512])
batch.min(): -1.0
batch.max(): 1.0
batch.device: cuda:0
net_out.shape: torch.Size([128, 512])
num_nans: 0
num_non_nans: 65536
Batch 9: torch.Size([128, 3, 64, 512])
batch.shape: torch.Size([128, 3, 64, 512])
batch.min(): -1.0
batch.max(): 1.0
batch.device: cuda:0
net_out.shape: torch.Size([128, 512])
num_nans: 0
num_non_nans: 65536
Batch 10: torch.Size([128, 3, 64, 512])
batch.shape: torch.Size([128, 3, 64, 512])
batch.min(): -1.0
batch.max(): 1.0
batch.device: cuda:0
net_out.shape: torch.Size([128, 512])
num_nans: 0
num_non_nans: 65536
Batch 11: torch.Size([128, 3, 64, 512])
batch.shape: torch.Size([128, 3, 64, 512])
batch.min(): -1.0
batch.max(): 1.0
batch.device: cuda:0
net_out.shape: torch.Size([128, 512])
num_nans: 0
num_non_nans: 65536
Batch 12: torch.Size([128, 3, 64, 512])
batch.shape: torch.Size([128, 3, 64, 512])
batch.min(): -1.0
batch.max(): 1.0
batch.device: cuda:0
net_out.shape: torch.Size([128, 512])
num_nans: 0
num_non_nans: 65536
Batch 13: torch.Size([128, 3, 64, 512])
batch.shape: torch.Size([128, 3, 64, 512])
batch.min(): -1.0
batch.max(): 1.0
batch.device: cuda:0
net_out.shape: torch.Size([128, 512])
num_nans: 0
num_non_nans: 65536
Batch 14: torch.Size([128, 3, 64, 512])
batch.shape: torch.Size([128, 3, 64, 512])
batch.min(): -1.0
batch.max(): 1.0
batch.device: cuda:0
net_out.shape: torch.Size([128, 512])
num_nans: 0
num_non_nans: 65536
Batch 15: torch.Size([128, 3, 64, 512])
batch.shape: torch.Size([128, 3, 64, 512])
batch.min(): -1.0
batch.max(): 1.0
batch.device: cuda:0
net_out.shape: torch.Size([128, 512])
num_nans: 0
num_non_nans: 65536
Batch 16: torch.Size([128, 3, 64, 512])
batch.shape: torch.Size([128, 3, 64, 512])
batch.min(): -1.0
batch.max(): 1.0
batch.device: cuda:0
net_out.shape: torch.Size([128, 512])
num_nans: 0
num_non_nans: 65536
Batch 17: torch.Size([128, 3, 64, 512])
batch.shape: torch.Size([128, 3, 64, 512])
batch.min(): -1.0
batch.max(): 1.0
batch.device: cuda:0
net_out.shape: torch.Size([128, 512])
num_nans: 0
num_non_nans: 65536
Batch 18: torch.Size([128, 3, 64, 512])
batch.shape: torch.Size([128, 3, 64, 512])
batch.min(): -1.0
batch.max(): 1.0
batch.device: cuda:0
net_out.shape: torch.Size([128, 512])
num_nans: 0
num_non_nans: 65536
Batch 19: torch.Size([128, 3, 64, 512])
batch.shape: torch.Size([128, 3, 64, 512])
batch.min(): -1.0
batch.max(): 1.0
batch.device: cuda:0
net_out.shape: torch.Size([128, 512])
num_nans: 0
num_non_nans: 65536
Batch 20: torch.Size([128, 3, 64, 512])
batch.shape: torch.Size([128, 3, 64, 512])
batch.min(): -1.0
batch.max(): 1.0
batch.device: cuda:0
net_out.shape: torch.Size([128, 512])
num_nans: 0
num_non_nans: 65536
Batch 21: torch.Size([128, 3, 64, 512])
batch.shape: torch.Size([128, 3, 64, 512])
batch.min(): -1.0
batch.max(): 1.0
batch.device: cuda:0
net_out.shape: torch.Size([128, 512])
num_nans: 0
num_non_nans: 65536
Batch 22: torch.Size([128, 3, 64, 512])
batch.shape: torch.Size([128, 3, 64, 512])
batch.min(): -1.0
batch.max(): 1.0
batch.device: cuda:0
net_out.shape: torch.Size([128, 512])
num_nans: 0
num_non_nans: 65536
Batch 23: torch.Size([128, 3, 64, 512])
batch.shape: torch.Size([128, 3, 64, 512])
batch.min(): -1.0
batch.max(): 1.0
batch.device: cuda:0
net_out.shape: torch.Size([128, 512])
num_nans: 0
num_non_nans: 65536
Batch 24: torch.Size([128, 3, 64, 512])
batch.shape: torch.Size([128, 3, 64, 512])
batch.min(): -1.0
batch.max(): 1.0
batch.device: cuda:0
net_out.shape: torch.Size([128, 512])
num_nans: 0
num_non_nans: 65536
Batch 25: torch.Size([128, 3, 64, 512])
batch.shape: torch.Size([128, 3, 64, 512])
batch.min(): -1.0
batch.max(): 1.0
batch.device: cuda:0
net_out.shape: torch.Size([128, 512])
num_nans: 0
num_non_nans: 65536
Batch 26: torch.Size([128, 3, 64, 512])
batch.shape: torch.Size([128, 3, 64, 512])
batch.min(): -1.0
batch.max(): 1.0
batch.device: cuda:0
net_out.shape: torch.Size([128, 512])
num_nans: 0
num_non_nans: 65536
Batch 27: torch.Size([128, 3, 64, 512])
batch.shape: torch.Size([128, 3, 64, 512])
batch.min(): -1.0
batch.max(): 1.0
batch.device: cuda:0
net_out.shape: torch.Size([128, 512])
num_nans: 0
num_non_nans: 65536
Batch 28: torch.Size([128, 3, 64, 512])
batch.shape: torch.Size([128, 3, 64, 512])
batch.min(): -1.0
batch.max(): 1.0
batch.device: cuda:0
net_out.shape: torch.Size([128, 512])
num_nans: 0
num_non_nans: 65536
Batch 29: torch.Size([128, 3, 64, 512])
batch.shape: torch.Size([128, 3, 64, 512])
batch.min(): -1.0
batch.max(): 1.0
batch.device: cuda:0
net_out.shape: torch.Size([128, 512])
num_nans: 0
num_non_nans: 65536
Batch 30: torch.Size([128, 3, 64, 512])
batch.shape: torch.Size([128, 3, 64, 512])
batch.min(): -1.0
batch.max(): 1.0
batch.device: cuda:0
net_out.shape: torch.Size([128, 512])
num_nans: 0
num_non_nans: 65536
Batch 31: torch.Size([128, 3, 64, 512])
batch.shape: torch.Size([128, 3, 64, 512])
batch.min(): -1.0
batch.max(): 1.0
batch.device: cuda:0
net_out.shape: torch.Size([128, 512])
num_nans: 0
num_non_nans: 65536
Batch 32: torch.Size([128, 3, 64, 512])
batch.shape: torch.Size([128, 3, 64, 512])
batch.min(): -1.0
batch.max(): 1.0
batch.device: cuda:0
net_out.shape: torch.Size([128, 512])
num_nans: 0
num_non_nans: 65536
Batch 33: torch.Size([128, 3, 64, 512])
batch.shape: torch.Size([128, 3, 64, 512])
batch.min(): -1.0
batch.max(): 1.0
batch.device: cuda:0
net_out.shape: torch.Size([128, 512])
num_nans: 0
num_non_nans: 65536
Batch 34: torch.Size([128, 3, 64, 512])
batch.shape: torch.Size([128, 3, 64, 512])
batch.min(): -1.0
batch.max(): 1.0
batch.device: cuda:0
net_out.shape: torch.Size([128, 512])
num_nans: 0
num_non_nans: 65536
Batch 35: torch.Size([128, 3, 64, 512])
batch.shape: torch.Size([128, 3, 64, 512])
batch.min(): -1.0
batch.max(): 1.0
batch.device: cuda:0
net_out.shape: torch.Size([128, 512])
num_nans: 0
num_non_nans: 65536
Batch 36: torch.Size([128, 3, 64, 512])
batch.shape: torch.Size([128, 3, 64, 512])
batch.min(): -1.0
batch.max(): 1.0
batch.device: cuda:0
net_out.shape: torch.Size([128, 512])
num_nans: 0
num_non_nans: 65536
Batch 37: torch.Size([128, 3, 64, 512])
batch.shape: torch.Size([128, 3, 64, 512])
batch.min(): -1.0
batch.max(): 1.0
batch.device: cuda:0
net_out.shape: torch.Size([128, 512])
num_nans: 0
num_non_nans: 65536
Batch 38: torch.Size([128, 3, 64, 512])
batch.shape: torch.Size([128, 3, 64, 512])
batch.min(): -1.0
batch.max(): 1.0
batch.device: cuda:0
net_out.shape: torch.Size([128, 512])
num_nans: 0
num_non_nans: 65536
Batch 39: torch.Size([128, 3, 64, 512])
batch.shape: torch.Size([128, 3, 64, 512])
batch.min(): -1.0
batch.max(): 1.0
batch.device: cuda:0
net_out.shape: torch.Size([128, 512])
num_nans: 0
num_non_nans: 65536
Batch 40: torch.Size([128, 3, 64, 512])
batch.shape: torch.Size([128, 3, 64, 512])
batch.min(): -1.0
batch.max(): 1.0
batch.device: cuda:0
net_out.shape: torch.Size([128, 512])
num_nans: 0
num_non_nans: 65536
Batch 41: torch.Size([128, 3, 64, 512])
batch.shape: torch.Size([128, 3, 64, 512])
batch.min(): -1.0
batch.max(): 1.0
batch.device: cuda:0
net_out.shape: torch.Size([128, 512])
num_nans: 0
num_non_nans: 65536
Batch 42: torch.Size([128, 3, 64, 512])
batch.shape: torch.Size([128, 3, 64, 512])
batch.min(): -1.0
batch.max(): 1.0
batch.device: cuda:0
net_out.shape: torch.Size([128, 512])
num_nans: 0
num_non_nans: 65536
Batch 43: torch.Size([128, 3, 64, 512])
batch.shape: torch.Size([128, 3, 64, 512])
batch.min(): -1.0
batch.max(): 1.0
batch.device: cuda:0
net_out.shape: torch.Size([128, 512])
num_nans: 0
num_non_nans: 65536
Batch 44: torch.Size([128, 3, 64, 512])
batch.shape: torch.Size([128, 3, 64, 512])
batch.min(): -1.0
batch.max(): 1.0
batch.device: cuda:0
net_out.shape: torch.Size([128, 512])
num_nans: 0
num_non_nans: 65536
Batch 45: torch.Size([128, 3, 64, 512])
batch.shape: torch.Size([128, 3, 64, 512])
batch.min(): -1.0
batch.max(): 1.0
batch.device: cuda:0
net_out.shape: torch.Size([128, 512])
num_nans: 0
num_non_nans: 65536
Batch 46: torch.Size([128, 3, 64, 512])
batch.shape: torch.Size([128, 3, 64, 512])
batch.min(): -1.0
batch.max(): 1.0
batch.device: cuda:0
net_out.shape: torch.Size([128, 512])
num_nans: 0
num_non_nans: 65536
Batch 47: torch.Size([128, 3, 64, 512])
batch.shape: torch.Size([128, 3, 64, 512])
batch.min(): -1.0
batch.max(): 1.0
batch.device: cuda:0
net_out.shape: torch.Size([128, 512])
num_nans: 0
num_non_nans: 65536
Batch 48: torch.Size([128, 3, 64, 512])
batch.shape: torch.Size([128, 3, 64, 512])
batch.min(): -1.0
batch.max(): 1.0
batch.device: cuda:0
net_out.shape: torch.Size([128, 512])
num_nans: 0
num_non_nans: 65536
Batch 49: torch.Size([128, 3, 64, 512])
batch.shape: torch.Size([128, 3, 64, 512])
batch.min(): -1.0
batch.max(): 1.0
batch.device: cuda:0
net_out.shape: torch.Size([128, 512])
num_nans: 0
num_non_nans: 65536
Batch 50: torch.Size([128, 3, 64, 512])
batch.shape: torch.Size([128, 3, 64, 512])
batch.min(): -1.0
batch.max(): 1.0
batch.device: cuda:0
net_out.shape: torch.Size([128, 512])
num_nans: 0
num_non_nans: 65536
Batch 51: torch.Size([128, 3, 64, 512])
batch.shape: torch.Size([128, 3, 64, 512])
batch.min(): -1.0
batch.max(): 1.0
batch.device: cuda:0
net_out.shape: torch.Size([128, 512])
num_nans: 0
num_non_nans: 65536
Batch 52: torch.Size([128, 3, 64, 512])
batch.shape: torch.Size([128, 3, 64, 512])
batch.min(): -1.0
batch.max(): 1.0
batch.device: cuda:0
net_out.shape: torch.Size([128, 512])
num_nans: 0
num_non_nans: 65536
Batch 53: torch.Size([128, 3, 64, 512])
batch.shape: torch.Size([128, 3, 64, 512])
batch.min(): -1.0
batch.max(): 1.0
batch.device: cuda:0
net_out.shape: torch.Size([128, 512])
num_nans: 0
num_non_nans: 65536
Batch 54: torch.Size([128, 3, 64, 512])
batch.shape: torch.Size([128, 3, 64, 512])
batch.min(): -1.0
batch.max(): 1.0
batch.device: cuda:0
net_out.shape: torch.Size([128, 512])
num_nans: 0
num_non_nans: 65536
Batch 55: torch.Size([128, 3, 64, 512])
batch.shape: torch.Size([128, 3, 64, 512])
batch.min(): -1.0
batch.max(): 1.0
batch.device: cuda:0
net_out.shape: torch.Size([128, 512])
num_nans: 0
num_non_nans: 65536
Batch 56: torch.Size([128, 3, 64, 512])
batch.shape: torch.Size([128, 3, 64, 512])
batch.min(): -1.0
batch.max(): 1.0
batch.device: cuda:0
net_out.shape: torch.Size([128, 512])
num_nans: 0
num_non_nans: 65536
Batch 57: torch.Size([128, 3, 64, 512])
batch.shape: torch.Size([128, 3, 64, 512])
batch.min(): -1.0
batch.max(): 1.0
batch.device: cuda:0
net_out.shape: torch.Size([128, 512])
num_nans: 0
num_non_nans: 65536
Batch 58: torch.Size([128, 3, 64, 512])
batch.shape: torch.Size([128, 3, 64, 512])
batch.min(): -1.0
batch.max(): 1.0
batch.device: cuda:0
net_out.shape: torch.Size([128, 512])
num_nans: 0
num_non_nans: 65536
Batch 59: torch.Size([128, 3, 64, 512])
batch.shape: torch.Size([128, 3, 64, 512])
batch.min(): -1.0
batch.max(): 1.0
batch.device: cuda:0
net_out.shape: torch.Size([128, 512])
num_nans: 0
num_non_nans: 65536
Batch 60: torch.Size([128, 3, 64, 512])
batch.shape: torch.Size([128, 3, 64, 512])
batch.min(): -1.0
batch.max(): 1.0
batch.device: cuda:0
net_out.shape: torch.Size([128, 512])
num_nans: 0
num_non_nans: 65536
Batch 61: torch.Size([128, 3, 64, 512])
batch.shape: torch.Size([128, 3, 64, 512])
batch.min(): -1.0
batch.max(): 1.0
batch.device: cuda:0
net_out.shape: torch.Size([128, 512])
num_nans: 0
num_non_nans: 65536
Batch 62: torch.Size([128, 3, 64, 512])
batch.shape: torch.Size([128, 3, 64, 512])
batch.min(): -1.0
batch.max(): 1.0
batch.device: cuda:0
net_out.shape: torch.Size([128, 512])
num_nans: 0
num_non_nans: 65536
Batch 63: torch.Size([128, 3, 64, 512])
batch.shape: torch.Size([128, 3, 64, 512])
batch.min(): -1.0
batch.max(): 1.0
batch.device: cuda:0
net_out.shape: torch.Size([128, 512])
num_nans: 0
num_non_nans: 65536
Training: 2025-04-09 05:31:41,008-[val][Global step: 12000] d prime: 7.435014724731445
Model saved with d prime score: 7.435014724731445
Training: 2025-04-09 05:31:58,831-Speed 14.03 samples/sec   Loss 0.1685   LearningRate 0.000958   Epoch: 8   Global Step: 12010   Fp16 Grad Scale: 262144   Required: 144 hours
Training: 2025-04-09 05:32:14,136-Speed 83.63 samples/sec   Loss 0.1599   LearningRate 0.000958   Epoch: 8   Global Step: 12020   Fp16 Grad Scale: 262144   Required: 144 hours
Training: 2025-04-09 05:32:29,348-Speed 84.15 samples/sec   Loss 0.1837   LearningRate 0.000958   Epoch: 8   Global Step: 12030   Fp16 Grad Scale: 262144   Required: 144 hours
Training: 2025-04-09 05:32:44,628-Speed 83.77 samples/sec   Loss 0.1736   LearningRate 0.000958   Epoch: 8   Global Step: 12040   Fp16 Grad Scale: 262144   Required: 144 hours
Training: 2025-04-09 05:32:59,906-Speed 83.78 samples/sec   Loss 0.2267   LearningRate 0.000958   Epoch: 8   Global Step: 12050   Fp16 Grad Scale: 262144   Required: 144 hours
Training: 2025-04-09 05:33:15,154-Speed 83.95 samples/sec   Loss 0.2490   LearningRate 0.000958   Epoch: 8   Global Step: 12060   Fp16 Grad Scale: 262144   Required: 144 hours
Training: 2025-04-09 05:33:30,470-Speed 83.58 samples/sec   Loss 0.2544   LearningRate 0.000958   Epoch: 8   Global Step: 12070   Fp16 Grad Scale: 262144   Required: 144 hours
Training: 2025-04-09 05:33:46,066-Speed 82.08 samples/sec   Loss 0.1851   LearningRate 0.000958   Epoch: 8   Global Step: 12080   Fp16 Grad Scale: 524288   Required: 144 hours
Training: 2025-04-09 05:34:01,380-Speed 83.59 samples/sec   Loss 0.2070   LearningRate 0.000958   Epoch: 8   Global Step: 12090   Fp16 Grad Scale: 524288   Required: 144 hours
Training: 2025-04-09 05:34:16,754-Speed 83.26 samples/sec   Loss 0.1565   LearningRate 0.000958   Epoch: 8   Global Step: 12100   Fp16 Grad Scale: 524288   Required: 144 hours
Training: 2025-04-09 05:34:32,029-Speed 83.80 samples/sec   Loss 0.1655   LearningRate 0.000958   Epoch: 8   Global Step: 12110   Fp16 Grad Scale: 524288   Required: 144 hours
Training: 2025-04-09 05:34:47,289-Speed 83.88 samples/sec   Loss 0.2745   LearningRate 0.000958   Epoch: 8   Global Step: 12120   Fp16 Grad Scale: 524288   Required: 144 hours
Training: 2025-04-09 05:35:02,549-Speed 83.88 samples/sec   Loss 0.2629   LearningRate 0.000957   Epoch: 8   Global Step: 12130   Fp16 Grad Scale: 524288   Required: 144 hours
Training: 2025-04-09 05:35:17,756-Speed 84.17 samples/sec   Loss 0.1824   LearningRate 0.000957   Epoch: 8   Global Step: 12140   Fp16 Grad Scale: 524288   Required: 143 hours
Training: 2025-04-09 05:35:32,946-Speed 84.27 samples/sec   Loss 0.2163   LearningRate 0.000957   Epoch: 8   Global Step: 12150   Fp16 Grad Scale: 524288   Required: 143 hours
Training: 2025-04-09 05:35:48,501-Speed 82.29 samples/sec   Loss 0.2102   LearningRate 0.000957   Epoch: 8   Global Step: 12160   Fp16 Grad Scale: 524288   Required: 143 hours
Training: 2025-04-09 05:36:05,528-Speed 75.18 samples/sec   Loss 0.1858   LearningRate 0.000957   Epoch: 8   Global Step: 12170   Fp16 Grad Scale: 524288   Required: 143 hours
Training: 2025-04-09 05:36:20,749-Speed 84.10 samples/sec   Loss 0.1644   LearningRate 0.000957   Epoch: 8   Global Step: 12180   Fp16 Grad Scale: 524288   Required: 143 hours
Training: 2025-04-09 05:36:36,122-Speed 83.27 samples/sec   Loss 0.1013   LearningRate 0.000957   Epoch: 8   Global Step: 12190   Fp16 Grad Scale: 262144   Required: 143 hours
Training: 2025-04-09 05:36:51,266-Speed 84.52 samples/sec   Loss 0.1994   LearningRate 0.000957   Epoch: 8   Global Step: 12200   Fp16 Grad Scale: 262144   Required: 143 hours
Training: 2025-04-09 05:37:06,494-Speed 84.06 samples/sec   Loss 0.1707   LearningRate 0.000957   Epoch: 8   Global Step: 12210   Fp16 Grad Scale: 262144   Required: 143 hours
Training: 2025-04-09 05:37:21,780-Speed 83.74 samples/sec   Loss 0.2165   LearningRate 0.000957   Epoch: 8   Global Step: 12220   Fp16 Grad Scale: 262144   Required: 143 hours
Training: 2025-04-09 05:37:36,954-Speed 84.36 samples/sec   Loss 0.2095   LearningRate 0.000957   Epoch: 8   Global Step: 12230   Fp16 Grad Scale: 262144   Required: 143 hours
Training: 2025-04-09 05:37:52,200-Speed 83.96 samples/sec   Loss 0.1512   LearningRate 0.000957   Epoch: 8   Global Step: 12240   Fp16 Grad Scale: 262144   Required: 143 hours
Training: 2025-04-09 05:38:07,643-Speed 82.89 samples/sec   Loss 0.2544   LearningRate 0.000957   Epoch: 8   Global Step: 12250   Fp16 Grad Scale: 262144   Required: 143 hours
Training: 2025-04-09 05:38:22,883-Speed 83.99 samples/sec   Loss 0.1839   LearningRate 0.000957   Epoch: 8   Global Step: 12260   Fp16 Grad Scale: 262144   Required: 143 hours
Training: 2025-04-09 05:38:38,021-Speed 84.56 samples/sec   Loss 0.2585   LearningRate 0.000957   Epoch: 8   Global Step: 12270   Fp16 Grad Scale: 262144   Required: 143 hours
Training: 2025-04-09 05:38:53,285-Speed 83.86 samples/sec   Loss 0.1806   LearningRate 0.000957   Epoch: 8   Global Step: 12280   Fp16 Grad Scale: 262144   Required: 143 hours
Training: 2025-04-09 05:39:08,422-Speed 84.57 samples/sec   Loss 0.1532   LearningRate 0.000957   Epoch: 8   Global Step: 12290   Fp16 Grad Scale: 524288   Required: 143 hours
Training: 2025-04-09 05:39:23,600-Speed 84.34 samples/sec   Loss 0.1682   LearningRate 0.000957   Epoch: 8   Global Step: 12300   Fp16 Grad Scale: 524288   Required: 143 hours
Training: 2025-04-09 05:39:38,897-Speed 83.68 samples/sec   Loss 0.1561   LearningRate 0.000957   Epoch: 8   Global Step: 12310   Fp16 Grad Scale: 262144   Required: 143 hours
Training: 2025-04-09 05:39:54,220-Speed 83.54 samples/sec   Loss 0.2310   LearningRate 0.000957   Epoch: 8   Global Step: 12320   Fp16 Grad Scale: 262144   Required: 143 hours
Training: 2025-04-09 05:40:09,522-Speed 83.65 samples/sec   Loss 0.1716   LearningRate 0.000957   Epoch: 8   Global Step: 12330   Fp16 Grad Scale: 262144   Required: 143 hours
Training: 2025-04-09 05:40:24,968-Speed 82.87 samples/sec   Loss 0.1958   LearningRate 0.000957   Epoch: 8   Global Step: 12340   Fp16 Grad Scale: 262144   Required: 143 hours
Training: 2025-04-09 05:40:40,280-Speed 83.60 samples/sec   Loss 0.2081   LearningRate 0.000957   Epoch: 8   Global Step: 12350   Fp16 Grad Scale: 262144   Required: 143 hours
Training: 2025-04-09 05:40:55,554-Speed 83.80 samples/sec   Loss 0.1890   LearningRate 0.000957   Epoch: 8   Global Step: 12360   Fp16 Grad Scale: 262144   Required: 143 hours
Training: 2025-04-09 05:41:12,367-Speed 76.13 samples/sec   Loss 0.2150   LearningRate 0.000957   Epoch: 8   Global Step: 12370   Fp16 Grad Scale: 262144   Required: 143 hours
Training: 2025-04-09 05:41:27,821-Speed 82.83 samples/sec   Loss 0.1713   LearningRate 0.000957   Epoch: 8   Global Step: 12380   Fp16 Grad Scale: 262144   Required: 143 hours
Training: 2025-04-09 05:41:43,005-Speed 84.30 samples/sec   Loss 0.1518   LearningRate 0.000957   Epoch: 8   Global Step: 12390   Fp16 Grad Scale: 262144   Required: 143 hours
Training: 2025-04-09 05:41:58,207-Speed 84.20 samples/sec   Loss 0.2550   LearningRate 0.000957   Epoch: 8   Global Step: 12400   Fp16 Grad Scale: 262144   Required: 143 hours
Training: 2025-04-09 05:42:13,323-Speed 84.68 samples/sec   Loss 0.1950   LearningRate 0.000956   Epoch: 8   Global Step: 12410   Fp16 Grad Scale: 524288   Required: 143 hours
Training: 2025-04-09 05:42:28,822-Speed 82.59 samples/sec   Loss 0.1772   LearningRate 0.000956   Epoch: 8   Global Step: 12420   Fp16 Grad Scale: 524288   Required: 143 hours
Training: 2025-04-09 05:42:44,126-Speed 83.64 samples/sec   Loss 0.1772   LearningRate 0.000956   Epoch: 8   Global Step: 12430   Fp16 Grad Scale: 524288   Required: 143 hours
Training: 2025-04-09 05:42:59,230-Speed 84.75 samples/sec   Loss 0.2650   LearningRate 0.000956   Epoch: 8   Global Step: 12440   Fp16 Grad Scale: 524288   Required: 143 hours
Training: 2025-04-09 05:43:14,543-Speed 83.59 samples/sec   Loss 0.1954   LearningRate 0.000956   Epoch: 8   Global Step: 12450   Fp16 Grad Scale: 524288   Required: 143 hours
Training: 2025-04-09 05:43:29,769-Speed 84.07 samples/sec   Loss 0.2212   LearningRate 0.000956   Epoch: 8   Global Step: 12460   Fp16 Grad Scale: 262144   Required: 143 hours
Training: 2025-04-09 05:43:45,011-Speed 83.98 samples/sec   Loss 0.1858   LearningRate 0.000956   Epoch: 8   Global Step: 12470   Fp16 Grad Scale: 262144   Required: 143 hours
Training: 2025-04-09 05:44:00,179-Speed 84.39 samples/sec   Loss 0.2039   LearningRate 0.000956   Epoch: 8   Global Step: 12480   Fp16 Grad Scale: 262144   Required: 143 hours
Training: 2025-04-09 05:44:15,436-Speed 83.90 samples/sec   Loss 0.2352   LearningRate 0.000956   Epoch: 8   Global Step: 12490   Fp16 Grad Scale: 262144   Required: 143 hours
Training: 2025-04-09 05:44:30,725-Speed 83.72 samples/sec   Loss 0.2314   LearningRate 0.000956   Epoch: 8   Global Step: 12500   Fp16 Grad Scale: 262144   Required: 143 hours
Training: 2025-04-09 05:44:46,199-Speed 82.72 samples/sec   Loss 0.1883   LearningRate 0.000956   Epoch: 8   Global Step: 12510   Fp16 Grad Scale: 262144   Required: 142 hours
Training: 2025-04-09 05:45:01,459-Speed 83.89 samples/sec   Loss 0.1855   LearningRate 0.000956   Epoch: 8   Global Step: 12520   Fp16 Grad Scale: 262144   Required: 142 hours
Training: 2025-04-09 05:45:16,846-Speed 83.19 samples/sec   Loss 0.2167   LearningRate 0.000956   Epoch: 8   Global Step: 12530   Fp16 Grad Scale: 262144   Required: 142 hours
Training: 2025-04-09 05:45:32,249-Speed 83.11 samples/sec   Loss 0.2163   LearningRate 0.000956   Epoch: 8   Global Step: 12540   Fp16 Grad Scale: 262144   Required: 142 hours
Training: 2025-04-09 05:45:47,580-Speed 83.49 samples/sec   Loss 0.2964   LearningRate 0.000956   Epoch: 8   Global Step: 12550   Fp16 Grad Scale: 262144   Required: 142 hours
Training: 2025-04-09 05:46:02,891-Speed 83.60 samples/sec   Loss 0.2222   LearningRate 0.000956   Epoch: 8   Global Step: 12560   Fp16 Grad Scale: 524288   Required: 142 hours
Training: 2025-04-09 05:46:19,998-Speed 74.83 samples/sec   Loss 0.2345   LearningRate 0.000956   Epoch: 8   Global Step: 12570   Fp16 Grad Scale: 524288   Required: 142 hours
Training: 2025-04-09 05:46:35,171-Speed 84.36 samples/sec   Loss 0.2568   LearningRate 0.000956   Epoch: 8   Global Step: 12580   Fp16 Grad Scale: 262144   Required: 142 hours
Training: 2025-04-09 05:46:50,506-Speed 83.47 samples/sec   Loss 0.2635   LearningRate 0.000956   Epoch: 8   Global Step: 12590   Fp16 Grad Scale: 262144   Required: 142 hours
Training: 2025-04-09 05:47:05,761-Speed 83.91 samples/sec   Loss 0.2040   LearningRate 0.000956   Epoch: 8   Global Step: 12600   Fp16 Grad Scale: 262144   Required: 142 hours
Training: 2025-04-09 05:47:21,029-Speed 83.84 samples/sec   Loss 0.2037   LearningRate 0.000956   Epoch: 8   Global Step: 12610   Fp16 Grad Scale: 262144   Required: 142 hours
Training: 2025-04-09 05:47:36,363-Speed 83.48 samples/sec   Loss 0.2048   LearningRate 0.000956   Epoch: 8   Global Step: 12620   Fp16 Grad Scale: 262144   Required: 142 hours
Training: 2025-04-09 05:47:51,614-Speed 83.93 samples/sec   Loss 0.1857   LearningRate 0.000956   Epoch: 8   Global Step: 12630   Fp16 Grad Scale: 262144   Required: 142 hours
Training: 2025-04-09 05:48:06,911-Speed 83.68 samples/sec   Loss 0.2103   LearningRate 0.000956   Epoch: 8   Global Step: 12640   Fp16 Grad Scale: 262144   Required: 142 hours
Training: 2025-04-09 05:48:22,116-Speed 84.19 samples/sec   Loss 0.2053   LearningRate 0.000956   Epoch: 8   Global Step: 12650   Fp16 Grad Scale: 262144   Required: 142 hours
Training: 2025-04-09 05:48:37,385-Speed 83.83 samples/sec   Loss 0.1556   LearningRate 0.000956   Epoch: 8   Global Step: 12660   Fp16 Grad Scale: 262144   Required: 142 hours
Training: 2025-04-09 05:48:52,813-Speed 82.97 samples/sec   Loss 0.1662   LearningRate 0.000956   Epoch: 8   Global Step: 12670   Fp16 Grad Scale: 262144   Required: 142 hours
Training: 2025-04-09 05:49:08,236-Speed 83.00 samples/sec   Loss 0.2008   LearningRate 0.000956   Epoch: 8   Global Step: 12680   Fp16 Grad Scale: 262144   Required: 142 hours
Training: 2025-04-09 05:49:23,554-Speed 83.56 samples/sec   Loss 0.2009   LearningRate 0.000956   Epoch: 8   Global Step: 12690   Fp16 Grad Scale: 262144   Required: 142 hours
Training: 2025-04-09 05:49:38,669-Speed 84.69 samples/sec   Loss 0.1635   LearningRate 0.000955   Epoch: 8   Global Step: 12700   Fp16 Grad Scale: 262144   Required: 142 hours
Training: 2025-04-09 05:49:54,035-Speed 83.30 samples/sec   Loss 0.1254   LearningRate 0.000955   Epoch: 8   Global Step: 12710   Fp16 Grad Scale: 262144   Required: 142 hours
Training: 2025-04-09 05:50:09,311-Speed 83.79 samples/sec   Loss 0.2074   LearningRate 0.000955   Epoch: 8   Global Step: 12720   Fp16 Grad Scale: 262144   Required: 142 hours
Training: 2025-04-09 05:50:24,696-Speed 83.20 samples/sec   Loss 0.1886   LearningRate 0.000955   Epoch: 8   Global Step: 12730   Fp16 Grad Scale: 262144   Required: 142 hours
Training: 2025-04-09 05:50:39,912-Speed 84.13 samples/sec   Loss 0.1726   LearningRate 0.000955   Epoch: 8   Global Step: 12740   Fp16 Grad Scale: 262144   Required: 142 hours
Training: 2025-04-09 05:50:55,175-Speed 83.87 samples/sec   Loss 0.1669   LearningRate 0.000955   Epoch: 8   Global Step: 12750   Fp16 Grad Scale: 262144   Required: 142 hours
Training: 2025-04-09 05:51:10,604-Speed 82.96 samples/sec   Loss 0.1675   LearningRate 0.000955   Epoch: 8   Global Step: 12760   Fp16 Grad Scale: 262144   Required: 142 hours
Training: 2025-04-09 05:51:27,829-Speed 74.31 samples/sec   Loss 0.1569   LearningRate 0.000955   Epoch: 8   Global Step: 12770   Fp16 Grad Scale: 262144   Required: 142 hours
Training: 2025-04-09 05:51:43,051-Speed 84.09 samples/sec   Loss 0.1698   LearningRate 0.000955   Epoch: 8   Global Step: 12780   Fp16 Grad Scale: 524288   Required: 142 hours
Training: 2025-04-09 05:51:58,411-Speed 83.34 samples/sec   Loss 0.2004   LearningRate 0.000955   Epoch: 8   Global Step: 12790   Fp16 Grad Scale: 524288   Required: 142 hours
Training: 2025-04-09 05:52:13,774-Speed 83.33 samples/sec   Loss 0.2512   LearningRate 0.000955   Epoch: 8   Global Step: 12800   Fp16 Grad Scale: 262144   Required: 142 hours
Training: 2025-04-09 05:52:29,018-Speed 83.97 samples/sec   Loss 0.1522   LearningRate 0.000955   Epoch: 8   Global Step: 12810   Fp16 Grad Scale: 262144   Required: 142 hours
Training: 2025-04-09 05:52:44,357-Speed 83.45 samples/sec   Loss 0.2066   LearningRate 0.000955   Epoch: 8   Global Step: 12820   Fp16 Grad Scale: 262144   Required: 142 hours
Training: 2025-04-09 05:52:59,597-Speed 83.99 samples/sec   Loss 0.1939   LearningRate 0.000955   Epoch: 8   Global Step: 12830   Fp16 Grad Scale: 262144   Required: 142 hours
Training: 2025-04-09 05:53:14,890-Speed 83.70 samples/sec   Loss 0.1400   LearningRate 0.000955   Epoch: 8   Global Step: 12840   Fp16 Grad Scale: 262144   Required: 142 hours
Training: 2025-04-09 05:53:33,098-Speed 70.30 samples/sec   Loss 0.1480   LearningRate 0.000955   Epoch: 9   Global Step: 12850   Fp16 Grad Scale: 262144   Required: 142 hours
Training: 2025-04-09 05:53:48,311-Speed 84.14 samples/sec   Loss 0.1289   LearningRate 0.000955   Epoch: 9   Global Step: 12860   Fp16 Grad Scale: 262144   Required: 142 hours
Training: 2025-04-09 05:54:03,548-Speed 84.01 samples/sec   Loss 0.2142   LearningRate 0.000955   Epoch: 9   Global Step: 12870   Fp16 Grad Scale: 262144   Required: 142 hours
Training: 2025-04-09 05:54:18,887-Speed 83.45 samples/sec   Loss 0.2038   LearningRate 0.000955   Epoch: 9   Global Step: 12880   Fp16 Grad Scale: 262144   Required: 142 hours
Training: 2025-04-09 05:54:34,190-Speed 83.65 samples/sec   Loss 0.1500   LearningRate 0.000955   Epoch: 9   Global Step: 12890   Fp16 Grad Scale: 262144   Required: 142 hours
Training: 2025-04-09 05:54:49,522-Speed 83.49 samples/sec   Loss 0.0971   LearningRate 0.000955   Epoch: 9   Global Step: 12900   Fp16 Grad Scale: 524288   Required: 142 hours
Training: 2025-04-09 05:55:04,788-Speed 83.85 samples/sec   Loss 0.2095   LearningRate 0.000955   Epoch: 9   Global Step: 12910   Fp16 Grad Scale: 524288   Required: 141 hours
Training: 2025-04-09 05:55:20,061-Speed 83.81 samples/sec   Loss 0.0953   LearningRate 0.000955   Epoch: 9   Global Step: 12920   Fp16 Grad Scale: 524288   Required: 141 hours
Training: 2025-04-09 05:55:35,362-Speed 83.66 samples/sec   Loss 0.1046   LearningRate 0.000955   Epoch: 9   Global Step: 12930   Fp16 Grad Scale: 524288   Required: 141 hours
Training: 2025-04-09 05:55:50,571-Speed 84.16 samples/sec   Loss 0.1523   LearningRate 0.000955   Epoch: 9   Global Step: 12940   Fp16 Grad Scale: 524288   Required: 141 hours
Training: 2025-04-09 05:56:05,870-Speed 83.67 samples/sec   Loss 0.1507   LearningRate 0.000955   Epoch: 9   Global Step: 12950   Fp16 Grad Scale: 524288   Required: 141 hours
Training: 2025-04-09 05:56:24,214-Speed 69.78 samples/sec   Loss 0.1873   LearningRate 0.000955   Epoch: 9   Global Step: 12960   Fp16 Grad Scale: 524288   Required: 141 hours
Training: 2025-04-09 05:56:42,116-Speed 71.50 samples/sec   Loss 0.2132   LearningRate 0.000955   Epoch: 9   Global Step: 12970   Fp16 Grad Scale: 262144   Required: 141 hours
Training: 2025-04-09 05:56:59,155-Speed 75.12 samples/sec   Loss 0.1287   LearningRate 0.000954   Epoch: 9   Global Step: 12980   Fp16 Grad Scale: 262144   Required: 141 hours
Training: 2025-04-09 05:57:14,720-Speed 82.24 samples/sec   Loss 0.1590   LearningRate 0.000954   Epoch: 9   Global Step: 12990   Fp16 Grad Scale: 262144   Required: 141 hours
Training: 2025-04-09 05:57:29,928-Speed 84.17 samples/sec   Loss 0.1261   LearningRate 0.000954   Epoch: 9   Global Step: 13000   Fp16 Grad Scale: 262144   Required: 141 hours
Training: 2025-04-09 05:57:45,324-Speed 83.15 samples/sec   Loss 0.1165   LearningRate 0.000954   Epoch: 9   Global Step: 13010   Fp16 Grad Scale: 262144   Required: 141 hours
Training: 2025-04-09 05:58:00,692-Speed 83.29 samples/sec   Loss 0.1172   LearningRate 0.000954   Epoch: 9   Global Step: 13020   Fp16 Grad Scale: 262144   Required: 141 hours
Training: 2025-04-09 05:58:15,948-Speed 83.90 samples/sec   Loss 0.1672   LearningRate 0.000954   Epoch: 9   Global Step: 13030   Fp16 Grad Scale: 262144   Required: 141 hours
Training: 2025-04-09 05:58:31,170-Speed 84.10 samples/sec   Loss 0.1451   LearningRate 0.000954   Epoch: 9   Global Step: 13040   Fp16 Grad Scale: 262144   Required: 141 hours
Training: 2025-04-09 05:58:46,400-Speed 84.04 samples/sec   Loss 0.1168   LearningRate 0.000954   Epoch: 9   Global Step: 13050   Fp16 Grad Scale: 262144   Required: 141 hours
Training: 2025-04-09 05:59:01,501-Speed 84.77 samples/sec   Loss 0.1918   LearningRate 0.000954   Epoch: 9   Global Step: 13060   Fp16 Grad Scale: 262144   Required: 141 hours
Training: 2025-04-09 05:59:16,967-Speed 82.76 samples/sec   Loss 0.1747   LearningRate 0.000954   Epoch: 9   Global Step: 13070   Fp16 Grad Scale: 524288   Required: 141 hours
Training: 2025-04-09 05:59:32,129-Speed 84.43 samples/sec   Loss 0.1316   LearningRate 0.000954   Epoch: 9   Global Step: 13080   Fp16 Grad Scale: 262144   Required: 141 hours
Training: 2025-04-09 05:59:47,290-Speed 84.43 samples/sec   Loss 0.1209   LearningRate 0.000954   Epoch: 9   Global Step: 13090   Fp16 Grad Scale: 262144   Required: 141 hours
Training: 2025-04-09 06:00:02,693-Speed 83.11 samples/sec   Loss 0.1576   LearningRate 0.000954   Epoch: 9   Global Step: 13100   Fp16 Grad Scale: 262144   Required: 141 hours
Training: 2025-04-09 06:00:17,847-Speed 84.47 samples/sec   Loss 0.1289   LearningRate 0.000954   Epoch: 9   Global Step: 13110   Fp16 Grad Scale: 262144   Required: 141 hours
Training: 2025-04-09 06:00:33,213-Speed 83.30 samples/sec   Loss 0.1134   LearningRate 0.000954   Epoch: 9   Global Step: 13120   Fp16 Grad Scale: 262144   Required: 141 hours
Training: 2025-04-09 06:00:48,478-Speed 83.86 samples/sec   Loss 0.1678   LearningRate 0.000954   Epoch: 9   Global Step: 13130   Fp16 Grad Scale: 262144   Required: 141 hours
Training: 2025-04-09 06:01:03,842-Speed 83.31 samples/sec   Loss 0.1644   LearningRate 0.000954   Epoch: 9   Global Step: 13140   Fp16 Grad Scale: 262144   Required: 141 hours
Training: 2025-04-09 06:01:20,187-Speed 78.32 samples/sec   Loss 0.1569   LearningRate 0.000954   Epoch: 9   Global Step: 13150   Fp16 Grad Scale: 262144   Required: 141 hours
Training: 2025-04-09 06:01:36,496-Speed 78.48 samples/sec   Loss 0.1785   LearningRate 0.000954   Epoch: 9   Global Step: 13160   Fp16 Grad Scale: 262144   Required: 141 hours
Training: 2025-04-09 06:01:51,776-Speed 83.77 samples/sec   Loss 0.1489   LearningRate 0.000954   Epoch: 9   Global Step: 13170   Fp16 Grad Scale: 262144   Required: 141 hours
Training: 2025-04-09 06:02:07,099-Speed 83.54 samples/sec   Loss 0.1904   LearningRate 0.000954   Epoch: 9   Global Step: 13180   Fp16 Grad Scale: 524288   Required: 141 hours
Training: 2025-04-09 06:02:22,458-Speed 83.34 samples/sec   Loss 0.1549   LearningRate 0.000954   Epoch: 9   Global Step: 13190   Fp16 Grad Scale: 524288   Required: 141 hours
Training: 2025-04-09 06:02:37,692-Speed 84.02 samples/sec   Loss 0.1249   LearningRate 0.000954   Epoch: 9   Global Step: 13200   Fp16 Grad Scale: 524288   Required: 141 hours
Training: 2025-04-09 06:02:53,045-Speed 83.38 samples/sec   Loss 0.1168   LearningRate 0.000954   Epoch: 9   Global Step: 13210   Fp16 Grad Scale: 524288   Required: 141 hours
Training: 2025-04-09 06:03:08,180-Speed 84.57 samples/sec   Loss 0.1179   LearningRate 0.000954   Epoch: 9   Global Step: 13220   Fp16 Grad Scale: 524288   Required: 141 hours
Training: 2025-04-09 06:03:23,385-Speed 84.19 samples/sec   Loss 0.1339   LearningRate 0.000954   Epoch: 9   Global Step: 13230   Fp16 Grad Scale: 524288   Required: 141 hours
Training: 2025-04-09 06:03:38,598-Speed 84.14 samples/sec   Loss 0.1362   LearningRate 0.000954   Epoch: 9   Global Step: 13240   Fp16 Grad Scale: 262144   Required: 141 hours
Training: 2025-04-09 06:03:53,847-Speed 83.94 samples/sec   Loss 0.1389   LearningRate 0.000954   Epoch: 9   Global Step: 13250   Fp16 Grad Scale: 262144   Required: 141 hours
Training: 2025-04-09 06:04:09,148-Speed 83.66 samples/sec   Loss 0.1613   LearningRate 0.000954   Epoch: 9   Global Step: 13260   Fp16 Grad Scale: 262144   Required: 141 hours
Training: 2025-04-09 06:04:24,466-Speed 83.56 samples/sec   Loss 0.1630   LearningRate 0.000953   Epoch: 9   Global Step: 13270   Fp16 Grad Scale: 262144   Required: 141 hours
Training: 2025-04-09 06:04:39,763-Speed 83.68 samples/sec   Loss 0.1738   LearningRate 0.000953   Epoch: 9   Global Step: 13280   Fp16 Grad Scale: 262144   Required: 141 hours
Training: 2025-04-09 06:04:54,889-Speed 84.63 samples/sec   Loss 0.1811   LearningRate 0.000953   Epoch: 9   Global Step: 13290   Fp16 Grad Scale: 262144   Required: 141 hours
Training: 2025-04-09 06:05:10,102-Speed 84.14 samples/sec   Loss 0.1134   LearningRate 0.000953   Epoch: 9   Global Step: 13300   Fp16 Grad Scale: 262144   Required: 141 hours
Training: 2025-04-09 06:05:25,330-Speed 84.06 samples/sec   Loss 0.1804   LearningRate 0.000953   Epoch: 9   Global Step: 13310   Fp16 Grad Scale: 262144   Required: 141 hours
Training: 2025-04-09 06:05:40,593-Speed 83.87 samples/sec   Loss 0.1737   LearningRate 0.000953   Epoch: 9   Global Step: 13320   Fp16 Grad Scale: 262144   Required: 141 hours
Training: 2025-04-09 06:05:55,951-Speed 83.34 samples/sec   Loss 0.1690   LearningRate 0.000953   Epoch: 9   Global Step: 13330   Fp16 Grad Scale: 262144   Required: 141 hours
Training: 2025-04-09 06:06:11,250-Speed 83.67 samples/sec   Loss 0.1548   LearningRate 0.000953   Epoch: 9   Global Step: 13340   Fp16 Grad Scale: 524288   Required: 140 hours
Training: 2025-04-09 06:06:28,314-Speed 75.02 samples/sec   Loss 0.1540   LearningRate 0.000953   Epoch: 9   Global Step: 13350   Fp16 Grad Scale: 524288   Required: 140 hours
Training: 2025-04-09 06:06:43,779-Speed 82.77 samples/sec   Loss 0.1804   LearningRate 0.000953   Epoch: 9   Global Step: 13360   Fp16 Grad Scale: 524288   Required: 140 hours
Training: 2025-04-09 06:06:59,003-Speed 84.08 samples/sec   Loss 0.1393   LearningRate 0.000953   Epoch: 9   Global Step: 13370   Fp16 Grad Scale: 524288   Required: 140 hours
Training: 2025-04-09 06:07:14,172-Speed 84.39 samples/sec   Loss 0.1565   LearningRate 0.000953   Epoch: 9   Global Step: 13380   Fp16 Grad Scale: 524288   Required: 140 hours
Training: 2025-04-09 06:07:29,311-Speed 84.55 samples/sec   Loss 0.1713   LearningRate 0.000953   Epoch: 9   Global Step: 13390   Fp16 Grad Scale: 262144   Required: 140 hours
Training: 2025-04-09 06:07:44,426-Speed 84.69 samples/sec   Loss 0.1936   LearningRate 0.000953   Epoch: 9   Global Step: 13400   Fp16 Grad Scale: 262144   Required: 140 hours
Training: 2025-04-09 06:07:59,655-Speed 84.05 samples/sec   Loss 0.1893   LearningRate 0.000953   Epoch: 9   Global Step: 13410   Fp16 Grad Scale: 262144   Required: 140 hours
Training: 2025-04-09 06:08:14,984-Speed 83.50 samples/sec   Loss 0.1554   LearningRate 0.000953   Epoch: 9   Global Step: 13420   Fp16 Grad Scale: 262144   Required: 140 hours
Training: 2025-04-09 06:08:30,154-Speed 84.38 samples/sec   Loss 0.1324   LearningRate 0.000953   Epoch: 9   Global Step: 13430   Fp16 Grad Scale: 262144   Required: 140 hours
Training: 2025-04-09 06:08:45,574-Speed 83.01 samples/sec   Loss 0.1391   LearningRate 0.000953   Epoch: 9   Global Step: 13440   Fp16 Grad Scale: 262144   Required: 140 hours
Training: 2025-04-09 06:09:00,986-Speed 83.05 samples/sec   Loss 0.0846   LearningRate 0.000953   Epoch: 9   Global Step: 13450   Fp16 Grad Scale: 262144   Required: 140 hours
Training: 2025-04-09 06:09:16,231-Speed 83.97 samples/sec   Loss 0.1076   LearningRate 0.000953   Epoch: 9   Global Step: 13460   Fp16 Grad Scale: 262144   Required: 140 hours
Training: 2025-04-09 06:09:31,564-Speed 83.48 samples/sec   Loss 0.1865   LearningRate 0.000953   Epoch: 9   Global Step: 13470   Fp16 Grad Scale: 262144   Required: 140 hours
Training: 2025-04-09 06:09:46,683-Speed 84.66 samples/sec   Loss 0.1257   LearningRate 0.000953   Epoch: 9   Global Step: 13480   Fp16 Grad Scale: 262144   Required: 140 hours
Training: 2025-04-09 06:10:01,768-Speed 84.85 samples/sec   Loss 0.1705   LearningRate 0.000953   Epoch: 9   Global Step: 13490   Fp16 Grad Scale: 524288   Required: 140 hours
Training: 2025-04-09 06:10:17,100-Speed 83.49 samples/sec   Loss 0.1972   LearningRate 0.000953   Epoch: 9   Global Step: 13500   Fp16 Grad Scale: 524288   Required: 140 hours
Training: 2025-04-09 06:10:32,434-Speed 83.48 samples/sec   Loss 0.1599   LearningRate 0.000953   Epoch: 9   Global Step: 13510   Fp16 Grad Scale: 524288   Required: 140 hours
Training: 2025-04-09 06:10:47,633-Speed 84.22 samples/sec   Loss 0.1555   LearningRate 0.000953   Epoch: 9   Global Step: 13520   Fp16 Grad Scale: 262144   Required: 140 hours
Training: 2025-04-09 06:11:03,038-Speed 83.09 samples/sec   Loss 0.0955   LearningRate 0.000953   Epoch: 9   Global Step: 13530   Fp16 Grad Scale: 262144   Required: 140 hours
Training: 2025-04-09 06:11:18,329-Speed 83.71 samples/sec   Loss 0.2076   LearningRate 0.000953   Epoch: 9   Global Step: 13540   Fp16 Grad Scale: 262144   Required: 140 hours
Training: 2025-04-09 06:11:35,248-Speed 75.66 samples/sec   Loss 0.1076   LearningRate 0.000952   Epoch: 9   Global Step: 13550   Fp16 Grad Scale: 262144   Required: 140 hours
Training: 2025-04-09 06:11:50,622-Speed 83.26 samples/sec   Loss 0.1649   LearningRate 0.000952   Epoch: 9   Global Step: 13560   Fp16 Grad Scale: 262144   Required: 140 hours
Training: 2025-04-09 06:12:05,768-Speed 84.51 samples/sec   Loss 0.1340   LearningRate 0.000952   Epoch: 9   Global Step: 13570   Fp16 Grad Scale: 262144   Required: 140 hours
Training: 2025-04-09 06:12:20,964-Speed 84.24 samples/sec   Loss 0.1687   LearningRate 0.000952   Epoch: 9   Global Step: 13580   Fp16 Grad Scale: 262144   Required: 140 hours
Training: 2025-04-09 06:12:36,348-Speed 83.20 samples/sec   Loss 0.1587   LearningRate 0.000952   Epoch: 9   Global Step: 13590   Fp16 Grad Scale: 262144   Required: 140 hours
Training: 2025-04-09 06:12:51,598-Speed 83.94 samples/sec   Loss 0.1206   LearningRate 0.000952   Epoch: 9   Global Step: 13600   Fp16 Grad Scale: 262144   Required: 140 hours
Training: 2025-04-09 06:13:06,780-Speed 84.31 samples/sec   Loss 0.1014   LearningRate 0.000952   Epoch: 9   Global Step: 13610   Fp16 Grad Scale: 262144   Required: 140 hours
Training: 2025-04-09 06:13:22,231-Speed 82.85 samples/sec   Loss 0.1841   LearningRate 0.000952   Epoch: 9   Global Step: 13620   Fp16 Grad Scale: 524288   Required: 140 hours
Training: 2025-04-09 06:13:37,614-Speed 83.21 samples/sec   Loss 0.0876   LearningRate 0.000952   Epoch: 9   Global Step: 13630   Fp16 Grad Scale: 524288   Required: 140 hours
Training: 2025-04-09 06:13:52,768-Speed 84.47 samples/sec   Loss 0.1063   LearningRate 0.000952   Epoch: 9   Global Step: 13640   Fp16 Grad Scale: 524288   Required: 140 hours
Training: 2025-04-09 06:14:07,821-Speed 85.04 samples/sec   Loss 0.1904   LearningRate 0.000952   Epoch: 9   Global Step: 13650   Fp16 Grad Scale: 524288   Required: 140 hours
Training: 2025-04-09 06:14:23,018-Speed 84.23 samples/sec   Loss 0.1863   LearningRate 0.000952   Epoch: 9   Global Step: 13660   Fp16 Grad Scale: 524288   Required: 140 hours
Training: 2025-04-09 06:14:38,305-Speed 83.73 samples/sec   Loss 0.1610   LearningRate 0.000952   Epoch: 9   Global Step: 13670   Fp16 Grad Scale: 524288   Required: 140 hours
Training: 2025-04-09 06:14:53,524-Speed 84.11 samples/sec   Loss 0.1899   LearningRate 0.000952   Epoch: 9   Global Step: 13680   Fp16 Grad Scale: 262144   Required: 140 hours
Training: 2025-04-09 06:15:08,698-Speed 84.36 samples/sec   Loss 0.1408   LearningRate 0.000952   Epoch: 9   Global Step: 13690   Fp16 Grad Scale: 262144   Required: 140 hours
Training: 2025-04-09 06:15:24,081-Speed 83.21 samples/sec   Loss 0.1487   LearningRate 0.000952   Epoch: 9   Global Step: 13700   Fp16 Grad Scale: 262144   Required: 140 hours
Training: 2025-04-09 06:15:39,316-Speed 84.02 samples/sec   Loss 0.1555   LearningRate 0.000952   Epoch: 9   Global Step: 13710   Fp16 Grad Scale: 262144   Required: 140 hours
Training: 2025-04-09 06:15:54,561-Speed 83.97 samples/sec   Loss 0.1295   LearningRate 0.000952   Epoch: 9   Global Step: 13720   Fp16 Grad Scale: 262144   Required: 140 hours
Training: 2025-04-09 06:16:09,770-Speed 84.16 samples/sec   Loss 0.1327   LearningRate 0.000952   Epoch: 9   Global Step: 13730   Fp16 Grad Scale: 262144   Required: 140 hours
Training: 2025-04-09 06:16:24,897-Speed 84.62 samples/sec   Loss 0.2471   LearningRate 0.000952   Epoch: 9   Global Step: 13740   Fp16 Grad Scale: 262144   Required: 140 hours
Training: 2025-04-09 06:16:41,918-Speed 75.20 samples/sec   Loss 0.1408   LearningRate 0.000952   Epoch: 9   Global Step: 13750   Fp16 Grad Scale: 262144   Required: 140 hours
Training: 2025-04-09 06:16:57,133-Speed 84.13 samples/sec   Loss 0.2977   LearningRate 0.000952   Epoch: 9   Global Step: 13760   Fp16 Grad Scale: 262144   Required: 140 hours
Training: 2025-04-09 06:17:12,459-Speed 83.52 samples/sec   Loss 0.1878   LearningRate 0.000952   Epoch: 9   Global Step: 13770   Fp16 Grad Scale: 262144   Required: 140 hours
Training: 2025-04-09 06:17:27,768-Speed 83.61 samples/sec   Loss 0.1670   LearningRate 0.000952   Epoch: 9   Global Step: 13780   Fp16 Grad Scale: 262144   Required: 139 hours
Training: 2025-04-09 06:17:43,110-Speed 83.43 samples/sec   Loss 0.1648   LearningRate 0.000952   Epoch: 9   Global Step: 13790   Fp16 Grad Scale: 262144   Required: 139 hours
Training: 2025-04-09 06:17:58,475-Speed 83.31 samples/sec   Loss 0.2263   LearningRate 0.000952   Epoch: 9   Global Step: 13800   Fp16 Grad Scale: 262144   Required: 139 hours
Training: 2025-04-09 06:18:13,780-Speed 83.64 samples/sec   Loss 0.0895   LearningRate 0.000952   Epoch: 9   Global Step: 13810   Fp16 Grad Scale: 262144   Required: 139 hours
Training: 2025-04-09 06:18:29,104-Speed 83.53 samples/sec   Loss 0.1621   LearningRate 0.000952   Epoch: 9   Global Step: 13820   Fp16 Grad Scale: 262144   Required: 139 hours
Training: 2025-04-09 06:18:44,345-Speed 83.98 samples/sec   Loss 0.1671   LearningRate 0.000952   Epoch: 9   Global Step: 13830   Fp16 Grad Scale: 262144   Required: 139 hours
Training: 2025-04-09 06:18:59,795-Speed 82.86 samples/sec   Loss 0.1180   LearningRate 0.000951   Epoch: 9   Global Step: 13840   Fp16 Grad Scale: 262144   Required: 139 hours
Training: 2025-04-09 06:19:15,074-Speed 83.77 samples/sec   Loss 0.0956   LearningRate 0.000951   Epoch: 9   Global Step: 13850   Fp16 Grad Scale: 262144   Required: 139 hours
Training: 2025-04-09 06:19:30,503-Speed 82.97 samples/sec   Loss 0.1464   LearningRate 0.000951   Epoch: 9   Global Step: 13860   Fp16 Grad Scale: 262144   Required: 139 hours
Training: 2025-04-09 06:19:45,842-Speed 83.45 samples/sec   Loss 0.1989   LearningRate 0.000951   Epoch: 9   Global Step: 13870   Fp16 Grad Scale: 262144   Required: 139 hours
Training: 2025-04-09 06:20:01,093-Speed 83.93 samples/sec   Loss 0.1476   LearningRate 0.000951   Epoch: 9   Global Step: 13880   Fp16 Grad Scale: 524288   Required: 139 hours
Training: 2025-04-09 06:20:16,248-Speed 84.46 samples/sec   Loss 0.1626   LearningRate 0.000951   Epoch: 9   Global Step: 13890   Fp16 Grad Scale: 262144   Required: 139 hours
Training: 2025-04-09 06:20:31,537-Speed 83.73 samples/sec   Loss 0.1537   LearningRate 0.000951   Epoch: 9   Global Step: 13900   Fp16 Grad Scale: 262144   Required: 139 hours
Training: 2025-04-09 06:20:46,547-Speed 85.28 samples/sec   Loss 0.1561   LearningRate 0.000951   Epoch: 9   Global Step: 13910   Fp16 Grad Scale: 262144   Required: 139 hours
Training: 2025-04-09 06:21:01,812-Speed 83.86 samples/sec   Loss 0.1849   LearningRate 0.000951   Epoch: 9   Global Step: 13920   Fp16 Grad Scale: 262144   Required: 139 hours
Training: 2025-04-09 06:21:17,093-Speed 83.77 samples/sec   Loss 0.1849   LearningRate 0.000951   Epoch: 9   Global Step: 13930   Fp16 Grad Scale: 262144   Required: 139 hours
Training: 2025-04-09 06:21:32,403-Speed 83.61 samples/sec   Loss 0.1705   LearningRate 0.000951   Epoch: 9   Global Step: 13940   Fp16 Grad Scale: 262144   Required: 139 hours
Training: 2025-04-09 06:21:49,652-Speed 74.21 samples/sec   Loss 0.1643   LearningRate 0.000951   Epoch: 9   Global Step: 13950   Fp16 Grad Scale: 262144   Required: 139 hours
Training: 2025-04-09 06:22:04,941-Speed 83.72 samples/sec   Loss 0.1684   LearningRate 0.000951   Epoch: 9   Global Step: 13960   Fp16 Grad Scale: 262144   Required: 139 hours
Training: 2025-04-09 06:22:20,205-Speed 83.86 samples/sec   Loss 0.2016   LearningRate 0.000951   Epoch: 9   Global Step: 13970   Fp16 Grad Scale: 262144   Required: 139 hours
Training: 2025-04-09 06:22:35,453-Speed 83.95 samples/sec   Loss 0.1232   LearningRate 0.000951   Epoch: 9   Global Step: 13980   Fp16 Grad Scale: 262144   Required: 139 hours
Training: 2025-04-09 06:22:50,606-Speed 84.47 samples/sec   Loss 0.1587   LearningRate 0.000951   Epoch: 9   Global Step: 13990   Fp16 Grad Scale: 524288   Required: 139 hours
Training: 2025-04-09 06:23:05,773-Speed 84.39 samples/sec   Loss 0.1738   LearningRate 0.000951   Epoch: 9   Global Step: 14000   Fp16 Grad Scale: 262144   Required: 139 hours
Batch 0: torch.Size([128, 3, 64, 512])
batch.shape: torch.Size([128, 3, 64, 512])
batch.min(): -1.0
batch.max(): 1.0
batch.device: cuda:0
net_out.shape: torch.Size([128, 512])
num_nans: 0
num_non_nans: 65536
Batch 1: torch.Size([128, 3, 64, 512])
batch.shape: torch.Size([128, 3, 64, 512])
batch.min(): -1.0
batch.max(): 1.0
batch.device: cuda:0
net_out.shape: torch.Size([128, 512])
num_nans: 0
num_non_nans: 65536
Batch 2: torch.Size([128, 3, 64, 512])
batch.shape: torch.Size([128, 3, 64, 512])
batch.min(): -1.0
batch.max(): 1.0
batch.device: cuda:0
net_out.shape: torch.Size([128, 512])
num_nans: 0
num_non_nans: 65536
Batch 3: torch.Size([128, 3, 64, 512])
batch.shape: torch.Size([128, 3, 64, 512])
batch.min(): -1.0
batch.max(): 1.0
batch.device: cuda:0
net_out.shape: torch.Size([128, 512])
num_nans: 0
num_non_nans: 65536
Batch 4: torch.Size([128, 3, 64, 512])
batch.shape: torch.Size([128, 3, 64, 512])
batch.min(): -1.0
batch.max(): 1.0
batch.device: cuda:0
net_out.shape: torch.Size([128, 512])
num_nans: 0
num_non_nans: 65536
Batch 5: torch.Size([128, 3, 64, 512])
batch.shape: torch.Size([128, 3, 64, 512])
batch.min(): -1.0
batch.max(): 1.0
batch.device: cuda:0
net_out.shape: torch.Size([128, 512])
num_nans: 0
num_non_nans: 65536
Batch 6: torch.Size([128, 3, 64, 512])
batch.shape: torch.Size([128, 3, 64, 512])
batch.min(): -1.0
batch.max(): 1.0
batch.device: cuda:0
net_out.shape: torch.Size([128, 512])
num_nans: 0
num_non_nans: 65536
Batch 7: torch.Size([128, 3, 64, 512])
batch.shape: torch.Size([128, 3, 64, 512])
batch.min(): -1.0
batch.max(): 1.0
batch.device: cuda:0
net_out.shape: torch.Size([128, 512])
num_nans: 0
num_non_nans: 65536
Batch 8: torch.Size([128, 3, 64, 512])
batch.shape: torch.Size([128, 3, 64, 512])
batch.min(): -1.0
batch.max(): 1.0
batch.device: cuda:0
net_out.shape: torch.Size([128, 512])
num_nans: 0
num_non_nans: 65536
Batch 9: torch.Size([128, 3, 64, 512])
batch.shape: torch.Size([128, 3, 64, 512])
batch.min(): -1.0
batch.max(): 1.0
batch.device: cuda:0
net_out.shape: torch.Size([128, 512])
num_nans: 0
num_non_nans: 65536
Batch 10: torch.Size([128, 3, 64, 512])
batch.shape: torch.Size([128, 3, 64, 512])
batch.min(): -1.0
batch.max(): 1.0
batch.device: cuda:0
net_out.shape: torch.Size([128, 512])
num_nans: 0
num_non_nans: 65536
Batch 11: torch.Size([128, 3, 64, 512])
batch.shape: torch.Size([128, 3, 64, 512])
batch.min(): -1.0
batch.max(): 1.0
batch.device: cuda:0
net_out.shape: torch.Size([128, 512])
num_nans: 0
num_non_nans: 65536
Batch 12: torch.Size([128, 3, 64, 512])
batch.shape: torch.Size([128, 3, 64, 512])
batch.min(): -1.0
batch.max(): 1.0
batch.device: cuda:0
net_out.shape: torch.Size([128, 512])
num_nans: 0
num_non_nans: 65536
Batch 13: torch.Size([128, 3, 64, 512])
batch.shape: torch.Size([128, 3, 64, 512])
batch.min(): -1.0
batch.max(): 1.0
batch.device: cuda:0
net_out.shape: torch.Size([128, 512])
num_nans: 0
num_non_nans: 65536
Batch 14: torch.Size([128, 3, 64, 512])
batch.shape: torch.Size([128, 3, 64, 512])
batch.min(): -1.0
batch.max(): 1.0
batch.device: cuda:0
net_out.shape: torch.Size([128, 512])
num_nans: 0
num_non_nans: 65536
Batch 15: torch.Size([128, 3, 64, 512])
batch.shape: torch.Size([128, 3, 64, 512])
batch.min(): -1.0
batch.max(): 1.0
batch.device: cuda:0
net_out.shape: torch.Size([128, 512])
num_nans: 0
num_non_nans: 65536
Batch 16: torch.Size([128, 3, 64, 512])
batch.shape: torch.Size([128, 3, 64, 512])
batch.min(): -1.0
batch.max(): 1.0
batch.device: cuda:0
net_out.shape: torch.Size([128, 512])
num_nans: 0
num_non_nans: 65536
Batch 17: torch.Size([128, 3, 64, 512])
batch.shape: torch.Size([128, 3, 64, 512])
batch.min(): -1.0
batch.max(): 1.0
batch.device: cuda:0
net_out.shape: torch.Size([128, 512])
num_nans: 0
num_non_nans: 65536
Batch 18: torch.Size([128, 3, 64, 512])
batch.shape: torch.Size([128, 3, 64, 512])
batch.min(): -1.0
batch.max(): 1.0
batch.device: cuda:0
net_out.shape: torch.Size([128, 512])
num_nans: 0
num_non_nans: 65536
Batch 19: torch.Size([128, 3, 64, 512])
batch.shape: torch.Size([128, 3, 64, 512])
batch.min(): -1.0
batch.max(): 1.0
batch.device: cuda:0
net_out.shape: torch.Size([128, 512])
num_nans: 0
num_non_nans: 65536
Batch 20: torch.Size([128, 3, 64, 512])
batch.shape: torch.Size([128, 3, 64, 512])
batch.min(): -1.0
batch.max(): 1.0
batch.device: cuda:0
net_out.shape: torch.Size([128, 512])
num_nans: 0
num_non_nans: 65536
Batch 21: torch.Size([128, 3, 64, 512])
batch.shape: torch.Size([128, 3, 64, 512])
batch.min(): -1.0
batch.max(): 1.0
batch.device: cuda:0
net_out.shape: torch.Size([128, 512])
num_nans: 0
num_non_nans: 65536
Batch 22: torch.Size([128, 3, 64, 512])
batch.shape: torch.Size([128, 3, 64, 512])
batch.min(): -1.0
batch.max(): 1.0
batch.device: cuda:0
net_out.shape: torch.Size([128, 512])
num_nans: 0
num_non_nans: 65536
Batch 23: torch.Size([128, 3, 64, 512])
batch.shape: torch.Size([128, 3, 64, 512])
batch.min(): -1.0
batch.max(): 1.0
batch.device: cuda:0
net_out.shape: torch.Size([128, 512])
num_nans: 0
num_non_nans: 65536
Batch 24: torch.Size([128, 3, 64, 512])
batch.shape: torch.Size([128, 3, 64, 512])
batch.min(): -1.0
batch.max(): 1.0
batch.device: cuda:0
net_out.shape: torch.Size([128, 512])
num_nans: 0
num_non_nans: 65536
Batch 25: torch.Size([128, 3, 64, 512])
batch.shape: torch.Size([128, 3, 64, 512])
batch.min(): -1.0
batch.max(): 1.0
batch.device: cuda:0
net_out.shape: torch.Size([128, 512])
num_nans: 0
num_non_nans: 65536
Batch 26: torch.Size([128, 3, 64, 512])
batch.shape: torch.Size([128, 3, 64, 512])
batch.min(): -1.0
batch.max(): 1.0
batch.device: cuda:0
net_out.shape: torch.Size([128, 512])
num_nans: 0
num_non_nans: 65536
Batch 27: torch.Size([128, 3, 64, 512])
batch.shape: torch.Size([128, 3, 64, 512])
batch.min(): -1.0
batch.max(): 1.0
batch.device: cuda:0
net_out.shape: torch.Size([128, 512])
num_nans: 0
num_non_nans: 65536
Batch 28: torch.Size([128, 3, 64, 512])
batch.shape: torch.Size([128, 3, 64, 512])
batch.min(): -1.0
batch.max(): 1.0
batch.device: cuda:0
net_out.shape: torch.Size([128, 512])
num_nans: 0
num_non_nans: 65536
Batch 29: torch.Size([128, 3, 64, 512])
batch.shape: torch.Size([128, 3, 64, 512])
batch.min(): -1.0
batch.max(): 1.0
batch.device: cuda:0
net_out.shape: torch.Size([128, 512])
num_nans: 0
num_non_nans: 65536
Batch 30: torch.Size([128, 3, 64, 512])
batch.shape: torch.Size([128, 3, 64, 512])
batch.min(): -1.0
batch.max(): 1.0
batch.device: cuda:0
net_out.shape: torch.Size([128, 512])
num_nans: 0
num_non_nans: 65536
Batch 31: torch.Size([128, 3, 64, 512])
batch.shape: torch.Size([128, 3, 64, 512])
batch.min(): -1.0
batch.max(): 1.0
batch.device: cuda:0
net_out.shape: torch.Size([128, 512])
num_nans: 0
num_non_nans: 65536
Batch 32: torch.Size([128, 3, 64, 512])
batch.shape: torch.Size([128, 3, 64, 512])
batch.min(): -1.0
batch.max(): 1.0
batch.device: cuda:0
net_out.shape: torch.Size([128, 512])
num_nans: 0
num_non_nans: 65536
Batch 33: torch.Size([128, 3, 64, 512])
batch.shape: torch.Size([128, 3, 64, 512])
batch.min(): -1.0
batch.max(): 1.0
batch.device: cuda:0
net_out.shape: torch.Size([128, 512])
num_nans: 0
num_non_nans: 65536
Batch 34: torch.Size([128, 3, 64, 512])
batch.shape: torch.Size([128, 3, 64, 512])
batch.min(): -1.0
batch.max(): 1.0
batch.device: cuda:0
net_out.shape: torch.Size([128, 512])
num_nans: 0
num_non_nans: 65536
Batch 35: torch.Size([128, 3, 64, 512])
batch.shape: torch.Size([128, 3, 64, 512])
batch.min(): -1.0
batch.max(): 1.0
batch.device: cuda:0
net_out.shape: torch.Size([128, 512])
num_nans: 0
num_non_nans: 65536
Batch 36: torch.Size([128, 3, 64, 512])
batch.shape: torch.Size([128, 3, 64, 512])
batch.min(): -1.0
batch.max(): 1.0
batch.device: cuda:0
net_out.shape: torch.Size([128, 512])
num_nans: 0
num_non_nans: 65536
Batch 37: torch.Size([128, 3, 64, 512])
batch.shape: torch.Size([128, 3, 64, 512])
batch.min(): -1.0
batch.max(): 1.0
batch.device: cuda:0
net_out.shape: torch.Size([128, 512])
num_nans: 0
num_non_nans: 65536
Batch 38: torch.Size([128, 3, 64, 512])
batch.shape: torch.Size([128, 3, 64, 512])
batch.min(): -1.0
batch.max(): 1.0
batch.device: cuda:0
net_out.shape: torch.Size([128, 512])
num_nans: 0
num_non_nans: 65536
Batch 39: torch.Size([128, 3, 64, 512])
batch.shape: torch.Size([128, 3, 64, 512])
batch.min(): -1.0
batch.max(): 1.0
batch.device: cuda:0
net_out.shape: torch.Size([128, 512])
num_nans: 0
num_non_nans: 65536
Batch 40: torch.Size([128, 3, 64, 512])
batch.shape: torch.Size([128, 3, 64, 512])
batch.min(): -1.0
batch.max(): 1.0
batch.device: cuda:0
net_out.shape: torch.Size([128, 512])
num_nans: 0
num_non_nans: 65536
Batch 41: torch.Size([128, 3, 64, 512])
batch.shape: torch.Size([128, 3, 64, 512])
batch.min(): -1.0
batch.max(): 1.0
batch.device: cuda:0
net_out.shape: torch.Size([128, 512])
num_nans: 0
num_non_nans: 65536
Batch 42: torch.Size([128, 3, 64, 512])
batch.shape: torch.Size([128, 3, 64, 512])
batch.min(): -1.0
batch.max(): 1.0
batch.device: cuda:0
net_out.shape: torch.Size([128, 512])
num_nans: 0
num_non_nans: 65536
Batch 43: torch.Size([128, 3, 64, 512])
batch.shape: torch.Size([128, 3, 64, 512])
batch.min(): -1.0
batch.max(): 1.0
batch.device: cuda:0
net_out.shape: torch.Size([128, 512])
num_nans: 0
num_non_nans: 65536
Batch 44: torch.Size([128, 3, 64, 512])
batch.shape: torch.Size([128, 3, 64, 512])
batch.min(): -1.0
batch.max(): 1.0
batch.device: cuda:0
net_out.shape: torch.Size([128, 512])
num_nans: 0
num_non_nans: 65536
Batch 45: torch.Size([128, 3, 64, 512])
batch.shape: torch.Size([128, 3, 64, 512])
batch.min(): -1.0
batch.max(): 1.0
batch.device: cuda:0
net_out.shape: torch.Size([128, 512])
num_nans: 0
num_non_nans: 65536
Batch 46: torch.Size([128, 3, 64, 512])
batch.shape: torch.Size([128, 3, 64, 512])
batch.min(): -1.0
batch.max(): 1.0
batch.device: cuda:0
net_out.shape: torch.Size([128, 512])
num_nans: 0
num_non_nans: 65536
Batch 47: torch.Size([128, 3, 64, 512])
batch.shape: torch.Size([128, 3, 64, 512])
batch.min(): -1.0
batch.max(): 1.0
batch.device: cuda:0
net_out.shape: torch.Size([128, 512])
num_nans: 0
num_non_nans: 65536
Batch 48: torch.Size([128, 3, 64, 512])
batch.shape: torch.Size([128, 3, 64, 512])
batch.min(): -1.0
batch.max(): 1.0
batch.device: cuda:0
net_out.shape: torch.Size([128, 512])
num_nans: 0
num_non_nans: 65536
Batch 49: torch.Size([128, 3, 64, 512])
batch.shape: torch.Size([128, 3, 64, 512])
batch.min(): -1.0
batch.max(): 1.0
batch.device: cuda:0
net_out.shape: torch.Size([128, 512])
num_nans: 0
num_non_nans: 65536
Batch 50: torch.Size([128, 3, 64, 512])
batch.shape: torch.Size([128, 3, 64, 512])
batch.min(): -1.0
batch.max(): 1.0
batch.device: cuda:0
net_out.shape: torch.Size([128, 512])
num_nans: 0
num_non_nans: 65536
Batch 51: torch.Size([128, 3, 64, 512])
batch.shape: torch.Size([128, 3, 64, 512])
batch.min(): -1.0
batch.max(): 1.0
batch.device: cuda:0
net_out.shape: torch.Size([128, 512])
num_nans: 0
num_non_nans: 65536
Batch 52: torch.Size([128, 3, 64, 512])
batch.shape: torch.Size([128, 3, 64, 512])
batch.min(): -1.0
batch.max(): 1.0
batch.device: cuda:0
net_out.shape: torch.Size([128, 512])
num_nans: 0
num_non_nans: 65536
Batch 53: torch.Size([128, 3, 64, 512])
batch.shape: torch.Size([128, 3, 64, 512])
batch.min(): -1.0
batch.max(): 1.0
batch.device: cuda:0
net_out.shape: torch.Size([128, 512])
num_nans: 0
num_non_nans: 65536
Batch 54: torch.Size([128, 3, 64, 512])
batch.shape: torch.Size([128, 3, 64, 512])
batch.min(): -1.0
batch.max(): 1.0
batch.device: cuda:0
net_out.shape: torch.Size([128, 512])
num_nans: 0
num_non_nans: 65536
Batch 55: torch.Size([128, 3, 64, 512])
batch.shape: torch.Size([128, 3, 64, 512])
batch.min(): -1.0
batch.max(): 1.0
batch.device: cuda:0
net_out.shape: torch.Size([128, 512])
num_nans: 0
num_non_nans: 65536
Batch 56: torch.Size([128, 3, 64, 512])
batch.shape: torch.Size([128, 3, 64, 512])
batch.min(): -1.0
batch.max(): 1.0
batch.device: cuda:0
net_out.shape: torch.Size([128, 512])
num_nans: 0
num_non_nans: 65536
Batch 57: torch.Size([128, 3, 64, 512])
batch.shape: torch.Size([128, 3, 64, 512])
batch.min(): -1.0
batch.max(): 1.0
batch.device: cuda:0
net_out.shape: torch.Size([128, 512])
num_nans: 0
num_non_nans: 65536
Batch 58: torch.Size([128, 3, 64, 512])
batch.shape: torch.Size([128, 3, 64, 512])
batch.min(): -1.0
batch.max(): 1.0
batch.device: cuda:0
net_out.shape: torch.Size([128, 512])
num_nans: 0
num_non_nans: 65536
Batch 59: torch.Size([128, 3, 64, 512])
batch.shape: torch.Size([128, 3, 64, 512])
batch.min(): -1.0
batch.max(): 1.0
batch.device: cuda:0
net_out.shape: torch.Size([128, 512])
num_nans: 0
num_non_nans: 65536
Batch 60: torch.Size([128, 3, 64, 512])
batch.shape: torch.Size([128, 3, 64, 512])
batch.min(): -1.0
batch.max(): 1.0
batch.device: cuda:0
net_out.shape: torch.Size([128, 512])
num_nans: 0
num_non_nans: 65536
Batch 61: torch.Size([128, 3, 64, 512])
batch.shape: torch.Size([128, 3, 64, 512])
batch.min(): -1.0
batch.max(): 1.0
batch.device: cuda:0
net_out.shape: torch.Size([128, 512])
num_nans: 0
num_non_nans: 65536
Batch 62: torch.Size([128, 3, 64, 512])
batch.shape: torch.Size([128, 3, 64, 512])
batch.min(): -1.0
batch.max(): 1.0
batch.device: cuda:0
net_out.shape: torch.Size([128, 512])
num_nans: 0
num_non_nans: 65536
Batch 63: torch.Size([128, 3, 64, 512])
batch.shape: torch.Size([128, 3, 64, 512])
batch.min(): -1.0
batch.max(): 1.0
batch.device: cuda:0
net_out.shape: torch.Size([128, 512])
num_nans: 0
num_non_nans: 65536
Training: 2025-04-09 06:24:17,819-[val][Global step: 14000] d prime: 7.491278648376465
Model saved with d prime score: 7.491278648376465
Training: 2025-04-09 06:24:33,732-Speed 14.55 samples/sec   Loss 0.1758   LearningRate 0.000951   Epoch: 9   Global Step: 14010   Fp16 Grad Scale: 262144   Required: 139 hours
Training: 2025-04-09 06:24:48,994-Speed 83.87 samples/sec   Loss 0.2074   LearningRate 0.000951   Epoch: 9   Global Step: 14020   Fp16 Grad Scale: 262144   Required: 139 hours
Training: 2025-04-09 06:25:04,265-Speed 83.82 samples/sec   Loss 0.1096   LearningRate 0.000951   Epoch: 9   Global Step: 14030   Fp16 Grad Scale: 262144   Required: 139 hours
Training: 2025-04-09 06:25:19,343-Speed 84.90 samples/sec   Loss 0.1178   LearningRate 0.000951   Epoch: 9   Global Step: 14040   Fp16 Grad Scale: 262144   Required: 139 hours
Training: 2025-04-09 06:25:34,662-Speed 83.56 samples/sec   Loss 0.2336   LearningRate 0.000951   Epoch: 9   Global Step: 14050   Fp16 Grad Scale: 262144   Required: 139 hours
Training: 2025-04-09 06:25:49,915-Speed 83.92 samples/sec   Loss 0.1644   LearningRate 0.000951   Epoch: 9   Global Step: 14060   Fp16 Grad Scale: 262144   Required: 139 hours
Training: 2025-04-09 06:26:05,271-Speed 83.36 samples/sec   Loss 0.2121   LearningRate 0.000951   Epoch: 9   Global Step: 14070   Fp16 Grad Scale: 262144   Required: 139 hours
Training: 2025-04-09 06:26:21,519-Speed 78.78 samples/sec   Loss 0.1735   LearningRate 0.000951   Epoch: 9   Global Step: 14080   Fp16 Grad Scale: 262144   Required: 139 hours
Training: 2025-04-09 06:26:40,166-Speed 68.64 samples/sec   Loss 0.1907   LearningRate 0.000951   Epoch: 9   Global Step: 14090   Fp16 Grad Scale: 262144   Required: 139 hours
Training: 2025-04-09 06:26:58,333-Speed 70.46 samples/sec   Loss 0.1911   LearningRate 0.000951   Epoch: 9   Global Step: 14100   Fp16 Grad Scale: 524288   Required: 139 hours
Training: 2025-04-09 06:27:14,465-Speed 79.35 samples/sec   Loss 0.1867   LearningRate 0.000951   Epoch: 9   Global Step: 14110   Fp16 Grad Scale: 262144   Required: 139 hours
Training: 2025-04-09 06:27:29,783-Speed 83.57 samples/sec   Loss 0.1628   LearningRate 0.000950   Epoch: 9   Global Step: 14120   Fp16 Grad Scale: 262144   Required: 139 hours
Training: 2025-04-09 06:27:45,036-Speed 83.92 samples/sec   Loss 0.2109   LearningRate 0.000950   Epoch: 9   Global Step: 14130   Fp16 Grad Scale: 262144   Required: 139 hours
Training: 2025-04-09 06:28:00,173-Speed 84.57 samples/sec   Loss 0.1990   LearningRate 0.000950   Epoch: 9   Global Step: 14140   Fp16 Grad Scale: 262144   Required: 139 hours
Training: 2025-04-09 06:28:15,405-Speed 84.04 samples/sec   Loss 0.1725   LearningRate 0.000950   Epoch: 9   Global Step: 14150   Fp16 Grad Scale: 262144   Required: 139 hours
Training: 2025-04-09 06:28:30,622-Speed 84.12 samples/sec   Loss 0.1915   LearningRate 0.000950   Epoch: 9   Global Step: 14160   Fp16 Grad Scale: 262144   Required: 139 hours
Training: 2025-04-09 06:28:45,848-Speed 84.07 samples/sec   Loss 0.2549   LearningRate 0.000950   Epoch: 9   Global Step: 14170   Fp16 Grad Scale: 262144   Required: 139 hours
Training: 2025-04-09 06:29:00,976-Speed 84.62 samples/sec   Loss 0.1224   LearningRate 0.000950   Epoch: 9   Global Step: 14180   Fp16 Grad Scale: 262144   Required: 139 hours
Training: 2025-04-09 06:29:16,398-Speed 83.00 samples/sec   Loss 0.2203   LearningRate 0.000950   Epoch: 9   Global Step: 14190   Fp16 Grad Scale: 262144   Required: 139 hours
Training: 2025-04-09 06:29:31,546-Speed 84.50 samples/sec   Loss 0.1784   LearningRate 0.000950   Epoch: 9   Global Step: 14200   Fp16 Grad Scale: 262144   Required: 139 hours
Training: 2025-04-09 06:29:46,592-Speed 85.08 samples/sec   Loss 0.2372   LearningRate 0.000950   Epoch: 9   Global Step: 14210   Fp16 Grad Scale: 524288   Required: 139 hours
Training: 2025-04-09 06:30:01,845-Speed 83.92 samples/sec   Loss 0.1383   LearningRate 0.000950   Epoch: 9   Global Step: 14220   Fp16 Grad Scale: 524288   Required: 139 hours
Training: 2025-04-09 06:30:17,142-Speed 83.68 samples/sec   Loss 0.1649   LearningRate 0.000950   Epoch: 9   Global Step: 14230   Fp16 Grad Scale: 524288   Required: 139 hours
Training: 2025-04-09 06:30:32,356-Speed 84.14 samples/sec   Loss 0.2455   LearningRate 0.000950   Epoch: 9   Global Step: 14240   Fp16 Grad Scale: 524288   Required: 139 hours
Training: 2025-04-09 06:30:47,612-Speed 83.91 samples/sec   Loss 0.1973   LearningRate 0.000950   Epoch: 9   Global Step: 14250   Fp16 Grad Scale: 524288   Required: 139 hours
Training: 2025-04-09 06:31:02,895-Speed 83.75 samples/sec   Loss 0.1505   LearningRate 0.000950   Epoch: 9   Global Step: 14260   Fp16 Grad Scale: 262144   Required: 139 hours
Training: 2025-04-09 06:31:18,081-Speed 84.29 samples/sec   Loss 0.1972   LearningRate 0.000950   Epoch: 9   Global Step: 14270   Fp16 Grad Scale: 262144   Required: 139 hours
Training: 2025-04-09 06:31:36,901-Speed 68.01 samples/sec   Loss 0.2226   LearningRate 0.000950   Epoch: 10   Global Step: 14280   Fp16 Grad Scale: 262144   Required: 139 hours
Training: 2025-04-09 06:31:54,173-Speed 74.11 samples/sec   Loss 0.1660   LearningRate 0.000950   Epoch: 10   Global Step: 14290   Fp16 Grad Scale: 262144   Required: 139 hours
Training: 2025-04-09 06:32:09,446-Speed 83.81 samples/sec   Loss 0.1364   LearningRate 0.000950   Epoch: 10   Global Step: 14300   Fp16 Grad Scale: 262144   Required: 139 hours
Training: 2025-04-09 06:32:24,686-Speed 84.00 samples/sec   Loss 0.1795   LearningRate 0.000950   Epoch: 10   Global Step: 14310   Fp16 Grad Scale: 262144   Required: 139 hours
Training: 2025-04-09 06:32:39,962-Speed 83.79 samples/sec   Loss 0.1391   LearningRate 0.000950   Epoch: 10   Global Step: 14320   Fp16 Grad Scale: 262144   Required: 139 hours
Training: 2025-04-09 06:32:55,159-Speed 84.23 samples/sec   Loss 0.1100   LearningRate 0.000950   Epoch: 10   Global Step: 14330   Fp16 Grad Scale: 262144   Required: 139 hours
Training: 2025-04-09 06:33:10,495-Speed 83.47 samples/sec   Loss 0.1256   LearningRate 0.000950   Epoch: 10   Global Step: 14340   Fp16 Grad Scale: 262144   Required: 139 hours
Training: 2025-04-09 06:33:25,789-Speed 83.70 samples/sec   Loss 0.1952   LearningRate 0.000950   Epoch: 10   Global Step: 14350   Fp16 Grad Scale: 262144   Required: 139 hours
Training: 2025-04-09 06:33:41,338-Speed 82.32 samples/sec   Loss 0.1541   LearningRate 0.000950   Epoch: 10   Global Step: 14360   Fp16 Grad Scale: 524288   Required: 139 hours
Training: 2025-04-09 06:33:56,664-Speed 83.52 samples/sec   Loss 0.1244   LearningRate 0.000950   Epoch: 10   Global Step: 14370   Fp16 Grad Scale: 524288   Required: 139 hours
Training: 2025-04-09 06:34:11,980-Speed 83.58 samples/sec   Loss 0.1489   LearningRate 0.000950   Epoch: 10   Global Step: 14380   Fp16 Grad Scale: 524288   Required: 139 hours
Training: 2025-04-09 06:34:27,449-Speed 82.75 samples/sec   Loss 0.1054   LearningRate 0.000950   Epoch: 10   Global Step: 14390   Fp16 Grad Scale: 524288   Required: 139 hours
Training: 2025-04-09 06:34:42,763-Speed 83.59 samples/sec   Loss 0.1246   LearningRate 0.000950   Epoch: 10   Global Step: 14400   Fp16 Grad Scale: 524288   Required: 139 hours
Training: 2025-04-09 06:34:58,008-Speed 83.97 samples/sec   Loss 0.1603   LearningRate 0.000949   Epoch: 10   Global Step: 14410   Fp16 Grad Scale: 524288   Required: 139 hours
Training: 2025-04-09 06:35:13,304-Speed 83.68 samples/sec   Loss 0.1246   LearningRate 0.000949   Epoch: 10   Global Step: 14420   Fp16 Grad Scale: 524288   Required: 139 hours
Training: 2025-04-09 06:35:28,621-Speed 83.57 samples/sec   Loss 0.1491   LearningRate 0.000949   Epoch: 10   Global Step: 14430   Fp16 Grad Scale: 524288   Required: 139 hours
Training: 2025-04-09 06:35:43,974-Speed 83.37 samples/sec   Loss 0.0947   LearningRate 0.000949   Epoch: 10   Global Step: 14440   Fp16 Grad Scale: 524288   Required: 138 hours
Training: 2025-04-09 06:35:59,380-Speed 83.09 samples/sec   Loss 0.1239   LearningRate 0.000949   Epoch: 10   Global Step: 14450   Fp16 Grad Scale: 524288   Required: 138 hours
Training: 2025-04-09 06:36:14,702-Speed 83.54 samples/sec   Loss 0.1078   LearningRate 0.000949   Epoch: 10   Global Step: 14460   Fp16 Grad Scale: 524288   Required: 138 hours
Training: 2025-04-09 06:36:29,994-Speed 83.71 samples/sec   Loss 0.1141   LearningRate 0.000949   Epoch: 10   Global Step: 14470   Fp16 Grad Scale: 524288   Required: 138 hours
Training: 2025-04-09 06:36:45,180-Speed 84.29 samples/sec   Loss 0.0964   LearningRate 0.000949   Epoch: 10   Global Step: 14480   Fp16 Grad Scale: 524288   Required: 138 hours
Training: 2025-04-09 06:37:02,141-Speed 75.47 samples/sec   Loss 0.1450   LearningRate 0.000949   Epoch: 10   Global Step: 14490   Fp16 Grad Scale: 262144   Required: 138 hours
Training: 2025-04-09 06:37:17,358-Speed 84.12 samples/sec   Loss 0.1090   LearningRate 0.000949   Epoch: 10   Global Step: 14500   Fp16 Grad Scale: 262144   Required: 138 hours
Training: 2025-04-09 06:37:32,575-Speed 84.12 samples/sec   Loss 0.1246   LearningRate 0.000949   Epoch: 10   Global Step: 14510   Fp16 Grad Scale: 262144   Required: 138 hours
Training: 2025-04-09 06:37:47,942-Speed 83.30 samples/sec   Loss 0.1448   LearningRate 0.000949   Epoch: 10   Global Step: 14520   Fp16 Grad Scale: 262144   Required: 138 hours
Training: 2025-04-09 06:38:03,337-Speed 83.15 samples/sec   Loss 0.1346   LearningRate 0.000949   Epoch: 10   Global Step: 14530   Fp16 Grad Scale: 262144   Required: 138 hours
Training: 2025-04-09 06:38:18,598-Speed 83.87 samples/sec   Loss 0.1047   LearningRate 0.000949   Epoch: 10   Global Step: 14540   Fp16 Grad Scale: 262144   Required: 138 hours
Training: 2025-04-09 06:38:33,943-Speed 83.42 samples/sec   Loss 0.1655   LearningRate 0.000949   Epoch: 10   Global Step: 14550   Fp16 Grad Scale: 262144   Required: 138 hours
Training: 2025-04-09 06:38:49,189-Speed 83.96 samples/sec   Loss 0.1132   LearningRate 0.000949   Epoch: 10   Global Step: 14560   Fp16 Grad Scale: 262144   Required: 138 hours
Training: 2025-04-09 06:39:04,531-Speed 83.43 samples/sec   Loss 0.1489   LearningRate 0.000949   Epoch: 10   Global Step: 14570   Fp16 Grad Scale: 262144   Required: 138 hours
Training: 2025-04-09 06:39:19,740-Speed 84.16 samples/sec   Loss 0.1062   LearningRate 0.000949   Epoch: 10   Global Step: 14580   Fp16 Grad Scale: 262144   Required: 138 hours
Training: 2025-04-09 06:39:34,942-Speed 84.21 samples/sec   Loss 0.1555   LearningRate 0.000949   Epoch: 10   Global Step: 14590   Fp16 Grad Scale: 524288   Required: 138 hours
Training: 2025-04-09 06:39:50,210-Speed 83.84 samples/sec   Loss 0.1618   LearningRate 0.000949   Epoch: 10   Global Step: 14600   Fp16 Grad Scale: 524288   Required: 138 hours
Training: 2025-04-09 06:40:05,638-Speed 82.97 samples/sec   Loss 0.1322   LearningRate 0.000949   Epoch: 10   Global Step: 14610   Fp16 Grad Scale: 524288   Required: 138 hours
Training: 2025-04-09 06:40:21,177-Speed 82.38 samples/sec   Loss 0.1550   LearningRate 0.000949   Epoch: 10   Global Step: 14620   Fp16 Grad Scale: 524288   Required: 138 hours
Training: 2025-04-09 06:40:36,366-Speed 84.27 samples/sec   Loss 0.0994   LearningRate 0.000949   Epoch: 10   Global Step: 14630   Fp16 Grad Scale: 524288   Required: 138 hours
Training: 2025-04-09 06:40:51,734-Speed 83.29 samples/sec   Loss 0.1466   LearningRate 0.000949   Epoch: 10   Global Step: 14640   Fp16 Grad Scale: 524288   Required: 138 hours
Training: 2025-04-09 06:41:07,017-Speed 83.76 samples/sec   Loss 0.1257   LearningRate 0.000949   Epoch: 10   Global Step: 14650   Fp16 Grad Scale: 524288   Required: 138 hours
Training: 2025-04-09 06:41:22,275-Speed 83.89 samples/sec   Loss 0.1609   LearningRate 0.000949   Epoch: 10   Global Step: 14660   Fp16 Grad Scale: 524288   Required: 138 hours
Training: 2025-04-09 06:41:37,620-Speed 83.42 samples/sec   Loss 0.1052   LearningRate 0.000949   Epoch: 10   Global Step: 14670   Fp16 Grad Scale: 524288   Required: 138 hours
Training: 2025-04-09 06:41:54,739-Speed 74.77 samples/sec   Loss 0.2031   LearningRate 0.000949   Epoch: 10   Global Step: 14680   Fp16 Grad Scale: 524288   Required: 138 hours
Training: 2025-04-09 06:42:10,028-Speed 83.72 samples/sec   Loss 0.1521   LearningRate 0.000948   Epoch: 10   Global Step: 14690   Fp16 Grad Scale: 524288   Required: 138 hours
Training: 2025-04-09 06:42:25,574-Speed 82.34 samples/sec   Loss 0.1846   LearningRate 0.000948   Epoch: 10   Global Step: 14700   Fp16 Grad Scale: 524288   Required: 138 hours
Training: 2025-04-09 06:42:41,139-Speed 82.24 samples/sec   Loss 0.1257   LearningRate 0.000948   Epoch: 10   Global Step: 14710   Fp16 Grad Scale: 524288   Required: 138 hours
Training: 2025-04-09 06:42:56,369-Speed 84.05 samples/sec   Loss 0.1665   LearningRate 0.000948   Epoch: 10   Global Step: 14720   Fp16 Grad Scale: 524288   Required: 138 hours
Training: 2025-04-09 06:43:11,674-Speed 83.64 samples/sec   Loss 0.1633   LearningRate 0.000948   Epoch: 10   Global Step: 14730   Fp16 Grad Scale: 524288   Required: 138 hours
Training: 2025-04-09 06:43:26,831-Speed 84.45 samples/sec   Loss 0.1866   LearningRate 0.000948   Epoch: 10   Global Step: 14740   Fp16 Grad Scale: 524288   Required: 138 hours
Training: 2025-04-09 06:43:42,160-Speed 83.50 samples/sec   Loss 0.1079   LearningRate 0.000948   Epoch: 10   Global Step: 14750   Fp16 Grad Scale: 524288   Required: 138 hours
Training: 2025-04-09 06:43:57,501-Speed 83.44 samples/sec   Loss 0.1441   LearningRate 0.000948   Epoch: 10   Global Step: 14760   Fp16 Grad Scale: 262144   Required: 138 hours
Training: 2025-04-09 06:44:12,893-Speed 83.16 samples/sec   Loss 0.1043   LearningRate 0.000948   Epoch: 10   Global Step: 14770   Fp16 Grad Scale: 262144   Required: 138 hours
Training: 2025-04-09 06:44:28,158-Speed 83.86 samples/sec   Loss 0.1124   LearningRate 0.000948   Epoch: 10   Global Step: 14780   Fp16 Grad Scale: 262144   Required: 138 hours
Training: 2025-04-09 06:44:43,673-Speed 82.50 samples/sec   Loss 0.1405   LearningRate 0.000948   Epoch: 10   Global Step: 14790   Fp16 Grad Scale: 262144   Required: 138 hours
Training: 2025-04-09 06:44:59,404-Speed 81.37 samples/sec   Loss 0.2019   LearningRate 0.000948   Epoch: 10   Global Step: 14800   Fp16 Grad Scale: 262144   Required: 138 hours
Training: 2025-04-09 06:45:14,816-Speed 83.05 samples/sec   Loss 0.1575   LearningRate 0.000948   Epoch: 10   Global Step: 14810   Fp16 Grad Scale: 262144   Required: 138 hours
Training: 2025-04-09 06:45:30,148-Speed 83.49 samples/sec   Loss 0.1426   LearningRate 0.000948   Epoch: 10   Global Step: 14820   Fp16 Grad Scale: 262144   Required: 138 hours
Training: 2025-04-09 06:45:45,457-Speed 83.61 samples/sec   Loss 0.1701   LearningRate 0.000948   Epoch: 10   Global Step: 14830   Fp16 Grad Scale: 262144   Required: 138 hours
Training: 2025-04-09 06:46:00,664-Speed 84.18 samples/sec   Loss 0.1223   LearningRate 0.000948   Epoch: 10   Global Step: 14840   Fp16 Grad Scale: 262144   Required: 138 hours
Training: 2025-04-09 06:46:16,002-Speed 83.46 samples/sec   Loss 0.1502   LearningRate 0.000948   Epoch: 10   Global Step: 14850   Fp16 Grad Scale: 262144   Required: 138 hours
Training: 2025-04-09 06:46:31,420-Speed 83.02 samples/sec   Loss 0.1384   LearningRate 0.000948   Epoch: 10   Global Step: 14860   Fp16 Grad Scale: 524288   Required: 138 hours
Training: 2025-04-09 06:46:46,508-Speed 84.84 samples/sec   Loss 0.1758   LearningRate 0.000948   Epoch: 10   Global Step: 14870   Fp16 Grad Scale: 262144   Required: 138 hours
Training: 2025-04-09 06:47:03,857-Speed 73.79 samples/sec   Loss 0.1818   LearningRate 0.000948   Epoch: 10   Global Step: 14880   Fp16 Grad Scale: 262144   Required: 138 hours
Training: 2025-04-09 06:47:19,555-Speed 81.54 samples/sec   Loss 0.2092   LearningRate 0.000948   Epoch: 10   Global Step: 14890   Fp16 Grad Scale: 262144   Required: 138 hours
Training: 2025-04-09 06:47:34,896-Speed 83.44 samples/sec   Loss 0.1289   LearningRate 0.000948   Epoch: 10   Global Step: 14900   Fp16 Grad Scale: 262144   Required: 138 hours
Training: 2025-04-09 06:47:50,204-Speed 83.62 samples/sec   Loss 0.1221   LearningRate 0.000948   Epoch: 10   Global Step: 14910   Fp16 Grad Scale: 262144   Required: 138 hours
Training: 2025-04-09 06:48:05,421-Speed 84.12 samples/sec   Loss 0.1671   LearningRate 0.000948   Epoch: 10   Global Step: 14920   Fp16 Grad Scale: 262144   Required: 138 hours
Training: 2025-04-09 06:48:20,675-Speed 83.92 samples/sec   Loss 0.1358   LearningRate 0.000948   Epoch: 10   Global Step: 14930   Fp16 Grad Scale: 262144   Required: 138 hours
Training: 2025-04-09 06:48:35,845-Speed 84.38 samples/sec   Loss 0.1557   LearningRate 0.000948   Epoch: 10   Global Step: 14940   Fp16 Grad Scale: 262144   Required: 137 hours
Training: 2025-04-09 06:48:51,156-Speed 83.60 samples/sec   Loss 0.1343   LearningRate 0.000948   Epoch: 10   Global Step: 14950   Fp16 Grad Scale: 262144   Required: 137 hours
Training: 2025-04-09 06:49:06,512-Speed 83.36 samples/sec   Loss 0.1391   LearningRate 0.000948   Epoch: 10   Global Step: 14960   Fp16 Grad Scale: 262144   Required: 137 hours
Training: 2025-04-09 06:49:22,046-Speed 82.40 samples/sec   Loss 0.1148   LearningRate 0.000948   Epoch: 10   Global Step: 14970   Fp16 Grad Scale: 524288   Required: 137 hours
Training: 2025-04-09 06:49:37,499-Speed 82.84 samples/sec   Loss 0.0880   LearningRate 0.000947   Epoch: 10   Global Step: 14980   Fp16 Grad Scale: 524288   Required: 137 hours
Training: 2025-04-09 06:49:52,890-Speed 83.17 samples/sec   Loss 0.1281   LearningRate 0.000947   Epoch: 10   Global Step: 14990   Fp16 Grad Scale: 524288   Required: 137 hours
Training: 2025-04-09 06:50:08,086-Speed 84.24 samples/sec   Loss 0.1114   LearningRate 0.000947   Epoch: 10   Global Step: 15000   Fp16 Grad Scale: 524288   Required: 137 hours
Training: 2025-04-09 06:50:23,619-Speed 82.41 samples/sec   Loss 0.1400   LearningRate 0.000947   Epoch: 10   Global Step: 15010   Fp16 Grad Scale: 524288   Required: 137 hours
Training: 2025-04-09 06:50:38,944-Speed 83.53 samples/sec   Loss 0.1518   LearningRate 0.000947   Epoch: 10   Global Step: 15020   Fp16 Grad Scale: 524288   Required: 137 hours
Training: 2025-04-09 06:50:54,187-Speed 83.97 samples/sec   Loss 0.1230   LearningRate 0.000947   Epoch: 10   Global Step: 15030   Fp16 Grad Scale: 524288   Required: 137 hours
Training: 2025-04-09 06:51:09,498-Speed 83.61 samples/sec   Loss 0.1592   LearningRate 0.000947   Epoch: 10   Global Step: 15040   Fp16 Grad Scale: 524288   Required: 137 hours
Training: 2025-04-09 06:51:24,771-Speed 83.81 samples/sec   Loss 0.1377   LearningRate 0.000947   Epoch: 10   Global Step: 15050   Fp16 Grad Scale: 524288   Required: 137 hours
Training: 2025-04-09 06:51:40,043-Speed 83.82 samples/sec   Loss 0.1378   LearningRate 0.000947   Epoch: 10   Global Step: 15060   Fp16 Grad Scale: 524288   Required: 137 hours
Training: 2025-04-09 06:51:55,546-Speed 82.57 samples/sec   Loss 0.1562   LearningRate 0.000947   Epoch: 10   Global Step: 15070   Fp16 Grad Scale: 262144   Required: 137 hours
Training: 2025-04-09 06:52:12,821-Speed 74.10 samples/sec   Loss 0.1456   LearningRate 0.000947   Epoch: 10   Global Step: 15080   Fp16 Grad Scale: 262144   Required: 137 hours
Training: 2025-04-09 06:52:28,033-Speed 84.15 samples/sec   Loss 0.1541   LearningRate 0.000947   Epoch: 10   Global Step: 15090   Fp16 Grad Scale: 262144   Required: 137 hours
Training: 2025-04-09 06:52:43,292-Speed 83.89 samples/sec   Loss 0.1896   LearningRate 0.000947   Epoch: 10   Global Step: 15100   Fp16 Grad Scale: 262144   Required: 137 hours
Training: 2025-04-09 06:52:58,462-Speed 84.38 samples/sec   Loss 0.1665   LearningRate 0.000947   Epoch: 10   Global Step: 15110   Fp16 Grad Scale: 262144   Required: 137 hours
Training: 2025-04-09 06:53:13,654-Speed 84.25 samples/sec   Loss 0.1555   LearningRate 0.000947   Epoch: 10   Global Step: 15120   Fp16 Grad Scale: 262144   Required: 137 hours
Training: 2025-04-09 06:53:28,827-Speed 84.37 samples/sec   Loss 0.1235   LearningRate 0.000947   Epoch: 10   Global Step: 15130   Fp16 Grad Scale: 262144   Required: 137 hours
Training: 2025-04-09 06:53:44,130-Speed 83.65 samples/sec   Loss 0.2127   LearningRate 0.000947   Epoch: 10   Global Step: 15140   Fp16 Grad Scale: 262144   Required: 137 hours
Training: 2025-04-09 06:53:59,560-Speed 82.95 samples/sec   Loss 0.1370   LearningRate 0.000947   Epoch: 10   Global Step: 15150   Fp16 Grad Scale: 262144   Required: 137 hours
Training: 2025-04-09 06:54:14,962-Speed 83.11 samples/sec   Loss 0.1616   LearningRate 0.000947   Epoch: 10   Global Step: 15160   Fp16 Grad Scale: 262144   Required: 137 hours
Training: 2025-04-09 06:54:30,337-Speed 83.26 samples/sec   Loss 0.2317   LearningRate 0.000947   Epoch: 10   Global Step: 15170   Fp16 Grad Scale: 524288   Required: 137 hours
Training: 2025-04-09 06:54:45,566-Speed 84.05 samples/sec   Loss 0.1857   LearningRate 0.000947   Epoch: 10   Global Step: 15180   Fp16 Grad Scale: 524288   Required: 137 hours
Training: 2025-04-09 06:55:00,718-Speed 84.48 samples/sec   Loss 0.1443   LearningRate 0.000947   Epoch: 10   Global Step: 15190   Fp16 Grad Scale: 524288   Required: 137 hours
Training: 2025-04-09 06:55:15,903-Speed 84.30 samples/sec   Loss 0.1554   LearningRate 0.000947   Epoch: 10   Global Step: 15200   Fp16 Grad Scale: 524288   Required: 137 hours
Training: 2025-04-09 06:55:31,159-Speed 83.90 samples/sec   Loss 0.2759   LearningRate 0.000947   Epoch: 10   Global Step: 15210   Fp16 Grad Scale: 524288   Required: 137 hours
Training: 2025-04-09 06:55:46,450-Speed 83.71 samples/sec   Loss 0.1410   LearningRate 0.000947   Epoch: 10   Global Step: 15220   Fp16 Grad Scale: 262144   Required: 137 hours
Training: 2025-04-09 06:56:01,981-Speed 82.42 samples/sec   Loss 0.1789   LearningRate 0.000947   Epoch: 10   Global Step: 15230   Fp16 Grad Scale: 262144   Required: 137 hours
Training: 2025-04-09 06:56:17,822-Speed 80.80 samples/sec   Loss 0.2047   LearningRate 0.000947   Epoch: 10   Global Step: 15240   Fp16 Grad Scale: 262144   Required: 137 hours
Training: 2025-04-09 06:56:35,080-Speed 74.17 samples/sec   Loss 0.1496   LearningRate 0.000947   Epoch: 10   Global Step: 15250   Fp16 Grad Scale: 262144   Required: 137 hours
Training: 2025-04-09 06:56:52,329-Speed 74.21 samples/sec   Loss 0.1671   LearningRate 0.000946   Epoch: 10   Global Step: 15260   Fp16 Grad Scale: 262144   Required: 137 hours
Training: 2025-04-09 06:57:10,547-Speed 70.27 samples/sec   Loss 0.0954   LearningRate 0.000946   Epoch: 10   Global Step: 15270   Fp16 Grad Scale: 262144   Required: 137 hours
Training: 2025-04-09 06:57:26,263-Speed 81.44 samples/sec   Loss 0.1098   LearningRate 0.000946   Epoch: 10   Global Step: 15280   Fp16 Grad Scale: 262144   Required: 137 hours
Training: 2025-04-09 06:57:41,735-Speed 82.73 samples/sec   Loss 0.1671   LearningRate 0.000946   Epoch: 10   Global Step: 15290   Fp16 Grad Scale: 262144   Required: 137 hours
Training: 2025-04-09 06:57:56,874-Speed 84.56 samples/sec   Loss 0.1723   LearningRate 0.000946   Epoch: 10   Global Step: 15300   Fp16 Grad Scale: 262144   Required: 137 hours
Training: 2025-04-09 06:58:12,236-Speed 83.33 samples/sec   Loss 0.1773   LearningRate 0.000946   Epoch: 10   Global Step: 15310   Fp16 Grad Scale: 262144   Required: 137 hours
Training: 2025-04-09 06:58:27,546-Speed 83.61 samples/sec   Loss 0.1698   LearningRate 0.000946   Epoch: 10   Global Step: 15320   Fp16 Grad Scale: 262144   Required: 137 hours
Training: 2025-04-09 06:58:42,874-Speed 83.52 samples/sec   Loss 0.1492   LearningRate 0.000946   Epoch: 10   Global Step: 15330   Fp16 Grad Scale: 262144   Required: 137 hours
Training: 2025-04-09 06:58:58,123-Speed 83.94 samples/sec   Loss 0.1854   LearningRate 0.000946   Epoch: 10   Global Step: 15340   Fp16 Grad Scale: 262144   Required: 137 hours
Training: 2025-04-09 06:59:13,583-Speed 82.80 samples/sec   Loss 0.1173   LearningRate 0.000946   Epoch: 10   Global Step: 15350   Fp16 Grad Scale: 262144   Required: 137 hours
Training: 2025-04-09 06:59:28,931-Speed 83.40 samples/sec   Loss 0.1370   LearningRate 0.000946   Epoch: 10   Global Step: 15360   Fp16 Grad Scale: 262144   Required: 137 hours
Training: 2025-04-09 06:59:44,114-Speed 84.31 samples/sec   Loss 0.1850   LearningRate 0.000946   Epoch: 10   Global Step: 15370   Fp16 Grad Scale: 262144   Required: 137 hours
Training: 2025-04-09 06:59:59,296-Speed 84.31 samples/sec   Loss 0.1591   LearningRate 0.000946   Epoch: 10   Global Step: 15380   Fp16 Grad Scale: 262144   Required: 137 hours
Training: 2025-04-09 07:00:14,508-Speed 84.15 samples/sec   Loss 0.1066   LearningRate 0.000946   Epoch: 10   Global Step: 15390   Fp16 Grad Scale: 262144   Required: 137 hours
Training: 2025-04-09 07:00:29,990-Speed 82.68 samples/sec   Loss 0.1287   LearningRate 0.000946   Epoch: 10   Global Step: 15400   Fp16 Grad Scale: 262144   Required: 137 hours
Training: 2025-04-09 07:00:45,243-Speed 83.92 samples/sec   Loss 0.1405   LearningRate 0.000946   Epoch: 10   Global Step: 15410   Fp16 Grad Scale: 262144   Required: 137 hours
Training: 2025-04-09 07:01:00,517-Speed 83.81 samples/sec   Loss 0.1416   LearningRate 0.000946   Epoch: 10   Global Step: 15420   Fp16 Grad Scale: 524288   Required: 137 hours
Training: 2025-04-09 07:01:15,785-Speed 83.84 samples/sec   Loss 0.1892   LearningRate 0.000946   Epoch: 10   Global Step: 15430   Fp16 Grad Scale: 524288   Required: 137 hours
Training: 2025-04-09 07:01:31,051-Speed 83.85 samples/sec   Loss 0.1390   LearningRate 0.000946   Epoch: 10   Global Step: 15440   Fp16 Grad Scale: 524288   Required: 137 hours
Training: 2025-04-09 07:01:46,406-Speed 83.36 samples/sec   Loss 0.2011   LearningRate 0.000946   Epoch: 10   Global Step: 15450   Fp16 Grad Scale: 262144   Required: 137 hours
Training: 2025-04-09 07:02:01,778-Speed 83.27 samples/sec   Loss 0.1228   LearningRate 0.000946   Epoch: 10   Global Step: 15460   Fp16 Grad Scale: 262144   Required: 137 hours
Training: 2025-04-09 07:02:18,879-Speed 74.85 samples/sec   Loss 0.1404   LearningRate 0.000946   Epoch: 10   Global Step: 15470   Fp16 Grad Scale: 262144   Required: 137 hours
Training: 2025-04-09 07:02:34,107-Speed 84.06 samples/sec   Loss 0.1334   LearningRate 0.000946   Epoch: 10   Global Step: 15480   Fp16 Grad Scale: 262144   Required: 136 hours
Training: 2025-04-09 07:02:49,446-Speed 83.45 samples/sec   Loss 0.0968   LearningRate 0.000946   Epoch: 10   Global Step: 15490   Fp16 Grad Scale: 262144   Required: 136 hours
Training: 2025-04-09 07:03:04,852-Speed 83.08 samples/sec   Loss 0.1150   LearningRate 0.000946   Epoch: 10   Global Step: 15500   Fp16 Grad Scale: 262144   Required: 136 hours
Training: 2025-04-09 07:03:19,945-Speed 84.82 samples/sec   Loss 0.1320   LearningRate 0.000946   Epoch: 10   Global Step: 15510   Fp16 Grad Scale: 262144   Required: 136 hours
Training: 2025-04-09 07:03:35,073-Speed 84.61 samples/sec   Loss 0.1583   LearningRate 0.000946   Epoch: 10   Global Step: 15520   Fp16 Grad Scale: 262144   Required: 136 hours
Training: 2025-04-09 07:03:50,383-Speed 83.61 samples/sec   Loss 0.1531   LearningRate 0.000946   Epoch: 10   Global Step: 15530   Fp16 Grad Scale: 262144   Required: 136 hours
Training: 2025-04-09 07:04:05,721-Speed 83.46 samples/sec   Loss 0.1533   LearningRate 0.000946   Epoch: 10   Global Step: 15540   Fp16 Grad Scale: 262144   Required: 136 hours
Training: 2025-04-09 07:04:21,015-Speed 83.70 samples/sec   Loss 0.1206   LearningRate 0.000945   Epoch: 10   Global Step: 15550   Fp16 Grad Scale: 524288   Required: 136 hours
Training: 2025-04-09 07:04:36,216-Speed 84.28 samples/sec   Loss 0.1813   LearningRate 0.000945   Epoch: 10   Global Step: 15560   Fp16 Grad Scale: 524288   Required: 136 hours
Training: 2025-04-09 07:04:51,650-Speed 82.99 samples/sec   Loss 0.1245   LearningRate 0.000945   Epoch: 10   Global Step: 15570   Fp16 Grad Scale: 524288   Required: 136 hours
Training: 2025-04-09 07:05:07,104-Speed 82.83 samples/sec   Loss 0.1562   LearningRate 0.000945   Epoch: 10   Global Step: 15580   Fp16 Grad Scale: 524288   Required: 136 hours
Training: 2025-04-09 07:05:22,469-Speed 83.31 samples/sec   Loss 0.1797   LearningRate 0.000945   Epoch: 10   Global Step: 15590   Fp16 Grad Scale: 524288   Required: 136 hours
Training: 2025-04-09 07:05:37,595-Speed 84.62 samples/sec   Loss 0.1415   LearningRate 0.000945   Epoch: 10   Global Step: 15600   Fp16 Grad Scale: 524288   Required: 136 hours
Training: 2025-04-09 07:05:52,824-Speed 84.06 samples/sec   Loss 0.2184   LearningRate 0.000945   Epoch: 10   Global Step: 15610   Fp16 Grad Scale: 524288   Required: 136 hours
Training: 2025-04-09 07:06:08,088-Speed 83.86 samples/sec   Loss 0.1405   LearningRate 0.000945   Epoch: 10   Global Step: 15620   Fp16 Grad Scale: 524288   Required: 136 hours
Training: 2025-04-09 07:06:23,372-Speed 83.75 samples/sec   Loss 0.1286   LearningRate 0.000945   Epoch: 10   Global Step: 15630   Fp16 Grad Scale: 524288   Required: 136 hours
Training: 2025-04-09 07:06:38,538-Speed 84.41 samples/sec   Loss 0.1619   LearningRate 0.000945   Epoch: 10   Global Step: 15640   Fp16 Grad Scale: 262144   Required: 136 hours
Training: 2025-04-09 07:06:53,726-Speed 84.28 samples/sec   Loss 0.2406   LearningRate 0.000945   Epoch: 10   Global Step: 15650   Fp16 Grad Scale: 262144   Required: 136 hours
Training: 2025-04-09 07:07:09,143-Speed 83.03 samples/sec   Loss 0.1593   LearningRate 0.000945   Epoch: 10   Global Step: 15660   Fp16 Grad Scale: 262144   Required: 136 hours
Training: 2025-04-09 07:07:26,288-Speed 74.66 samples/sec   Loss 0.2424   LearningRate 0.000945   Epoch: 10   Global Step: 15670   Fp16 Grad Scale: 262144   Required: 136 hours
Training: 2025-04-09 07:07:41,466-Speed 84.33 samples/sec   Loss 0.1660   LearningRate 0.000945   Epoch: 10   Global Step: 15680   Fp16 Grad Scale: 262144   Required: 136 hours
Training: 2025-04-09 07:07:58,060-Speed 83.46 samples/sec   Loss 0.1068   LearningRate 0.000945   Epoch: 10   Global Step: 15690   Fp16 Grad Scale: 262144   Required: 136 hours
Training: 2025-04-09 07:08:16,131-Speed 70.84 samples/sec   Loss 0.2268   LearningRate 0.000945   Epoch: 11   Global Step: 15700   Fp16 Grad Scale: 262144   Required: 136 hours
Training: 2025-04-09 07:08:31,479-Speed 83.40 samples/sec   Loss 0.1067   LearningRate 0.000945   Epoch: 11   Global Step: 15710   Fp16 Grad Scale: 262144   Required: 136 hours
Training: 2025-04-09 07:08:46,775-Speed 83.69 samples/sec   Loss 0.1251   LearningRate 0.000945   Epoch: 11   Global Step: 15720   Fp16 Grad Scale: 262144   Required: 136 hours
Training: 2025-04-09 07:09:02,091-Speed 83.58 samples/sec   Loss 0.0677   LearningRate 0.000945   Epoch: 11   Global Step: 15730   Fp16 Grad Scale: 262144   Required: 136 hours
Training: 2025-04-09 07:09:17,465-Speed 83.26 samples/sec   Loss 0.1136   LearningRate 0.000945   Epoch: 11   Global Step: 15740   Fp16 Grad Scale: 524288   Required: 136 hours
Training: 2025-04-09 07:09:32,853-Speed 83.19 samples/sec   Loss 0.0905   LearningRate 0.000945   Epoch: 11   Global Step: 15750   Fp16 Grad Scale: 524288   Required: 136 hours
Training: 2025-04-09 07:09:48,033-Speed 84.33 samples/sec   Loss 0.1443   LearningRate 0.000945   Epoch: 11   Global Step: 15760   Fp16 Grad Scale: 524288   Required: 136 hours
Training: 2025-04-09 07:10:03,305-Speed 83.82 samples/sec   Loss 0.1141   LearningRate 0.000945   Epoch: 11   Global Step: 15770   Fp16 Grad Scale: 524288   Required: 136 hours
Training: 2025-04-09 07:10:18,586-Speed 83.77 samples/sec   Loss 0.1200   LearningRate 0.000945   Epoch: 11   Global Step: 15780   Fp16 Grad Scale: 262144   Required: 136 hours
Training: 2025-04-09 07:10:33,834-Speed 83.95 samples/sec   Loss 0.1003   LearningRate 0.000945   Epoch: 11   Global Step: 15790   Fp16 Grad Scale: 262144   Required: 136 hours
Training: 2025-04-09 07:10:49,175-Speed 83.44 samples/sec   Loss 0.1512   LearningRate 0.000945   Epoch: 11   Global Step: 15800   Fp16 Grad Scale: 262144   Required: 136 hours
Training: 2025-04-09 07:11:04,743-Speed 82.22 samples/sec   Loss 0.0806   LearningRate 0.000945   Epoch: 11   Global Step: 15810   Fp16 Grad Scale: 262144   Required: 136 hours
Training: 2025-04-09 07:11:20,296-Speed 82.30 samples/sec   Loss 0.1318   LearningRate 0.000945   Epoch: 11   Global Step: 15820   Fp16 Grad Scale: 262144   Required: 136 hours
Training: 2025-04-09 07:11:35,667-Speed 83.28 samples/sec   Loss 0.0864   LearningRate 0.000944   Epoch: 11   Global Step: 15830   Fp16 Grad Scale: 262144   Required: 136 hours
Training: 2025-04-09 07:11:50,827-Speed 84.43 samples/sec   Loss 0.1242   LearningRate 0.000944   Epoch: 11   Global Step: 15840   Fp16 Grad Scale: 262144   Required: 136 hours
Training: 2025-04-09 07:12:06,189-Speed 83.33 samples/sec   Loss 0.1347   LearningRate 0.000944   Epoch: 11   Global Step: 15850   Fp16 Grad Scale: 262144   Required: 136 hours
Training: 2025-04-09 07:12:23,152-Speed 75.46 samples/sec   Loss 0.1285   LearningRate 0.000944   Epoch: 11   Global Step: 15860   Fp16 Grad Scale: 262144   Required: 136 hours
Training: 2025-04-09 07:12:38,392-Speed 83.99 samples/sec   Loss 0.0818   LearningRate 0.000944   Epoch: 11   Global Step: 15870   Fp16 Grad Scale: 262144   Required: 136 hours
Training: 2025-04-09 07:12:53,561-Speed 84.39 samples/sec   Loss 0.1852   LearningRate 0.000944   Epoch: 11   Global Step: 15880   Fp16 Grad Scale: 524288   Required: 136 hours
Training: 2025-04-09 07:13:08,872-Speed 83.60 samples/sec   Loss 0.0791   LearningRate 0.000944   Epoch: 11   Global Step: 15890   Fp16 Grad Scale: 524288   Required: 136 hours
Training: 2025-04-09 07:13:24,153-Speed 83.77 samples/sec   Loss 0.0515   LearningRate 0.000944   Epoch: 11   Global Step: 15900   Fp16 Grad Scale: 524288   Required: 136 hours
Training: 2025-04-09 07:13:39,648-Speed 82.61 samples/sec   Loss 0.1764   LearningRate 0.000944   Epoch: 11   Global Step: 15910   Fp16 Grad Scale: 262144   Required: 136 hours
Training: 2025-04-09 07:13:55,466-Speed 80.92 samples/sec   Loss 0.0625   LearningRate 0.000944   Epoch: 11   Global Step: 15920   Fp16 Grad Scale: 262144   Required: 136 hours
Training: 2025-04-09 07:14:11,086-Speed 81.95 samples/sec   Loss 0.1076   LearningRate 0.000944   Epoch: 11   Global Step: 15930   Fp16 Grad Scale: 262144   Required: 136 hours
Training: 2025-04-09 07:14:26,642-Speed 82.29 samples/sec   Loss 0.1074   LearningRate 0.000944   Epoch: 11   Global Step: 15940   Fp16 Grad Scale: 262144   Required: 136 hours
Training: 2025-04-09 07:14:41,838-Speed 84.24 samples/sec   Loss 0.1094   LearningRate 0.000944   Epoch: 11   Global Step: 15950   Fp16 Grad Scale: 262144   Required: 136 hours
Training: 2025-04-09 07:14:57,224-Speed 83.19 samples/sec   Loss 0.0778   LearningRate 0.000944   Epoch: 11   Global Step: 15960   Fp16 Grad Scale: 262144   Required: 136 hours
Training: 2025-04-09 07:15:12,660-Speed 82.93 samples/sec   Loss 0.1178   LearningRate 0.000944   Epoch: 11   Global Step: 15970   Fp16 Grad Scale: 262144   Required: 136 hours
Training: 2025-04-09 07:15:28,003-Speed 83.43 samples/sec   Loss 0.0685   LearningRate 0.000944   Epoch: 11   Global Step: 15980   Fp16 Grad Scale: 262144   Required: 136 hours
Training: 2025-04-09 07:15:43,343-Speed 83.45 samples/sec   Loss 0.1459   LearningRate 0.000944   Epoch: 11   Global Step: 15990   Fp16 Grad Scale: 262144   Required: 136 hours
Training: 2025-04-09 07:15:58,740-Speed 83.14 samples/sec   Loss 0.0886   LearningRate 0.000944   Epoch: 11   Global Step: 16000   Fp16 Grad Scale: 262144   Required: 136 hours
Batch 0: torch.Size([128, 3, 64, 512])
batch.shape: torch.Size([128, 3, 64, 512])
batch.min(): -1.0
batch.max(): 1.0
batch.device: cuda:0
net_out.shape: torch.Size([128, 512])
num_nans: 0
num_non_nans: 65536
Batch 1: torch.Size([128, 3, 64, 512])
batch.shape: torch.Size([128, 3, 64, 512])
batch.min(): -1.0
batch.max(): 1.0
batch.device: cuda:0
net_out.shape: torch.Size([128, 512])
num_nans: 0
num_non_nans: 65536
Batch 2: torch.Size([128, 3, 64, 512])
batch.shape: torch.Size([128, 3, 64, 512])
batch.min(): -1.0
batch.max(): 1.0
batch.device: cuda:0
net_out.shape: torch.Size([128, 512])
num_nans: 0
num_non_nans: 65536
Batch 3: torch.Size([128, 3, 64, 512])
batch.shape: torch.Size([128, 3, 64, 512])
batch.min(): -1.0
batch.max(): 1.0
batch.device: cuda:0
net_out.shape: torch.Size([128, 512])
num_nans: 0
num_non_nans: 65536
Batch 4: torch.Size([128, 3, 64, 512])
batch.shape: torch.Size([128, 3, 64, 512])
batch.min(): -1.0
batch.max(): 1.0
batch.device: cuda:0
net_out.shape: torch.Size([128, 512])
num_nans: 0
num_non_nans: 65536
Batch 5: torch.Size([128, 3, 64, 512])
batch.shape: torch.Size([128, 3, 64, 512])
batch.min(): -1.0
batch.max(): 1.0
batch.device: cuda:0
net_out.shape: torch.Size([128, 512])
num_nans: 0
num_non_nans: 65536
Batch 6: torch.Size([128, 3, 64, 512])
batch.shape: torch.Size([128, 3, 64, 512])
batch.min(): -1.0
batch.max(): 1.0
batch.device: cuda:0
net_out.shape: torch.Size([128, 512])
num_nans: 0
num_non_nans: 65536
Batch 7: torch.Size([128, 3, 64, 512])
batch.shape: torch.Size([128, 3, 64, 512])
batch.min(): -1.0
batch.max(): 1.0
batch.device: cuda:0
net_out.shape: torch.Size([128, 512])
num_nans: 0
num_non_nans: 65536
Batch 8: torch.Size([128, 3, 64, 512])
batch.shape: torch.Size([128, 3, 64, 512])
batch.min(): -1.0
batch.max(): 1.0
batch.device: cuda:0
net_out.shape: torch.Size([128, 512])
num_nans: 0
num_non_nans: 65536
Batch 9: torch.Size([128, 3, 64, 512])
batch.shape: torch.Size([128, 3, 64, 512])
batch.min(): -1.0
batch.max(): 1.0
batch.device: cuda:0
net_out.shape: torch.Size([128, 512])
num_nans: 0
num_non_nans: 65536
Batch 10: torch.Size([128, 3, 64, 512])
batch.shape: torch.Size([128, 3, 64, 512])
batch.min(): -1.0
batch.max(): 1.0
batch.device: cuda:0
net_out.shape: torch.Size([128, 512])
num_nans: 0
num_non_nans: 65536
Batch 11: torch.Size([128, 3, 64, 512])
batch.shape: torch.Size([128, 3, 64, 512])
batch.min(): -1.0
batch.max(): 1.0
batch.device: cuda:0
net_out.shape: torch.Size([128, 512])
num_nans: 0
num_non_nans: 65536
Batch 12: torch.Size([128, 3, 64, 512])
batch.shape: torch.Size([128, 3, 64, 512])
batch.min(): -1.0
batch.max(): 1.0
batch.device: cuda:0
net_out.shape: torch.Size([128, 512])
num_nans: 0
num_non_nans: 65536
Batch 13: torch.Size([128, 3, 64, 512])
batch.shape: torch.Size([128, 3, 64, 512])
batch.min(): -1.0
batch.max(): 1.0
batch.device: cuda:0
net_out.shape: torch.Size([128, 512])
num_nans: 0
num_non_nans: 65536
Batch 14: torch.Size([128, 3, 64, 512])
batch.shape: torch.Size([128, 3, 64, 512])
batch.min(): -1.0
batch.max(): 1.0
batch.device: cuda:0
net_out.shape: torch.Size([128, 512])
num_nans: 0
num_non_nans: 65536
Batch 15: torch.Size([128, 3, 64, 512])
batch.shape: torch.Size([128, 3, 64, 512])
batch.min(): -1.0
batch.max(): 1.0
batch.device: cuda:0
net_out.shape: torch.Size([128, 512])
num_nans: 0
num_non_nans: 65536
Batch 16: torch.Size([128, 3, 64, 512])
batch.shape: torch.Size([128, 3, 64, 512])
batch.min(): -1.0
batch.max(): 1.0
batch.device: cuda:0
net_out.shape: torch.Size([128, 512])
num_nans: 0
num_non_nans: 65536
Batch 17: torch.Size([128, 3, 64, 512])
batch.shape: torch.Size([128, 3, 64, 512])
batch.min(): -1.0
batch.max(): 1.0
batch.device: cuda:0
net_out.shape: torch.Size([128, 512])
num_nans: 0
num_non_nans: 65536
Batch 18: torch.Size([128, 3, 64, 512])
batch.shape: torch.Size([128, 3, 64, 512])
batch.min(): -1.0
batch.max(): 1.0
batch.device: cuda:0
net_out.shape: torch.Size([128, 512])
num_nans: 0
num_non_nans: 65536
Batch 19: torch.Size([128, 3, 64, 512])
batch.shape: torch.Size([128, 3, 64, 512])
batch.min(): -1.0
batch.max(): 1.0
batch.device: cuda:0
net_out.shape: torch.Size([128, 512])
num_nans: 0
num_non_nans: 65536
Batch 20: torch.Size([128, 3, 64, 512])
batch.shape: torch.Size([128, 3, 64, 512])
batch.min(): -1.0
batch.max(): 1.0
batch.device: cuda:0
net_out.shape: torch.Size([128, 512])
num_nans: 0
num_non_nans: 65536
Batch 21: torch.Size([128, 3, 64, 512])
batch.shape: torch.Size([128, 3, 64, 512])
batch.min(): -1.0
batch.max(): 1.0
batch.device: cuda:0
net_out.shape: torch.Size([128, 512])
num_nans: 0
num_non_nans: 65536
Batch 22: torch.Size([128, 3, 64, 512])
batch.shape: torch.Size([128, 3, 64, 512])
batch.min(): -1.0
batch.max(): 1.0
batch.device: cuda:0
net_out.shape: torch.Size([128, 512])
num_nans: 0
num_non_nans: 65536
Batch 23: torch.Size([128, 3, 64, 512])
batch.shape: torch.Size([128, 3, 64, 512])
batch.min(): -1.0
batch.max(): 1.0
batch.device: cuda:0
net_out.shape: torch.Size([128, 512])
num_nans: 0
num_non_nans: 65536
Batch 24: torch.Size([128, 3, 64, 512])
batch.shape: torch.Size([128, 3, 64, 512])
batch.min(): -1.0
batch.max(): 1.0
batch.device: cuda:0
net_out.shape: torch.Size([128, 512])
num_nans: 0
num_non_nans: 65536
Batch 25: torch.Size([128, 3, 64, 512])
batch.shape: torch.Size([128, 3, 64, 512])
batch.min(): -1.0
batch.max(): 1.0
batch.device: cuda:0
net_out.shape: torch.Size([128, 512])
num_nans: 0
num_non_nans: 65536
Batch 26: torch.Size([128, 3, 64, 512])
batch.shape: torch.Size([128, 3, 64, 512])
batch.min(): -1.0
batch.max(): 1.0
batch.device: cuda:0
net_out.shape: torch.Size([128, 512])
num_nans: 0
num_non_nans: 65536
Batch 27: torch.Size([128, 3, 64, 512])
batch.shape: torch.Size([128, 3, 64, 512])
batch.min(): -1.0
batch.max(): 1.0
batch.device: cuda:0
net_out.shape: torch.Size([128, 512])
num_nans: 0
num_non_nans: 65536
Batch 28: torch.Size([128, 3, 64, 512])
batch.shape: torch.Size([128, 3, 64, 512])
batch.min(): -1.0
batch.max(): 1.0
batch.device: cuda:0
net_out.shape: torch.Size([128, 512])
num_nans: 0
num_non_nans: 65536
Batch 29: torch.Size([128, 3, 64, 512])
batch.shape: torch.Size([128, 3, 64, 512])
batch.min(): -1.0
batch.max(): 1.0
batch.device: cuda:0
net_out.shape: torch.Size([128, 512])
num_nans: 0
num_non_nans: 65536
Batch 30: torch.Size([128, 3, 64, 512])
batch.shape: torch.Size([128, 3, 64, 512])
batch.min(): -1.0
batch.max(): 1.0
batch.device: cuda:0
net_out.shape: torch.Size([128, 512])
num_nans: 0
num_non_nans: 65536
Batch 31: torch.Size([128, 3, 64, 512])
batch.shape: torch.Size([128, 3, 64, 512])
batch.min(): -1.0
batch.max(): 1.0
batch.device: cuda:0
net_out.shape: torch.Size([128, 512])
num_nans: 0
num_non_nans: 65536
Batch 32: torch.Size([128, 3, 64, 512])
batch.shape: torch.Size([128, 3, 64, 512])
batch.min(): -1.0
batch.max(): 1.0
batch.device: cuda:0
net_out.shape: torch.Size([128, 512])
num_nans: 0
num_non_nans: 65536
Batch 33: torch.Size([128, 3, 64, 512])
batch.shape: torch.Size([128, 3, 64, 512])
batch.min(): -1.0
batch.max(): 1.0
batch.device: cuda:0
net_out.shape: torch.Size([128, 512])
num_nans: 0
num_non_nans: 65536
Batch 34: torch.Size([128, 3, 64, 512])
batch.shape: torch.Size([128, 3, 64, 512])
batch.min(): -1.0
batch.max(): 1.0
batch.device: cuda:0
net_out.shape: torch.Size([128, 512])
num_nans: 0
num_non_nans: 65536
Batch 35: torch.Size([128, 3, 64, 512])
batch.shape: torch.Size([128, 3, 64, 512])
batch.min(): -1.0
batch.max(): 1.0
batch.device: cuda:0
net_out.shape: torch.Size([128, 512])
num_nans: 0
num_non_nans: 65536
Batch 36: torch.Size([128, 3, 64, 512])
batch.shape: torch.Size([128, 3, 64, 512])
batch.min(): -1.0
batch.max(): 1.0
batch.device: cuda:0
net_out.shape: torch.Size([128, 512])
num_nans: 0
num_non_nans: 65536
Batch 37: torch.Size([128, 3, 64, 512])
batch.shape: torch.Size([128, 3, 64, 512])
batch.min(): -1.0
batch.max(): 1.0
batch.device: cuda:0
net_out.shape: torch.Size([128, 512])
num_nans: 0
num_non_nans: 65536
Batch 38: torch.Size([128, 3, 64, 512])
batch.shape: torch.Size([128, 3, 64, 512])
batch.min(): -1.0
batch.max(): 1.0
batch.device: cuda:0
net_out.shape: torch.Size([128, 512])
num_nans: 0
num_non_nans: 65536
Batch 39: torch.Size([128, 3, 64, 512])
batch.shape: torch.Size([128, 3, 64, 512])
batch.min(): -1.0
batch.max(): 1.0
batch.device: cuda:0
net_out.shape: torch.Size([128, 512])
num_nans: 0
num_non_nans: 65536
Batch 40: torch.Size([128, 3, 64, 512])
batch.shape: torch.Size([128, 3, 64, 512])
batch.min(): -1.0
batch.max(): 1.0
batch.device: cuda:0
net_out.shape: torch.Size([128, 512])
num_nans: 0
num_non_nans: 65536
Batch 41: torch.Size([128, 3, 64, 512])
batch.shape: torch.Size([128, 3, 64, 512])
batch.min(): -1.0
batch.max(): 1.0
batch.device: cuda:0
net_out.shape: torch.Size([128, 512])
num_nans: 0
num_non_nans: 65536
Batch 42: torch.Size([128, 3, 64, 512])
batch.shape: torch.Size([128, 3, 64, 512])
batch.min(): -1.0
batch.max(): 1.0
batch.device: cuda:0
net_out.shape: torch.Size([128, 512])
num_nans: 0
num_non_nans: 65536
Batch 43: torch.Size([128, 3, 64, 512])
batch.shape: torch.Size([128, 3, 64, 512])
batch.min(): -1.0
batch.max(): 1.0
batch.device: cuda:0
net_out.shape: torch.Size([128, 512])
num_nans: 0
num_non_nans: 65536
Batch 44: torch.Size([128, 3, 64, 512])
batch.shape: torch.Size([128, 3, 64, 512])
batch.min(): -1.0
batch.max(): 1.0
batch.device: cuda:0
net_out.shape: torch.Size([128, 512])
num_nans: 0
num_non_nans: 65536
Batch 45: torch.Size([128, 3, 64, 512])
batch.shape: torch.Size([128, 3, 64, 512])
batch.min(): -1.0
batch.max(): 1.0
batch.device: cuda:0
net_out.shape: torch.Size([128, 512])
num_nans: 0
num_non_nans: 65536
Batch 46: torch.Size([128, 3, 64, 512])
batch.shape: torch.Size([128, 3, 64, 512])
batch.min(): -1.0
batch.max(): 1.0
batch.device: cuda:0
net_out.shape: torch.Size([128, 512])
num_nans: 0
num_non_nans: 65536
Batch 47: torch.Size([128, 3, 64, 512])
batch.shape: torch.Size([128, 3, 64, 512])
batch.min(): -1.0
batch.max(): 1.0
batch.device: cuda:0
net_out.shape: torch.Size([128, 512])
num_nans: 0
num_non_nans: 65536
Batch 48: torch.Size([128, 3, 64, 512])
batch.shape: torch.Size([128, 3, 64, 512])
batch.min(): -1.0
batch.max(): 1.0
batch.device: cuda:0
net_out.shape: torch.Size([128, 512])
num_nans: 0
num_non_nans: 65536
Batch 49: torch.Size([128, 3, 64, 512])
batch.shape: torch.Size([128, 3, 64, 512])
batch.min(): -1.0
batch.max(): 1.0
batch.device: cuda:0
net_out.shape: torch.Size([128, 512])
num_nans: 0
num_non_nans: 65536
Batch 50: torch.Size([128, 3, 64, 512])
batch.shape: torch.Size([128, 3, 64, 512])
batch.min(): -1.0
batch.max(): 1.0
batch.device: cuda:0
net_out.shape: torch.Size([128, 512])
num_nans: 0
num_non_nans: 65536
Batch 51: torch.Size([128, 3, 64, 512])
batch.shape: torch.Size([128, 3, 64, 512])
batch.min(): -1.0
batch.max(): 1.0
batch.device: cuda:0
net_out.shape: torch.Size([128, 512])
num_nans: 0
num_non_nans: 65536
Batch 52: torch.Size([128, 3, 64, 512])
batch.shape: torch.Size([128, 3, 64, 512])
batch.min(): -1.0
batch.max(): 1.0
batch.device: cuda:0
net_out.shape: torch.Size([128, 512])
num_nans: 0
num_non_nans: 65536
Batch 53: torch.Size([128, 3, 64, 512])
batch.shape: torch.Size([128, 3, 64, 512])
batch.min(): -1.0
batch.max(): 1.0
batch.device: cuda:0
net_out.shape: torch.Size([128, 512])
num_nans: 0
num_non_nans: 65536
Batch 54: torch.Size([128, 3, 64, 512])
batch.shape: torch.Size([128, 3, 64, 512])
batch.min(): -1.0
batch.max(): 1.0
batch.device: cuda:0
net_out.shape: torch.Size([128, 512])
num_nans: 0
num_non_nans: 65536
Batch 55: torch.Size([128, 3, 64, 512])
batch.shape: torch.Size([128, 3, 64, 512])
batch.min(): -1.0
batch.max(): 1.0
batch.device: cuda:0
net_out.shape: torch.Size([128, 512])
num_nans: 0
num_non_nans: 65536
Batch 56: torch.Size([128, 3, 64, 512])
batch.shape: torch.Size([128, 3, 64, 512])
batch.min(): -1.0
batch.max(): 1.0
batch.device: cuda:0
net_out.shape: torch.Size([128, 512])
num_nans: 0
num_non_nans: 65536
Batch 57: torch.Size([128, 3, 64, 512])
batch.shape: torch.Size([128, 3, 64, 512])
batch.min(): -1.0
batch.max(): 1.0
batch.device: cuda:0
net_out.shape: torch.Size([128, 512])
num_nans: 0
num_non_nans: 65536
Batch 58: torch.Size([128, 3, 64, 512])
batch.shape: torch.Size([128, 3, 64, 512])
batch.min(): -1.0
batch.max(): 1.0
batch.device: cuda:0
net_out.shape: torch.Size([128, 512])
num_nans: 0
num_non_nans: 65536
Batch 59: torch.Size([128, 3, 64, 512])
batch.shape: torch.Size([128, 3, 64, 512])
batch.min(): -1.0
batch.max(): 1.0
batch.device: cuda:0
net_out.shape: torch.Size([128, 512])
num_nans: 0
num_non_nans: 65536
Batch 60: torch.Size([128, 3, 64, 512])
batch.shape: torch.Size([128, 3, 64, 512])
batch.min(): -1.0
batch.max(): 1.0
batch.device: cuda:0
net_out.shape: torch.Size([128, 512])
num_nans: 0
num_non_nans: 65536
Batch 61: torch.Size([128, 3, 64, 512])
batch.shape: torch.Size([128, 3, 64, 512])
batch.min(): -1.0
batch.max(): 1.0
batch.device: cuda:0
net_out.shape: torch.Size([128, 512])
num_nans: 0
num_non_nans: 65536
Batch 62: torch.Size([128, 3, 64, 512])
batch.shape: torch.Size([128, 3, 64, 512])
batch.min(): -1.0
batch.max(): 1.0
batch.device: cuda:0
net_out.shape: torch.Size([128, 512])
num_nans: 0
num_non_nans: 65536
Batch 63: torch.Size([128, 3, 64, 512])
batch.shape: torch.Size([128, 3, 64, 512])
batch.min(): -1.0
batch.max(): 1.0
batch.device: cuda:0
net_out.shape: torch.Size([128, 512])
num_nans: 0
num_non_nans: 65536
Training: 2025-04-09 07:17:10,910-[val][Global step: 16000] d prime: 7.531648635864258
Model saved with d prime score: 7.531648635864258
Training: 2025-04-09 07:17:29,060-Speed 14.17 samples/sec   Loss 0.1280   LearningRate 0.000944   Epoch: 11   Global Step: 16010   Fp16 Grad Scale: 524288   Required: 136 hours
Training: 2025-04-09 07:17:44,404-Speed 83.42 samples/sec   Loss 0.0814   LearningRate 0.000944   Epoch: 11   Global Step: 16020   Fp16 Grad Scale: 524288   Required: 136 hours
Training: 2025-04-09 07:17:59,744-Speed 83.45 samples/sec   Loss 0.0784   LearningRate 0.000944   Epoch: 11   Global Step: 16030   Fp16 Grad Scale: 524288   Required: 136 hours
Training: 2025-04-09 07:18:15,190-Speed 82.87 samples/sec   Loss 0.1009   LearningRate 0.000944   Epoch: 11   Global Step: 16040   Fp16 Grad Scale: 262144   Required: 136 hours
Training: 2025-04-09 07:18:30,727-Speed 82.39 samples/sec   Loss 0.1222   LearningRate 0.000944   Epoch: 11   Global Step: 16050   Fp16 Grad Scale: 262144   Required: 136 hours
Training: 2025-04-09 07:18:46,154-Speed 82.98 samples/sec   Loss 0.1017   LearningRate 0.000944   Epoch: 11   Global Step: 16060   Fp16 Grad Scale: 262144   Required: 136 hours
Training: 2025-04-09 07:19:01,549-Speed 83.15 samples/sec   Loss 0.1083   LearningRate 0.000944   Epoch: 11   Global Step: 16070   Fp16 Grad Scale: 262144   Required: 136 hours
Training: 2025-04-09 07:19:16,997-Speed 82.86 samples/sec   Loss 0.0783   LearningRate 0.000944   Epoch: 11   Global Step: 16080   Fp16 Grad Scale: 262144   Required: 136 hours
Training: 2025-04-09 07:19:32,627-Speed 81.90 samples/sec   Loss 0.1122   LearningRate 0.000944   Epoch: 11   Global Step: 16090   Fp16 Grad Scale: 262144   Required: 136 hours
Training: 2025-04-09 07:19:48,473-Speed 80.78 samples/sec   Loss 0.0811   LearningRate 0.000944   Epoch: 11   Global Step: 16100   Fp16 Grad Scale: 262144   Required: 136 hours
Training: 2025-04-09 07:20:03,877-Speed 83.10 samples/sec   Loss 0.0971   LearningRate 0.000944   Epoch: 11   Global Step: 16110   Fp16 Grad Scale: 262144   Required: 136 hours
Training: 2025-04-09 07:20:19,370-Speed 82.62 samples/sec   Loss 0.0923   LearningRate 0.000943   Epoch: 11   Global Step: 16120   Fp16 Grad Scale: 262144   Required: 136 hours
Training: 2025-04-09 07:20:34,754-Speed 83.20 samples/sec   Loss 0.0876   LearningRate 0.000943   Epoch: 11   Global Step: 16130   Fp16 Grad Scale: 262144   Required: 136 hours
Training: 2025-04-09 07:20:50,046-Speed 83.71 samples/sec   Loss 0.1927   LearningRate 0.000943   Epoch: 11   Global Step: 16140   Fp16 Grad Scale: 262144   Required: 136 hours
Training: 2025-04-09 07:21:05,487-Speed 82.90 samples/sec   Loss 0.1095   LearningRate 0.000943   Epoch: 11   Global Step: 16150   Fp16 Grad Scale: 262144   Required: 136 hours
Training: 2025-04-09 07:21:20,860-Speed 83.26 samples/sec   Loss 0.1178   LearningRate 0.000943   Epoch: 11   Global Step: 16160   Fp16 Grad Scale: 262144   Required: 136 hours
Training: 2025-04-09 07:21:36,521-Speed 81.74 samples/sec   Loss 0.1341   LearningRate 0.000943   Epoch: 11   Global Step: 16170   Fp16 Grad Scale: 262144   Required: 136 hours
Training: 2025-04-09 07:21:52,125-Speed 82.03 samples/sec   Loss 0.1326   LearningRate 0.000943   Epoch: 11   Global Step: 16180   Fp16 Grad Scale: 262144   Required: 136 hours
Training: 2025-04-09 07:22:07,686-Speed 82.26 samples/sec   Loss 0.1013   LearningRate 0.000943   Epoch: 11   Global Step: 16190   Fp16 Grad Scale: 262144   Required: 136 hours
Training: 2025-04-09 07:22:24,070-Speed 78.13 samples/sec   Loss 0.1382   LearningRate 0.000943   Epoch: 11   Global Step: 16200   Fp16 Grad Scale: 262144   Required: 136 hours
Training: 2025-04-09 07:22:40,344-Speed 78.66 samples/sec   Loss 0.1612   LearningRate 0.000943   Epoch: 11   Global Step: 16210   Fp16 Grad Scale: 262144   Required: 136 hours
Training: 2025-04-09 07:22:56,066-Speed 81.42 samples/sec   Loss 0.1869   LearningRate 0.000943   Epoch: 11   Global Step: 16220   Fp16 Grad Scale: 262144   Required: 136 hours
Training: 2025-04-09 07:23:11,430-Speed 83.32 samples/sec   Loss 0.1222   LearningRate 0.000943   Epoch: 11   Global Step: 16230   Fp16 Grad Scale: 262144   Required: 136 hours
Training: 2025-04-09 07:23:26,779-Speed 83.40 samples/sec   Loss 0.1405   LearningRate 0.000943   Epoch: 11   Global Step: 16240   Fp16 Grad Scale: 524288   Required: 135 hours
Training: 2025-04-09 07:23:42,203-Speed 82.99 samples/sec   Loss 0.0835   LearningRate 0.000943   Epoch: 11   Global Step: 16250   Fp16 Grad Scale: 524288   Required: 135 hours
Training: 2025-04-09 07:23:57,592-Speed 83.18 samples/sec   Loss 0.1437   LearningRate 0.000943   Epoch: 11   Global Step: 16260   Fp16 Grad Scale: 262144   Required: 135 hours
Training: 2025-04-09 07:24:13,300-Speed 81.49 samples/sec   Loss 0.0895   LearningRate 0.000943   Epoch: 11   Global Step: 16270   Fp16 Grad Scale: 262144   Required: 135 hours
Training: 2025-04-09 07:24:28,744-Speed 82.88 samples/sec   Loss 0.1197   LearningRate 0.000943   Epoch: 11   Global Step: 16280   Fp16 Grad Scale: 262144   Required: 135 hours
Training: 2025-04-09 07:24:44,598-Speed 80.74 samples/sec   Loss 0.1561   LearningRate 0.000943   Epoch: 11   Global Step: 16290   Fp16 Grad Scale: 262144   Required: 135 hours
Training: 2025-04-09 07:25:00,074-Speed 82.71 samples/sec   Loss 0.1212   LearningRate 0.000943   Epoch: 11   Global Step: 16300   Fp16 Grad Scale: 262144   Required: 135 hours
Training: 2025-04-09 07:25:15,513-Speed 82.91 samples/sec   Loss 0.1770   LearningRate 0.000943   Epoch: 11   Global Step: 16310   Fp16 Grad Scale: 262144   Required: 135 hours
Training: 2025-04-09 07:25:31,004-Speed 82.63 samples/sec   Loss 0.1775   LearningRate 0.000943   Epoch: 11   Global Step: 16320   Fp16 Grad Scale: 262144   Required: 135 hours
Training: 2025-04-09 07:25:46,447-Speed 82.89 samples/sec   Loss 0.0494   LearningRate 0.000943   Epoch: 11   Global Step: 16330   Fp16 Grad Scale: 262144   Required: 135 hours
Training: 2025-04-09 07:26:01,996-Speed 82.32 samples/sec   Loss 0.1557   LearningRate 0.000943   Epoch: 11   Global Step: 16340   Fp16 Grad Scale: 262144   Required: 135 hours
Training: 2025-04-09 07:26:18,107-Speed 79.45 samples/sec   Loss 0.1035   LearningRate 0.000943   Epoch: 11   Global Step: 16350   Fp16 Grad Scale: 262144   Required: 135 hours
Training: 2025-04-09 07:26:36,143-Speed 70.97 samples/sec   Loss 0.1463   LearningRate 0.000943   Epoch: 11   Global Step: 16360   Fp16 Grad Scale: 524288   Required: 135 hours
Training: 2025-04-09 07:26:53,932-Speed 71.96 samples/sec   Loss 0.1062   LearningRate 0.000943   Epoch: 11   Global Step: 16370   Fp16 Grad Scale: 524288   Required: 135 hours
Training: 2025-04-09 07:27:10,136-Speed 79.00 samples/sec   Loss 0.0976   LearningRate 0.000943   Epoch: 11   Global Step: 16380   Fp16 Grad Scale: 524288   Required: 135 hours
Training: 2025-04-09 07:27:26,614-Speed 77.68 samples/sec   Loss 0.1862   LearningRate 0.000943   Epoch: 11   Global Step: 16390   Fp16 Grad Scale: 524288   Required: 135 hours
Training: 2025-04-09 07:27:43,144-Speed 77.44 samples/sec   Loss 0.1140   LearningRate 0.000942   Epoch: 11   Global Step: 16400   Fp16 Grad Scale: 524288   Required: 135 hours
Training: 2025-04-09 07:27:58,583-Speed 82.91 samples/sec   Loss 0.1408   LearningRate 0.000942   Epoch: 11   Global Step: 16410   Fp16 Grad Scale: 262144   Required: 135 hours
Training: 2025-04-09 07:28:14,035-Speed 82.84 samples/sec   Loss 0.1738   LearningRate 0.000942   Epoch: 11   Global Step: 16420   Fp16 Grad Scale: 262144   Required: 135 hours
Training: 2025-04-09 07:28:29,548-Speed 82.51 samples/sec   Loss 0.1340   LearningRate 0.000942   Epoch: 11   Global Step: 16430   Fp16 Grad Scale: 262144   Required: 135 hours
Training: 2025-04-09 07:28:44,990-Speed 82.89 samples/sec   Loss 0.2005   LearningRate 0.000942   Epoch: 11   Global Step: 16440   Fp16 Grad Scale: 262144   Required: 135 hours
Training: 2025-04-09 07:29:00,454-Speed 82.78 samples/sec   Loss 0.1768   LearningRate 0.000942   Epoch: 11   Global Step: 16450   Fp16 Grad Scale: 262144   Required: 135 hours
Training: 2025-04-09 07:29:16,267-Speed 80.95 samples/sec   Loss 0.1022   LearningRate 0.000942   Epoch: 11   Global Step: 16460   Fp16 Grad Scale: 262144   Required: 135 hours
Training: 2025-04-09 07:29:31,767-Speed 82.58 samples/sec   Loss 0.0842   LearningRate 0.000942   Epoch: 11   Global Step: 16470   Fp16 Grad Scale: 262144   Required: 135 hours
Training: 2025-04-09 07:29:47,152-Speed 83.20 samples/sec   Loss 0.1539   LearningRate 0.000942   Epoch: 11   Global Step: 16480   Fp16 Grad Scale: 262144   Required: 135 hours
Training: 2025-04-09 07:30:02,600-Speed 82.86 samples/sec   Loss 0.1066   LearningRate 0.000942   Epoch: 11   Global Step: 16490   Fp16 Grad Scale: 262144   Required: 135 hours
Training: 2025-04-09 07:30:17,945-Speed 83.42 samples/sec   Loss 0.1220   LearningRate 0.000942   Epoch: 11   Global Step: 16500   Fp16 Grad Scale: 262144   Required: 135 hours
Training: 2025-04-09 07:30:33,540-Speed 82.08 samples/sec   Loss 0.0990   LearningRate 0.000942   Epoch: 11   Global Step: 16510   Fp16 Grad Scale: 524288   Required: 135 hours
Training: 2025-04-09 07:30:48,991-Speed 82.84 samples/sec   Loss 0.0781   LearningRate 0.000942   Epoch: 11   Global Step: 16520   Fp16 Grad Scale: 524288   Required: 135 hours
Training: 2025-04-09 07:31:04,440-Speed 82.86 samples/sec   Loss 0.1384   LearningRate 0.000942   Epoch: 11   Global Step: 16530   Fp16 Grad Scale: 262144   Required: 135 hours
Training: 2025-04-09 07:31:20,211-Speed 81.16 samples/sec   Loss 0.1670   LearningRate 0.000942   Epoch: 11   Global Step: 16540   Fp16 Grad Scale: 262144   Required: 135 hours
Training: 2025-04-09 07:31:35,843-Speed 81.89 samples/sec   Loss 0.0755   LearningRate 0.000942   Epoch: 11   Global Step: 16550   Fp16 Grad Scale: 262144   Required: 135 hours
Training: 2025-04-09 07:31:51,245-Speed 83.11 samples/sec   Loss 0.1451   LearningRate 0.000942   Epoch: 11   Global Step: 16560   Fp16 Grad Scale: 262144   Required: 135 hours
Training: 2025-04-09 07:32:06,858-Speed 81.98 samples/sec   Loss 0.1563   LearningRate 0.000942   Epoch: 11   Global Step: 16570   Fp16 Grad Scale: 262144   Required: 135 hours
Training: 2025-04-09 07:32:22,326-Speed 82.75 samples/sec   Loss 0.1126   LearningRate 0.000942   Epoch: 11   Global Step: 16580   Fp16 Grad Scale: 262144   Required: 135 hours
Training: 2025-04-09 07:32:39,905-Speed 72.82 samples/sec   Loss 0.1598   LearningRate 0.000942   Epoch: 11   Global Step: 16590   Fp16 Grad Scale: 262144   Required: 135 hours
Training: 2025-04-09 07:32:55,512-Speed 82.01 samples/sec   Loss 0.1243   LearningRate 0.000942   Epoch: 11   Global Step: 16600   Fp16 Grad Scale: 262144   Required: 135 hours
Training: 2025-04-09 07:33:11,026-Speed 82.51 samples/sec   Loss 0.1346   LearningRate 0.000942   Epoch: 11   Global Step: 16610   Fp16 Grad Scale: 262144   Required: 135 hours
Training: 2025-04-09 07:33:26,619-Speed 82.09 samples/sec   Loss 0.1552   LearningRate 0.000942   Epoch: 11   Global Step: 16620   Fp16 Grad Scale: 262144   Required: 135 hours
Training: 2025-04-09 07:33:42,519-Speed 80.51 samples/sec   Loss 0.1159   LearningRate 0.000942   Epoch: 11   Global Step: 16630   Fp16 Grad Scale: 524288   Required: 135 hours
Training: 2025-04-09 07:33:58,301-Speed 81.11 samples/sec   Loss 0.1552   LearningRate 0.000942   Epoch: 11   Global Step: 16640   Fp16 Grad Scale: 524288   Required: 135 hours
Training: 2025-04-09 07:34:13,948-Speed 81.81 samples/sec   Loss 0.1627   LearningRate 0.000942   Epoch: 11   Global Step: 16650   Fp16 Grad Scale: 524288   Required: 135 hours
Training: 2025-04-09 07:34:29,479-Speed 82.42 samples/sec   Loss 0.1541   LearningRate 0.000942   Epoch: 11   Global Step: 16660   Fp16 Grad Scale: 524288   Required: 135 hours
Training: 2025-04-09 07:34:45,049-Speed 82.21 samples/sec   Loss 0.1191   LearningRate 0.000942   Epoch: 11   Global Step: 16670   Fp16 Grad Scale: 524288   Required: 135 hours
Training: 2025-04-09 07:35:00,764-Speed 81.45 samples/sec   Loss 0.1436   LearningRate 0.000942   Epoch: 11   Global Step: 16680   Fp16 Grad Scale: 524288   Required: 135 hours
Training: 2025-04-09 07:35:16,310-Speed 82.34 samples/sec   Loss 0.1051   LearningRate 0.000941   Epoch: 11   Global Step: 16690   Fp16 Grad Scale: 524288   Required: 135 hours
Training: 2025-04-09 07:35:31,830-Speed 82.48 samples/sec   Loss 0.1909   LearningRate 0.000941   Epoch: 11   Global Step: 16700   Fp16 Grad Scale: 524288   Required: 135 hours
Training: 2025-04-09 07:35:47,667-Speed 80.82 samples/sec   Loss 0.1374   LearningRate 0.000941   Epoch: 11   Global Step: 16710   Fp16 Grad Scale: 524288   Required: 135 hours
Training: 2025-04-09 07:36:03,303-Speed 81.87 samples/sec   Loss 0.1179   LearningRate 0.000941   Epoch: 11   Global Step: 16720   Fp16 Grad Scale: 524288   Required: 135 hours
Training: 2025-04-09 07:36:18,858-Speed 82.29 samples/sec   Loss 0.1634   LearningRate 0.000941   Epoch: 11   Global Step: 16730   Fp16 Grad Scale: 524288   Required: 135 hours
Training: 2025-04-09 07:36:34,501-Speed 81.83 samples/sec   Loss 0.1570   LearningRate 0.000941   Epoch: 11   Global Step: 16740   Fp16 Grad Scale: 262144   Required: 135 hours
Training: 2025-04-09 07:36:50,006-Speed 82.56 samples/sec   Loss 0.1349   LearningRate 0.000941   Epoch: 11   Global Step: 16750   Fp16 Grad Scale: 262144   Required: 135 hours
Training: 2025-04-09 07:37:05,612-Speed 82.03 samples/sec   Loss 0.0928   LearningRate 0.000941   Epoch: 11   Global Step: 16760   Fp16 Grad Scale: 262144   Required: 135 hours
Training: 2025-04-09 07:37:21,073-Speed 82.79 samples/sec   Loss 0.1681   LearningRate 0.000941   Epoch: 11   Global Step: 16770   Fp16 Grad Scale: 262144   Required: 135 hours
Training: 2025-04-09 07:37:38,192-Speed 74.78 samples/sec   Loss 0.1595   LearningRate 0.000941   Epoch: 11   Global Step: 16780   Fp16 Grad Scale: 262144   Required: 135 hours
Training: 2025-04-09 07:37:53,872-Speed 81.63 samples/sec   Loss 0.1570   LearningRate 0.000941   Epoch: 11   Global Step: 16790   Fp16 Grad Scale: 262144   Required: 135 hours
Training: 2025-04-09 07:38:09,904-Speed 79.84 samples/sec   Loss 0.1357   LearningRate 0.000941   Epoch: 11   Global Step: 16800   Fp16 Grad Scale: 262144   Required: 135 hours
Training: 2025-04-09 07:38:25,611-Speed 81.50 samples/sec   Loss 0.1212   LearningRate 0.000941   Epoch: 11   Global Step: 16810   Fp16 Grad Scale: 262144   Required: 135 hours
Training: 2025-04-09 07:38:41,198-Speed 82.12 samples/sec   Loss 0.1097   LearningRate 0.000941   Epoch: 11   Global Step: 16820   Fp16 Grad Scale: 262144   Required: 135 hours
Training: 2025-04-09 07:38:56,847-Speed 81.80 samples/sec   Loss 0.1848   LearningRate 0.000941   Epoch: 11   Global Step: 16830   Fp16 Grad Scale: 262144   Required: 135 hours
Training: 2025-04-09 07:39:12,558-Speed 81.48 samples/sec   Loss 0.1459   LearningRate 0.000941   Epoch: 11   Global Step: 16840   Fp16 Grad Scale: 524288   Required: 135 hours
Training: 2025-04-09 07:39:28,207-Speed 81.80 samples/sec   Loss 0.1405   LearningRate 0.000941   Epoch: 11   Global Step: 16850   Fp16 Grad Scale: 262144   Required: 135 hours
Training: 2025-04-09 07:39:43,908-Speed 81.52 samples/sec   Loss 0.1443   LearningRate 0.000941   Epoch: 11   Global Step: 16860   Fp16 Grad Scale: 262144   Required: 135 hours
Training: 2025-04-09 07:39:59,466-Speed 82.28 samples/sec   Loss 0.1924   LearningRate 0.000941   Epoch: 11   Global Step: 16870   Fp16 Grad Scale: 262144   Required: 135 hours
Training: 2025-04-09 07:40:15,419-Speed 80.24 samples/sec   Loss 0.1119   LearningRate 0.000941   Epoch: 11   Global Step: 16880   Fp16 Grad Scale: 262144   Required: 135 hours
Training: 2025-04-09 07:40:31,154-Speed 81.35 samples/sec   Loss 0.1039   LearningRate 0.000941   Epoch: 11   Global Step: 16890   Fp16 Grad Scale: 262144   Required: 134 hours
Training: 2025-04-09 07:40:46,819-Speed 81.71 samples/sec   Loss 0.1100   LearningRate 0.000941   Epoch: 11   Global Step: 16900   Fp16 Grad Scale: 262144   Required: 134 hours
Training: 2025-04-09 07:41:02,410-Speed 82.10 samples/sec   Loss 0.1504   LearningRate 0.000941   Epoch: 11   Global Step: 16910   Fp16 Grad Scale: 262144   Required: 134 hours
Training: 2025-04-09 07:41:18,029-Speed 81.95 samples/sec   Loss 0.1448   LearningRate 0.000941   Epoch: 11   Global Step: 16920   Fp16 Grad Scale: 262144   Required: 134 hours
Training: 2025-04-09 07:41:33,832-Speed 81.00 samples/sec   Loss 0.1570   LearningRate 0.000941   Epoch: 11   Global Step: 16930   Fp16 Grad Scale: 262144   Required: 134 hours
Training: 2025-04-09 07:41:49,612-Speed 81.12 samples/sec   Loss 0.1446   LearningRate 0.000941   Epoch: 11   Global Step: 16940   Fp16 Grad Scale: 262144   Required: 134 hours
Training: 2025-04-09 07:42:05,267-Speed 81.76 samples/sec   Loss 0.1275   LearningRate 0.000941   Epoch: 11   Global Step: 16950   Fp16 Grad Scale: 524288   Required: 134 hours
Training: 2025-04-09 07:42:21,166-Speed 80.51 samples/sec   Loss 0.1216   LearningRate 0.000941   Epoch: 11   Global Step: 16960   Fp16 Grad Scale: 524288   Required: 134 hours
Training: 2025-04-09 07:42:37,057-Speed 80.55 samples/sec   Loss 0.1696   LearningRate 0.000940   Epoch: 11   Global Step: 16970   Fp16 Grad Scale: 524288   Required: 134 hours
Training: 2025-04-09 07:42:54,537-Speed 73.23 samples/sec   Loss 0.1929   LearningRate 0.000940   Epoch: 11   Global Step: 16980   Fp16 Grad Scale: 524288   Required: 134 hours
Training: 2025-04-09 07:43:10,167-Speed 81.90 samples/sec   Loss 0.1103   LearningRate 0.000940   Epoch: 11   Global Step: 16990   Fp16 Grad Scale: 524288   Required: 134 hours
Training: 2025-04-09 07:43:25,842-Speed 81.66 samples/sec   Loss 0.1318   LearningRate 0.000940   Epoch: 11   Global Step: 17000   Fp16 Grad Scale: 524288   Required: 134 hours
Training: 2025-04-09 07:43:41,568-Speed 81.40 samples/sec   Loss 0.1213   LearningRate 0.000940   Epoch: 11   Global Step: 17010   Fp16 Grad Scale: 524288   Required: 134 hours
Training: 2025-04-09 07:43:57,224-Speed 81.76 samples/sec   Loss 0.0794   LearningRate 0.000940   Epoch: 11   Global Step: 17020   Fp16 Grad Scale: 524288   Required: 134 hours
Training: 2025-04-09 07:44:12,992-Speed 81.18 samples/sec   Loss 0.1946   LearningRate 0.000940   Epoch: 11   Global Step: 17030   Fp16 Grad Scale: 262144   Required: 134 hours
Training: 2025-04-09 07:44:28,655-Speed 81.72 samples/sec   Loss 0.1468   LearningRate 0.000940   Epoch: 11   Global Step: 17040   Fp16 Grad Scale: 262144   Required: 134 hours
Training: 2025-04-09 07:44:44,713-Speed 79.72 samples/sec   Loss 0.2095   LearningRate 0.000940   Epoch: 11   Global Step: 17050   Fp16 Grad Scale: 262144   Required: 134 hours
Training: 2025-04-09 07:45:00,335-Speed 81.94 samples/sec   Loss 0.1163   LearningRate 0.000940   Epoch: 11   Global Step: 17060   Fp16 Grad Scale: 262144   Required: 134 hours
Training: 2025-04-09 07:45:15,955-Speed 81.95 samples/sec   Loss 0.1134   LearningRate 0.000940   Epoch: 11   Global Step: 17070   Fp16 Grad Scale: 262144   Required: 134 hours
Training: 2025-04-09 07:45:31,599-Speed 81.82 samples/sec   Loss 0.1165   LearningRate 0.000940   Epoch: 11   Global Step: 17080   Fp16 Grad Scale: 262144   Required: 134 hours
Training: 2025-04-09 07:45:47,261-Speed 81.73 samples/sec   Loss 0.1166   LearningRate 0.000940   Epoch: 11   Global Step: 17090   Fp16 Grad Scale: 262144   Required: 134 hours
Training: 2025-04-09 07:46:03,026-Speed 81.20 samples/sec   Loss 0.1019   LearningRate 0.000940   Epoch: 11   Global Step: 17100   Fp16 Grad Scale: 262144   Required: 134 hours
Training: 2025-04-09 07:46:18,712-Speed 81.60 samples/sec   Loss 0.1339   LearningRate 0.000940   Epoch: 11   Global Step: 17110   Fp16 Grad Scale: 262144   Required: 134 hours
Training: 2025-04-09 07:46:34,471-Speed 81.23 samples/sec   Loss 0.1750   LearningRate 0.000940   Epoch: 11   Global Step: 17120   Fp16 Grad Scale: 262144   Required: 134 hours
Training: 2025-04-09 07:46:52,962-Speed 69.22 samples/sec   Loss 0.1168   LearningRate 0.000940   Epoch: 12   Global Step: 17130   Fp16 Grad Scale: 131072   Required: 134 hours
Training: 2025-04-09 07:47:08,523-Speed 82.26 samples/sec   Loss 0.1654   LearningRate 0.000940   Epoch: 12   Global Step: 17140   Fp16 Grad Scale: 131072   Required: 134 hours
Training: 2025-04-09 07:47:23,984-Speed 82.79 samples/sec   Loss 0.1279   LearningRate 0.000940   Epoch: 12   Global Step: 17150   Fp16 Grad Scale: 131072   Required: 134 hours
Training: 2025-04-09 07:47:39,391-Speed 83.08 samples/sec   Loss 0.1027   LearningRate 0.000940   Epoch: 12   Global Step: 17160   Fp16 Grad Scale: 131072   Required: 134 hours
Training: 2025-04-09 07:47:56,693-Speed 73.98 samples/sec   Loss 0.0706   LearningRate 0.000940   Epoch: 12   Global Step: 17170   Fp16 Grad Scale: 131072   Required: 134 hours
Training: 2025-04-09 07:48:12,271-Speed 82.17 samples/sec   Loss 0.0955   LearningRate 0.000940   Epoch: 12   Global Step: 17180   Fp16 Grad Scale: 131072   Required: 134 hours
Training: 2025-04-09 07:48:27,790-Speed 82.48 samples/sec   Loss 0.1013   LearningRate 0.000940   Epoch: 12   Global Step: 17190   Fp16 Grad Scale: 131072   Required: 134 hours
Training: 2025-04-09 07:48:43,439-Speed 81.80 samples/sec   Loss 0.1266   LearningRate 0.000940   Epoch: 12   Global Step: 17200   Fp16 Grad Scale: 131072   Required: 134 hours
Training: 2025-04-09 07:48:59,096-Speed 81.76 samples/sec   Loss 0.0952   LearningRate 0.000940   Epoch: 12   Global Step: 17210   Fp16 Grad Scale: 131072   Required: 134 hours
Training: 2025-04-09 07:49:14,801-Speed 81.50 samples/sec   Loss 0.0983   LearningRate 0.000940   Epoch: 12   Global Step: 17220   Fp16 Grad Scale: 131072   Required: 134 hours
Training: 2025-04-09 07:49:30,173-Speed 83.27 samples/sec   Loss 0.1459   LearningRate 0.000940   Epoch: 12   Global Step: 17230   Fp16 Grad Scale: 262144   Required: 134 hours
Training: 2025-04-09 07:49:45,784-Speed 82.00 samples/sec   Loss 0.0963   LearningRate 0.000940   Epoch: 12   Global Step: 17240   Fp16 Grad Scale: 262144   Required: 134 hours
Training: 2025-04-09 07:50:01,282-Speed 82.59 samples/sec   Loss 0.0960   LearningRate 0.000940   Epoch: 12   Global Step: 17250   Fp16 Grad Scale: 262144   Required: 134 hours
Training: 2025-04-09 07:50:16,919-Speed 81.86 samples/sec   Loss 0.0970   LearningRate 0.000939   Epoch: 12   Global Step: 17260   Fp16 Grad Scale: 262144   Required: 134 hours
Training: 2025-04-09 07:50:32,447-Speed 82.44 samples/sec   Loss 0.0790   LearningRate 0.000939   Epoch: 12   Global Step: 17270   Fp16 Grad Scale: 262144   Required: 134 hours
Training: 2025-04-09 07:50:47,898-Speed 82.85 samples/sec   Loss 0.0959   LearningRate 0.000939   Epoch: 12   Global Step: 17280   Fp16 Grad Scale: 262144   Required: 134 hours
Training: 2025-04-09 07:51:03,520-Speed 81.94 samples/sec   Loss 0.0972   LearningRate 0.000939   Epoch: 12   Global Step: 17290   Fp16 Grad Scale: 262144   Required: 134 hours
Training: 2025-04-09 07:51:19,327-Speed 80.98 samples/sec   Loss 0.0865   LearningRate 0.000939   Epoch: 12   Global Step: 17300   Fp16 Grad Scale: 262144   Required: 134 hours
Training: 2025-04-09 07:51:34,827-Speed 82.58 samples/sec   Loss 0.1423   LearningRate 0.000939   Epoch: 12   Global Step: 17310   Fp16 Grad Scale: 262144   Required: 134 hours
Training: 2025-04-09 07:51:50,465-Speed 81.86 samples/sec   Loss 0.1040   LearningRate 0.000939   Epoch: 12   Global Step: 17320   Fp16 Grad Scale: 262144   Required: 134 hours
Training: 2025-04-09 07:52:05,962-Speed 82.60 samples/sec   Loss 0.0897   LearningRate 0.000939   Epoch: 12   Global Step: 17330   Fp16 Grad Scale: 524288   Required: 134 hours
Training: 2025-04-09 07:52:21,396-Speed 82.94 samples/sec   Loss 0.1536   LearningRate 0.000939   Epoch: 12   Global Step: 17340   Fp16 Grad Scale: 524288   Required: 134 hours
Training: 2025-04-09 07:52:36,894-Speed 82.59 samples/sec   Loss 0.0956   LearningRate 0.000939   Epoch: 12   Global Step: 17350   Fp16 Grad Scale: 524288   Required: 134 hours
Training: 2025-04-09 07:52:54,395-Speed 73.14 samples/sec   Loss 0.1035   LearningRate 0.000939   Epoch: 12   Global Step: 17360   Fp16 Grad Scale: 524288   Required: 134 hours
Training: 2025-04-09 07:53:10,065-Speed 81.69 samples/sec   Loss 0.1241   LearningRate 0.000939   Epoch: 12   Global Step: 17370   Fp16 Grad Scale: 262144   Required: 134 hours
Training: 2025-04-09 07:53:25,851-Speed 81.09 samples/sec   Loss 0.1259   LearningRate 0.000939   Epoch: 12   Global Step: 17380   Fp16 Grad Scale: 262144   Required: 134 hours
Training: 2025-04-09 07:53:41,713-Speed 80.70 samples/sec   Loss 0.1037   LearningRate 0.000939   Epoch: 12   Global Step: 17390   Fp16 Grad Scale: 262144   Required: 134 hours
Training: 2025-04-09 07:53:57,409-Speed 81.55 samples/sec   Loss 0.0839   LearningRate 0.000939   Epoch: 12   Global Step: 17400   Fp16 Grad Scale: 262144   Required: 134 hours
Training: 2025-04-09 07:54:13,317-Speed 80.47 samples/sec   Loss 0.0727   LearningRate 0.000939   Epoch: 12   Global Step: 17410   Fp16 Grad Scale: 262144   Required: 134 hours
Training: 2025-04-09 07:54:28,962-Speed 81.82 samples/sec   Loss 0.1072   LearningRate 0.000939   Epoch: 12   Global Step: 17420   Fp16 Grad Scale: 262144   Required: 134 hours
Training: 2025-04-09 07:54:44,575-Speed 81.99 samples/sec   Loss 0.0881   LearningRate 0.000939   Epoch: 12   Global Step: 17430   Fp16 Grad Scale: 262144   Required: 134 hours
Training: 2025-04-09 07:55:00,190-Speed 81.98 samples/sec   Loss 0.1301   LearningRate 0.000939   Epoch: 12   Global Step: 17440   Fp16 Grad Scale: 262144   Required: 134 hours
Training: 2025-04-09 07:55:15,997-Speed 80.98 samples/sec   Loss 0.1098   LearningRate 0.000939   Epoch: 12   Global Step: 17450   Fp16 Grad Scale: 262144   Required: 134 hours
Training: 2025-04-09 07:55:31,777-Speed 81.12 samples/sec   Loss 0.0853   LearningRate 0.000939   Epoch: 12   Global Step: 17460   Fp16 Grad Scale: 262144   Required: 134 hours
Training: 2025-04-09 07:55:47,621-Speed 80.79 samples/sec   Loss 0.1057   LearningRate 0.000939   Epoch: 12   Global Step: 17470   Fp16 Grad Scale: 524288   Required: 134 hours
Training: 2025-04-09 07:56:03,281-Speed 81.74 samples/sec   Loss 0.1034   LearningRate 0.000939   Epoch: 12   Global Step: 17480   Fp16 Grad Scale: 262144   Required: 134 hours
Training: 2025-04-09 07:56:19,723-Speed 77.85 samples/sec   Loss 0.0947   LearningRate 0.000939   Epoch: 12   Global Step: 17490   Fp16 Grad Scale: 262144   Required: 134 hours
Training: 2025-04-09 07:56:37,814-Speed 70.76 samples/sec   Loss 0.0780   LearningRate 0.000939   Epoch: 12   Global Step: 17500   Fp16 Grad Scale: 262144   Required: 134 hours
Training: 2025-04-09 07:56:55,317-Speed 73.13 samples/sec   Loss 0.1211   LearningRate 0.000939   Epoch: 12   Global Step: 17510   Fp16 Grad Scale: 262144   Required: 134 hours
Training: 2025-04-09 07:57:11,150-Speed 80.85 samples/sec   Loss 0.1236   LearningRate 0.000939   Epoch: 12   Global Step: 17520   Fp16 Grad Scale: 262144   Required: 134 hours
Training: 2025-04-09 07:57:26,842-Speed 81.57 samples/sec   Loss 0.0643   LearningRate 0.000939   Epoch: 12   Global Step: 17530   Fp16 Grad Scale: 262144   Required: 134 hours
Training: 2025-04-09 07:57:42,408-Speed 82.24 samples/sec   Loss 0.1313   LearningRate 0.000938   Epoch: 12   Global Step: 17540   Fp16 Grad Scale: 262144   Required: 134 hours
Training: 2025-04-09 07:57:59,831-Speed 73.47 samples/sec   Loss 0.0843   LearningRate 0.000938   Epoch: 12   Global Step: 17550   Fp16 Grad Scale: 262144   Required: 134 hours
Training: 2025-04-09 07:58:15,562-Speed 81.37 samples/sec   Loss 0.1554   LearningRate 0.000938   Epoch: 12   Global Step: 17560   Fp16 Grad Scale: 262144   Required: 134 hours
Training: 2025-04-09 07:58:31,230-Speed 81.70 samples/sec   Loss 0.1023   LearningRate 0.000938   Epoch: 12   Global Step: 17570   Fp16 Grad Scale: 262144   Required: 134 hours
Training: 2025-04-09 07:58:46,868-Speed 81.85 samples/sec   Loss 0.1041   LearningRate 0.000938   Epoch: 12   Global Step: 17580   Fp16 Grad Scale: 524288   Required: 134 hours
Training: 2025-04-09 07:59:02,519-Speed 81.79 samples/sec   Loss 0.0800   LearningRate 0.000938   Epoch: 12   Global Step: 17590   Fp16 Grad Scale: 524288   Required: 133 hours
Training: 2025-04-09 07:59:18,196-Speed 81.65 samples/sec   Loss 0.1387   LearningRate 0.000938   Epoch: 12   Global Step: 17600   Fp16 Grad Scale: 524288   Required: 133 hours
Training: 2025-04-09 07:59:33,923-Speed 81.39 samples/sec   Loss 0.0863   LearningRate 0.000938   Epoch: 12   Global Step: 17610   Fp16 Grad Scale: 524288   Required: 133 hours
Training: 2025-04-09 07:59:49,483-Speed 82.26 samples/sec   Loss 0.0893   LearningRate 0.000938   Epoch: 12   Global Step: 17620   Fp16 Grad Scale: 524288   Required: 133 hours
Training: 2025-04-09 08:00:05,502-Speed 79.91 samples/sec   Loss 0.0900   LearningRate 0.000938   Epoch: 12   Global Step: 17630   Fp16 Grad Scale: 524288   Required: 133 hours
Training: 2025-04-09 08:00:21,396-Speed 80.54 samples/sec   Loss 0.0921   LearningRate 0.000938   Epoch: 12   Global Step: 17640   Fp16 Grad Scale: 524288   Required: 133 hours
Training: 2025-04-09 08:00:37,182-Speed 81.09 samples/sec   Loss 0.1074   LearningRate 0.000938   Epoch: 12   Global Step: 17650   Fp16 Grad Scale: 524288   Required: 133 hours
Training: 2025-04-09 08:00:52,839-Speed 81.76 samples/sec   Loss 0.1168   LearningRate 0.000938   Epoch: 12   Global Step: 17660   Fp16 Grad Scale: 524288   Required: 133 hours
Training: 2025-04-09 08:01:08,525-Speed 81.60 samples/sec   Loss 0.1116   LearningRate 0.000938   Epoch: 12   Global Step: 17670   Fp16 Grad Scale: 524288   Required: 133 hours
Training: 2025-04-09 08:01:24,284-Speed 81.23 samples/sec   Loss 0.1198   LearningRate 0.000938   Epoch: 12   Global Step: 17680   Fp16 Grad Scale: 1048576   Required: 133 hours
Training: 2025-04-09 08:01:39,849-Speed 82.24 samples/sec   Loss 0.1403   LearningRate 0.000938   Epoch: 12   Global Step: 17690   Fp16 Grad Scale: 524288   Required: 133 hours
Training: 2025-04-09 08:01:55,747-Speed 80.52 samples/sec   Loss 0.1057   LearningRate 0.000938   Epoch: 12   Global Step: 17700   Fp16 Grad Scale: 524288   Required: 133 hours
Training: 2025-04-09 08:02:11,617-Speed 80.66 samples/sec   Loss 0.0907   LearningRate 0.000938   Epoch: 12   Global Step: 17710   Fp16 Grad Scale: 524288   Required: 133 hours
Training: 2025-04-09 08:02:27,531-Speed 80.44 samples/sec   Loss 0.1512   LearningRate 0.000938   Epoch: 12   Global Step: 17720   Fp16 Grad Scale: 524288   Required: 133 hours
Training: 2025-04-09 08:02:43,291-Speed 81.22 samples/sec   Loss 0.1006   LearningRate 0.000938   Epoch: 12   Global Step: 17730   Fp16 Grad Scale: 524288   Required: 133 hours
Training: 2025-04-09 08:03:00,647-Speed 73.75 samples/sec   Loss 0.1697   LearningRate 0.000938   Epoch: 12   Global Step: 17740   Fp16 Grad Scale: 524288   Required: 133 hours
Training: 2025-04-09 08:03:16,541-Speed 80.54 samples/sec   Loss 0.0903   LearningRate 0.000938   Epoch: 12   Global Step: 17750   Fp16 Grad Scale: 524288   Required: 133 hours
Training: 2025-04-09 08:03:32,284-Speed 81.31 samples/sec   Loss 0.1366   LearningRate 0.000938   Epoch: 12   Global Step: 17760   Fp16 Grad Scale: 524288   Required: 133 hours
Training: 2025-04-09 08:03:48,005-Speed 81.42 samples/sec   Loss 0.0966   LearningRate 0.000938   Epoch: 12   Global Step: 17770   Fp16 Grad Scale: 524288   Required: 133 hours
Training: 2025-04-09 08:04:03,722-Speed 81.44 samples/sec   Loss 0.1827   LearningRate 0.000938   Epoch: 12   Global Step: 17780   Fp16 Grad Scale: 524288   Required: 133 hours
Training: 2025-04-09 08:04:19,514-Speed 81.06 samples/sec   Loss 0.1194   LearningRate 0.000938   Epoch: 12   Global Step: 17790   Fp16 Grad Scale: 524288   Required: 133 hours
Training: 2025-04-09 08:04:35,403-Speed 80.56 samples/sec   Loss 0.0783   LearningRate 0.000938   Epoch: 12   Global Step: 17800   Fp16 Grad Scale: 524288   Required: 133 hours
Training: 2025-04-09 08:04:51,488-Speed 79.58 samples/sec   Loss 0.1002   LearningRate 0.000938   Epoch: 12   Global Step: 17810   Fp16 Grad Scale: 524288   Required: 133 hours
Training: 2025-04-09 08:05:07,268-Speed 81.11 samples/sec   Loss 0.0733   LearningRate 0.000938   Epoch: 12   Global Step: 17820   Fp16 Grad Scale: 524288   Required: 133 hours
Training: 2025-04-09 08:05:23,015-Speed 81.29 samples/sec   Loss 0.1346   LearningRate 0.000937   Epoch: 12   Global Step: 17830   Fp16 Grad Scale: 524288   Required: 133 hours
Training: 2025-04-09 08:05:38,786-Speed 81.16 samples/sec   Loss 0.2451   LearningRate 0.000937   Epoch: 12   Global Step: 17840   Fp16 Grad Scale: 262144   Required: 133 hours
Training: 2025-04-09 08:05:54,526-Speed 81.32 samples/sec   Loss 0.1226   LearningRate 0.000937   Epoch: 12   Global Step: 17850   Fp16 Grad Scale: 262144   Required: 133 hours
Training: 2025-04-09 08:06:10,273-Speed 81.29 samples/sec   Loss 0.1390   LearningRate 0.000937   Epoch: 12   Global Step: 17860   Fp16 Grad Scale: 262144   Required: 133 hours
Training: 2025-04-09 08:06:26,043-Speed 81.17 samples/sec   Loss 0.1952   LearningRate 0.000937   Epoch: 12   Global Step: 17870   Fp16 Grad Scale: 262144   Required: 133 hours
Training: 2025-04-09 08:06:41,997-Speed 80.23 samples/sec   Loss 0.0972   LearningRate 0.000937   Epoch: 12   Global Step: 17880   Fp16 Grad Scale: 262144   Required: 133 hours
Training: 2025-04-09 08:06:57,840-Speed 80.80 samples/sec   Loss 0.1579   LearningRate 0.000937   Epoch: 12   Global Step: 17890   Fp16 Grad Scale: 131072   Required: 133 hours
Training: 2025-04-09 08:07:13,627-Speed 81.08 samples/sec   Loss 0.1772   LearningRate 0.000937   Epoch: 12   Global Step: 17900   Fp16 Grad Scale: 131072   Required: 133 hours
Training: 2025-04-09 08:07:29,352-Speed 81.41 samples/sec   Loss 0.1423   LearningRate 0.000937   Epoch: 12   Global Step: 17910   Fp16 Grad Scale: 131072   Required: 133 hours
Training: 2025-04-09 08:07:45,045-Speed 81.57 samples/sec   Loss 0.1105   LearningRate 0.000937   Epoch: 12   Global Step: 17920   Fp16 Grad Scale: 131072   Required: 133 hours
Training: 2025-04-09 08:08:02,659-Speed 72.67 samples/sec   Loss 0.0989   LearningRate 0.000937   Epoch: 12   Global Step: 17930   Fp16 Grad Scale: 131072   Required: 133 hours
Training: 2025-04-09 08:08:18,504-Speed 80.79 samples/sec   Loss 0.1158   LearningRate 0.000937   Epoch: 12   Global Step: 17940   Fp16 Grad Scale: 131072   Required: 133 hours
Training: 2025-04-09 08:08:34,358-Speed 80.74 samples/sec   Loss 0.1003   LearningRate 0.000937   Epoch: 12   Global Step: 17950   Fp16 Grad Scale: 131072   Required: 133 hours
Training: 2025-04-09 08:08:50,224-Speed 80.68 samples/sec   Loss 0.1295   LearningRate 0.000937   Epoch: 12   Global Step: 17960   Fp16 Grad Scale: 131072   Required: 133 hours
Training: 2025-04-09 08:09:06,246-Speed 79.89 samples/sec   Loss 0.1435   LearningRate 0.000937   Epoch: 12   Global Step: 17970   Fp16 Grad Scale: 131072   Required: 133 hours
Training: 2025-04-09 08:09:22,152-Speed 80.47 samples/sec   Loss 0.0876   LearningRate 0.000937   Epoch: 12   Global Step: 17980   Fp16 Grad Scale: 131072   Required: 133 hours
Training: 2025-04-09 08:09:37,832-Speed 81.64 samples/sec   Loss 0.0781   LearningRate 0.000937   Epoch: 12   Global Step: 17990   Fp16 Grad Scale: 262144   Required: 133 hours
Training: 2025-04-09 08:09:53,653-Speed 80.91 samples/sec   Loss 0.0937   LearningRate 0.000937   Epoch: 12   Global Step: 18000   Fp16 Grad Scale: 262144   Required: 133 hours
Batch 0: torch.Size([128, 3, 64, 512])
batch.shape: torch.Size([128, 3, 64, 512])
batch.min(): -1.0
batch.max(): 1.0
batch.device: cuda:0
net_out.shape: torch.Size([128, 512])
num_nans: 0
num_non_nans: 65536
Batch 1: torch.Size([128, 3, 64, 512])
batch.shape: torch.Size([128, 3, 64, 512])
batch.min(): -1.0
batch.max(): 1.0
batch.device: cuda:0
net_out.shape: torch.Size([128, 512])
num_nans: 0
num_non_nans: 65536
Batch 2: torch.Size([128, 3, 64, 512])
batch.shape: torch.Size([128, 3, 64, 512])
batch.min(): -1.0
batch.max(): 1.0
batch.device: cuda:0
net_out.shape: torch.Size([128, 512])
num_nans: 0
num_non_nans: 65536
Batch 3: torch.Size([128, 3, 64, 512])
batch.shape: torch.Size([128, 3, 64, 512])
batch.min(): -1.0
batch.max(): 1.0
batch.device: cuda:0
net_out.shape: torch.Size([128, 512])
num_nans: 0
num_non_nans: 65536
Batch 4: torch.Size([128, 3, 64, 512])
batch.shape: torch.Size([128, 3, 64, 512])
batch.min(): -1.0
batch.max(): 1.0
batch.device: cuda:0
net_out.shape: torch.Size([128, 512])
num_nans: 0
num_non_nans: 65536
Batch 5: torch.Size([128, 3, 64, 512])
batch.shape: torch.Size([128, 3, 64, 512])
batch.min(): -1.0
batch.max(): 1.0
batch.device: cuda:0
net_out.shape: torch.Size([128, 512])
num_nans: 0
num_non_nans: 65536
Batch 6: torch.Size([128, 3, 64, 512])
batch.shape: torch.Size([128, 3, 64, 512])
batch.min(): -1.0
batch.max(): 1.0
batch.device: cuda:0
net_out.shape: torch.Size([128, 512])
num_nans: 0
num_non_nans: 65536
Batch 7: torch.Size([128, 3, 64, 512])
batch.shape: torch.Size([128, 3, 64, 512])
batch.min(): -1.0
batch.max(): 1.0
batch.device: cuda:0
net_out.shape: torch.Size([128, 512])
num_nans: 0
num_non_nans: 65536
Batch 8: torch.Size([128, 3, 64, 512])
batch.shape: torch.Size([128, 3, 64, 512])
batch.min(): -1.0
batch.max(): 1.0
batch.device: cuda:0
net_out.shape: torch.Size([128, 512])
num_nans: 0
num_non_nans: 65536
Batch 9: torch.Size([128, 3, 64, 512])
batch.shape: torch.Size([128, 3, 64, 512])
batch.min(): -1.0
batch.max(): 1.0
batch.device: cuda:0
net_out.shape: torch.Size([128, 512])
num_nans: 0
num_non_nans: 65536
Batch 10: torch.Size([128, 3, 64, 512])
batch.shape: torch.Size([128, 3, 64, 512])
batch.min(): -1.0
batch.max(): 1.0
batch.device: cuda:0
net_out.shape: torch.Size([128, 512])
num_nans: 0
num_non_nans: 65536
Batch 11: torch.Size([128, 3, 64, 512])
batch.shape: torch.Size([128, 3, 64, 512])
batch.min(): -1.0
batch.max(): 1.0
batch.device: cuda:0
net_out.shape: torch.Size([128, 512])
num_nans: 0
num_non_nans: 65536
Batch 12: torch.Size([128, 3, 64, 512])
batch.shape: torch.Size([128, 3, 64, 512])
batch.min(): -1.0
batch.max(): 1.0
batch.device: cuda:0
net_out.shape: torch.Size([128, 512])
num_nans: 0
num_non_nans: 65536
Batch 13: torch.Size([128, 3, 64, 512])
batch.shape: torch.Size([128, 3, 64, 512])
batch.min(): -1.0
batch.max(): 1.0
batch.device: cuda:0
net_out.shape: torch.Size([128, 512])
num_nans: 0
num_non_nans: 65536
Batch 14: torch.Size([128, 3, 64, 512])
batch.shape: torch.Size([128, 3, 64, 512])
batch.min(): -1.0
batch.max(): 1.0
batch.device: cuda:0
net_out.shape: torch.Size([128, 512])
num_nans: 0
num_non_nans: 65536
Batch 15: torch.Size([128, 3, 64, 512])
batch.shape: torch.Size([128, 3, 64, 512])
batch.min(): -1.0
batch.max(): 1.0
batch.device: cuda:0
net_out.shape: torch.Size([128, 512])
num_nans: 0
num_non_nans: 65536
Batch 16: torch.Size([128, 3, 64, 512])
batch.shape: torch.Size([128, 3, 64, 512])
batch.min(): -1.0
batch.max(): 1.0
batch.device: cuda:0
net_out.shape: torch.Size([128, 512])
num_nans: 0
num_non_nans: 65536
Batch 17: torch.Size([128, 3, 64, 512])
batch.shape: torch.Size([128, 3, 64, 512])
batch.min(): -1.0
batch.max(): 1.0
batch.device: cuda:0
net_out.shape: torch.Size([128, 512])
num_nans: 0
num_non_nans: 65536
Batch 18: torch.Size([128, 3, 64, 512])
batch.shape: torch.Size([128, 3, 64, 512])
batch.min(): -1.0
batch.max(): 1.0
batch.device: cuda:0
net_out.shape: torch.Size([128, 512])
num_nans: 0
num_non_nans: 65536
Batch 19: torch.Size([128, 3, 64, 512])
batch.shape: torch.Size([128, 3, 64, 512])
batch.min(): -1.0
batch.max(): 1.0
batch.device: cuda:0
net_out.shape: torch.Size([128, 512])
num_nans: 0
num_non_nans: 65536
Batch 20: torch.Size([128, 3, 64, 512])
batch.shape: torch.Size([128, 3, 64, 512])
batch.min(): -1.0
batch.max(): 1.0
batch.device: cuda:0
net_out.shape: torch.Size([128, 512])
num_nans: 0
num_non_nans: 65536
Batch 21: torch.Size([128, 3, 64, 512])
batch.shape: torch.Size([128, 3, 64, 512])
batch.min(): -1.0
batch.max(): 1.0
batch.device: cuda:0
net_out.shape: torch.Size([128, 512])
num_nans: 0
num_non_nans: 65536
Batch 22: torch.Size([128, 3, 64, 512])
batch.shape: torch.Size([128, 3, 64, 512])
batch.min(): -1.0
batch.max(): 1.0
batch.device: cuda:0
net_out.shape: torch.Size([128, 512])
num_nans: 0
num_non_nans: 65536
Batch 23: torch.Size([128, 3, 64, 512])
batch.shape: torch.Size([128, 3, 64, 512])
batch.min(): -1.0
batch.max(): 1.0
batch.device: cuda:0
net_out.shape: torch.Size([128, 512])
num_nans: 0
num_non_nans: 65536
Batch 24: torch.Size([128, 3, 64, 512])
batch.shape: torch.Size([128, 3, 64, 512])
batch.min(): -1.0
batch.max(): 1.0
batch.device: cuda:0
net_out.shape: torch.Size([128, 512])
num_nans: 0
num_non_nans: 65536
Batch 25: torch.Size([128, 3, 64, 512])
batch.shape: torch.Size([128, 3, 64, 512])
batch.min(): -1.0
batch.max(): 1.0
batch.device: cuda:0
net_out.shape: torch.Size([128, 512])
num_nans: 0
num_non_nans: 65536
Batch 26: torch.Size([128, 3, 64, 512])
batch.shape: torch.Size([128, 3, 64, 512])
batch.min(): -1.0
batch.max(): 1.0
batch.device: cuda:0
net_out.shape: torch.Size([128, 512])
num_nans: 0
num_non_nans: 65536
Batch 27: torch.Size([128, 3, 64, 512])
batch.shape: torch.Size([128, 3, 64, 512])
batch.min(): -1.0
batch.max(): 1.0
batch.device: cuda:0
net_out.shape: torch.Size([128, 512])
num_nans: 0
num_non_nans: 65536
Batch 28: torch.Size([128, 3, 64, 512])
batch.shape: torch.Size([128, 3, 64, 512])
batch.min(): -1.0
batch.max(): 1.0
batch.device: cuda:0
net_out.shape: torch.Size([128, 512])
num_nans: 0
num_non_nans: 65536
Batch 29: torch.Size([128, 3, 64, 512])
batch.shape: torch.Size([128, 3, 64, 512])
batch.min(): -1.0
batch.max(): 1.0
batch.device: cuda:0
net_out.shape: torch.Size([128, 512])
num_nans: 0
num_non_nans: 65536
Batch 30: torch.Size([128, 3, 64, 512])
batch.shape: torch.Size([128, 3, 64, 512])
batch.min(): -1.0
batch.max(): 1.0
batch.device: cuda:0
net_out.shape: torch.Size([128, 512])
num_nans: 0
num_non_nans: 65536
Batch 31: torch.Size([128, 3, 64, 512])
batch.shape: torch.Size([128, 3, 64, 512])
batch.min(): -1.0
batch.max(): 1.0
batch.device: cuda:0
net_out.shape: torch.Size([128, 512])
num_nans: 0
num_non_nans: 65536
Batch 32: torch.Size([128, 3, 64, 512])
batch.shape: torch.Size([128, 3, 64, 512])
batch.min(): -1.0
batch.max(): 1.0
batch.device: cuda:0
net_out.shape: torch.Size([128, 512])
num_nans: 0
num_non_nans: 65536
Batch 33: torch.Size([128, 3, 64, 512])
batch.shape: torch.Size([128, 3, 64, 512])
batch.min(): -1.0
batch.max(): 1.0
batch.device: cuda:0
net_out.shape: torch.Size([128, 512])
num_nans: 0
num_non_nans: 65536
Batch 34: torch.Size([128, 3, 64, 512])
batch.shape: torch.Size([128, 3, 64, 512])
batch.min(): -1.0
batch.max(): 1.0
batch.device: cuda:0
net_out.shape: torch.Size([128, 512])
num_nans: 0
num_non_nans: 65536
Batch 35: torch.Size([128, 3, 64, 512])
batch.shape: torch.Size([128, 3, 64, 512])
batch.min(): -1.0
batch.max(): 1.0
batch.device: cuda:0
net_out.shape: torch.Size([128, 512])
num_nans: 0
num_non_nans: 65536
Batch 36: torch.Size([128, 3, 64, 512])
batch.shape: torch.Size([128, 3, 64, 512])
batch.min(): -1.0
batch.max(): 1.0
batch.device: cuda:0
net_out.shape: torch.Size([128, 512])
num_nans: 0
num_non_nans: 65536
Batch 37: torch.Size([128, 3, 64, 512])
batch.shape: torch.Size([128, 3, 64, 512])
batch.min(): -1.0
batch.max(): 1.0
batch.device: cuda:0
net_out.shape: torch.Size([128, 512])
num_nans: 0
num_non_nans: 65536
Batch 38: torch.Size([128, 3, 64, 512])
batch.shape: torch.Size([128, 3, 64, 512])
batch.min(): -1.0
batch.max(): 1.0
batch.device: cuda:0
net_out.shape: torch.Size([128, 512])
num_nans: 0
num_non_nans: 65536
Batch 39: torch.Size([128, 3, 64, 512])
batch.shape: torch.Size([128, 3, 64, 512])
batch.min(): -1.0
batch.max(): 1.0
batch.device: cuda:0
net_out.shape: torch.Size([128, 512])
num_nans: 0
num_non_nans: 65536
Batch 40: torch.Size([128, 3, 64, 512])
batch.shape: torch.Size([128, 3, 64, 512])
batch.min(): -1.0
batch.max(): 1.0
batch.device: cuda:0
net_out.shape: torch.Size([128, 512])
num_nans: 0
num_non_nans: 65536
Batch 41: torch.Size([128, 3, 64, 512])
batch.shape: torch.Size([128, 3, 64, 512])
batch.min(): -1.0
batch.max(): 1.0
batch.device: cuda:0
net_out.shape: torch.Size([128, 512])
num_nans: 0
num_non_nans: 65536
Batch 42: torch.Size([128, 3, 64, 512])
batch.shape: torch.Size([128, 3, 64, 512])
batch.min(): -1.0
batch.max(): 1.0
batch.device: cuda:0
net_out.shape: torch.Size([128, 512])
num_nans: 0
num_non_nans: 65536
Batch 43: torch.Size([128, 3, 64, 512])
batch.shape: torch.Size([128, 3, 64, 512])
batch.min(): -1.0
batch.max(): 1.0
batch.device: cuda:0
net_out.shape: torch.Size([128, 512])
num_nans: 0
num_non_nans: 65536
Batch 44: torch.Size([128, 3, 64, 512])
batch.shape: torch.Size([128, 3, 64, 512])
batch.min(): -1.0
batch.max(): 1.0
batch.device: cuda:0
net_out.shape: torch.Size([128, 512])
num_nans: 0
num_non_nans: 65536
Batch 45: torch.Size([128, 3, 64, 512])
batch.shape: torch.Size([128, 3, 64, 512])
batch.min(): -1.0
batch.max(): 1.0
batch.device: cuda:0
net_out.shape: torch.Size([128, 512])
num_nans: 0
num_non_nans: 65536
Batch 46: torch.Size([128, 3, 64, 512])
batch.shape: torch.Size([128, 3, 64, 512])
batch.min(): -1.0
batch.max(): 1.0
batch.device: cuda:0
net_out.shape: torch.Size([128, 512])
num_nans: 0
num_non_nans: 65536
Batch 47: torch.Size([128, 3, 64, 512])
batch.shape: torch.Size([128, 3, 64, 512])
batch.min(): -1.0
batch.max(): 1.0
batch.device: cuda:0
net_out.shape: torch.Size([128, 512])
num_nans: 0
num_non_nans: 65536
Batch 48: torch.Size([128, 3, 64, 512])
batch.shape: torch.Size([128, 3, 64, 512])
batch.min(): -1.0
batch.max(): 1.0
batch.device: cuda:0
net_out.shape: torch.Size([128, 512])
num_nans: 0
num_non_nans: 65536
Batch 49: torch.Size([128, 3, 64, 512])
batch.shape: torch.Size([128, 3, 64, 512])
batch.min(): -1.0
batch.max(): 1.0
batch.device: cuda:0
net_out.shape: torch.Size([128, 512])
num_nans: 0
num_non_nans: 65536
Batch 50: torch.Size([128, 3, 64, 512])
batch.shape: torch.Size([128, 3, 64, 512])
batch.min(): -1.0
batch.max(): 1.0
batch.device: cuda:0
net_out.shape: torch.Size([128, 512])
num_nans: 0
num_non_nans: 65536
Batch 51: torch.Size([128, 3, 64, 512])
batch.shape: torch.Size([128, 3, 64, 512])
batch.min(): -1.0
batch.max(): 1.0
batch.device: cuda:0
net_out.shape: torch.Size([128, 512])
num_nans: 0
num_non_nans: 65536
Batch 52: torch.Size([128, 3, 64, 512])
batch.shape: torch.Size([128, 3, 64, 512])
batch.min(): -1.0
batch.max(): 1.0
batch.device: cuda:0
net_out.shape: torch.Size([128, 512])
num_nans: 0
num_non_nans: 65536
Batch 53: torch.Size([128, 3, 64, 512])
batch.shape: torch.Size([128, 3, 64, 512])
batch.min(): -1.0
batch.max(): 1.0
batch.device: cuda:0
net_out.shape: torch.Size([128, 512])
num_nans: 0
num_non_nans: 65536
Batch 54: torch.Size([128, 3, 64, 512])
batch.shape: torch.Size([128, 3, 64, 512])
batch.min(): -1.0
batch.max(): 1.0
batch.device: cuda:0
net_out.shape: torch.Size([128, 512])
num_nans: 0
num_non_nans: 65536
Batch 55: torch.Size([128, 3, 64, 512])
batch.shape: torch.Size([128, 3, 64, 512])
batch.min(): -1.0
batch.max(): 1.0
batch.device: cuda:0
net_out.shape: torch.Size([128, 512])
num_nans: 0
num_non_nans: 65536
Batch 56: torch.Size([128, 3, 64, 512])
batch.shape: torch.Size([128, 3, 64, 512])
batch.min(): -1.0
batch.max(): 1.0
batch.device: cuda:0
net_out.shape: torch.Size([128, 512])
num_nans: 0
num_non_nans: 65536
Batch 57: torch.Size([128, 3, 64, 512])
batch.shape: torch.Size([128, 3, 64, 512])
batch.min(): -1.0
batch.max(): 1.0
batch.device: cuda:0
net_out.shape: torch.Size([128, 512])
num_nans: 0
num_non_nans: 65536
Batch 58: torch.Size([128, 3, 64, 512])
batch.shape: torch.Size([128, 3, 64, 512])
batch.min(): -1.0
batch.max(): 1.0
batch.device: cuda:0
net_out.shape: torch.Size([128, 512])
num_nans: 0
num_non_nans: 65536
Batch 59: torch.Size([128, 3, 64, 512])
batch.shape: torch.Size([128, 3, 64, 512])
batch.min(): -1.0
batch.max(): 1.0
batch.device: cuda:0
net_out.shape: torch.Size([128, 512])
num_nans: 0
num_non_nans: 65536
Batch 60: torch.Size([128, 3, 64, 512])
batch.shape: torch.Size([128, 3, 64, 512])
batch.min(): -1.0
batch.max(): 1.0
batch.device: cuda:0
net_out.shape: torch.Size([128, 512])
num_nans: 0
num_non_nans: 65536
Batch 61: torch.Size([128, 3, 64, 512])
batch.shape: torch.Size([128, 3, 64, 512])
batch.min(): -1.0
batch.max(): 1.0
batch.device: cuda:0
net_out.shape: torch.Size([128, 512])
num_nans: 0
num_non_nans: 65536
Batch 62: torch.Size([128, 3, 64, 512])
batch.shape: torch.Size([128, 3, 64, 512])
batch.min(): -1.0
batch.max(): 1.0
batch.device: cuda:0
net_out.shape: torch.Size([128, 512])
num_nans: 0
num_non_nans: 65536
Batch 63: torch.Size([128, 3, 64, 512])
batch.shape: torch.Size([128, 3, 64, 512])
batch.min(): -1.0
batch.max(): 1.0
batch.device: cuda:0
net_out.shape: torch.Size([128, 512])
num_nans: 0
num_non_nans: 65536
Training: 2025-04-09 08:11:05,299-[val][Global step: 18000] d prime: 7.722309589385986
Model saved with d prime score: 7.722309589385986
Training: 2025-04-09 08:11:22,102-Speed 14.47 samples/sec   Loss 0.1272   LearningRate 0.000937   Epoch: 12   Global Step: 18010   Fp16 Grad Scale: 262144   Required: 133 hours
Training: 2025-04-09 08:11:38,082-Speed 80.10 samples/sec   Loss 0.1259   LearningRate 0.000937   Epoch: 12   Global Step: 18020   Fp16 Grad Scale: 262144   Required: 133 hours
Training: 2025-04-09 08:11:53,763-Speed 81.63 samples/sec   Loss 0.1743   LearningRate 0.000937   Epoch: 12   Global Step: 18030   Fp16 Grad Scale: 262144   Required: 133 hours
Training: 2025-04-09 08:12:09,491-Speed 81.39 samples/sec   Loss 0.1110   LearningRate 0.000937   Epoch: 12   Global Step: 18040   Fp16 Grad Scale: 262144   Required: 133 hours
Training: 2025-04-09 08:12:25,392-Speed 80.50 samples/sec   Loss 0.1158   LearningRate 0.000937   Epoch: 12   Global Step: 18050   Fp16 Grad Scale: 262144   Required: 133 hours
Training: 2025-04-09 08:12:41,195-Speed 81.00 samples/sec   Loss 0.1146   LearningRate 0.000937   Epoch: 12   Global Step: 18060   Fp16 Grad Scale: 262144   Required: 133 hours
Training: 2025-04-09 08:12:57,092-Speed 80.52 samples/sec   Loss 0.1139   LearningRate 0.000937   Epoch: 12   Global Step: 18070   Fp16 Grad Scale: 262144   Required: 133 hours
Training: 2025-04-09 08:13:14,971-Speed 71.60 samples/sec   Loss 0.1130   LearningRate 0.000937   Epoch: 12   Global Step: 18080   Fp16 Grad Scale: 262144   Required: 133 hours
Training: 2025-04-09 08:13:30,964-Speed 80.04 samples/sec   Loss 0.0680   LearningRate 0.000937   Epoch: 12   Global Step: 18090   Fp16 Grad Scale: 524288   Required: 133 hours
Training: 2025-04-09 08:13:47,008-Speed 79.78 samples/sec   Loss 0.1654   LearningRate 0.000937   Epoch: 12   Global Step: 18100   Fp16 Grad Scale: 262144   Required: 133 hours
Training: 2025-04-09 08:14:02,891-Speed 80.59 samples/sec   Loss 0.1122   LearningRate 0.000937   Epoch: 12   Global Step: 18110   Fp16 Grad Scale: 262144   Required: 133 hours
Training: 2025-04-09 08:14:18,553-Speed 81.73 samples/sec   Loss 0.1784   LearningRate 0.000936   Epoch: 12   Global Step: 18120   Fp16 Grad Scale: 262144   Required: 133 hours
Training: 2025-04-09 08:14:34,381-Speed 80.87 samples/sec   Loss 0.1535   LearningRate 0.000936   Epoch: 12   Global Step: 18130   Fp16 Grad Scale: 262144   Required: 133 hours
Training: 2025-04-09 08:14:50,233-Speed 80.75 samples/sec   Loss 0.1774   LearningRate 0.000936   Epoch: 12   Global Step: 18140   Fp16 Grad Scale: 262144   Required: 133 hours
Training: 2025-04-09 08:15:06,102-Speed 80.66 samples/sec   Loss 0.1171   LearningRate 0.000936   Epoch: 12   Global Step: 18150   Fp16 Grad Scale: 262144   Required: 133 hours
Training: 2025-04-09 08:15:21,983-Speed 80.60 samples/sec   Loss 0.0587   LearningRate 0.000936   Epoch: 12   Global Step: 18160   Fp16 Grad Scale: 262144   Required: 133 hours
Training: 2025-04-09 08:15:37,936-Speed 80.24 samples/sec   Loss 0.1643   LearningRate 0.000936   Epoch: 12   Global Step: 18170   Fp16 Grad Scale: 262144   Required: 133 hours
Training: 2025-04-09 08:15:53,766-Speed 80.86 samples/sec   Loss 0.1171   LearningRate 0.000936   Epoch: 12   Global Step: 18180   Fp16 Grad Scale: 262144   Required: 133 hours
Training: 2025-04-09 08:16:09,680-Speed 80.43 samples/sec   Loss 0.1350   LearningRate 0.000936   Epoch: 12   Global Step: 18190   Fp16 Grad Scale: 262144   Required: 133 hours
Training: 2025-04-09 08:16:25,443-Speed 81.21 samples/sec   Loss 0.0717   LearningRate 0.000936   Epoch: 12   Global Step: 18200   Fp16 Grad Scale: 524288   Required: 133 hours
Training: 2025-04-09 08:16:41,302-Speed 80.71 samples/sec   Loss 0.0732   LearningRate 0.000936   Epoch: 12   Global Step: 18210   Fp16 Grad Scale: 524288   Required: 133 hours
Training: 2025-04-09 08:16:57,065-Speed 81.21 samples/sec   Loss 0.1138   LearningRate 0.000936   Epoch: 12   Global Step: 18220   Fp16 Grad Scale: 524288   Required: 133 hours
Training: 2025-04-09 08:17:12,917-Speed 80.75 samples/sec   Loss 0.1776   LearningRate 0.000936   Epoch: 12   Global Step: 18230   Fp16 Grad Scale: 524288   Required: 133 hours
Training: 2025-04-09 08:17:28,948-Speed 79.85 samples/sec   Loss 0.0948   LearningRate 0.000936   Epoch: 12   Global Step: 18240   Fp16 Grad Scale: 524288   Required: 133 hours
Training: 2025-04-09 08:17:44,934-Speed 80.07 samples/sec   Loss 0.0893   LearningRate 0.000936   Epoch: 12   Global Step: 18250   Fp16 Grad Scale: 524288   Required: 133 hours
Training: 2025-04-09 08:18:00,976-Speed 79.79 samples/sec   Loss 0.0979   LearningRate 0.000936   Epoch: 12   Global Step: 18260   Fp16 Grad Scale: 524288   Required: 133 hours
Training: 2025-04-09 08:18:18,728-Speed 72.11 samples/sec   Loss 0.0953   LearningRate 0.000936   Epoch: 12   Global Step: 18270   Fp16 Grad Scale: 524288   Required: 133 hours
Training: 2025-04-09 08:18:34,723-Speed 80.03 samples/sec   Loss 0.1034   LearningRate 0.000936   Epoch: 12   Global Step: 18280   Fp16 Grad Scale: 524288   Required: 133 hours
Training: 2025-04-09 08:18:50,511-Speed 81.08 samples/sec   Loss 0.0784   LearningRate 0.000936   Epoch: 12   Global Step: 18290   Fp16 Grad Scale: 524288   Required: 133 hours
Training: 2025-04-09 08:19:06,358-Speed 80.77 samples/sec   Loss 0.0737   LearningRate 0.000936   Epoch: 12   Global Step: 18300   Fp16 Grad Scale: 524288   Required: 133 hours
Training: 2025-04-09 08:19:22,146-Speed 81.08 samples/sec   Loss 0.0970   LearningRate 0.000936   Epoch: 12   Global Step: 18310   Fp16 Grad Scale: 524288   Required: 133 hours
Training: 2025-04-09 08:19:37,956-Speed 80.96 samples/sec   Loss 0.1179   LearningRate 0.000936   Epoch: 12   Global Step: 18320   Fp16 Grad Scale: 524288   Required: 133 hours
Training: 2025-04-09 08:19:54,150-Speed 79.04 samples/sec   Loss 0.1732   LearningRate 0.000936   Epoch: 12   Global Step: 18330   Fp16 Grad Scale: 524288   Required: 133 hours
Training: 2025-04-09 08:20:09,978-Speed 80.87 samples/sec   Loss 0.1168   LearningRate 0.000936   Epoch: 12   Global Step: 18340   Fp16 Grad Scale: 524288   Required: 133 hours
Training: 2025-04-09 08:20:25,877-Speed 80.51 samples/sec   Loss 0.0798   LearningRate 0.000936   Epoch: 12   Global Step: 18350   Fp16 Grad Scale: 524288   Required: 133 hours
Training: 2025-04-09 08:20:41,766-Speed 80.56 samples/sec   Loss 0.1432   LearningRate 0.000936   Epoch: 12   Global Step: 18360   Fp16 Grad Scale: 524288   Required: 133 hours
Training: 2025-04-09 08:20:57,828-Speed 79.69 samples/sec   Loss 0.1049   LearningRate 0.000936   Epoch: 12   Global Step: 18370   Fp16 Grad Scale: 262144   Required: 133 hours
Training: 2025-04-09 08:21:13,652-Speed 80.89 samples/sec   Loss 0.0756   LearningRate 0.000936   Epoch: 12   Global Step: 18380   Fp16 Grad Scale: 262144   Required: 133 hours
Training: 2025-04-09 08:21:29,548-Speed 80.53 samples/sec   Loss 0.1615   LearningRate 0.000936   Epoch: 12   Global Step: 18390   Fp16 Grad Scale: 262144   Required: 133 hours
Training: 2025-04-09 08:21:45,366-Speed 80.92 samples/sec   Loss 0.1039   LearningRate 0.000935   Epoch: 12   Global Step: 18400   Fp16 Grad Scale: 262144   Required: 133 hours
Training: 2025-04-09 08:22:01,291-Speed 80.38 samples/sec   Loss 0.1268   LearningRate 0.000935   Epoch: 12   Global Step: 18410   Fp16 Grad Scale: 262144   Required: 133 hours
Training: 2025-04-09 08:22:17,174-Speed 80.59 samples/sec   Loss 0.1256   LearningRate 0.000935   Epoch: 12   Global Step: 18420   Fp16 Grad Scale: 262144   Required: 133 hours
Training: 2025-04-09 08:22:33,227-Speed 79.74 samples/sec   Loss 0.1116   LearningRate 0.000935   Epoch: 12   Global Step: 18430   Fp16 Grad Scale: 262144   Required: 133 hours
Training: 2025-04-09 08:22:48,974-Speed 81.29 samples/sec   Loss 0.0757   LearningRate 0.000935   Epoch: 12   Global Step: 18440   Fp16 Grad Scale: 262144   Required: 133 hours
Training: 2025-04-09 08:23:04,830-Speed 80.73 samples/sec   Loss 0.1407   LearningRate 0.000935   Epoch: 12   Global Step: 18450   Fp16 Grad Scale: 262144   Required: 133 hours
Training: 2025-04-09 08:23:22,498-Speed 72.45 samples/sec   Loss 0.1191   LearningRate 0.000935   Epoch: 12   Global Step: 18460   Fp16 Grad Scale: 262144   Required: 133 hours
Training: 2025-04-09 08:23:38,480-Speed 80.09 samples/sec   Loss 0.1400   LearningRate 0.000935   Epoch: 12   Global Step: 18470   Fp16 Grad Scale: 524288   Required: 133 hours
Training: 2025-04-09 08:23:54,357-Speed 80.62 samples/sec   Loss 0.1500   LearningRate 0.000935   Epoch: 12   Global Step: 18480   Fp16 Grad Scale: 524288   Required: 133 hours
Training: 2025-04-09 08:24:10,356-Speed 80.01 samples/sec   Loss 0.1572   LearningRate 0.000935   Epoch: 12   Global Step: 18490   Fp16 Grad Scale: 262144   Required: 133 hours
Training: 2025-04-09 08:24:26,225-Speed 80.67 samples/sec   Loss 0.1074   LearningRate 0.000935   Epoch: 12   Global Step: 18500   Fp16 Grad Scale: 262144   Required: 133 hours
Training: 2025-04-09 08:24:42,148-Speed 80.39 samples/sec   Loss 0.1332   LearningRate 0.000935   Epoch: 12   Global Step: 18510   Fp16 Grad Scale: 262144   Required: 133 hours
Training: 2025-04-09 08:24:58,055-Speed 80.47 samples/sec   Loss 0.1651   LearningRate 0.000935   Epoch: 12   Global Step: 18520   Fp16 Grad Scale: 262144   Required: 133 hours
Training: 2025-04-09 08:25:14,061-Speed 79.98 samples/sec   Loss 0.1755   LearningRate 0.000935   Epoch: 12   Global Step: 18530   Fp16 Grad Scale: 262144   Required: 133 hours
Training: 2025-04-09 08:25:29,903-Speed 80.80 samples/sec   Loss 0.1600   LearningRate 0.000935   Epoch: 12   Global Step: 18540   Fp16 Grad Scale: 262144   Required: 133 hours
Training: 2025-04-09 08:25:45,757-Speed 80.74 samples/sec   Loss 0.1093   LearningRate 0.000935   Epoch: 12   Global Step: 18550   Fp16 Grad Scale: 262144   Required: 133 hours
Training: 2025-04-09 08:26:04,517-Speed 68.23 samples/sec   Loss 0.1166   LearningRate 0.000935   Epoch: 13   Global Step: 18560   Fp16 Grad Scale: 262144   Required: 133 hours
Training: 2025-04-09 08:26:20,946-Speed 77.91 samples/sec   Loss 0.1255   LearningRate 0.000935   Epoch: 13   Global Step: 18570   Fp16 Grad Scale: 262144   Required: 133 hours
Training: 2025-04-09 08:26:38,067-Speed 74.77 samples/sec   Loss 0.1061   LearningRate 0.000935   Epoch: 13   Global Step: 18580   Fp16 Grad Scale: 262144   Required: 133 hours
Training: 2025-04-09 08:26:55,716-Speed 72.53 samples/sec   Loss 0.0956   LearningRate 0.000935   Epoch: 13   Global Step: 18590   Fp16 Grad Scale: 524288   Required: 133 hours
Training: 2025-04-09 08:27:12,138-Speed 77.94 samples/sec   Loss 0.1284   LearningRate 0.000935   Epoch: 13   Global Step: 18600   Fp16 Grad Scale: 262144   Required: 132 hours
Training: 2025-04-09 08:27:27,736-Speed 82.06 samples/sec   Loss 0.0545   LearningRate 0.000935   Epoch: 13   Global Step: 18610   Fp16 Grad Scale: 262144   Required: 132 hours
Training: 2025-04-09 08:27:43,354-Speed 81.96 samples/sec   Loss 0.1499   LearningRate 0.000935   Epoch: 13   Global Step: 18620   Fp16 Grad Scale: 262144   Required: 132 hours
Training: 2025-04-09 08:27:58,605-Speed 83.93 samples/sec   Loss 0.0494   LearningRate 0.000935   Epoch: 13   Global Step: 18630   Fp16 Grad Scale: 262144   Required: 132 hours
Training: 2025-04-09 08:28:15,882-Speed 74.09 samples/sec   Loss 0.1261   LearningRate 0.000935   Epoch: 13   Global Step: 18640   Fp16 Grad Scale: 262144   Required: 132 hours
Training: 2025-04-09 08:28:31,243-Speed 83.33 samples/sec   Loss 0.1248   LearningRate 0.000935   Epoch: 13   Global Step: 18650   Fp16 Grad Scale: 262144   Required: 132 hours
Training: 2025-04-09 08:28:46,682-Speed 82.91 samples/sec   Loss 0.1164   LearningRate 0.000935   Epoch: 13   Global Step: 18660   Fp16 Grad Scale: 262144   Required: 132 hours
Training: 2025-04-09 08:29:02,184-Speed 82.57 samples/sec   Loss 0.0716   LearningRate 0.000935   Epoch: 13   Global Step: 18670   Fp16 Grad Scale: 262144   Required: 132 hours
Training: 2025-04-09 08:29:17,774-Speed 82.11 samples/sec   Loss 0.1107   LearningRate 0.000935   Epoch: 13   Global Step: 18680   Fp16 Grad Scale: 262144   Required: 132 hours
Training: 2025-04-09 08:29:33,201-Speed 82.97 samples/sec   Loss 0.0580   LearningRate 0.000934   Epoch: 13   Global Step: 18690   Fp16 Grad Scale: 262144   Required: 132 hours
Training: 2025-04-09 08:29:48,653-Speed 82.84 samples/sec   Loss 0.1037   LearningRate 0.000934   Epoch: 13   Global Step: 18700   Fp16 Grad Scale: 524288   Required: 132 hours
Training: 2025-04-09 08:30:03,986-Speed 83.48 samples/sec   Loss 0.0747   LearningRate 0.000934   Epoch: 13   Global Step: 18710   Fp16 Grad Scale: 262144   Required: 132 hours
Training: 2025-04-09 08:30:19,322-Speed 83.47 samples/sec   Loss 0.0835   LearningRate 0.000934   Epoch: 13   Global Step: 18720   Fp16 Grad Scale: 262144   Required: 132 hours
Training: 2025-04-09 08:30:34,724-Speed 83.11 samples/sec   Loss 0.0983   LearningRate 0.000934   Epoch: 13   Global Step: 18730   Fp16 Grad Scale: 262144   Required: 132 hours
Training: 2025-04-09 08:30:50,107-Speed 83.21 samples/sec   Loss 0.0738   LearningRate 0.000934   Epoch: 13   Global Step: 18740   Fp16 Grad Scale: 262144   Required: 132 hours
Training: 2025-04-09 08:31:05,686-Speed 82.17 samples/sec   Loss 0.1177   LearningRate 0.000934   Epoch: 13   Global Step: 18750   Fp16 Grad Scale: 262144   Required: 132 hours
Training: 2025-04-09 08:31:21,221-Speed 82.40 samples/sec   Loss 0.1551   LearningRate 0.000934   Epoch: 13   Global Step: 18760   Fp16 Grad Scale: 262144   Required: 132 hours
Training: 2025-04-09 08:31:36,777-Speed 82.29 samples/sec   Loss 0.0570   LearningRate 0.000934   Epoch: 13   Global Step: 18770   Fp16 Grad Scale: 262144   Required: 132 hours
Training: 2025-04-09 08:31:52,268-Speed 82.63 samples/sec   Loss 0.1142   LearningRate 0.000934   Epoch: 13   Global Step: 18780   Fp16 Grad Scale: 262144   Required: 132 hours
Training: 2025-04-09 08:32:07,744-Speed 82.71 samples/sec   Loss 0.0907   LearningRate 0.000934   Epoch: 13   Global Step: 18790   Fp16 Grad Scale: 262144   Required: 132 hours
Training: 2025-04-09 08:32:23,278-Speed 82.41 samples/sec   Loss 0.1007   LearningRate 0.000934   Epoch: 13   Global Step: 18800   Fp16 Grad Scale: 262144   Required: 132 hours
Training: 2025-04-09 08:32:38,639-Speed 83.33 samples/sec   Loss 0.1350   LearningRate 0.000934   Epoch: 13   Global Step: 18810   Fp16 Grad Scale: 524288   Required: 132 hours
Training: 2025-04-09 08:32:54,275-Speed 81.87 samples/sec   Loss 0.1082   LearningRate 0.000934   Epoch: 13   Global Step: 18820   Fp16 Grad Scale: 524288   Required: 132 hours
Training: 2025-04-09 08:33:09,675-Speed 83.12 samples/sec   Loss 0.0715   LearningRate 0.000934   Epoch: 13   Global Step: 18830   Fp16 Grad Scale: 524288   Required: 132 hours
Training: 2025-04-09 08:33:27,121-Speed 73.37 samples/sec   Loss 0.1178   LearningRate 0.000934   Epoch: 13   Global Step: 18840   Fp16 Grad Scale: 524288   Required: 132 hours
Training: 2025-04-09 08:33:42,531-Speed 83.07 samples/sec   Loss 0.0858   LearningRate 0.000934   Epoch: 13   Global Step: 18850   Fp16 Grad Scale: 524288   Required: 132 hours
Training: 2025-04-09 08:33:58,177-Speed 81.81 samples/sec   Loss 0.1258   LearningRate 0.000934   Epoch: 13   Global Step: 18860   Fp16 Grad Scale: 262144   Required: 132 hours
Training: 2025-04-09 08:34:13,603-Speed 82.98 samples/sec   Loss 0.0600   LearningRate 0.000934   Epoch: 13   Global Step: 18870   Fp16 Grad Scale: 262144   Required: 132 hours
Training: 2025-04-09 08:34:29,066-Speed 82.78 samples/sec   Loss 0.0804   LearningRate 0.000934   Epoch: 13   Global Step: 18880   Fp16 Grad Scale: 262144   Required: 132 hours
Training: 2025-04-09 08:34:44,615-Speed 82.33 samples/sec   Loss 0.0729   LearningRate 0.000934   Epoch: 13   Global Step: 18890   Fp16 Grad Scale: 262144   Required: 132 hours
Training: 2025-04-09 08:35:00,060-Speed 82.88 samples/sec   Loss 0.1501   LearningRate 0.000934   Epoch: 13   Global Step: 18900   Fp16 Grad Scale: 262144   Required: 132 hours
Training: 2025-04-09 08:35:15,408-Speed 83.40 samples/sec   Loss 0.0813   LearningRate 0.000934   Epoch: 13   Global Step: 18910   Fp16 Grad Scale: 262144   Required: 132 hours
Training: 2025-04-09 08:35:30,950-Speed 82.36 samples/sec   Loss 0.0723   LearningRate 0.000934   Epoch: 13   Global Step: 18920   Fp16 Grad Scale: 262144   Required: 132 hours
Training: 2025-04-09 08:35:46,429-Speed 82.70 samples/sec   Loss 0.1183   LearningRate 0.000934   Epoch: 13   Global Step: 18930   Fp16 Grad Scale: 262144   Required: 132 hours
Training: 2025-04-09 08:36:01,953-Speed 82.45 samples/sec   Loss 0.0760   LearningRate 0.000934   Epoch: 13   Global Step: 18940   Fp16 Grad Scale: 262144   Required: 132 hours
Training: 2025-04-09 08:36:17,544-Speed 82.10 samples/sec   Loss 0.1038   LearningRate 0.000934   Epoch: 13   Global Step: 18950   Fp16 Grad Scale: 262144   Required: 132 hours
Training: 2025-04-09 08:36:32,972-Speed 82.97 samples/sec   Loss 0.0887   LearningRate 0.000934   Epoch: 13   Global Step: 18960   Fp16 Grad Scale: 524288   Required: 132 hours
Training: 2025-04-09 08:36:48,582-Speed 82.00 samples/sec   Loss 0.0697   LearningRate 0.000933   Epoch: 13   Global Step: 18970   Fp16 Grad Scale: 524288   Required: 132 hours
Training: 2025-04-09 08:37:04,247-Speed 81.72 samples/sec   Loss 0.1252   LearningRate 0.000933   Epoch: 13   Global Step: 18980   Fp16 Grad Scale: 524288   Required: 132 hours
Training: 2025-04-09 08:37:19,610-Speed 83.32 samples/sec   Loss 0.1105   LearningRate 0.000933   Epoch: 13   Global Step: 18990   Fp16 Grad Scale: 262144   Required: 132 hours
Training: 2025-04-09 08:37:35,033-Speed 83.00 samples/sec   Loss 0.0742   LearningRate 0.000933   Epoch: 13   Global Step: 19000   Fp16 Grad Scale: 262144   Required: 132 hours
Training: 2025-04-09 08:37:50,468-Speed 82.93 samples/sec   Loss 0.1158   LearningRate 0.000933   Epoch: 13   Global Step: 19010   Fp16 Grad Scale: 262144   Required: 132 hours
Training: 2025-04-09 08:38:05,950-Speed 82.68 samples/sec   Loss 0.0667   LearningRate 0.000933   Epoch: 13   Global Step: 19020   Fp16 Grad Scale: 262144   Required: 132 hours
Training: 2025-04-09 08:38:22,500-Speed 77.34 samples/sec   Loss 0.0483   LearningRate 0.000933   Epoch: 13   Global Step: 19030   Fp16 Grad Scale: 262144   Required: 132 hours
Training: 2025-04-09 08:38:38,820-Speed 78.44 samples/sec   Loss 0.1104   LearningRate 0.000933   Epoch: 13   Global Step: 19040   Fp16 Grad Scale: 262144   Required: 132 hours
Training: 2025-04-09 08:38:54,311-Speed 82.63 samples/sec   Loss 0.0813   LearningRate 0.000933   Epoch: 13   Global Step: 19050   Fp16 Grad Scale: 262144   Required: 132 hours
Training: 2025-04-09 08:39:09,751-Speed 82.90 samples/sec   Loss 0.1398   LearningRate 0.000933   Epoch: 13   Global Step: 19060   Fp16 Grad Scale: 262144   Required: 132 hours
Training: 2025-04-09 08:39:25,399-Speed 81.80 samples/sec   Loss 0.0811   LearningRate 0.000933   Epoch: 13   Global Step: 19070   Fp16 Grad Scale: 262144   Required: 132 hours
Training: 2025-04-09 08:39:40,930-Speed 82.42 samples/sec   Loss 0.1611   LearningRate 0.000933   Epoch: 13   Global Step: 19080   Fp16 Grad Scale: 262144   Required: 132 hours
Training: 2025-04-09 08:39:56,492-Speed 82.26 samples/sec   Loss 0.1371   LearningRate 0.000933   Epoch: 13   Global Step: 19090   Fp16 Grad Scale: 524288   Required: 132 hours
Training: 2025-04-09 08:40:12,012-Speed 82.48 samples/sec   Loss 0.1007   LearningRate 0.000933   Epoch: 13   Global Step: 19100   Fp16 Grad Scale: 524288   Required: 132 hours
Training: 2025-04-09 08:40:27,601-Speed 82.11 samples/sec   Loss 0.1191   LearningRate 0.000933   Epoch: 13   Global Step: 19110   Fp16 Grad Scale: 524288   Required: 132 hours
Training: 2025-04-09 08:40:43,190-Speed 82.11 samples/sec   Loss 0.1250   LearningRate 0.000933   Epoch: 13   Global Step: 19120   Fp16 Grad Scale: 524288   Required: 132 hours
Training: 2025-04-09 08:40:58,841-Speed 81.79 samples/sec   Loss 0.0695   LearningRate 0.000933   Epoch: 13   Global Step: 19130   Fp16 Grad Scale: 524288   Required: 132 hours
Training: 2025-04-09 08:41:14,236-Speed 83.15 samples/sec   Loss 0.0690   LearningRate 0.000933   Epoch: 13   Global Step: 19140   Fp16 Grad Scale: 262144   Required: 132 hours
Training: 2025-04-09 08:41:29,715-Speed 82.70 samples/sec   Loss 0.1225   LearningRate 0.000933   Epoch: 13   Global Step: 19150   Fp16 Grad Scale: 262144   Required: 132 hours
Training: 2025-04-09 08:41:45,292-Speed 82.17 samples/sec   Loss 0.0898   LearningRate 0.000933   Epoch: 13   Global Step: 19160   Fp16 Grad Scale: 262144   Required: 132 hours
Training: 2025-04-09 08:42:00,703-Speed 83.06 samples/sec   Loss 0.1077   LearningRate 0.000933   Epoch: 13   Global Step: 19170   Fp16 Grad Scale: 262144   Required: 132 hours
Training: 2025-04-09 08:42:16,142-Speed 82.91 samples/sec   Loss 0.0587   LearningRate 0.000933   Epoch: 13   Global Step: 19180   Fp16 Grad Scale: 262144   Required: 132 hours
Training: 2025-04-09 08:42:31,615-Speed 82.73 samples/sec   Loss 0.0949   LearningRate 0.000933   Epoch: 13   Global Step: 19190   Fp16 Grad Scale: 262144   Required: 132 hours
Training: 2025-04-09 08:42:47,297-Speed 81.62 samples/sec   Loss 0.0974   LearningRate 0.000933   Epoch: 13   Global Step: 19200   Fp16 Grad Scale: 262144   Required: 132 hours
Training: 2025-04-09 08:43:02,922-Speed 81.92 samples/sec   Loss 0.1425   LearningRate 0.000933   Epoch: 13   Global Step: 19210   Fp16 Grad Scale: 262144   Required: 132 hours
Training: 2025-04-09 08:43:18,365-Speed 82.89 samples/sec   Loss 0.1010   LearningRate 0.000933   Epoch: 13   Global Step: 19220   Fp16 Grad Scale: 262144   Required: 132 hours
Training: 2025-04-09 08:43:35,750-Speed 73.63 samples/sec   Loss 0.0893   LearningRate 0.000933   Epoch: 13   Global Step: 19230   Fp16 Grad Scale: 262144   Required: 132 hours
Training: 2025-04-09 08:43:51,409-Speed 81.74 samples/sec   Loss 0.0818   LearningRate 0.000933   Epoch: 13   Global Step: 19240   Fp16 Grad Scale: 524288   Required: 132 hours
Training: 2025-04-09 08:44:07,030-Speed 81.95 samples/sec   Loss 0.0978   LearningRate 0.000933   Epoch: 13   Global Step: 19250   Fp16 Grad Scale: 524288   Required: 132 hours
Training: 2025-04-09 08:44:22,522-Speed 82.62 samples/sec   Loss 0.1462   LearningRate 0.000932   Epoch: 13   Global Step: 19260   Fp16 Grad Scale: 524288   Required: 132 hours
Training: 2025-04-09 08:44:38,063-Speed 82.37 samples/sec   Loss 0.1008   LearningRate 0.000932   Epoch: 13   Global Step: 19270   Fp16 Grad Scale: 524288   Required: 132 hours
Training: 2025-04-09 08:44:53,495-Speed 82.95 samples/sec   Loss 0.1131   LearningRate 0.000932   Epoch: 13   Global Step: 19280   Fp16 Grad Scale: 524288   Required: 132 hours
Training: 2025-04-09 08:45:09,020-Speed 82.45 samples/sec   Loss 0.1438   LearningRate 0.000932   Epoch: 13   Global Step: 19290   Fp16 Grad Scale: 524288   Required: 132 hours
Training: 2025-04-09 08:45:24,494-Speed 82.72 samples/sec   Loss 0.1598   LearningRate 0.000932   Epoch: 13   Global Step: 19300   Fp16 Grad Scale: 262144   Required: 132 hours
Training: 2025-04-09 08:45:39,989-Speed 82.61 samples/sec   Loss 0.1352   LearningRate 0.000932   Epoch: 13   Global Step: 19310   Fp16 Grad Scale: 262144   Required: 132 hours
Training: 2025-04-09 08:45:55,350-Speed 83.33 samples/sec   Loss 0.1289   LearningRate 0.000932   Epoch: 13   Global Step: 19320   Fp16 Grad Scale: 262144   Required: 132 hours
Training: 2025-04-09 08:46:10,948-Speed 82.06 samples/sec   Loss 0.1953   LearningRate 0.000932   Epoch: 13   Global Step: 19330   Fp16 Grad Scale: 262144   Required: 131 hours
Training: 2025-04-09 08:46:26,643-Speed 81.56 samples/sec   Loss 0.1100   LearningRate 0.000932   Epoch: 13   Global Step: 19340   Fp16 Grad Scale: 262144   Required: 131 hours
Training: 2025-04-09 08:46:42,259-Speed 81.97 samples/sec   Loss 0.1158   LearningRate 0.000932   Epoch: 13   Global Step: 19350   Fp16 Grad Scale: 262144   Required: 131 hours
Training: 2025-04-09 08:46:57,771-Speed 82.52 samples/sec   Loss 0.1421   LearningRate 0.000932   Epoch: 13   Global Step: 19360   Fp16 Grad Scale: 262144   Required: 131 hours
Training: 2025-04-09 08:47:13,450-Speed 81.64 samples/sec   Loss 0.1101   LearningRate 0.000932   Epoch: 13   Global Step: 19370   Fp16 Grad Scale: 262144   Required: 131 hours
Training: 2025-04-09 08:47:29,131-Speed 81.63 samples/sec   Loss 0.1354   LearningRate 0.000932   Epoch: 13   Global Step: 19380   Fp16 Grad Scale: 262144   Required: 131 hours
Training: 2025-04-09 08:47:44,692-Speed 82.26 samples/sec   Loss 0.1439   LearningRate 0.000932   Epoch: 13   Global Step: 19390   Fp16 Grad Scale: 262144   Required: 131 hours
Training: 2025-04-09 08:48:00,164-Speed 82.73 samples/sec   Loss 0.1798   LearningRate 0.000932   Epoch: 13   Global Step: 19400   Fp16 Grad Scale: 524288   Required: 131 hours
Training: 2025-04-09 08:48:15,629-Speed 82.77 samples/sec   Loss 0.1752   LearningRate 0.000932   Epoch: 13   Global Step: 19410   Fp16 Grad Scale: 524288   Required: 131 hours
Training: 2025-04-09 08:48:32,766-Speed 74.70 samples/sec   Loss 0.1360   LearningRate 0.000932   Epoch: 13   Global Step: 19420   Fp16 Grad Scale: 524288   Required: 131 hours
Training: 2025-04-09 08:48:48,480-Speed 81.46 samples/sec   Loss 0.0940   LearningRate 0.000932   Epoch: 13   Global Step: 19430   Fp16 Grad Scale: 524288   Required: 131 hours
Training: 2025-04-09 08:49:04,151-Speed 81.68 samples/sec   Loss 0.1452   LearningRate 0.000932   Epoch: 13   Global Step: 19440   Fp16 Grad Scale: 524288   Required: 131 hours
Training: 2025-04-09 08:49:19,681-Speed 82.42 samples/sec   Loss 0.0445   LearningRate 0.000932   Epoch: 13   Global Step: 19450   Fp16 Grad Scale: 524288   Required: 131 hours
Training: 2025-04-09 08:49:35,214-Speed 82.41 samples/sec   Loss 0.1492   LearningRate 0.000932   Epoch: 13   Global Step: 19460   Fp16 Grad Scale: 524288   Required: 131 hours
Training: 2025-04-09 08:49:50,777-Speed 82.25 samples/sec   Loss 0.1263   LearningRate 0.000932   Epoch: 13   Global Step: 19470   Fp16 Grad Scale: 524288   Required: 131 hours
Training: 2025-04-09 08:50:06,425-Speed 81.80 samples/sec   Loss 0.1239   LearningRate 0.000932   Epoch: 13   Global Step: 19480   Fp16 Grad Scale: 524288   Required: 131 hours
Training: 2025-04-09 08:50:21,960-Speed 82.40 samples/sec   Loss 0.1305   LearningRate 0.000932   Epoch: 13   Global Step: 19490   Fp16 Grad Scale: 524288   Required: 131 hours
Training: 2025-04-09 08:50:37,473-Speed 82.52 samples/sec   Loss 0.0877   LearningRate 0.000932   Epoch: 13   Global Step: 19500   Fp16 Grad Scale: 524288   Required: 131 hours
Training: 2025-04-09 08:50:53,318-Speed 80.78 samples/sec   Loss 0.1254   LearningRate 0.000932   Epoch: 13   Global Step: 19510   Fp16 Grad Scale: 524288   Required: 131 hours
Training: 2025-04-09 08:51:09,036-Speed 81.44 samples/sec   Loss 0.1080   LearningRate 0.000932   Epoch: 13   Global Step: 19520   Fp16 Grad Scale: 524288   Required: 131 hours
Training: 2025-04-09 08:51:24,520-Speed 82.67 samples/sec   Loss 0.1370   LearningRate 0.000932   Epoch: 13   Global Step: 19530   Fp16 Grad Scale: 524288   Required: 131 hours
Training: 2025-04-09 08:51:40,169-Speed 81.80 samples/sec   Loss 0.2004   LearningRate 0.000931   Epoch: 13   Global Step: 19540   Fp16 Grad Scale: 524288   Required: 131 hours
Training: 2025-04-09 08:51:55,623-Speed 82.83 samples/sec   Loss 0.0989   LearningRate 0.000931   Epoch: 13   Global Step: 19550   Fp16 Grad Scale: 524288   Required: 131 hours
Training: 2025-04-09 08:52:11,254-Speed 81.89 samples/sec   Loss 0.1078   LearningRate 0.000931   Epoch: 13   Global Step: 19560   Fp16 Grad Scale: 524288   Required: 131 hours
Training: 2025-04-09 08:52:26,730-Speed 82.71 samples/sec   Loss 0.1398   LearningRate 0.000931   Epoch: 13   Global Step: 19570   Fp16 Grad Scale: 524288   Required: 131 hours
Training: 2025-04-09 08:52:42,287-Speed 82.28 samples/sec   Loss 0.1165   LearningRate 0.000931   Epoch: 13   Global Step: 19580   Fp16 Grad Scale: 524288   Required: 131 hours
Training: 2025-04-09 08:52:57,850-Speed 82.25 samples/sec   Loss 0.1595   LearningRate 0.000931   Epoch: 13   Global Step: 19590   Fp16 Grad Scale: 524288   Required: 131 hours
Training: 2025-04-09 08:53:13,504-Speed 81.77 samples/sec   Loss 0.1470   LearningRate 0.000931   Epoch: 13   Global Step: 19600   Fp16 Grad Scale: 1048576   Required: 131 hours
Training: 2025-04-09 08:53:29,128-Speed 81.93 samples/sec   Loss 0.0922   LearningRate 0.000931   Epoch: 13   Global Step: 19610   Fp16 Grad Scale: 1048576   Required: 131 hours
Training: 2025-04-09 08:53:46,709-Speed 72.81 samples/sec   Loss 0.1325   LearningRate 0.000931   Epoch: 13   Global Step: 19620   Fp16 Grad Scale: 262144   Required: 131 hours
Training: 2025-04-09 08:54:02,349-Speed 81.84 samples/sec   Loss 0.1150   LearningRate 0.000931   Epoch: 13   Global Step: 19630   Fp16 Grad Scale: 262144   Required: 131 hours
Training: 2025-04-09 08:54:17,960-Speed 82.00 samples/sec   Loss 0.1705   LearningRate 0.000931   Epoch: 13   Global Step: 19640   Fp16 Grad Scale: 262144   Required: 131 hours
Training: 2025-04-09 08:54:33,543-Speed 82.14 samples/sec   Loss 0.1058   LearningRate 0.000931   Epoch: 13   Global Step: 19650   Fp16 Grad Scale: 262144   Required: 131 hours
Training: 2025-04-09 08:54:49,068-Speed 82.45 samples/sec   Loss 0.1233   LearningRate 0.000931   Epoch: 13   Global Step: 19660   Fp16 Grad Scale: 262144   Required: 131 hours
Training: 2025-04-09 08:55:04,537-Speed 82.75 samples/sec   Loss 0.0957   LearningRate 0.000931   Epoch: 13   Global Step: 19670   Fp16 Grad Scale: 262144   Required: 131 hours
Training: 2025-04-09 08:55:20,044-Speed 82.55 samples/sec   Loss 0.0740   LearningRate 0.000931   Epoch: 13   Global Step: 19680   Fp16 Grad Scale: 262144   Required: 131 hours
Training: 2025-04-09 08:55:35,731-Speed 81.60 samples/sec   Loss 0.0543   LearningRate 0.000931   Epoch: 13   Global Step: 19690   Fp16 Grad Scale: 262144   Required: 131 hours
Training: 2025-04-09 08:55:51,232-Speed 82.58 samples/sec   Loss 0.1413   LearningRate 0.000931   Epoch: 13   Global Step: 19700   Fp16 Grad Scale: 262144   Required: 131 hours
Training: 2025-04-09 08:56:07,111-Speed 80.61 samples/sec   Loss 0.1215   LearningRate 0.000931   Epoch: 13   Global Step: 19710   Fp16 Grad Scale: 262144   Required: 131 hours
Training: 2025-04-09 08:56:23,816-Speed 76.63 samples/sec   Loss 0.0734   LearningRate 0.000931   Epoch: 13   Global Step: 19720   Fp16 Grad Scale: 524288   Required: 131 hours
Training: 2025-04-09 08:56:41,204-Speed 73.62 samples/sec   Loss 0.1196   LearningRate 0.000931   Epoch: 13   Global Step: 19730   Fp16 Grad Scale: 524288   Required: 131 hours
Training: 2025-04-09 08:56:58,334-Speed 74.73 samples/sec   Loss 0.1092   LearningRate 0.000931   Epoch: 13   Global Step: 19740   Fp16 Grad Scale: 524288   Required: 131 hours
Training: 2025-04-09 08:57:13,969-Speed 81.87 samples/sec   Loss 0.1403   LearningRate 0.000931   Epoch: 13   Global Step: 19750   Fp16 Grad Scale: 524288   Required: 131 hours
Training: 2025-04-09 08:57:29,586-Speed 81.96 samples/sec   Loss 0.1102   LearningRate 0.000931   Epoch: 13   Global Step: 19760   Fp16 Grad Scale: 524288   Required: 131 hours
Training: 2025-04-09 08:57:45,265-Speed 81.71 samples/sec   Loss 0.1586   LearningRate 0.000931   Epoch: 13   Global Step: 19770   Fp16 Grad Scale: 524288   Required: 131 hours
Training: 2025-04-09 08:58:01,379-Speed 79.61 samples/sec   Loss 0.1603   LearningRate 0.000931   Epoch: 13   Global Step: 19780   Fp16 Grad Scale: 524288   Required: 131 hours
Training: 2025-04-09 08:58:17,063-Speed 81.62 samples/sec   Loss 0.1395   LearningRate 0.000931   Epoch: 13   Global Step: 19790   Fp16 Grad Scale: 524288   Required: 131 hours
Training: 2025-04-09 08:58:32,648-Speed 82.13 samples/sec   Loss 0.1200   LearningRate 0.000931   Epoch: 13   Global Step: 19800   Fp16 Grad Scale: 524288   Required: 131 hours
Training: 2025-04-09 08:58:50,123-Speed 73.25 samples/sec   Loss 0.1038   LearningRate 0.000931   Epoch: 13   Global Step: 19810   Fp16 Grad Scale: 524288   Required: 131 hours
Training: 2025-04-09 08:59:05,765-Speed 81.83 samples/sec   Loss 0.0714   LearningRate 0.000931   Epoch: 13   Global Step: 19820   Fp16 Grad Scale: 524288   Required: 131 hours
Training: 2025-04-09 08:59:21,317-Speed 82.31 samples/sec   Loss 0.1200   LearningRate 0.000930   Epoch: 13   Global Step: 19830   Fp16 Grad Scale: 524288   Required: 131 hours
Training: 2025-04-09 08:59:36,962-Speed 81.82 samples/sec   Loss 0.1652   LearningRate 0.000930   Epoch: 13   Global Step: 19840   Fp16 Grad Scale: 524288   Required: 131 hours
Training: 2025-04-09 08:59:52,980-Speed 79.91 samples/sec   Loss 0.1948   LearningRate 0.000930   Epoch: 13   Global Step: 19850   Fp16 Grad Scale: 524288   Required: 131 hours
Training: 2025-04-09 09:00:08,777-Speed 81.03 samples/sec   Loss 0.1872   LearningRate 0.000930   Epoch: 13   Global Step: 19860   Fp16 Grad Scale: 524288   Required: 131 hours
Training: 2025-04-09 09:00:24,599-Speed 80.90 samples/sec   Loss 0.1169   LearningRate 0.000930   Epoch: 13   Global Step: 19870   Fp16 Grad Scale: 524288   Required: 131 hours
Training: 2025-04-09 09:00:40,499-Speed 80.51 samples/sec   Loss 0.1124   LearningRate 0.000930   Epoch: 13   Global Step: 19880   Fp16 Grad Scale: 524288   Required: 131 hours
Training: 2025-04-09 09:00:57,467-Speed 75.44 samples/sec   Loss 0.1790   LearningRate 0.000930   Epoch: 13   Global Step: 19890   Fp16 Grad Scale: 524288   Required: 131 hours
Training: 2025-04-09 09:01:14,614-Speed 74.65 samples/sec   Loss 0.1231   LearningRate 0.000930   Epoch: 13   Global Step: 19900   Fp16 Grad Scale: 524288   Required: 131 hours
Training: 2025-04-09 09:01:31,370-Speed 76.39 samples/sec   Loss 0.0867   LearningRate 0.000930   Epoch: 13   Global Step: 19910   Fp16 Grad Scale: 524288   Required: 131 hours
Training: 2025-04-09 09:01:47,817-Speed 77.83 samples/sec   Loss 0.0656   LearningRate 0.000930   Epoch: 13   Global Step: 19920   Fp16 Grad Scale: 524288   Required: 131 hours
Training: 2025-04-09 09:02:04,322-Speed 77.56 samples/sec   Loss 0.1130   LearningRate 0.000930   Epoch: 13   Global Step: 19930   Fp16 Grad Scale: 524288   Required: 131 hours
Training: 2025-04-09 09:02:21,000-Speed 76.75 samples/sec   Loss 0.1073   LearningRate 0.000930   Epoch: 13   Global Step: 19940   Fp16 Grad Scale: 524288   Required: 131 hours
Training: 2025-04-09 09:02:37,913-Speed 75.68 samples/sec   Loss 0.1721   LearningRate 0.000930   Epoch: 13   Global Step: 19950   Fp16 Grad Scale: 524288   Required: 131 hours
Training: 2025-04-09 09:02:54,297-Speed 78.13 samples/sec   Loss 0.1082   LearningRate 0.000930   Epoch: 13   Global Step: 19960   Fp16 Grad Scale: 524288   Required: 131 hours
Training: 2025-04-09 09:03:10,677-Speed 78.15 samples/sec   Loss 0.1633   LearningRate 0.000930   Epoch: 13   Global Step: 19970   Fp16 Grad Scale: 524288   Required: 131 hours
Training: 2025-04-09 09:03:30,392-Speed 64.92 samples/sec   Loss 0.1079   LearningRate 0.000930   Epoch: 14   Global Step: 19980   Fp16 Grad Scale: 524288   Required: 131 hours
Training: 2025-04-09 09:03:48,591-Speed 70.34 samples/sec   Loss 0.0839   LearningRate 0.000930   Epoch: 14   Global Step: 19990   Fp16 Grad Scale: 524288   Required: 131 hours
Training: 2025-04-09 09:04:05,223-Speed 76.96 samples/sec   Loss 0.0718   LearningRate 0.000930   Epoch: 14   Global Step: 20000   Fp16 Grad Scale: 524288   Required: 131 hours
Batch 0: torch.Size([128, 3, 64, 512])
batch.shape: torch.Size([128, 3, 64, 512])
batch.min(): -1.0
batch.max(): 1.0
batch.device: cuda:0
net_out.shape: torch.Size([128, 512])
num_nans: 0
num_non_nans: 65536
Batch 1: torch.Size([128, 3, 64, 512])
batch.shape: torch.Size([128, 3, 64, 512])
batch.min(): -1.0
batch.max(): 1.0
batch.device: cuda:0
net_out.shape: torch.Size([128, 512])
num_nans: 0
num_non_nans: 65536
Batch 2: torch.Size([128, 3, 64, 512])
batch.shape: torch.Size([128, 3, 64, 512])
batch.min(): -1.0
batch.max(): 1.0
batch.device: cuda:0
net_out.shape: torch.Size([128, 512])
num_nans: 0
num_non_nans: 65536
Batch 3: torch.Size([128, 3, 64, 512])
batch.shape: torch.Size([128, 3, 64, 512])
batch.min(): -1.0
batch.max(): 1.0
batch.device: cuda:0
net_out.shape: torch.Size([128, 512])
num_nans: 0
num_non_nans: 65536
Batch 4: torch.Size([128, 3, 64, 512])
batch.shape: torch.Size([128, 3, 64, 512])
batch.min(): -1.0
batch.max(): 1.0
batch.device: cuda:0
net_out.shape: torch.Size([128, 512])
num_nans: 0
num_non_nans: 65536
Batch 5: torch.Size([128, 3, 64, 512])
batch.shape: torch.Size([128, 3, 64, 512])
batch.min(): -1.0
batch.max(): 1.0
batch.device: cuda:0
net_out.shape: torch.Size([128, 512])
num_nans: 0
num_non_nans: 65536
Batch 6: torch.Size([128, 3, 64, 512])
batch.shape: torch.Size([128, 3, 64, 512])
batch.min(): -1.0
batch.max(): 1.0
batch.device: cuda:0
net_out.shape: torch.Size([128, 512])
num_nans: 0
num_non_nans: 65536
Batch 7: torch.Size([128, 3, 64, 512])
batch.shape: torch.Size([128, 3, 64, 512])
batch.min(): -1.0
batch.max(): 1.0
batch.device: cuda:0
net_out.shape: torch.Size([128, 512])
num_nans: 0
num_non_nans: 65536
Batch 8: torch.Size([128, 3, 64, 512])
batch.shape: torch.Size([128, 3, 64, 512])
batch.min(): -1.0
batch.max(): 1.0
batch.device: cuda:0
net_out.shape: torch.Size([128, 512])
num_nans: 0
num_non_nans: 65536
Batch 9: torch.Size([128, 3, 64, 512])
batch.shape: torch.Size([128, 3, 64, 512])
batch.min(): -1.0
batch.max(): 1.0
batch.device: cuda:0
net_out.shape: torch.Size([128, 512])
num_nans: 0
num_non_nans: 65536
Batch 10: torch.Size([128, 3, 64, 512])
batch.shape: torch.Size([128, 3, 64, 512])
batch.min(): -1.0
batch.max(): 1.0
batch.device: cuda:0
net_out.shape: torch.Size([128, 512])
num_nans: 0
num_non_nans: 65536
Batch 11: torch.Size([128, 3, 64, 512])
batch.shape: torch.Size([128, 3, 64, 512])
batch.min(): -1.0
batch.max(): 1.0
batch.device: cuda:0
net_out.shape: torch.Size([128, 512])
num_nans: 0
num_non_nans: 65536
Batch 12: torch.Size([128, 3, 64, 512])
batch.shape: torch.Size([128, 3, 64, 512])
batch.min(): -1.0
batch.max(): 1.0
batch.device: cuda:0
net_out.shape: torch.Size([128, 512])
num_nans: 0
num_non_nans: 65536
Batch 13: torch.Size([128, 3, 64, 512])
batch.shape: torch.Size([128, 3, 64, 512])
batch.min(): -1.0
batch.max(): 1.0
batch.device: cuda:0
net_out.shape: torch.Size([128, 512])
num_nans: 0
num_non_nans: 65536
Batch 14: torch.Size([128, 3, 64, 512])
batch.shape: torch.Size([128, 3, 64, 512])
batch.min(): -1.0
batch.max(): 1.0
batch.device: cuda:0
net_out.shape: torch.Size([128, 512])
num_nans: 0
num_non_nans: 65536
Batch 15: torch.Size([128, 3, 64, 512])
batch.shape: torch.Size([128, 3, 64, 512])
batch.min(): -1.0
batch.max(): 1.0
batch.device: cuda:0
net_out.shape: torch.Size([128, 512])
num_nans: 0
num_non_nans: 65536
Batch 16: torch.Size([128, 3, 64, 512])
batch.shape: torch.Size([128, 3, 64, 512])
batch.min(): -1.0
batch.max(): 1.0
batch.device: cuda:0
net_out.shape: torch.Size([128, 512])
num_nans: 0
num_non_nans: 65536
Batch 17: torch.Size([128, 3, 64, 512])
batch.shape: torch.Size([128, 3, 64, 512])
batch.min(): -1.0
batch.max(): 1.0
batch.device: cuda:0
net_out.shape: torch.Size([128, 512])
num_nans: 0
num_non_nans: 65536
Batch 18: torch.Size([128, 3, 64, 512])
batch.shape: torch.Size([128, 3, 64, 512])
batch.min(): -1.0
batch.max(): 1.0
batch.device: cuda:0
net_out.shape: torch.Size([128, 512])
num_nans: 0
num_non_nans: 65536
Batch 19: torch.Size([128, 3, 64, 512])
batch.shape: torch.Size([128, 3, 64, 512])
batch.min(): -1.0
batch.max(): 1.0
batch.device: cuda:0
net_out.shape: torch.Size([128, 512])
num_nans: 0
num_non_nans: 65536
Batch 20: torch.Size([128, 3, 64, 512])
batch.shape: torch.Size([128, 3, 64, 512])
batch.min(): -1.0
batch.max(): 1.0
batch.device: cuda:0
net_out.shape: torch.Size([128, 512])
num_nans: 0
num_non_nans: 65536
Batch 21: torch.Size([128, 3, 64, 512])
batch.shape: torch.Size([128, 3, 64, 512])
batch.min(): -1.0
batch.max(): 1.0
batch.device: cuda:0
net_out.shape: torch.Size([128, 512])
num_nans: 0
num_non_nans: 65536
Batch 22: torch.Size([128, 3, 64, 512])
batch.shape: torch.Size([128, 3, 64, 512])
batch.min(): -1.0
batch.max(): 1.0
batch.device: cuda:0
net_out.shape: torch.Size([128, 512])
num_nans: 0
num_non_nans: 65536
Batch 23: torch.Size([128, 3, 64, 512])
batch.shape: torch.Size([128, 3, 64, 512])
batch.min(): -1.0
batch.max(): 1.0
batch.device: cuda:0
net_out.shape: torch.Size([128, 512])
num_nans: 0
num_non_nans: 65536
Batch 24: torch.Size([128, 3, 64, 512])
batch.shape: torch.Size([128, 3, 64, 512])
batch.min(): -1.0
batch.max(): 1.0
batch.device: cuda:0
net_out.shape: torch.Size([128, 512])
num_nans: 0
num_non_nans: 65536
Batch 25: torch.Size([128, 3, 64, 512])
batch.shape: torch.Size([128, 3, 64, 512])
batch.min(): -1.0
batch.max(): 1.0
batch.device: cuda:0
net_out.shape: torch.Size([128, 512])
num_nans: 0
num_non_nans: 65536
Batch 26: torch.Size([128, 3, 64, 512])
batch.shape: torch.Size([128, 3, 64, 512])
batch.min(): -1.0
batch.max(): 1.0
batch.device: cuda:0
net_out.shape: torch.Size([128, 512])
num_nans: 0
num_non_nans: 65536
Batch 27: torch.Size([128, 3, 64, 512])
batch.shape: torch.Size([128, 3, 64, 512])
batch.min(): -1.0
batch.max(): 1.0
batch.device: cuda:0
net_out.shape: torch.Size([128, 512])
num_nans: 0
num_non_nans: 65536
Batch 28: torch.Size([128, 3, 64, 512])
batch.shape: torch.Size([128, 3, 64, 512])
batch.min(): -1.0
batch.max(): 1.0
batch.device: cuda:0
net_out.shape: torch.Size([128, 512])
num_nans: 0
num_non_nans: 65536
Batch 29: torch.Size([128, 3, 64, 512])
batch.shape: torch.Size([128, 3, 64, 512])
batch.min(): -1.0
batch.max(): 1.0
batch.device: cuda:0
net_out.shape: torch.Size([128, 512])
num_nans: 0
num_non_nans: 65536
Batch 30: torch.Size([128, 3, 64, 512])
batch.shape: torch.Size([128, 3, 64, 512])
batch.min(): -1.0
batch.max(): 1.0
batch.device: cuda:0
net_out.shape: torch.Size([128, 512])
num_nans: 0
num_non_nans: 65536
Batch 31: torch.Size([128, 3, 64, 512])
batch.shape: torch.Size([128, 3, 64, 512])
batch.min(): -1.0
batch.max(): 1.0
batch.device: cuda:0
net_out.shape: torch.Size([128, 512])
num_nans: 0
num_non_nans: 65536
Batch 32: torch.Size([128, 3, 64, 512])
batch.shape: torch.Size([128, 3, 64, 512])
batch.min(): -1.0
batch.max(): 1.0
batch.device: cuda:0
net_out.shape: torch.Size([128, 512])
num_nans: 0
num_non_nans: 65536
Batch 33: torch.Size([128, 3, 64, 512])
batch.shape: torch.Size([128, 3, 64, 512])
batch.min(): -1.0
batch.max(): 1.0
batch.device: cuda:0
net_out.shape: torch.Size([128, 512])
num_nans: 0
num_non_nans: 65536
Batch 34: torch.Size([128, 3, 64, 512])
batch.shape: torch.Size([128, 3, 64, 512])
batch.min(): -1.0
batch.max(): 1.0
batch.device: cuda:0
net_out.shape: torch.Size([128, 512])
num_nans: 0
num_non_nans: 65536
Batch 35: torch.Size([128, 3, 64, 512])
batch.shape: torch.Size([128, 3, 64, 512])
batch.min(): -1.0
batch.max(): 1.0
batch.device: cuda:0
net_out.shape: torch.Size([128, 512])
num_nans: 0
num_non_nans: 65536
Batch 36: torch.Size([128, 3, 64, 512])
batch.shape: torch.Size([128, 3, 64, 512])
batch.min(): -1.0
batch.max(): 1.0
batch.device: cuda:0
net_out.shape: torch.Size([128, 512])
num_nans: 0
num_non_nans: 65536
Batch 37: torch.Size([128, 3, 64, 512])
batch.shape: torch.Size([128, 3, 64, 512])
batch.min(): -1.0
batch.max(): 1.0
batch.device: cuda:0
net_out.shape: torch.Size([128, 512])
num_nans: 0
num_non_nans: 65536
Batch 38: torch.Size([128, 3, 64, 512])
batch.shape: torch.Size([128, 3, 64, 512])
batch.min(): -1.0
batch.max(): 1.0
batch.device: cuda:0
net_out.shape: torch.Size([128, 512])
num_nans: 0
num_non_nans: 65536
Batch 39: torch.Size([128, 3, 64, 512])
batch.shape: torch.Size([128, 3, 64, 512])
batch.min(): -1.0
batch.max(): 1.0
batch.device: cuda:0
net_out.shape: torch.Size([128, 512])
num_nans: 0
num_non_nans: 65536
Batch 40: torch.Size([128, 3, 64, 512])
batch.shape: torch.Size([128, 3, 64, 512])
batch.min(): -1.0
batch.max(): 1.0
batch.device: cuda:0
net_out.shape: torch.Size([128, 512])
num_nans: 0
num_non_nans: 65536
Batch 41: torch.Size([128, 3, 64, 512])
batch.shape: torch.Size([128, 3, 64, 512])
batch.min(): -1.0
batch.max(): 1.0
batch.device: cuda:0
net_out.shape: torch.Size([128, 512])
num_nans: 0
num_non_nans: 65536
Batch 42: torch.Size([128, 3, 64, 512])
batch.shape: torch.Size([128, 3, 64, 512])
batch.min(): -1.0
batch.max(): 1.0
batch.device: cuda:0
net_out.shape: torch.Size([128, 512])
num_nans: 0
num_non_nans: 65536
Batch 43: torch.Size([128, 3, 64, 512])
batch.shape: torch.Size([128, 3, 64, 512])
batch.min(): -1.0
batch.max(): 1.0
batch.device: cuda:0
net_out.shape: torch.Size([128, 512])
num_nans: 0
num_non_nans: 65536
Batch 44: torch.Size([128, 3, 64, 512])
batch.shape: torch.Size([128, 3, 64, 512])
batch.min(): -1.0
batch.max(): 1.0
batch.device: cuda:0
net_out.shape: torch.Size([128, 512])
num_nans: 0
num_non_nans: 65536
Batch 45: torch.Size([128, 3, 64, 512])
batch.shape: torch.Size([128, 3, 64, 512])
batch.min(): -1.0
batch.max(): 1.0
batch.device: cuda:0
net_out.shape: torch.Size([128, 512])
num_nans: 0
num_non_nans: 65536
Batch 46: torch.Size([128, 3, 64, 512])
batch.shape: torch.Size([128, 3, 64, 512])
batch.min(): -1.0
batch.max(): 1.0
batch.device: cuda:0
net_out.shape: torch.Size([128, 512])
num_nans: 0
num_non_nans: 65536
Batch 47: torch.Size([128, 3, 64, 512])
batch.shape: torch.Size([128, 3, 64, 512])
batch.min(): -1.0
batch.max(): 1.0
batch.device: cuda:0
net_out.shape: torch.Size([128, 512])
num_nans: 0
num_non_nans: 65536
Batch 48: torch.Size([128, 3, 64, 512])
batch.shape: torch.Size([128, 3, 64, 512])
batch.min(): -1.0
batch.max(): 1.0
batch.device: cuda:0
net_out.shape: torch.Size([128, 512])
num_nans: 0
num_non_nans: 65536
Batch 49: torch.Size([128, 3, 64, 512])
batch.shape: torch.Size([128, 3, 64, 512])
batch.min(): -1.0
batch.max(): 1.0
batch.device: cuda:0
net_out.shape: torch.Size([128, 512])
num_nans: 0
num_non_nans: 65536
Batch 50: torch.Size([128, 3, 64, 512])
batch.shape: torch.Size([128, 3, 64, 512])
batch.min(): -1.0
batch.max(): 1.0
batch.device: cuda:0
net_out.shape: torch.Size([128, 512])
num_nans: 0
num_non_nans: 65536
Batch 51: torch.Size([128, 3, 64, 512])
batch.shape: torch.Size([128, 3, 64, 512])
batch.min(): -1.0
batch.max(): 1.0
batch.device: cuda:0
net_out.shape: torch.Size([128, 512])
num_nans: 0
num_non_nans: 65536
Batch 52: torch.Size([128, 3, 64, 512])
batch.shape: torch.Size([128, 3, 64, 512])
batch.min(): -1.0
batch.max(): 1.0
batch.device: cuda:0
net_out.shape: torch.Size([128, 512])
num_nans: 0
num_non_nans: 65536
Batch 53: torch.Size([128, 3, 64, 512])
batch.shape: torch.Size([128, 3, 64, 512])
batch.min(): -1.0
batch.max(): 1.0
batch.device: cuda:0
net_out.shape: torch.Size([128, 512])
num_nans: 0
num_non_nans: 65536
Batch 54: torch.Size([128, 3, 64, 512])
batch.shape: torch.Size([128, 3, 64, 512])
batch.min(): -1.0
batch.max(): 1.0
batch.device: cuda:0
net_out.shape: torch.Size([128, 512])
num_nans: 0
num_non_nans: 65536
Batch 55: torch.Size([128, 3, 64, 512])
batch.shape: torch.Size([128, 3, 64, 512])
batch.min(): -1.0
batch.max(): 1.0
batch.device: cuda:0
net_out.shape: torch.Size([128, 512])
num_nans: 0
num_non_nans: 65536
Batch 56: torch.Size([128, 3, 64, 512])
batch.shape: torch.Size([128, 3, 64, 512])
batch.min(): -1.0
batch.max(): 1.0
batch.device: cuda:0
net_out.shape: torch.Size([128, 512])
num_nans: 0
num_non_nans: 65536
Batch 57: torch.Size([128, 3, 64, 512])
batch.shape: torch.Size([128, 3, 64, 512])
batch.min(): -1.0
batch.max(): 1.0
batch.device: cuda:0
net_out.shape: torch.Size([128, 512])
num_nans: 0
num_non_nans: 65536
Batch 58: torch.Size([128, 3, 64, 512])
batch.shape: torch.Size([128, 3, 64, 512])
batch.min(): -1.0
batch.max(): 1.0
batch.device: cuda:0
net_out.shape: torch.Size([128, 512])
num_nans: 0
num_non_nans: 65536
Batch 59: torch.Size([128, 3, 64, 512])
batch.shape: torch.Size([128, 3, 64, 512])
batch.min(): -1.0
batch.max(): 1.0
batch.device: cuda:0
net_out.shape: torch.Size([128, 512])
num_nans: 0
num_non_nans: 65536
Batch 60: torch.Size([128, 3, 64, 512])
batch.shape: torch.Size([128, 3, 64, 512])
batch.min(): -1.0
batch.max(): 1.0
batch.device: cuda:0
net_out.shape: torch.Size([128, 512])
num_nans: 0
num_non_nans: 65536
Batch 61: torch.Size([128, 3, 64, 512])
batch.shape: torch.Size([128, 3, 64, 512])
batch.min(): -1.0
batch.max(): 1.0
batch.device: cuda:0
net_out.shape: torch.Size([128, 512])
num_nans: 0
num_non_nans: 65536
Batch 62: torch.Size([128, 3, 64, 512])
batch.shape: torch.Size([128, 3, 64, 512])
batch.min(): -1.0
batch.max(): 1.0
batch.device: cuda:0
net_out.shape: torch.Size([128, 512])
num_nans: 0
num_non_nans: 65536
Batch 63: torch.Size([128, 3, 64, 512])
batch.shape: torch.Size([128, 3, 64, 512])
batch.min(): -1.0
batch.max(): 1.0
batch.device: cuda:0
net_out.shape: torch.Size([128, 512])
num_nans: 0
num_non_nans: 65536
Training: 2025-04-09 09:05:16,891-[val][Global step: 20000] d prime: 7.63485050201416
Model saved with d prime score: 7.63485050201416
Training: 2025-04-09 09:05:34,277-Speed 14.37 samples/sec   Loss 0.0807   LearningRate 0.000930   Epoch: 14   Global Step: 20010   Fp16 Grad Scale: 524288   Required: 131 hours
Training: 2025-04-09 09:05:50,471-Speed 79.04 samples/sec   Loss 0.0423   LearningRate 0.000930   Epoch: 14   Global Step: 20020   Fp16 Grad Scale: 1048576   Required: 131 hours
Training: 2025-04-09 09:06:06,689-Speed 78.93 samples/sec   Loss 0.1253   LearningRate 0.000930   Epoch: 14   Global Step: 20030   Fp16 Grad Scale: 524288   Required: 131 hours
Training: 2025-04-09 09:06:22,887-Speed 79.03 samples/sec   Loss 0.0829   LearningRate 0.000930   Epoch: 14   Global Step: 20040   Fp16 Grad Scale: 524288   Required: 131 hours
Training: 2025-04-09 09:06:39,186-Speed 78.53 samples/sec   Loss 0.1168   LearningRate 0.000930   Epoch: 14   Global Step: 20050   Fp16 Grad Scale: 524288   Required: 131 hours
Training: 2025-04-09 09:06:55,348-Speed 79.20 samples/sec   Loss 0.1373   LearningRate 0.000930   Epoch: 14   Global Step: 20060   Fp16 Grad Scale: 524288   Required: 131 hours
Training: 2025-04-09 09:07:11,733-Speed 78.13 samples/sec   Loss 0.0934   LearningRate 0.000930   Epoch: 14   Global Step: 20070   Fp16 Grad Scale: 524288   Required: 131 hours
Training: 2025-04-09 09:07:27,802-Speed 79.66 samples/sec   Loss 0.0976   LearningRate 0.000930   Epoch: 14   Global Step: 20080   Fp16 Grad Scale: 524288   Required: 131 hours
Training: 2025-04-09 09:07:43,887-Speed 79.58 samples/sec   Loss 0.0814   LearningRate 0.000930   Epoch: 14   Global Step: 20090   Fp16 Grad Scale: 524288   Required: 131 hours
Training: 2025-04-09 09:08:00,220-Speed 78.37 samples/sec   Loss 0.0799   LearningRate 0.000930   Epoch: 14   Global Step: 20100   Fp16 Grad Scale: 524288   Required: 131 hours
Training: 2025-04-09 09:08:16,356-Speed 79.33 samples/sec   Loss 0.1028   LearningRate 0.000929   Epoch: 14   Global Step: 20110   Fp16 Grad Scale: 524288   Required: 131 hours
Training: 2025-04-09 09:08:32,520-Speed 79.19 samples/sec   Loss 0.1098   LearningRate 0.000929   Epoch: 14   Global Step: 20120   Fp16 Grad Scale: 524288   Required: 131 hours
Training: 2025-04-09 09:08:50,869-Speed 69.76 samples/sec   Loss 0.0740   LearningRate 0.000929   Epoch: 14   Global Step: 20130   Fp16 Grad Scale: 1048576   Required: 131 hours
Training: 2025-04-09 09:09:07,228-Speed 78.25 samples/sec   Loss 0.0397   LearningRate 0.000929   Epoch: 14   Global Step: 20140   Fp16 Grad Scale: 524288   Required: 131 hours
Training: 2025-04-09 09:09:23,702-Speed 77.70 samples/sec   Loss 0.0954   LearningRate 0.000929   Epoch: 14   Global Step: 20150   Fp16 Grad Scale: 262144   Required: 131 hours
Training: 2025-04-09 09:09:39,888-Speed 79.08 samples/sec   Loss 0.0896   LearningRate 0.000929   Epoch: 14   Global Step: 20160   Fp16 Grad Scale: 262144   Required: 131 hours
Training: 2025-04-09 09:09:55,969-Speed 79.60 samples/sec   Loss 0.0601   LearningRate 0.000929   Epoch: 14   Global Step: 20170   Fp16 Grad Scale: 262144   Required: 131 hours
Training: 2025-04-09 09:10:12,077-Speed 79.47 samples/sec   Loss 0.0703   LearningRate 0.000929   Epoch: 14   Global Step: 20180   Fp16 Grad Scale: 262144   Required: 131 hours
Training: 2025-04-09 09:10:28,176-Speed 79.51 samples/sec   Loss 0.0650   LearningRate 0.000929   Epoch: 14   Global Step: 20190   Fp16 Grad Scale: 262144   Required: 131 hours
Training: 2025-04-09 09:10:44,506-Speed 78.39 samples/sec   Loss 0.1447   LearningRate 0.000929   Epoch: 14   Global Step: 20200   Fp16 Grad Scale: 262144   Required: 131 hours
Training: 2025-04-09 09:11:00,831-Speed 78.41 samples/sec   Loss 0.1117   LearningRate 0.000929   Epoch: 14   Global Step: 20210   Fp16 Grad Scale: 262144   Required: 131 hours
Training: 2025-04-09 09:11:17,055-Speed 78.90 samples/sec   Loss 0.1106   LearningRate 0.000929   Epoch: 14   Global Step: 20220   Fp16 Grad Scale: 262144   Required: 131 hours
Training: 2025-04-09 09:11:33,516-Speed 77.76 samples/sec   Loss 0.1074   LearningRate 0.000929   Epoch: 14   Global Step: 20230   Fp16 Grad Scale: 262144   Required: 131 hours
Training: 2025-04-09 09:11:49,855-Speed 78.35 samples/sec   Loss 0.0737   LearningRate 0.000929   Epoch: 14   Global Step: 20240   Fp16 Grad Scale: 262144   Required: 131 hours
Training: 2025-04-09 09:12:06,081-Speed 78.89 samples/sec   Loss 0.0972   LearningRate 0.000929   Epoch: 14   Global Step: 20250   Fp16 Grad Scale: 524288   Required: 131 hours
Training: 2025-04-09 09:12:22,134-Speed 79.74 samples/sec   Loss 0.1093   LearningRate 0.000929   Epoch: 14   Global Step: 20260   Fp16 Grad Scale: 524288   Required: 131 hours
Training: 2025-04-09 09:12:38,414-Speed 78.63 samples/sec   Loss 0.0685   LearningRate 0.000929   Epoch: 14   Global Step: 20270   Fp16 Grad Scale: 524288   Required: 131 hours
Training: 2025-04-09 09:12:54,567-Speed 79.25 samples/sec   Loss 0.0973   LearningRate 0.000929   Epoch: 14   Global Step: 20280   Fp16 Grad Scale: 524288   Required: 131 hours
Training: 2025-04-09 09:13:10,751-Speed 79.09 samples/sec   Loss 0.0825   LearningRate 0.000929   Epoch: 14   Global Step: 20290   Fp16 Grad Scale: 524288   Required: 131 hours
Training: 2025-04-09 09:13:26,838-Speed 79.57 samples/sec   Loss 0.0768   LearningRate 0.000929   Epoch: 14   Global Step: 20300   Fp16 Grad Scale: 524288   Required: 131 hours
Training: 2025-04-09 09:13:42,944-Speed 79.48 samples/sec   Loss 0.1143   LearningRate 0.000929   Epoch: 14   Global Step: 20310   Fp16 Grad Scale: 524288   Required: 131 hours
Training: 2025-04-09 09:14:01,418-Speed 69.29 samples/sec   Loss 0.0776   LearningRate 0.000929   Epoch: 14   Global Step: 20320   Fp16 Grad Scale: 524288   Required: 131 hours
Training: 2025-04-09 09:14:17,824-Speed 78.02 samples/sec   Loss 0.0661   LearningRate 0.000929   Epoch: 14   Global Step: 20330   Fp16 Grad Scale: 524288   Required: 131 hours
Training: 2025-04-09 09:14:34,211-Speed 78.11 samples/sec   Loss 0.1121   LearningRate 0.000929   Epoch: 14   Global Step: 20340   Fp16 Grad Scale: 524288   Required: 131 hours
Training: 2025-04-09 09:14:50,307-Speed 79.52 samples/sec   Loss 0.1252   LearningRate 0.000929   Epoch: 14   Global Step: 20350   Fp16 Grad Scale: 524288   Required: 131 hours
Training: 2025-04-09 09:15:06,457-Speed 79.26 samples/sec   Loss 0.0811   LearningRate 0.000929   Epoch: 14   Global Step: 20360   Fp16 Grad Scale: 524288   Required: 131 hours
Training: 2025-04-09 09:15:22,944-Speed 77.64 samples/sec   Loss 0.1215   LearningRate 0.000929   Epoch: 14   Global Step: 20370   Fp16 Grad Scale: 524288   Required: 131 hours
Training: 2025-04-09 09:15:39,264-Speed 78.43 samples/sec   Loss 0.1040   LearningRate 0.000929   Epoch: 14   Global Step: 20380   Fp16 Grad Scale: 524288   Required: 131 hours
Training: 2025-04-09 09:15:55,896-Speed 76.97 samples/sec   Loss 0.0691   LearningRate 0.000929   Epoch: 14   Global Step: 20390   Fp16 Grad Scale: 524288   Required: 131 hours
Training: 2025-04-09 09:16:12,141-Speed 78.79 samples/sec   Loss 0.1040   LearningRate 0.000928   Epoch: 14   Global Step: 20400   Fp16 Grad Scale: 524288   Required: 131 hours
Training: 2025-04-09 09:16:28,203-Speed 79.69 samples/sec   Loss 0.0733   LearningRate 0.000928   Epoch: 14   Global Step: 20410   Fp16 Grad Scale: 524288   Required: 131 hours
Training: 2025-04-09 09:16:44,519-Speed 78.45 samples/sec   Loss 0.1005   LearningRate 0.000928   Epoch: 14   Global Step: 20420   Fp16 Grad Scale: 524288   Required: 131 hours
Training: 2025-04-09 09:17:00,510-Speed 80.05 samples/sec   Loss 0.0974   LearningRate 0.000928   Epoch: 14   Global Step: 20430   Fp16 Grad Scale: 524288   Required: 131 hours
Training: 2025-04-09 09:17:16,714-Speed 79.00 samples/sec   Loss 0.1211   LearningRate 0.000928   Epoch: 14   Global Step: 20440   Fp16 Grad Scale: 524288   Required: 131 hours
Training: 2025-04-09 09:17:33,096-Speed 78.14 samples/sec   Loss 0.0913   LearningRate 0.000928   Epoch: 14   Global Step: 20450   Fp16 Grad Scale: 1048576   Required: 131 hours
Training: 2025-04-09 09:17:49,267-Speed 79.16 samples/sec   Loss 0.1032   LearningRate 0.000928   Epoch: 14   Global Step: 20460   Fp16 Grad Scale: 524288   Required: 131 hours
Training: 2025-04-09 09:18:05,394-Speed 79.37 samples/sec   Loss 0.1025   LearningRate 0.000928   Epoch: 14   Global Step: 20470   Fp16 Grad Scale: 524288   Required: 131 hours
Training: 2025-04-09 09:18:21,902-Speed 77.54 samples/sec   Loss 0.0954   LearningRate 0.000928   Epoch: 14   Global Step: 20480   Fp16 Grad Scale: 524288   Required: 131 hours
Training: 2025-04-09 09:18:38,151-Speed 79.76 samples/sec   Loss 0.0730   LearningRate 0.000928   Epoch: 14   Global Step: 20490   Fp16 Grad Scale: 524288   Required: 130 hours
Training: 2025-04-09 09:18:56,030-Speed 71.59 samples/sec   Loss 0.0719   LearningRate 0.000928   Epoch: 14   Global Step: 20500   Fp16 Grad Scale: 524288   Required: 130 hours
Training: 2025-04-09 09:19:12,071-Speed 79.80 samples/sec   Loss 0.1148   LearningRate 0.000928   Epoch: 14   Global Step: 20510   Fp16 Grad Scale: 524288   Required: 130 hours
Training: 2025-04-09 09:19:28,281-Speed 78.97 samples/sec   Loss 0.0994   LearningRate 0.000928   Epoch: 14   Global Step: 20520   Fp16 Grad Scale: 524288   Required: 130 hours
Training: 2025-04-09 09:19:44,526-Speed 78.80 samples/sec   Loss 0.1106   LearningRate 0.000928   Epoch: 14   Global Step: 20530   Fp16 Grad Scale: 524288   Required: 130 hours
Training: 2025-04-09 09:20:00,709-Speed 79.10 samples/sec   Loss 0.1591   LearningRate 0.000928   Epoch: 14   Global Step: 20540   Fp16 Grad Scale: 524288   Required: 130 hours
Training: 2025-04-09 09:20:16,962-Speed 78.76 samples/sec   Loss 0.1363   LearningRate 0.000928   Epoch: 14   Global Step: 20550   Fp16 Grad Scale: 524288   Required: 130 hours
Training: 2025-04-09 09:20:33,347-Speed 78.12 samples/sec   Loss 0.0907   LearningRate 0.000928   Epoch: 14   Global Step: 20560   Fp16 Grad Scale: 1048576   Required: 130 hours
Training: 2025-04-09 09:20:49,528-Speed 79.11 samples/sec   Loss 0.0761   LearningRate 0.000928   Epoch: 14   Global Step: 20570   Fp16 Grad Scale: 524288   Required: 130 hours
Training: 2025-04-09 09:21:05,639-Speed 79.45 samples/sec   Loss 0.1167   LearningRate 0.000928   Epoch: 14   Global Step: 20580   Fp16 Grad Scale: 524288   Required: 130 hours
Training: 2025-04-09 09:21:21,658-Speed 79.91 samples/sec   Loss 0.0613   LearningRate 0.000928   Epoch: 14   Global Step: 20590   Fp16 Grad Scale: 524288   Required: 130 hours
Training: 2025-04-09 09:21:37,883-Speed 78.90 samples/sec   Loss 0.1005   LearningRate 0.000928   Epoch: 14   Global Step: 20600   Fp16 Grad Scale: 524288   Required: 130 hours
Training: 2025-04-09 09:21:54,133-Speed 78.77 samples/sec   Loss 0.1155   LearningRate 0.000928   Epoch: 14   Global Step: 20610   Fp16 Grad Scale: 524288   Required: 130 hours
Training: 2025-04-09 09:22:10,409-Speed 78.64 samples/sec   Loss 0.1143   LearningRate 0.000928   Epoch: 14   Global Step: 20620   Fp16 Grad Scale: 524288   Required: 130 hours
Training: 2025-04-09 09:22:26,846-Speed 77.88 samples/sec   Loss 0.1296   LearningRate 0.000928   Epoch: 14   Global Step: 20630   Fp16 Grad Scale: 524288   Required: 130 hours
Training: 2025-04-09 09:22:43,314-Speed 77.73 samples/sec   Loss 0.1660   LearningRate 0.000928   Epoch: 14   Global Step: 20640   Fp16 Grad Scale: 524288   Required: 130 hours
Training: 2025-04-09 09:23:00,015-Speed 76.64 samples/sec   Loss 0.1600   LearningRate 0.000928   Epoch: 14   Global Step: 20650   Fp16 Grad Scale: 524288   Required: 130 hours
Training: 2025-04-09 09:23:16,330-Speed 78.46 samples/sec   Loss 0.0935   LearningRate 0.000928   Epoch: 14   Global Step: 20660   Fp16 Grad Scale: 524288   Required: 130 hours
Training: 2025-04-09 09:23:32,504-Speed 79.14 samples/sec   Loss 0.1136   LearningRate 0.000928   Epoch: 14   Global Step: 20670   Fp16 Grad Scale: 1048576   Required: 130 hours
Training: 2025-04-09 09:23:48,852-Speed 78.30 samples/sec   Loss 0.0839   LearningRate 0.000927   Epoch: 14   Global Step: 20680   Fp16 Grad Scale: 262144   Required: 130 hours
Training: 2025-04-09 09:24:06,810-Speed 71.28 samples/sec   Loss 0.1101   LearningRate 0.000927   Epoch: 14   Global Step: 20690   Fp16 Grad Scale: 262144   Required: 130 hours
Training: 2025-04-09 09:24:22,931-Speed 79.40 samples/sec   Loss 0.0993   LearningRate 0.000927   Epoch: 14   Global Step: 20700   Fp16 Grad Scale: 262144   Required: 130 hours
Training: 2025-04-09 09:24:39,037-Speed 79.48 samples/sec   Loss 0.1361   LearningRate 0.000927   Epoch: 14   Global Step: 20710   Fp16 Grad Scale: 262144   Required: 130 hours
Training: 2025-04-09 09:24:55,352-Speed 78.46 samples/sec   Loss 0.1247   LearningRate 0.000927   Epoch: 14   Global Step: 20720   Fp16 Grad Scale: 262144   Required: 130 hours
Training: 2025-04-09 09:25:11,616-Speed 78.70 samples/sec   Loss 0.0995   LearningRate 0.000927   Epoch: 14   Global Step: 20730   Fp16 Grad Scale: 262144   Required: 130 hours
Training: 2025-04-09 09:25:27,748-Speed 79.35 samples/sec   Loss 0.1145   LearningRate 0.000927   Epoch: 14   Global Step: 20740   Fp16 Grad Scale: 262144   Required: 130 hours
Training: 2025-04-09 09:25:43,855-Speed 79.47 samples/sec   Loss 0.1182   LearningRate 0.000927   Epoch: 14   Global Step: 20750   Fp16 Grad Scale: 262144   Required: 130 hours
Training: 2025-04-09 09:25:59,801-Speed 80.27 samples/sec   Loss 0.0704   LearningRate 0.000927   Epoch: 14   Global Step: 20760   Fp16 Grad Scale: 262144   Required: 130 hours
Training: 2025-04-09 09:26:16,523-Speed 76.55 samples/sec   Loss 0.0908   LearningRate 0.000927   Epoch: 14   Global Step: 20770   Fp16 Grad Scale: 262144   Required: 130 hours
Training: 2025-04-09 09:26:34,517-Speed 71.14 samples/sec   Loss 0.1081   LearningRate 0.000927   Epoch: 14   Global Step: 20780   Fp16 Grad Scale: 524288   Required: 130 hours
Training: 2025-04-09 09:26:52,915-Speed 69.57 samples/sec   Loss 0.1259   LearningRate 0.000927   Epoch: 14   Global Step: 20790   Fp16 Grad Scale: 524288   Required: 130 hours
Training: 2025-04-09 09:27:10,346-Speed 73.44 samples/sec   Loss 0.1045   LearningRate 0.000927   Epoch: 14   Global Step: 20800   Fp16 Grad Scale: 524288   Required: 130 hours
Training: 2025-04-09 09:27:26,770-Speed 77.93 samples/sec   Loss 0.0884   LearningRate 0.000927   Epoch: 14   Global Step: 20810   Fp16 Grad Scale: 524288   Required: 130 hours
Training: 2025-04-09 09:27:42,877-Speed 79.47 samples/sec   Loss 0.1157   LearningRate 0.000927   Epoch: 14   Global Step: 20820   Fp16 Grad Scale: 524288   Required: 130 hours
Training: 2025-04-09 09:27:59,286-Speed 78.01 samples/sec   Loss 0.0601   LearningRate 0.000927   Epoch: 14   Global Step: 20830   Fp16 Grad Scale: 524288   Required: 130 hours
Training: 2025-04-09 09:28:15,340-Speed 79.74 samples/sec   Loss 0.0733   LearningRate 0.000927   Epoch: 14   Global Step: 20840   Fp16 Grad Scale: 524288   Required: 130 hours
Training: 2025-04-09 09:28:31,612-Speed 78.67 samples/sec   Loss 0.1180   LearningRate 0.000927   Epoch: 14   Global Step: 20850   Fp16 Grad Scale: 524288   Required: 130 hours
Training: 2025-04-09 09:28:51,995-Speed 78.97 samples/sec   Loss 0.1743   LearningRate 0.000927   Epoch: 14   Global Step: 20860   Fp16 Grad Scale: 524288   Required: 130 hours
Training: 2025-04-09 09:29:10,037-Speed 70.94 samples/sec   Loss 0.1120   LearningRate 0.000927   Epoch: 14   Global Step: 20870   Fp16 Grad Scale: 524288   Required: 130 hours
Training: 2025-04-09 09:29:26,209-Speed 79.15 samples/sec   Loss 0.1219   LearningRate 0.000927   Epoch: 14   Global Step: 20880   Fp16 Grad Scale: 524288   Required: 130 hours
Training: 2025-04-09 09:29:42,473-Speed 78.71 samples/sec   Loss 0.1163   LearningRate 0.000927   Epoch: 14   Global Step: 20890   Fp16 Grad Scale: 524288   Required: 130 hours
Training: 2025-04-09 09:29:58,461-Speed 80.06 samples/sec   Loss 0.0750   LearningRate 0.000927   Epoch: 14   Global Step: 20900   Fp16 Grad Scale: 524288   Required: 130 hours
Training: 2025-04-09 09:30:14,535-Speed 79.63 samples/sec   Loss 0.0900   LearningRate 0.000927   Epoch: 14   Global Step: 20910   Fp16 Grad Scale: 524288   Required: 130 hours
Training: 2025-04-09 09:30:30,609-Speed 79.63 samples/sec   Loss 0.0855   LearningRate 0.000927   Epoch: 14   Global Step: 20920   Fp16 Grad Scale: 524288   Required: 130 hours
Training: 2025-04-09 09:30:46,383-Speed 81.15 samples/sec   Loss 0.1450   LearningRate 0.000927   Epoch: 14   Global Step: 20930   Fp16 Grad Scale: 524288   Required: 130 hours
Training: 2025-04-09 09:31:02,380-Speed 80.02 samples/sec   Loss 0.0541   LearningRate 0.000927   Epoch: 14   Global Step: 20940   Fp16 Grad Scale: 524288   Required: 130 hours
Training: 2025-04-09 09:31:18,706-Speed 78.41 samples/sec   Loss 0.1160   LearningRate 0.000927   Epoch: 14   Global Step: 20950   Fp16 Grad Scale: 524288   Required: 130 hours
Training: 2025-04-09 09:31:34,736-Speed 79.85 samples/sec   Loss 0.0912   LearningRate 0.000927   Epoch: 14   Global Step: 20960   Fp16 Grad Scale: 524288   Required: 130 hours
Training: 2025-04-09 09:31:50,953-Speed 78.93 samples/sec   Loss 0.1145   LearningRate 0.000926   Epoch: 14   Global Step: 20970   Fp16 Grad Scale: 524288   Required: 130 hours
Training: 2025-04-09 09:32:06,870-Speed 80.42 samples/sec   Loss 0.1126   LearningRate 0.000926   Epoch: 14   Global Step: 20980   Fp16 Grad Scale: 524288   Required: 130 hours
Training: 2025-04-09 09:32:23,124-Speed 78.75 samples/sec   Loss 0.1193   LearningRate 0.000926   Epoch: 14   Global Step: 20990   Fp16 Grad Scale: 524288   Required: 130 hours
Training: 2025-04-09 09:32:39,078-Speed 80.23 samples/sec   Loss 0.1109   LearningRate 0.000926   Epoch: 14   Global Step: 21000   Fp16 Grad Scale: 524288   Required: 130 hours
Training: 2025-04-09 09:32:55,083-Speed 79.98 samples/sec   Loss 0.0843   LearningRate 0.000926   Epoch: 14   Global Step: 21010   Fp16 Grad Scale: 524288   Required: 130 hours
Training: 2025-04-09 09:33:11,066-Speed 80.09 samples/sec   Loss 0.1077   LearningRate 0.000926   Epoch: 14   Global Step: 21020   Fp16 Grad Scale: 524288   Required: 130 hours
Training: 2025-04-09 09:33:27,113-Speed 79.77 samples/sec   Loss 0.1064   LearningRate 0.000926   Epoch: 14   Global Step: 21030   Fp16 Grad Scale: 524288   Required: 130 hours
Training: 2025-04-09 09:33:43,405-Speed 78.57 samples/sec   Loss 0.1032   LearningRate 0.000926   Epoch: 14   Global Step: 21040   Fp16 Grad Scale: 524288   Required: 130 hours
Training: 2025-04-09 09:34:03,458-Speed 79.25 samples/sec   Loss 0.0521   LearningRate 0.000926   Epoch: 14   Global Step: 21050   Fp16 Grad Scale: 524288   Required: 130 hours
Training: 2025-04-09 09:34:20,861-Speed 73.55 samples/sec   Loss 0.0873   LearningRate 0.000926   Epoch: 14   Global Step: 21060   Fp16 Grad Scale: 524288   Required: 130 hours
Training: 2025-04-09 09:34:36,832-Speed 80.15 samples/sec   Loss 0.1261   LearningRate 0.000926   Epoch: 14   Global Step: 21070   Fp16 Grad Scale: 524288   Required: 130 hours
Training: 2025-04-09 09:34:52,846-Speed 79.93 samples/sec   Loss 0.1054   LearningRate 0.000926   Epoch: 14   Global Step: 21080   Fp16 Grad Scale: 1048576   Required: 130 hours
Training: 2025-04-09 09:35:08,814-Speed 80.16 samples/sec   Loss 0.0917   LearningRate 0.000926   Epoch: 14   Global Step: 21090   Fp16 Grad Scale: 524288   Required: 130 hours
Training: 2025-04-09 09:35:24,794-Speed 80.10 samples/sec   Loss 0.1369   LearningRate 0.000926   Epoch: 14   Global Step: 21100   Fp16 Grad Scale: 524288   Required: 130 hours
Training: 2025-04-09 09:35:40,885-Speed 79.55 samples/sec   Loss 0.0722   LearningRate 0.000926   Epoch: 14   Global Step: 21110   Fp16 Grad Scale: 524288   Required: 130 hours
Training: 2025-04-09 09:35:57,169-Speed 78.61 samples/sec   Loss 0.0867   LearningRate 0.000926   Epoch: 14   Global Step: 21120   Fp16 Grad Scale: 524288   Required: 130 hours
Training: 2025-04-09 09:36:13,399-Speed 78.87 samples/sec   Loss 0.0956   LearningRate 0.000926   Epoch: 14   Global Step: 21130   Fp16 Grad Scale: 524288   Required: 130 hours
Training: 2025-04-09 09:36:29,351-Speed 80.25 samples/sec   Loss 0.1166   LearningRate 0.000926   Epoch: 14   Global Step: 21140   Fp16 Grad Scale: 524288   Required: 130 hours
Training: 2025-04-09 09:36:45,355-Speed 79.98 samples/sec   Loss 0.0785   LearningRate 0.000926   Epoch: 14   Global Step: 21150   Fp16 Grad Scale: 524288   Required: 130 hours
Training: 2025-04-09 09:37:01,459-Speed 79.48 samples/sec   Loss 0.0758   LearningRate 0.000926   Epoch: 14   Global Step: 21160   Fp16 Grad Scale: 524288   Required: 130 hours
Training: 2025-04-09 09:37:17,505-Speed 79.78 samples/sec   Loss 0.1275   LearningRate 0.000926   Epoch: 14   Global Step: 21170   Fp16 Grad Scale: 524288   Required: 130 hours
Training: 2025-04-09 09:37:33,483-Speed 80.11 samples/sec   Loss 0.1247   LearningRate 0.000926   Epoch: 14   Global Step: 21180   Fp16 Grad Scale: 524288   Required: 130 hours
Training: 2025-04-09 09:37:49,614-Speed 79.35 samples/sec   Loss 0.1291   LearningRate 0.000926   Epoch: 14   Global Step: 21190   Fp16 Grad Scale: 1048576   Required: 130 hours
Training: 2025-04-09 09:38:05,748-Speed 79.34 samples/sec   Loss 0.1192   LearningRate 0.000926   Epoch: 14   Global Step: 21200   Fp16 Grad Scale: 524288   Required: 130 hours
Training: 2025-04-09 09:38:21,943-Speed 79.04 samples/sec   Loss 0.1231   LearningRate 0.000926   Epoch: 14   Global Step: 21210   Fp16 Grad Scale: 524288   Required: 130 hours
Training: 2025-04-09 09:38:38,144-Speed 79.01 samples/sec   Loss 0.1484   LearningRate 0.000926   Epoch: 14   Global Step: 21220   Fp16 Grad Scale: 524288   Required: 130 hours
Training: 2025-04-09 09:38:54,272-Speed 79.37 samples/sec   Loss 0.0743   LearningRate 0.000926   Epoch: 14   Global Step: 21230   Fp16 Grad Scale: 524288   Required: 130 hours
Training: 2025-04-09 09:39:11,977-Speed 72.30 samples/sec   Loss 0.0925   LearningRate 0.000926   Epoch: 14   Global Step: 21240   Fp16 Grad Scale: 524288   Required: 130 hours
Training: 2025-04-09 09:39:27,851-Speed 80.64 samples/sec   Loss 0.0537   LearningRate 0.000925   Epoch: 14   Global Step: 21250   Fp16 Grad Scale: 524288   Required: 130 hours
Training: 2025-04-09 09:39:43,862-Speed 79.95 samples/sec   Loss 0.1389   LearningRate 0.000925   Epoch: 14   Global Step: 21260   Fp16 Grad Scale: 524288   Required: 130 hours
Training: 2025-04-09 09:39:59,900-Speed 79.81 samples/sec   Loss 0.1534   LearningRate 0.000925   Epoch: 14   Global Step: 21270   Fp16 Grad Scale: 524288   Required: 130 hours
Training: 2025-04-09 09:40:16,018-Speed 79.42 samples/sec   Loss 0.1280   LearningRate 0.000925   Epoch: 14   Global Step: 21280   Fp16 Grad Scale: 524288   Required: 130 hours
Training: 2025-04-09 09:40:32,076-Speed 79.71 samples/sec   Loss 0.1419   LearningRate 0.000925   Epoch: 14   Global Step: 21290   Fp16 Grad Scale: 524288   Required: 130 hours
Training: 2025-04-09 09:40:48,216-Speed 79.31 samples/sec   Loss 0.1211   LearningRate 0.000925   Epoch: 14   Global Step: 21300   Fp16 Grad Scale: 524288   Required: 130 hours
Training: 2025-04-09 09:41:04,301-Speed 79.58 samples/sec   Loss 0.1599   LearningRate 0.000925   Epoch: 14   Global Step: 21310   Fp16 Grad Scale: 524288   Required: 130 hours
Training: 2025-04-09 09:41:20,372-Speed 79.65 samples/sec   Loss 0.1043   LearningRate 0.000925   Epoch: 14   Global Step: 21320   Fp16 Grad Scale: 524288   Required: 130 hours
Training: 2025-04-09 09:41:36,498-Speed 79.38 samples/sec   Loss 0.1143   LearningRate 0.000925   Epoch: 14   Global Step: 21330   Fp16 Grad Scale: 524288   Required: 130 hours
Training: 2025-04-09 09:41:52,463-Speed 80.17 samples/sec   Loss 0.0753   LearningRate 0.000925   Epoch: 14   Global Step: 21340   Fp16 Grad Scale: 524288   Required: 130 hours
Training: 2025-04-09 09:42:08,465-Speed 79.99 samples/sec   Loss 0.1749   LearningRate 0.000925   Epoch: 14   Global Step: 21350   Fp16 Grad Scale: 262144   Required: 130 hours
Training: 2025-04-09 09:42:24,502-Speed 79.82 samples/sec   Loss 0.0692   LearningRate 0.000925   Epoch: 14   Global Step: 21360   Fp16 Grad Scale: 262144   Required: 130 hours
Training: 2025-04-09 09:42:40,612-Speed 79.46 samples/sec   Loss 0.1170   LearningRate 0.000925   Epoch: 14   Global Step: 21370   Fp16 Grad Scale: 262144   Required: 130 hours
Training: 2025-04-09 09:42:56,873-Speed 78.72 samples/sec   Loss 0.0784   LearningRate 0.000925   Epoch: 14   Global Step: 21380   Fp16 Grad Scale: 262144   Required: 130 hours
Training: 2025-04-09 09:43:13,037-Speed 79.19 samples/sec   Loss 0.1386   LearningRate 0.000925   Epoch: 14   Global Step: 21390   Fp16 Grad Scale: 262144   Required: 130 hours
Training: 2025-04-09 09:43:29,183-Speed 79.28 samples/sec   Loss 0.1015   LearningRate 0.000925   Epoch: 14   Global Step: 21400   Fp16 Grad Scale: 262144   Required: 130 hours
Training: 2025-04-09 09:43:47,605-Speed 69.49 samples/sec   Loss 0.0954   LearningRate 0.000925   Epoch: 15   Global Step: 21410   Fp16 Grad Scale: 262144   Required: 130 hours
Training: 2025-04-09 09:44:02,792-Speed 84.28 samples/sec   Loss 0.1733   LearningRate 0.000925   Epoch: 15   Global Step: 21420   Fp16 Grad Scale: 262144   Required: 130 hours
Training: 2025-04-09 09:44:24,880-Speed 74.78 samples/sec   Loss 0.1665   LearningRate 0.000925   Epoch: 15   Global Step: 21430   Fp16 Grad Scale: 262144   Required: 130 hours
Training: 2025-04-09 09:44:40,182-Speed 83.66 samples/sec   Loss 0.0692   LearningRate 0.000925   Epoch: 15   Global Step: 21440   Fp16 Grad Scale: 262144   Required: 130 hours
Training: 2025-04-09 09:44:55,560-Speed 83.23 samples/sec   Loss 0.0744   LearningRate 0.000925   Epoch: 15   Global Step: 21450   Fp16 Grad Scale: 524288   Required: 130 hours
Training: 2025-04-09 09:45:10,961-Speed 83.11 samples/sec   Loss 0.0765   LearningRate 0.000925   Epoch: 15   Global Step: 21460   Fp16 Grad Scale: 524288   Required: 130 hours
Training: 2025-04-09 09:45:26,241-Speed 83.77 samples/sec   Loss 0.0511   LearningRate 0.000925   Epoch: 15   Global Step: 21470   Fp16 Grad Scale: 524288   Required: 130 hours
Training: 2025-04-09 09:45:41,519-Speed 83.79 samples/sec   Loss 0.0597   LearningRate 0.000925   Epoch: 15   Global Step: 21480   Fp16 Grad Scale: 524288   Required: 130 hours
Training: 2025-04-09 09:45:56,877-Speed 83.34 samples/sec   Loss 0.0409   LearningRate 0.000925   Epoch: 15   Global Step: 21490   Fp16 Grad Scale: 524288   Required: 130 hours
Training: 2025-04-09 09:46:12,158-Speed 83.77 samples/sec   Loss 0.1199   LearningRate 0.000925   Epoch: 15   Global Step: 21500   Fp16 Grad Scale: 524288   Required: 130 hours
Training: 2025-04-09 09:46:27,375-Speed 84.12 samples/sec   Loss 0.0417   LearningRate 0.000925   Epoch: 15   Global Step: 21510   Fp16 Grad Scale: 524288   Required: 130 hours
Training: 2025-04-09 09:46:42,636-Speed 83.88 samples/sec   Loss 0.0469   LearningRate 0.000925   Epoch: 15   Global Step: 21520   Fp16 Grad Scale: 524288   Required: 129 hours
Training: 2025-04-09 09:46:57,986-Speed 83.39 samples/sec   Loss 0.1146   LearningRate 0.000925   Epoch: 15   Global Step: 21530   Fp16 Grad Scale: 524288   Required: 129 hours
Training: 2025-04-09 09:47:13,286-Speed 83.66 samples/sec   Loss 0.0753   LearningRate 0.000924   Epoch: 15   Global Step: 21540   Fp16 Grad Scale: 524288   Required: 129 hours
Training: 2025-04-09 09:47:28,571-Speed 83.75 samples/sec   Loss 0.0649   LearningRate 0.000924   Epoch: 15   Global Step: 21550   Fp16 Grad Scale: 1048576   Required: 129 hours
Training: 2025-04-09 09:47:43,887-Speed 83.57 samples/sec   Loss 0.0959   LearningRate 0.000924   Epoch: 15   Global Step: 21560   Fp16 Grad Scale: 1048576   Required: 129 hours
Training: 2025-04-09 09:47:59,169-Speed 83.76 samples/sec   Loss 0.0728   LearningRate 0.000924   Epoch: 15   Global Step: 21570   Fp16 Grad Scale: 524288   Required: 129 hours
Training: 2025-04-09 09:48:14,500-Speed 83.49 samples/sec   Loss 0.0827   LearningRate 0.000924   Epoch: 15   Global Step: 21580   Fp16 Grad Scale: 524288   Required: 129 hours
Training: 2025-04-09 09:48:29,710-Speed 84.16 samples/sec   Loss 0.0687   LearningRate 0.000924   Epoch: 15   Global Step: 21590   Fp16 Grad Scale: 524288   Required: 129 hours
Training: 2025-04-09 09:48:44,975-Speed 83.86 samples/sec   Loss 0.0638   LearningRate 0.000924   Epoch: 15   Global Step: 21600   Fp16 Grad Scale: 524288   Required: 129 hours
Training: 2025-04-09 09:49:00,210-Speed 84.02 samples/sec   Loss 0.1103   LearningRate 0.000924   Epoch: 15   Global Step: 21610   Fp16 Grad Scale: 524288   Required: 129 hours
Training: 2025-04-09 09:49:16,606-Speed 78.07 samples/sec   Loss 0.0469   LearningRate 0.000924   Epoch: 15   Global Step: 21620   Fp16 Grad Scale: 524288   Required: 129 hours
Training: 2025-04-09 09:49:32,974-Speed 78.20 samples/sec   Loss 0.0573   LearningRate 0.000924   Epoch: 15   Global Step: 21630   Fp16 Grad Scale: 524288   Required: 129 hours
Training: 2025-04-09 09:49:48,230-Speed 83.91 samples/sec   Loss 0.1027   LearningRate 0.000924   Epoch: 15   Global Step: 21640   Fp16 Grad Scale: 524288   Required: 129 hours
Training: 2025-04-09 09:50:03,575-Speed 83.42 samples/sec   Loss 0.0472   LearningRate 0.000924   Epoch: 15   Global Step: 21650   Fp16 Grad Scale: 524288   Required: 129 hours
Training: 2025-04-09 09:50:18,877-Speed 83.65 samples/sec   Loss 0.0519   LearningRate 0.000924   Epoch: 15   Global Step: 21660   Fp16 Grad Scale: 524288   Required: 129 hours
Training: 2025-04-09 09:50:34,090-Speed 84.14 samples/sec   Loss 0.0953   LearningRate 0.000924   Epoch: 15   Global Step: 21670   Fp16 Grad Scale: 1048576   Required: 129 hours
Training: 2025-04-09 09:50:49,422-Speed 83.49 samples/sec   Loss 0.0618   LearningRate 0.000924   Epoch: 15   Global Step: 21680   Fp16 Grad Scale: 524288   Required: 129 hours
Training: 2025-04-09 09:51:04,643-Speed 84.10 samples/sec   Loss 0.0551   LearningRate 0.000924   Epoch: 15   Global Step: 21690   Fp16 Grad Scale: 524288   Required: 129 hours
Training: 2025-04-09 09:51:20,021-Speed 83.24 samples/sec   Loss 0.1017   LearningRate 0.000924   Epoch: 15   Global Step: 21700   Fp16 Grad Scale: 524288   Required: 129 hours
Training: 2025-04-09 09:51:35,345-Speed 83.54 samples/sec   Loss 0.0676   LearningRate 0.000924   Epoch: 15   Global Step: 21710   Fp16 Grad Scale: 524288   Required: 129 hours
Training: 2025-04-09 09:51:50,686-Speed 83.43 samples/sec   Loss 0.0712   LearningRate 0.000924   Epoch: 15   Global Step: 21720   Fp16 Grad Scale: 524288   Required: 129 hours
Training: 2025-04-09 09:52:06,069-Speed 83.21 samples/sec   Loss 0.0767   LearningRate 0.000924   Epoch: 15   Global Step: 21730   Fp16 Grad Scale: 524288   Required: 129 hours
Training: 2025-04-09 09:52:21,451-Speed 83.22 samples/sec   Loss 0.0842   LearningRate 0.000924   Epoch: 15   Global Step: 21740   Fp16 Grad Scale: 524288   Required: 129 hours
Training: 2025-04-09 09:52:36,679-Speed 84.06 samples/sec   Loss 0.1399   LearningRate 0.000924   Epoch: 15   Global Step: 21750   Fp16 Grad Scale: 524288   Required: 129 hours
Training: 2025-04-09 09:52:52,144-Speed 82.77 samples/sec   Loss 0.1553   LearningRate 0.000924   Epoch: 15   Global Step: 21760   Fp16 Grad Scale: 524288   Required: 129 hours
Training: 2025-04-09 09:53:07,354-Speed 84.16 samples/sec   Loss 0.0760   LearningRate 0.000924   Epoch: 15   Global Step: 21770   Fp16 Grad Scale: 262144   Required: 129 hours
Training: 2025-04-09 09:53:22,825-Speed 82.74 samples/sec   Loss 0.0680   LearningRate 0.000924   Epoch: 15   Global Step: 21780   Fp16 Grad Scale: 262144   Required: 129 hours
Training: 2025-04-09 09:53:38,062-Speed 84.01 samples/sec   Loss 0.0626   LearningRate 0.000924   Epoch: 15   Global Step: 21790   Fp16 Grad Scale: 262144   Required: 129 hours
Training: 2025-04-09 09:53:53,481-Speed 83.02 samples/sec   Loss 0.0677   LearningRate 0.000924   Epoch: 15   Global Step: 21800   Fp16 Grad Scale: 262144   Required: 129 hours
Training: 2025-04-09 09:54:08,757-Speed 83.79 samples/sec   Loss 0.0598   LearningRate 0.000924   Epoch: 15   Global Step: 21810   Fp16 Grad Scale: 262144   Required: 129 hours
Training: 2025-04-09 09:54:26,175-Speed 73.49 samples/sec   Loss 0.1171   LearningRate 0.000923   Epoch: 15   Global Step: 21820   Fp16 Grad Scale: 262144   Required: 129 hours
Training: 2025-04-09 09:54:41,524-Speed 83.39 samples/sec   Loss 0.0689   LearningRate 0.000923   Epoch: 15   Global Step: 21830   Fp16 Grad Scale: 262144   Required: 129 hours
Training: 2025-04-09 09:54:56,863-Speed 83.45 samples/sec   Loss 0.0957   LearningRate 0.000923   Epoch: 15   Global Step: 21840   Fp16 Grad Scale: 262144   Required: 129 hours
Training: 2025-04-09 09:55:12,133-Speed 83.83 samples/sec   Loss 0.1256   LearningRate 0.000923   Epoch: 15   Global Step: 21850   Fp16 Grad Scale: 262144   Required: 129 hours
Training: 2025-04-09 09:55:27,361-Speed 84.06 samples/sec   Loss 0.0890   LearningRate 0.000923   Epoch: 15   Global Step: 21860   Fp16 Grad Scale: 262144   Required: 129 hours
Training: 2025-04-09 09:55:42,804-Speed 82.89 samples/sec   Loss 0.1307   LearningRate 0.000923   Epoch: 15   Global Step: 21870   Fp16 Grad Scale: 524288   Required: 129 hours
Training: 2025-04-09 09:55:58,186-Speed 83.22 samples/sec   Loss 0.1410   LearningRate 0.000923   Epoch: 15   Global Step: 21880   Fp16 Grad Scale: 524288   Required: 129 hours
Training: 2025-04-09 09:56:13,775-Speed 82.11 samples/sec   Loss 0.0734   LearningRate 0.000923   Epoch: 15   Global Step: 21890   Fp16 Grad Scale: 524288   Required: 129 hours
Training: 2025-04-09 09:56:30,979-Speed 74.40 samples/sec   Loss 0.0861   LearningRate 0.000923   Epoch: 15   Global Step: 21900   Fp16 Grad Scale: 524288   Required: 129 hours
Training: 2025-04-09 09:56:48,224-Speed 74.23 samples/sec   Loss 0.0923   LearningRate 0.000923   Epoch: 15   Global Step: 21910   Fp16 Grad Scale: 524288   Required: 129 hours
Training: 2025-04-09 09:57:04,774-Speed 77.34 samples/sec   Loss 0.0888   LearningRate 0.000923   Epoch: 15   Global Step: 21920   Fp16 Grad Scale: 524288   Required: 129 hours
Training: 2025-04-09 09:57:20,152-Speed 83.24 samples/sec   Loss 0.1571   LearningRate 0.000923   Epoch: 15   Global Step: 21930   Fp16 Grad Scale: 262144   Required: 129 hours
Training: 2025-04-09 09:57:35,200-Speed 85.06 samples/sec   Loss 0.0838   LearningRate 0.000923   Epoch: 15   Global Step: 21940   Fp16 Grad Scale: 262144   Required: 129 hours
Training: 2025-04-09 09:57:50,452-Speed 83.93 samples/sec   Loss 0.1259   LearningRate 0.000923   Epoch: 15   Global Step: 21950   Fp16 Grad Scale: 262144   Required: 129 hours
Training: 2025-04-09 09:58:05,959-Speed 82.54 samples/sec   Loss 0.1216   LearningRate 0.000923   Epoch: 15   Global Step: 21960   Fp16 Grad Scale: 262144   Required: 129 hours
Training: 2025-04-09 09:58:21,372-Speed 83.05 samples/sec   Loss 0.0480   LearningRate 0.000923   Epoch: 15   Global Step: 21970   Fp16 Grad Scale: 262144   Required: 129 hours
Training: 2025-04-09 09:58:36,518-Speed 84.51 samples/sec   Loss 0.1064   LearningRate 0.000923   Epoch: 15   Global Step: 21980   Fp16 Grad Scale: 262144   Required: 129 hours
Training: 2025-04-09 09:58:51,656-Speed 84.56 samples/sec   Loss 0.1067   LearningRate 0.000923   Epoch: 15   Global Step: 21990   Fp16 Grad Scale: 262144   Required: 129 hours
Training: 2025-04-09 09:59:07,202-Speed 82.34 samples/sec   Loss 0.0569   LearningRate 0.000923   Epoch: 15   Global Step: 22000   Fp16 Grad Scale: 262144   Required: 129 hours
Batch 0: torch.Size([128, 3, 64, 512])
batch.shape: torch.Size([128, 3, 64, 512])
batch.min(): -1.0
batch.max(): 1.0
batch.device: cuda:0
net_out.shape: torch.Size([128, 512])
num_nans: 0
num_non_nans: 65536
Batch 1: torch.Size([128, 3, 64, 512])
batch.shape: torch.Size([128, 3, 64, 512])
batch.min(): -1.0
batch.max(): 1.0
batch.device: cuda:0
net_out.shape: torch.Size([128, 512])
num_nans: 0
num_non_nans: 65536
Batch 2: torch.Size([128, 3, 64, 512])
batch.shape: torch.Size([128, 3, 64, 512])
batch.min(): -1.0
batch.max(): 1.0
batch.device: cuda:0
net_out.shape: torch.Size([128, 512])
num_nans: 0
num_non_nans: 65536
Batch 3: torch.Size([128, 3, 64, 512])
batch.shape: torch.Size([128, 3, 64, 512])
batch.min(): -1.0
batch.max(): 1.0
batch.device: cuda:0
net_out.shape: torch.Size([128, 512])
num_nans: 0
num_non_nans: 65536
Batch 4: torch.Size([128, 3, 64, 512])
batch.shape: torch.Size([128, 3, 64, 512])
batch.min(): -1.0
batch.max(): 1.0
batch.device: cuda:0
net_out.shape: torch.Size([128, 512])
num_nans: 0
num_non_nans: 65536
Batch 5: torch.Size([128, 3, 64, 512])
batch.shape: torch.Size([128, 3, 64, 512])
batch.min(): -1.0
batch.max(): 1.0
batch.device: cuda:0
net_out.shape: torch.Size([128, 512])
num_nans: 0
num_non_nans: 65536
Batch 6: torch.Size([128, 3, 64, 512])
batch.shape: torch.Size([128, 3, 64, 512])
batch.min(): -1.0
batch.max(): 1.0
batch.device: cuda:0
net_out.shape: torch.Size([128, 512])
num_nans: 0
num_non_nans: 65536
Batch 7: torch.Size([128, 3, 64, 512])
batch.shape: torch.Size([128, 3, 64, 512])
batch.min(): -1.0
batch.max(): 1.0
batch.device: cuda:0
net_out.shape: torch.Size([128, 512])
num_nans: 0
num_non_nans: 65536
Batch 8: torch.Size([128, 3, 64, 512])
batch.shape: torch.Size([128, 3, 64, 512])
batch.min(): -1.0
batch.max(): 1.0
batch.device: cuda:0
net_out.shape: torch.Size([128, 512])
num_nans: 0
num_non_nans: 65536
Batch 9: torch.Size([128, 3, 64, 512])
batch.shape: torch.Size([128, 3, 64, 512])
batch.min(): -1.0
batch.max(): 1.0
batch.device: cuda:0
net_out.shape: torch.Size([128, 512])
num_nans: 0
num_non_nans: 65536
Batch 10: torch.Size([128, 3, 64, 512])
batch.shape: torch.Size([128, 3, 64, 512])
batch.min(): -1.0
batch.max(): 1.0
batch.device: cuda:0
net_out.shape: torch.Size([128, 512])
num_nans: 0
num_non_nans: 65536
Batch 11: torch.Size([128, 3, 64, 512])
batch.shape: torch.Size([128, 3, 64, 512])
batch.min(): -1.0
batch.max(): 1.0
batch.device: cuda:0
net_out.shape: torch.Size([128, 512])
num_nans: 0
num_non_nans: 65536
Batch 12: torch.Size([128, 3, 64, 512])
batch.shape: torch.Size([128, 3, 64, 512])
batch.min(): -1.0
batch.max(): 1.0
batch.device: cuda:0
net_out.shape: torch.Size([128, 512])
num_nans: 0
num_non_nans: 65536
Batch 13: torch.Size([128, 3, 64, 512])
batch.shape: torch.Size([128, 3, 64, 512])
batch.min(): -1.0
batch.max(): 1.0
batch.device: cuda:0
net_out.shape: torch.Size([128, 512])
num_nans: 0
num_non_nans: 65536
Batch 14: torch.Size([128, 3, 64, 512])
batch.shape: torch.Size([128, 3, 64, 512])
batch.min(): -1.0
batch.max(): 1.0
batch.device: cuda:0
net_out.shape: torch.Size([128, 512])
num_nans: 0
num_non_nans: 65536
Batch 15: torch.Size([128, 3, 64, 512])
batch.shape: torch.Size([128, 3, 64, 512])
batch.min(): -1.0
batch.max(): 1.0
batch.device: cuda:0
net_out.shape: torch.Size([128, 512])
num_nans: 0
num_non_nans: 65536
Batch 16: torch.Size([128, 3, 64, 512])
batch.shape: torch.Size([128, 3, 64, 512])
batch.min(): -1.0
batch.max(): 1.0
batch.device: cuda:0
net_out.shape: torch.Size([128, 512])
num_nans: 0
num_non_nans: 65536
Batch 17: torch.Size([128, 3, 64, 512])
batch.shape: torch.Size([128, 3, 64, 512])
batch.min(): -1.0
batch.max(): 1.0
batch.device: cuda:0
net_out.shape: torch.Size([128, 512])
num_nans: 0
num_non_nans: 65536
Batch 18: torch.Size([128, 3, 64, 512])
batch.shape: torch.Size([128, 3, 64, 512])
batch.min(): -1.0
batch.max(): 1.0
batch.device: cuda:0
net_out.shape: torch.Size([128, 512])
num_nans: 0
num_non_nans: 65536
Batch 19: torch.Size([128, 3, 64, 512])
batch.shape: torch.Size([128, 3, 64, 512])
batch.min(): -1.0
batch.max(): 1.0
batch.device: cuda:0
net_out.shape: torch.Size([128, 512])
num_nans: 0
num_non_nans: 65536
Batch 20: torch.Size([128, 3, 64, 512])
batch.shape: torch.Size([128, 3, 64, 512])
batch.min(): -1.0
batch.max(): 1.0
batch.device: cuda:0
net_out.shape: torch.Size([128, 512])
num_nans: 0
num_non_nans: 65536
Batch 21: torch.Size([128, 3, 64, 512])
batch.shape: torch.Size([128, 3, 64, 512])
batch.min(): -1.0
batch.max(): 1.0
batch.device: cuda:0
net_out.shape: torch.Size([128, 512])
num_nans: 0
num_non_nans: 65536
Batch 22: torch.Size([128, 3, 64, 512])
batch.shape: torch.Size([128, 3, 64, 512])
batch.min(): -1.0
batch.max(): 1.0
batch.device: cuda:0
net_out.shape: torch.Size([128, 512])
num_nans: 0
num_non_nans: 65536
Batch 23: torch.Size([128, 3, 64, 512])
batch.shape: torch.Size([128, 3, 64, 512])
batch.min(): -1.0
batch.max(): 1.0
batch.device: cuda:0
net_out.shape: torch.Size([128, 512])
num_nans: 0
num_non_nans: 65536
Batch 24: torch.Size([128, 3, 64, 512])
batch.shape: torch.Size([128, 3, 64, 512])
batch.min(): -1.0
batch.max(): 1.0
batch.device: cuda:0
net_out.shape: torch.Size([128, 512])
num_nans: 0
num_non_nans: 65536
Batch 25: torch.Size([128, 3, 64, 512])
batch.shape: torch.Size([128, 3, 64, 512])
batch.min(): -1.0
batch.max(): 1.0
batch.device: cuda:0
net_out.shape: torch.Size([128, 512])
num_nans: 0
num_non_nans: 65536
Batch 26: torch.Size([128, 3, 64, 512])
batch.shape: torch.Size([128, 3, 64, 512])
batch.min(): -1.0
batch.max(): 1.0
batch.device: cuda:0
net_out.shape: torch.Size([128, 512])
num_nans: 0
num_non_nans: 65536
Batch 27: torch.Size([128, 3, 64, 512])
batch.shape: torch.Size([128, 3, 64, 512])
batch.min(): -1.0
batch.max(): 1.0
batch.device: cuda:0
net_out.shape: torch.Size([128, 512])
num_nans: 0
num_non_nans: 65536
Batch 28: torch.Size([128, 3, 64, 512])
batch.shape: torch.Size([128, 3, 64, 512])
batch.min(): -1.0
batch.max(): 1.0
batch.device: cuda:0
net_out.shape: torch.Size([128, 512])
num_nans: 0
num_non_nans: 65536
Batch 29: torch.Size([128, 3, 64, 512])
batch.shape: torch.Size([128, 3, 64, 512])
batch.min(): -1.0
batch.max(): 1.0
batch.device: cuda:0
net_out.shape: torch.Size([128, 512])
num_nans: 0
num_non_nans: 65536
Batch 30: torch.Size([128, 3, 64, 512])
batch.shape: torch.Size([128, 3, 64, 512])
batch.min(): -1.0
batch.max(): 1.0
batch.device: cuda:0
net_out.shape: torch.Size([128, 512])
num_nans: 0
num_non_nans: 65536
Batch 31: torch.Size([128, 3, 64, 512])
batch.shape: torch.Size([128, 3, 64, 512])
batch.min(): -1.0
batch.max(): 1.0
batch.device: cuda:0
net_out.shape: torch.Size([128, 512])
num_nans: 0
num_non_nans: 65536
Batch 32: torch.Size([128, 3, 64, 512])
batch.shape: torch.Size([128, 3, 64, 512])
batch.min(): -1.0
batch.max(): 1.0
batch.device: cuda:0
net_out.shape: torch.Size([128, 512])
num_nans: 0
num_non_nans: 65536
Batch 33: torch.Size([128, 3, 64, 512])
batch.shape: torch.Size([128, 3, 64, 512])
batch.min(): -1.0
batch.max(): 1.0
batch.device: cuda:0
net_out.shape: torch.Size([128, 512])
num_nans: 0
num_non_nans: 65536
Batch 34: torch.Size([128, 3, 64, 512])
batch.shape: torch.Size([128, 3, 64, 512])
batch.min(): -1.0
batch.max(): 1.0
batch.device: cuda:0
net_out.shape: torch.Size([128, 512])
num_nans: 0
num_non_nans: 65536
Batch 35: torch.Size([128, 3, 64, 512])
batch.shape: torch.Size([128, 3, 64, 512])
batch.min(): -1.0
batch.max(): 1.0
batch.device: cuda:0
net_out.shape: torch.Size([128, 512])
num_nans: 0
num_non_nans: 65536
Batch 36: torch.Size([128, 3, 64, 512])
batch.shape: torch.Size([128, 3, 64, 512])
batch.min(): -1.0
batch.max(): 1.0
batch.device: cuda:0
net_out.shape: torch.Size([128, 512])
num_nans: 0
num_non_nans: 65536
Batch 37: torch.Size([128, 3, 64, 512])
batch.shape: torch.Size([128, 3, 64, 512])
batch.min(): -1.0
batch.max(): 1.0
batch.device: cuda:0
net_out.shape: torch.Size([128, 512])
num_nans: 0
num_non_nans: 65536
Batch 38: torch.Size([128, 3, 64, 512])
batch.shape: torch.Size([128, 3, 64, 512])
batch.min(): -1.0
batch.max(): 1.0
batch.device: cuda:0
net_out.shape: torch.Size([128, 512])
num_nans: 0
num_non_nans: 65536
Batch 39: torch.Size([128, 3, 64, 512])
batch.shape: torch.Size([128, 3, 64, 512])
batch.min(): -1.0
batch.max(): 1.0
batch.device: cuda:0
net_out.shape: torch.Size([128, 512])
num_nans: 0
num_non_nans: 65536
Batch 40: torch.Size([128, 3, 64, 512])
batch.shape: torch.Size([128, 3, 64, 512])
batch.min(): -1.0
batch.max(): 1.0
batch.device: cuda:0
net_out.shape: torch.Size([128, 512])
num_nans: 0
num_non_nans: 65536
Batch 41: torch.Size([128, 3, 64, 512])
batch.shape: torch.Size([128, 3, 64, 512])
batch.min(): -1.0
batch.max(): 1.0
batch.device: cuda:0
net_out.shape: torch.Size([128, 512])
num_nans: 0
num_non_nans: 65536
Batch 42: torch.Size([128, 3, 64, 512])
batch.shape: torch.Size([128, 3, 64, 512])
batch.min(): -1.0
batch.max(): 1.0
batch.device: cuda:0
net_out.shape: torch.Size([128, 512])
num_nans: 0
num_non_nans: 65536
Batch 43: torch.Size([128, 3, 64, 512])
batch.shape: torch.Size([128, 3, 64, 512])
batch.min(): -1.0
batch.max(): 1.0
batch.device: cuda:0
net_out.shape: torch.Size([128, 512])
num_nans: 0
num_non_nans: 65536
Batch 44: torch.Size([128, 3, 64, 512])
batch.shape: torch.Size([128, 3, 64, 512])
batch.min(): -1.0
batch.max(): 1.0
batch.device: cuda:0
net_out.shape: torch.Size([128, 512])
num_nans: 0
num_non_nans: 65536
Batch 45: torch.Size([128, 3, 64, 512])
batch.shape: torch.Size([128, 3, 64, 512])
batch.min(): -1.0
batch.max(): 1.0
batch.device: cuda:0
net_out.shape: torch.Size([128, 512])
num_nans: 0
num_non_nans: 65536
Batch 46: torch.Size([128, 3, 64, 512])
batch.shape: torch.Size([128, 3, 64, 512])
batch.min(): -1.0
batch.max(): 1.0
batch.device: cuda:0
net_out.shape: torch.Size([128, 512])
num_nans: 0
num_non_nans: 65536
Batch 47: torch.Size([128, 3, 64, 512])
batch.shape: torch.Size([128, 3, 64, 512])
batch.min(): -1.0
batch.max(): 1.0
batch.device: cuda:0
net_out.shape: torch.Size([128, 512])
num_nans: 0
num_non_nans: 65536
Batch 48: torch.Size([128, 3, 64, 512])
batch.shape: torch.Size([128, 3, 64, 512])
batch.min(): -1.0
batch.max(): 1.0
batch.device: cuda:0
net_out.shape: torch.Size([128, 512])
num_nans: 0
num_non_nans: 65536
Batch 49: torch.Size([128, 3, 64, 512])
batch.shape: torch.Size([128, 3, 64, 512])
batch.min(): -1.0
batch.max(): 1.0
batch.device: cuda:0
net_out.shape: torch.Size([128, 512])
num_nans: 0
num_non_nans: 65536
Batch 50: torch.Size([128, 3, 64, 512])
batch.shape: torch.Size([128, 3, 64, 512])
batch.min(): -1.0
batch.max(): 1.0
batch.device: cuda:0
net_out.shape: torch.Size([128, 512])
num_nans: 0
num_non_nans: 65536
Batch 51: torch.Size([128, 3, 64, 512])
batch.shape: torch.Size([128, 3, 64, 512])
batch.min(): -1.0
batch.max(): 1.0
batch.device: cuda:0
net_out.shape: torch.Size([128, 512])
num_nans: 0
num_non_nans: 65536
Batch 52: torch.Size([128, 3, 64, 512])
batch.shape: torch.Size([128, 3, 64, 512])
batch.min(): -1.0
batch.max(): 1.0
batch.device: cuda:0
net_out.shape: torch.Size([128, 512])
num_nans: 0
num_non_nans: 65536
Batch 53: torch.Size([128, 3, 64, 512])
batch.shape: torch.Size([128, 3, 64, 512])
batch.min(): -1.0
batch.max(): 1.0
batch.device: cuda:0
net_out.shape: torch.Size([128, 512])
num_nans: 0
num_non_nans: 65536
Batch 54: torch.Size([128, 3, 64, 512])
batch.shape: torch.Size([128, 3, 64, 512])
batch.min(): -1.0
batch.max(): 1.0
batch.device: cuda:0
net_out.shape: torch.Size([128, 512])
num_nans: 0
num_non_nans: 65536
Batch 55: torch.Size([128, 3, 64, 512])
batch.shape: torch.Size([128, 3, 64, 512])
batch.min(): -1.0
batch.max(): 1.0
batch.device: cuda:0
net_out.shape: torch.Size([128, 512])
num_nans: 0
num_non_nans: 65536
Batch 56: torch.Size([128, 3, 64, 512])
batch.shape: torch.Size([128, 3, 64, 512])
batch.min(): -1.0
batch.max(): 1.0
batch.device: cuda:0
net_out.shape: torch.Size([128, 512])
num_nans: 0
num_non_nans: 65536
Batch 57: torch.Size([128, 3, 64, 512])
batch.shape: torch.Size([128, 3, 64, 512])
batch.min(): -1.0
batch.max(): 1.0
batch.device: cuda:0
net_out.shape: torch.Size([128, 512])
num_nans: 0
num_non_nans: 65536
Batch 58: torch.Size([128, 3, 64, 512])
batch.shape: torch.Size([128, 3, 64, 512])
batch.min(): -1.0
batch.max(): 1.0
batch.device: cuda:0
net_out.shape: torch.Size([128, 512])
num_nans: 0
num_non_nans: 65536
Batch 59: torch.Size([128, 3, 64, 512])
batch.shape: torch.Size([128, 3, 64, 512])
batch.min(): -1.0
batch.max(): 1.0
batch.device: cuda:0
net_out.shape: torch.Size([128, 512])
num_nans: 0
num_non_nans: 65536
Batch 60: torch.Size([128, 3, 64, 512])
batch.shape: torch.Size([128, 3, 64, 512])
batch.min(): -1.0
batch.max(): 1.0
batch.device: cuda:0
net_out.shape: torch.Size([128, 512])
num_nans: 0
num_non_nans: 65536
Batch 61: torch.Size([128, 3, 64, 512])
batch.shape: torch.Size([128, 3, 64, 512])
batch.min(): -1.0
batch.max(): 1.0
batch.device: cuda:0
net_out.shape: torch.Size([128, 512])
num_nans: 0
num_non_nans: 65536
Batch 62: torch.Size([128, 3, 64, 512])
batch.shape: torch.Size([128, 3, 64, 512])
batch.min(): -1.0
batch.max(): 1.0
batch.device: cuda:0
net_out.shape: torch.Size([128, 512])
num_nans: 0
num_non_nans: 65536
Batch 63: torch.Size([128, 3, 64, 512])
batch.shape: torch.Size([128, 3, 64, 512])
batch.min(): -1.0
batch.max(): 1.0
batch.device: cuda:0
net_out.shape: torch.Size([128, 512])
num_nans: 0
num_non_nans: 65536
Training: 2025-04-09 10:00:20,830-[val][Global step: 22000] d prime: 7.559816360473633
Model saved with d prime score: 7.559816360473633
Training: 2025-04-09 10:00:37,035-Speed 14.25 samples/sec   Loss 0.0531   LearningRate 0.000923   Epoch: 15   Global Step: 22010   Fp16 Grad Scale: 262144   Required: 129 hours
Training: 2025-04-09 10:00:52,439-Speed 83.10 samples/sec   Loss 0.0665   LearningRate 0.000923   Epoch: 15   Global Step: 22020   Fp16 Grad Scale: 262144   Required: 129 hours
Training: 2025-04-09 10:01:07,843-Speed 83.10 samples/sec   Loss 0.0879   LearningRate 0.000923   Epoch: 15   Global Step: 22030   Fp16 Grad Scale: 524288   Required: 129 hours
Training: 2025-04-09 10:01:23,098-Speed 83.91 samples/sec   Loss 0.0546   LearningRate 0.000923   Epoch: 15   Global Step: 22040   Fp16 Grad Scale: 524288   Required: 129 hours
Training: 2025-04-09 10:01:38,494-Speed 83.14 samples/sec   Loss 0.0841   LearningRate 0.000923   Epoch: 15   Global Step: 22050   Fp16 Grad Scale: 524288   Required: 129 hours
Training: 2025-04-09 10:01:53,825-Speed 83.49 samples/sec   Loss 0.0943   LearningRate 0.000923   Epoch: 15   Global Step: 22060   Fp16 Grad Scale: 524288   Required: 129 hours
Training: 2025-04-09 10:02:09,104-Speed 83.78 samples/sec   Loss 0.0592   LearningRate 0.000923   Epoch: 15   Global Step: 22070   Fp16 Grad Scale: 524288   Required: 129 hours
Training: 2025-04-09 10:02:24,524-Speed 83.01 samples/sec   Loss 0.0858   LearningRate 0.000923   Epoch: 15   Global Step: 22080   Fp16 Grad Scale: 524288   Required: 129 hours
Training: 2025-04-09 10:02:39,832-Speed 83.62 samples/sec   Loss 0.1061   LearningRate 0.000923   Epoch: 15   Global Step: 22090   Fp16 Grad Scale: 262144   Required: 129 hours
Training: 2025-04-09 10:02:55,467-Speed 81.87 samples/sec   Loss 0.0836   LearningRate 0.000923   Epoch: 15   Global Step: 22100   Fp16 Grad Scale: 262144   Required: 129 hours
Training: 2025-04-09 10:03:10,682-Speed 84.13 samples/sec   Loss 0.1012   LearningRate 0.000922   Epoch: 15   Global Step: 22110   Fp16 Grad Scale: 262144   Required: 129 hours
Training: 2025-04-09 10:03:25,931-Speed 83.94 samples/sec   Loss 0.0930   LearningRate 0.000922   Epoch: 15   Global Step: 22120   Fp16 Grad Scale: 262144   Required: 129 hours
Training: 2025-04-09 10:03:41,286-Speed 83.36 samples/sec   Loss 0.0910   LearningRate 0.000922   Epoch: 15   Global Step: 22130   Fp16 Grad Scale: 262144   Required: 129 hours
Training: 2025-04-09 10:03:56,880-Speed 82.08 samples/sec   Loss 0.0646   LearningRate 0.000922   Epoch: 15   Global Step: 22140   Fp16 Grad Scale: 262144   Required: 129 hours
Training: 2025-04-09 10:04:12,184-Speed 83.65 samples/sec   Loss 0.0676   LearningRate 0.000922   Epoch: 15   Global Step: 22150   Fp16 Grad Scale: 262144   Required: 129 hours
Training: 2025-04-09 10:04:28,122-Speed 80.31 samples/sec   Loss 0.1283   LearningRate 0.000922   Epoch: 15   Global Step: 22160   Fp16 Grad Scale: 262144   Required: 129 hours
Training: 2025-04-09 10:04:43,915-Speed 81.05 samples/sec   Loss 0.1720   LearningRate 0.000922   Epoch: 15   Global Step: 22170   Fp16 Grad Scale: 262144   Required: 129 hours
Training: 2025-04-09 10:04:59,411-Speed 82.61 samples/sec   Loss 0.1025   LearningRate 0.000922   Epoch: 15   Global Step: 22180   Fp16 Grad Scale: 262144   Required: 129 hours
Training: 2025-04-09 10:05:14,869-Speed 82.81 samples/sec   Loss 0.0835   LearningRate 0.000922   Epoch: 15   Global Step: 22190   Fp16 Grad Scale: 524288   Required: 129 hours
Training: 2025-04-09 10:05:30,311-Speed 82.89 samples/sec   Loss 0.1230   LearningRate 0.000922   Epoch: 15   Global Step: 22200   Fp16 Grad Scale: 524288   Required: 129 hours
Training: 2025-04-09 10:05:45,602-Speed 83.72 samples/sec   Loss 0.1015   LearningRate 0.000922   Epoch: 15   Global Step: 22210   Fp16 Grad Scale: 524288   Required: 129 hours
Training: 2025-04-09 10:06:01,103-Speed 82.58 samples/sec   Loss 0.0720   LearningRate 0.000922   Epoch: 15   Global Step: 22220   Fp16 Grad Scale: 524288   Required: 129 hours
Training: 2025-04-09 10:06:16,522-Speed 83.02 samples/sec   Loss 0.0886   LearningRate 0.000922   Epoch: 15   Global Step: 22230   Fp16 Grad Scale: 524288   Required: 129 hours
Training: 2025-04-09 10:06:31,939-Speed 83.02 samples/sec   Loss 0.0751   LearningRate 0.000922   Epoch: 15   Global Step: 22240   Fp16 Grad Scale: 524288   Required: 129 hours
Training: 2025-04-09 10:06:47,370-Speed 82.95 samples/sec   Loss 0.0657   LearningRate 0.000922   Epoch: 15   Global Step: 22250   Fp16 Grad Scale: 524288   Required: 129 hours
Training: 2025-04-09 10:07:02,657-Speed 83.74 samples/sec   Loss 0.1095   LearningRate 0.000922   Epoch: 15   Global Step: 22260   Fp16 Grad Scale: 524288   Required: 129 hours
Training: 2025-04-09 10:07:17,949-Speed 83.71 samples/sec   Loss 0.0791   LearningRate 0.000922   Epoch: 15   Global Step: 22270   Fp16 Grad Scale: 524288   Required: 129 hours
Training: 2025-04-09 10:07:33,385-Speed 82.93 samples/sec   Loss 0.0481   LearningRate 0.000922   Epoch: 15   Global Step: 22280   Fp16 Grad Scale: 524288   Required: 129 hours
Training: 2025-04-09 10:07:48,724-Speed 83.45 samples/sec   Loss 0.0885   LearningRate 0.000922   Epoch: 15   Global Step: 22290   Fp16 Grad Scale: 1048576   Required: 129 hours
Training: 2025-04-09 10:08:03,968-Speed 83.97 samples/sec   Loss 0.0653   LearningRate 0.000922   Epoch: 15   Global Step: 22300   Fp16 Grad Scale: 524288   Required: 129 hours
Training: 2025-04-09 10:08:19,386-Speed 83.03 samples/sec   Loss 0.0758   LearningRate 0.000922   Epoch: 15   Global Step: 22310   Fp16 Grad Scale: 524288   Required: 129 hours
Training: 2025-04-09 10:08:34,672-Speed 83.74 samples/sec   Loss 0.0861   LearningRate 0.000922   Epoch: 15   Global Step: 22320   Fp16 Grad Scale: 524288   Required: 129 hours
Training: 2025-04-09 10:08:49,888-Speed 84.12 samples/sec   Loss 0.0998   LearningRate 0.000922   Epoch: 15   Global Step: 22330   Fp16 Grad Scale: 524288   Required: 129 hours
Training: 2025-04-09 10:09:05,334-Speed 82.88 samples/sec   Loss 0.0787   LearningRate 0.000922   Epoch: 15   Global Step: 22340   Fp16 Grad Scale: 524288   Required: 129 hours
Training: 2025-04-09 10:09:20,906-Speed 82.20 samples/sec   Loss 0.0790   LearningRate 0.000922   Epoch: 15   Global Step: 22350   Fp16 Grad Scale: 524288   Required: 129 hours
Training: 2025-04-09 10:09:40,052-Speed 77.02 samples/sec   Loss 0.1063   LearningRate 0.000922   Epoch: 15   Global Step: 22360   Fp16 Grad Scale: 524288   Required: 129 hours
Training: 2025-04-09 10:09:55,303-Speed 83.93 samples/sec   Loss 0.0845   LearningRate 0.000922   Epoch: 15   Global Step: 22370   Fp16 Grad Scale: 524288   Required: 129 hours
Training: 2025-04-09 10:10:10,606-Speed 83.65 samples/sec   Loss 0.1168   LearningRate 0.000922   Epoch: 15   Global Step: 22380   Fp16 Grad Scale: 524288   Required: 129 hours
Training: 2025-04-09 10:10:25,887-Speed 83.77 samples/sec   Loss 0.0967   LearningRate 0.000921   Epoch: 15   Global Step: 22390   Fp16 Grad Scale: 524288   Required: 129 hours
Training: 2025-04-09 10:10:41,404-Speed 82.49 samples/sec   Loss 0.0951   LearningRate 0.000921   Epoch: 15   Global Step: 22400   Fp16 Grad Scale: 1048576   Required: 129 hours
Training: 2025-04-09 10:10:56,666-Speed 83.87 samples/sec   Loss 0.0878   LearningRate 0.000921   Epoch: 15   Global Step: 22410   Fp16 Grad Scale: 524288   Required: 129 hours
Training: 2025-04-09 10:11:12,104-Speed 82.92 samples/sec   Loss 0.0850   LearningRate 0.000921   Epoch: 15   Global Step: 22420   Fp16 Grad Scale: 524288   Required: 129 hours
Training: 2025-04-09 10:11:27,533-Speed 82.97 samples/sec   Loss 0.0682   LearningRate 0.000921   Epoch: 15   Global Step: 22430   Fp16 Grad Scale: 524288   Required: 129 hours
Training: 2025-04-09 10:11:42,842-Speed 83.61 samples/sec   Loss 0.1539   LearningRate 0.000921   Epoch: 15   Global Step: 22440   Fp16 Grad Scale: 524288   Required: 129 hours
Training: 2025-04-09 10:11:58,216-Speed 83.27 samples/sec   Loss 0.0793   LearningRate 0.000921   Epoch: 15   Global Step: 22450   Fp16 Grad Scale: 524288   Required: 129 hours
Training: 2025-04-09 10:12:13,513-Speed 83.68 samples/sec   Loss 0.0939   LearningRate 0.000921   Epoch: 15   Global Step: 22460   Fp16 Grad Scale: 524288   Required: 129 hours
Training: 2025-04-09 10:12:28,803-Speed 83.72 samples/sec   Loss 0.0810   LearningRate 0.000921   Epoch: 15   Global Step: 22470   Fp16 Grad Scale: 262144   Required: 129 hours
Training: 2025-04-09 10:12:44,122-Speed 83.56 samples/sec   Loss 0.0963   LearningRate 0.000921   Epoch: 15   Global Step: 22480   Fp16 Grad Scale: 262144   Required: 129 hours
Training: 2025-04-09 10:12:59,459-Speed 83.46 samples/sec   Loss 0.0744   LearningRate 0.000921   Epoch: 15   Global Step: 22490   Fp16 Grad Scale: 262144   Required: 129 hours
Training: 2025-04-09 10:13:14,867-Speed 83.08 samples/sec   Loss 0.1260   LearningRate 0.000921   Epoch: 15   Global Step: 22500   Fp16 Grad Scale: 262144   Required: 129 hours
Training: 2025-04-09 10:13:30,173-Speed 83.63 samples/sec   Loss 0.0910   LearningRate 0.000921   Epoch: 15   Global Step: 22510   Fp16 Grad Scale: 262144   Required: 129 hours
Training: 2025-04-09 10:13:45,495-Speed 83.54 samples/sec   Loss 0.0734   LearningRate 0.000921   Epoch: 15   Global Step: 22520   Fp16 Grad Scale: 262144   Required: 129 hours
Training: 2025-04-09 10:14:00,818-Speed 83.54 samples/sec   Loss 0.0558   LearningRate 0.000921   Epoch: 15   Global Step: 22530   Fp16 Grad Scale: 262144   Required: 129 hours
Training: 2025-04-09 10:14:16,135-Speed 83.57 samples/sec   Loss 0.0583   LearningRate 0.000921   Epoch: 15   Global Step: 22540   Fp16 Grad Scale: 262144   Required: 129 hours
Training: 2025-04-09 10:14:31,395-Speed 83.88 samples/sec   Loss 0.0949   LearningRate 0.000921   Epoch: 15   Global Step: 22550   Fp16 Grad Scale: 262144   Required: 129 hours
Training: 2025-04-09 10:14:47,895-Speed 77.58 samples/sec   Loss 0.0487   LearningRate 0.000921   Epoch: 15   Global Step: 22560   Fp16 Grad Scale: 262144   Required: 128 hours
Training: 2025-04-09 10:15:03,390-Speed 82.61 samples/sec   Loss 0.1184   LearningRate 0.000921   Epoch: 15   Global Step: 22570   Fp16 Grad Scale: 524288   Required: 128 hours
Training: 2025-04-09 10:15:18,888-Speed 82.59 samples/sec   Loss 0.0527   LearningRate 0.000921   Epoch: 15   Global Step: 22580   Fp16 Grad Scale: 524288   Required: 128 hours
Training: 2025-04-09 10:15:34,290-Speed 83.11 samples/sec   Loss 0.0449   LearningRate 0.000921   Epoch: 15   Global Step: 22590   Fp16 Grad Scale: 524288   Required: 128 hours
Training: 2025-04-09 10:15:49,884-Speed 82.08 samples/sec   Loss 0.0616   LearningRate 0.000921   Epoch: 15   Global Step: 22600   Fp16 Grad Scale: 262144   Required: 128 hours
Training: 2025-04-09 10:16:05,258-Speed 83.26 samples/sec   Loss 0.1054   LearningRate 0.000921   Epoch: 15   Global Step: 22610   Fp16 Grad Scale: 262144   Required: 128 hours
Training: 2025-04-09 10:16:20,705-Speed 82.87 samples/sec   Loss 0.0624   LearningRate 0.000921   Epoch: 15   Global Step: 22620   Fp16 Grad Scale: 262144   Required: 128 hours
Training: 2025-04-09 10:16:36,007-Speed 83.66 samples/sec   Loss 0.1310   LearningRate 0.000921   Epoch: 15   Global Step: 22630   Fp16 Grad Scale: 262144   Required: 128 hours
Training: 2025-04-09 10:16:51,236-Speed 84.05 samples/sec   Loss 0.0800   LearningRate 0.000921   Epoch: 15   Global Step: 22640   Fp16 Grad Scale: 262144   Required: 128 hours
Training: 2025-04-09 10:17:06,677-Speed 82.90 samples/sec   Loss 0.1151   LearningRate 0.000921   Epoch: 15   Global Step: 22650   Fp16 Grad Scale: 262144   Required: 128 hours
Training: 2025-04-09 10:17:22,090-Speed 83.05 samples/sec   Loss 0.0514   LearningRate 0.000921   Epoch: 15   Global Step: 22660   Fp16 Grad Scale: 262144   Required: 128 hours
Training: 2025-04-09 10:17:37,746-Speed 81.76 samples/sec   Loss 0.0835   LearningRate 0.000921   Epoch: 15   Global Step: 22670   Fp16 Grad Scale: 262144   Required: 128 hours
Training: 2025-04-09 10:17:53,112-Speed 83.30 samples/sec   Loss 0.0474   LearningRate 0.000920   Epoch: 15   Global Step: 22680   Fp16 Grad Scale: 262144   Required: 128 hours
Training: 2025-04-09 10:18:08,603-Speed 82.63 samples/sec   Loss 0.0661   LearningRate 0.000920   Epoch: 15   Global Step: 22690   Fp16 Grad Scale: 262144   Required: 128 hours
Training: 2025-04-09 10:18:24,038-Speed 82.93 samples/sec   Loss 0.0794   LearningRate 0.000920   Epoch: 15   Global Step: 22700   Fp16 Grad Scale: 524288   Required: 128 hours
Training: 2025-04-09 10:18:39,346-Speed 83.62 samples/sec   Loss 0.0863   LearningRate 0.000920   Epoch: 15   Global Step: 22710   Fp16 Grad Scale: 524288   Required: 128 hours
Training: 2025-04-09 10:18:54,591-Speed 83.97 samples/sec   Loss 0.0875   LearningRate 0.000920   Epoch: 15   Global Step: 22720   Fp16 Grad Scale: 524288   Required: 128 hours
Training: 2025-04-09 10:19:09,810-Speed 84.11 samples/sec   Loss 0.1188   LearningRate 0.000920   Epoch: 15   Global Step: 22730   Fp16 Grad Scale: 524288   Required: 128 hours
Training: 2025-04-09 10:19:25,160-Speed 83.39 samples/sec   Loss 0.1327   LearningRate 0.000920   Epoch: 15   Global Step: 22740   Fp16 Grad Scale: 524288   Required: 128 hours
Training: 2025-04-09 10:19:41,762-Speed 77.10 samples/sec   Loss 0.1671   LearningRate 0.000920   Epoch: 15   Global Step: 22750   Fp16 Grad Scale: 524288   Required: 128 hours
Training: 2025-04-09 10:19:57,123-Speed 83.33 samples/sec   Loss 0.0862   LearningRate 0.000920   Epoch: 15   Global Step: 22760   Fp16 Grad Scale: 524288   Required: 128 hours
Training: 2025-04-09 10:20:12,448-Speed 83.53 samples/sec   Loss 0.1343   LearningRate 0.000920   Epoch: 15   Global Step: 22770   Fp16 Grad Scale: 524288   Required: 128 hours
Training: 2025-04-09 10:20:27,942-Speed 82.61 samples/sec   Loss 0.0725   LearningRate 0.000920   Epoch: 15   Global Step: 22780   Fp16 Grad Scale: 524288   Required: 128 hours
Training: 2025-04-09 10:20:43,543-Speed 82.05 samples/sec   Loss 0.0971   LearningRate 0.000920   Epoch: 15   Global Step: 22790   Fp16 Grad Scale: 524288   Required: 128 hours
Training: 2025-04-09 10:20:58,694-Speed 84.49 samples/sec   Loss 0.1079   LearningRate 0.000920   Epoch: 15   Global Step: 22800   Fp16 Grad Scale: 1048576   Required: 128 hours
Training: 2025-04-09 10:21:13,915-Speed 84.10 samples/sec   Loss 0.0598   LearningRate 0.000920   Epoch: 15   Global Step: 22810   Fp16 Grad Scale: 1048576   Required: 128 hours
Training: 2025-04-09 10:21:29,212-Speed 83.68 samples/sec   Loss 0.0956   LearningRate 0.000920   Epoch: 15   Global Step: 22820   Fp16 Grad Scale: 1048576   Required: 128 hours
Training: 2025-04-09 10:21:44,536-Speed 83.53 samples/sec   Loss 0.0938   LearningRate 0.000920   Epoch: 15   Global Step: 22830   Fp16 Grad Scale: 524288   Required: 128 hours
Training: 2025-04-09 10:22:03,281-Speed 68.29 samples/sec   Loss 0.1325   LearningRate 0.000920   Epoch: 16   Global Step: 22840   Fp16 Grad Scale: 524288   Required: 128 hours
Training: 2025-04-09 10:22:18,505-Speed 84.08 samples/sec   Loss 0.1478   LearningRate 0.000920   Epoch: 16   Global Step: 22850   Fp16 Grad Scale: 524288   Required: 128 hours
Training: 2025-04-09 10:22:33,883-Speed 83.24 samples/sec   Loss 0.0373   LearningRate 0.000920   Epoch: 16   Global Step: 22860   Fp16 Grad Scale: 524288   Required: 128 hours
Training: 2025-04-09 10:22:49,207-Speed 83.53 samples/sec   Loss 0.0899   LearningRate 0.000920   Epoch: 16   Global Step: 22870   Fp16 Grad Scale: 524288   Required: 128 hours
Training: 2025-04-09 10:23:04,529-Speed 83.54 samples/sec   Loss 0.0853   LearningRate 0.000920   Epoch: 16   Global Step: 22880   Fp16 Grad Scale: 524288   Required: 128 hours
Training: 2025-04-09 10:23:19,774-Speed 83.96 samples/sec   Loss 0.1007   LearningRate 0.000920   Epoch: 16   Global Step: 22890   Fp16 Grad Scale: 524288   Required: 128 hours
Training: 2025-04-09 10:23:35,085-Speed 83.60 samples/sec   Loss 0.0789   LearningRate 0.000920   Epoch: 16   Global Step: 22900   Fp16 Grad Scale: 524288   Required: 128 hours
Training: 2025-04-09 10:23:50,443-Speed 83.35 samples/sec   Loss 0.0750   LearningRate 0.000920   Epoch: 16   Global Step: 22910   Fp16 Grad Scale: 524288   Required: 128 hours
Training: 2025-04-09 10:24:05,798-Speed 83.36 samples/sec   Loss 0.0919   LearningRate 0.000920   Epoch: 16   Global Step: 22920   Fp16 Grad Scale: 524288   Required: 128 hours
Training: 2025-04-09 10:24:21,295-Speed 82.60 samples/sec   Loss 0.0917   LearningRate 0.000920   Epoch: 16   Global Step: 22930   Fp16 Grad Scale: 1048576   Required: 128 hours
Training: 2025-04-09 10:24:36,679-Speed 83.21 samples/sec   Loss 0.0694   LearningRate 0.000920   Epoch: 16   Global Step: 22940   Fp16 Grad Scale: 524288   Required: 128 hours
Training: 2025-04-09 10:24:53,189-Speed 77.53 samples/sec   Loss 0.0734   LearningRate 0.000920   Epoch: 16   Global Step: 22950   Fp16 Grad Scale: 524288   Required: 128 hours
Training: 2025-04-09 10:25:08,387-Speed 84.23 samples/sec   Loss 0.0908   LearningRate 0.000919   Epoch: 16   Global Step: 22960   Fp16 Grad Scale: 524288   Required: 128 hours
Training: 2025-04-09 10:25:23,518-Speed 84.59 samples/sec   Loss 0.0986   LearningRate 0.000919   Epoch: 16   Global Step: 22970   Fp16 Grad Scale: 524288   Required: 128 hours
Training: 2025-04-09 10:25:38,815-Speed 83.68 samples/sec   Loss 0.0905   LearningRate 0.000919   Epoch: 16   Global Step: 22980   Fp16 Grad Scale: 524288   Required: 128 hours
Training: 2025-04-09 10:25:54,364-Speed 82.32 samples/sec   Loss 0.1112   LearningRate 0.000919   Epoch: 16   Global Step: 22990   Fp16 Grad Scale: 524288   Required: 128 hours
Training: 2025-04-09 10:26:09,794-Speed 82.96 samples/sec   Loss 0.0677   LearningRate 0.000919   Epoch: 16   Global Step: 23000   Fp16 Grad Scale: 524288   Required: 128 hours
Training: 2025-04-09 10:26:26,814-Speed 75.21 samples/sec   Loss 0.0444   LearningRate 0.000919   Epoch: 16   Global Step: 23010   Fp16 Grad Scale: 524288   Required: 128 hours
Training: 2025-04-09 10:26:43,068-Speed 78.75 samples/sec   Loss 0.0902   LearningRate 0.000919   Epoch: 16   Global Step: 23020   Fp16 Grad Scale: 262144   Required: 128 hours
Training: 2025-04-09 10:27:00,297-Speed 74.30 samples/sec   Loss 0.0591   LearningRate 0.000919   Epoch: 16   Global Step: 23030   Fp16 Grad Scale: 262144   Required: 128 hours
Training: 2025-04-09 10:27:17,072-Speed 76.31 samples/sec   Loss 0.0658   LearningRate 0.000919   Epoch: 16   Global Step: 23040   Fp16 Grad Scale: 262144   Required: 128 hours
Training: 2025-04-09 10:27:32,998-Speed 80.37 samples/sec   Loss 0.0951   LearningRate 0.000919   Epoch: 16   Global Step: 23050   Fp16 Grad Scale: 262144   Required: 128 hours
Training: 2025-04-09 10:27:48,774-Speed 81.14 samples/sec   Loss 0.0445   LearningRate 0.000919   Epoch: 16   Global Step: 23060   Fp16 Grad Scale: 262144   Required: 128 hours
Training: 2025-04-09 10:28:04,275-Speed 82.58 samples/sec   Loss 0.0608   LearningRate 0.000919   Epoch: 16   Global Step: 23070   Fp16 Grad Scale: 262144   Required: 128 hours
Training: 2025-04-09 10:28:19,805-Speed 82.42 samples/sec   Loss 0.0485   LearningRate 0.000919   Epoch: 16   Global Step: 23080   Fp16 Grad Scale: 262144   Required: 128 hours
Training: 2025-04-09 10:28:35,322-Speed 82.50 samples/sec   Loss 0.0938   LearningRate 0.000919   Epoch: 16   Global Step: 23090   Fp16 Grad Scale: 262144   Required: 128 hours
Training: 2025-04-09 10:28:51,037-Speed 81.46 samples/sec   Loss 0.0721   LearningRate 0.000919   Epoch: 16   Global Step: 23100   Fp16 Grad Scale: 262144   Required: 128 hours
Training: 2025-04-09 10:29:06,290-Speed 83.92 samples/sec   Loss 0.0744   LearningRate 0.000919   Epoch: 16   Global Step: 23110   Fp16 Grad Scale: 262144   Required: 128 hours
Training: 2025-04-09 10:29:21,577-Speed 83.73 samples/sec   Loss 0.0700   LearningRate 0.000919   Epoch: 16   Global Step: 23120   Fp16 Grad Scale: 524288   Required: 128 hours
Training: 2025-04-09 10:29:36,919-Speed 83.44 samples/sec   Loss 0.1332   LearningRate 0.000919   Epoch: 16   Global Step: 23130   Fp16 Grad Scale: 524288   Required: 128 hours
Training: 2025-04-09 10:29:53,793-Speed 75.86 samples/sec   Loss 0.0693   LearningRate 0.000919   Epoch: 16   Global Step: 23140   Fp16 Grad Scale: 262144   Required: 128 hours
Training: 2025-04-09 10:30:09,294-Speed 82.58 samples/sec   Loss 0.1356   LearningRate 0.000919   Epoch: 16   Global Step: 23150   Fp16 Grad Scale: 262144   Required: 128 hours
Training: 2025-04-09 10:30:24,772-Speed 82.70 samples/sec   Loss 0.0877   LearningRate 0.000919   Epoch: 16   Global Step: 23160   Fp16 Grad Scale: 262144   Required: 128 hours
Training: 2025-04-09 10:30:40,086-Speed 83.59 samples/sec   Loss 0.0605   LearningRate 0.000919   Epoch: 16   Global Step: 23170   Fp16 Grad Scale: 262144   Required: 128 hours
Training: 2025-04-09 10:30:55,603-Speed 82.49 samples/sec   Loss 0.0740   LearningRate 0.000919   Epoch: 16   Global Step: 23180   Fp16 Grad Scale: 262144   Required: 128 hours
Training: 2025-04-09 10:31:11,276-Speed 81.67 samples/sec   Loss 0.0467   LearningRate 0.000919   Epoch: 16   Global Step: 23190   Fp16 Grad Scale: 262144   Required: 128 hours
Training: 2025-04-09 10:31:26,780-Speed 82.56 samples/sec   Loss 0.0879   LearningRate 0.000919   Epoch: 16   Global Step: 23200   Fp16 Grad Scale: 262144   Required: 128 hours
Training: 2025-04-09 10:31:42,737-Speed 80.22 samples/sec   Loss 0.0678   LearningRate 0.000919   Epoch: 16   Global Step: 23210   Fp16 Grad Scale: 262144   Required: 128 hours
Training: 2025-04-09 10:31:58,446-Speed 81.48 samples/sec   Loss 0.0521   LearningRate 0.000919   Epoch: 16   Global Step: 23220   Fp16 Grad Scale: 262144   Required: 128 hours
Training: 2025-04-09 10:32:14,149-Speed 81.52 samples/sec   Loss 0.0336   LearningRate 0.000919   Epoch: 16   Global Step: 23230   Fp16 Grad Scale: 262144   Required: 128 hours
Training: 2025-04-09 10:32:29,857-Speed 81.49 samples/sec   Loss 0.0515   LearningRate 0.000919   Epoch: 16   Global Step: 23240   Fp16 Grad Scale: 524288   Required: 128 hours
Training: 2025-04-09 10:32:45,589-Speed 81.37 samples/sec   Loss 0.0712   LearningRate 0.000918   Epoch: 16   Global Step: 23250   Fp16 Grad Scale: 524288   Required: 128 hours
Training: 2025-04-09 10:33:01,538-Speed 80.26 samples/sec   Loss 0.0755   LearningRate 0.000918   Epoch: 16   Global Step: 23260   Fp16 Grad Scale: 524288   Required: 128 hours
Training: 2025-04-09 10:33:17,487-Speed 80.26 samples/sec   Loss 0.1220   LearningRate 0.000918   Epoch: 16   Global Step: 23270   Fp16 Grad Scale: 524288   Required: 128 hours
Training: 2025-04-09 10:33:33,100-Speed 81.99 samples/sec   Loss 0.0949   LearningRate 0.000918   Epoch: 16   Global Step: 23280   Fp16 Grad Scale: 524288   Required: 128 hours
Training: 2025-04-09 10:33:48,907-Speed 80.98 samples/sec   Loss 0.0783   LearningRate 0.000918   Epoch: 16   Global Step: 23290   Fp16 Grad Scale: 524288   Required: 128 hours
Training: 2025-04-09 10:34:04,494-Speed 82.12 samples/sec   Loss 0.0782   LearningRate 0.000918   Epoch: 16   Global Step: 23300   Fp16 Grad Scale: 524288   Required: 128 hours
Training: 2025-04-09 10:34:20,171-Speed 81.65 samples/sec   Loss 0.1201   LearningRate 0.000918   Epoch: 16   Global Step: 23310   Fp16 Grad Scale: 524288   Required: 128 hours
Training: 2025-04-09 10:34:35,736-Speed 82.24 samples/sec   Loss 0.0541   LearningRate 0.000918   Epoch: 16   Global Step: 23320   Fp16 Grad Scale: 524288   Required: 128 hours
Training: 2025-04-09 10:34:53,327-Speed 72.77 samples/sec   Loss 0.0603   LearningRate 0.000918   Epoch: 16   Global Step: 23330   Fp16 Grad Scale: 524288   Required: 128 hours
Training: 2025-04-09 10:35:08,916-Speed 82.11 samples/sec   Loss 0.0906   LearningRate 0.000918   Epoch: 16   Global Step: 23340   Fp16 Grad Scale: 1048576   Required: 128 hours
Training: 2025-04-09 10:35:24,806-Speed 80.56 samples/sec   Loss 0.1111   LearningRate 0.000918   Epoch: 16   Global Step: 23350   Fp16 Grad Scale: 1048576   Required: 128 hours
Training: 2025-04-09 10:35:40,485-Speed 81.64 samples/sec   Loss 0.0800   LearningRate 0.000918   Epoch: 16   Global Step: 23360   Fp16 Grad Scale: 1048576   Required: 128 hours
Training: 2025-04-09 10:35:56,053-Speed 82.23 samples/sec   Loss 0.0798   LearningRate 0.000918   Epoch: 16   Global Step: 23370   Fp16 Grad Scale: 1048576   Required: 128 hours
Training: 2025-04-09 10:36:11,789-Speed 81.34 samples/sec   Loss 0.0807   LearningRate 0.000918   Epoch: 16   Global Step: 23380   Fp16 Grad Scale: 524288   Required: 128 hours
Training: 2025-04-09 10:36:27,523-Speed 81.36 samples/sec   Loss 0.1005   LearningRate 0.000918   Epoch: 16   Global Step: 23390   Fp16 Grad Scale: 524288   Required: 128 hours
Training: 2025-04-09 10:36:43,157-Speed 81.87 samples/sec   Loss 0.0763   LearningRate 0.000918   Epoch: 16   Global Step: 23400   Fp16 Grad Scale: 524288   Required: 128 hours
Training: 2025-04-09 10:36:58,912-Speed 81.25 samples/sec   Loss 0.1135   LearningRate 0.000918   Epoch: 16   Global Step: 23410   Fp16 Grad Scale: 524288   Required: 128 hours
Training: 2025-04-09 10:37:14,656-Speed 81.30 samples/sec   Loss 0.0792   LearningRate 0.000918   Epoch: 16   Global Step: 23420   Fp16 Grad Scale: 524288   Required: 128 hours
Training: 2025-04-09 10:37:30,339-Speed 81.62 samples/sec   Loss 0.0827   LearningRate 0.000918   Epoch: 16   Global Step: 23430   Fp16 Grad Scale: 524288   Required: 128 hours
Training: 2025-04-09 10:37:46,156-Speed 80.93 samples/sec   Loss 0.0694   LearningRate 0.000918   Epoch: 16   Global Step: 23440   Fp16 Grad Scale: 524288   Required: 128 hours
Training: 2025-04-09 10:38:01,683-Speed 82.44 samples/sec   Loss 0.0488   LearningRate 0.000918   Epoch: 16   Global Step: 23450   Fp16 Grad Scale: 524288   Required: 128 hours
Training: 2025-04-09 10:38:17,361-Speed 81.65 samples/sec   Loss 0.0925   LearningRate 0.000918   Epoch: 16   Global Step: 23460   Fp16 Grad Scale: 524288   Required: 128 hours
Training: 2025-04-09 10:38:33,000-Speed 81.84 samples/sec   Loss 0.0806   LearningRate 0.000918   Epoch: 16   Global Step: 23470   Fp16 Grad Scale: 524288   Required: 127 hours
Training: 2025-04-09 10:38:48,612-Speed 81.99 samples/sec   Loss 0.0905   LearningRate 0.000918   Epoch: 16   Global Step: 23480   Fp16 Grad Scale: 1048576   Required: 127 hours
Training: 2025-04-09 10:39:04,186-Speed 82.19 samples/sec   Loss 0.1350   LearningRate 0.000918   Epoch: 16   Global Step: 23490   Fp16 Grad Scale: 524288   Required: 127 hours
Training: 2025-04-09 10:39:19,856-Speed 81.69 samples/sec   Loss 0.1551   LearningRate 0.000918   Epoch: 16   Global Step: 23500   Fp16 Grad Scale: 262144   Required: 127 hours
Training: 2025-04-09 10:39:35,598-Speed 81.31 samples/sec   Loss 0.0744   LearningRate 0.000918   Epoch: 16   Global Step: 23510   Fp16 Grad Scale: 262144   Required: 127 hours
Training: 2025-04-09 10:39:52,461-Speed 75.91 samples/sec   Loss 0.1257   LearningRate 0.000918   Epoch: 16   Global Step: 23520   Fp16 Grad Scale: 262144   Required: 127 hours
Training: 2025-04-09 10:40:08,980-Speed 77.49 samples/sec   Loss 0.0644   LearningRate 0.000917   Epoch: 16   Global Step: 23530   Fp16 Grad Scale: 262144   Required: 127 hours
Training: 2025-04-09 10:40:24,657-Speed 81.65 samples/sec   Loss 0.0965   LearningRate 0.000917   Epoch: 16   Global Step: 23540   Fp16 Grad Scale: 262144   Required: 127 hours
Training: 2025-04-09 10:40:40,458-Speed 81.01 samples/sec   Loss 0.1065   LearningRate 0.000917   Epoch: 16   Global Step: 23550   Fp16 Grad Scale: 262144   Required: 127 hours
Training: 2025-04-09 10:40:56,263-Speed 80.99 samples/sec   Loss 0.1212   LearningRate 0.000917   Epoch: 16   Global Step: 23560   Fp16 Grad Scale: 262144   Required: 127 hours
Training: 2025-04-09 10:41:11,985-Speed 81.42 samples/sec   Loss 0.1258   LearningRate 0.000917   Epoch: 16   Global Step: 23570   Fp16 Grad Scale: 262144   Required: 127 hours
Training: 2025-04-09 10:41:27,642-Speed 81.75 samples/sec   Loss 0.0546   LearningRate 0.000917   Epoch: 16   Global Step: 23580   Fp16 Grad Scale: 262144   Required: 127 hours
Training: 2025-04-09 10:41:43,317-Speed 81.66 samples/sec   Loss 0.0745   LearningRate 0.000917   Epoch: 16   Global Step: 23590   Fp16 Grad Scale: 262144   Required: 127 hours
Training: 2025-04-09 10:41:59,381-Speed 79.69 samples/sec   Loss 0.1039   LearningRate 0.000917   Epoch: 16   Global Step: 23600   Fp16 Grad Scale: 524288   Required: 127 hours
Training: 2025-04-09 10:42:15,324-Speed 80.29 samples/sec   Loss 0.1325   LearningRate 0.000917   Epoch: 16   Global Step: 23610   Fp16 Grad Scale: 262144   Required: 127 hours
Training: 2025-04-09 10:42:31,045-Speed 81.43 samples/sec   Loss 0.1125   LearningRate 0.000917   Epoch: 16   Global Step: 23620   Fp16 Grad Scale: 131072   Required: 127 hours
Training: 2025-04-09 10:42:46,848-Speed 81.00 samples/sec   Loss 0.1705   LearningRate 0.000917   Epoch: 16   Global Step: 23630   Fp16 Grad Scale: 131072   Required: 127 hours
Training: 2025-04-09 10:43:02,459-Speed 82.00 samples/sec   Loss 0.1015   LearningRate 0.000917   Epoch: 16   Global Step: 23640   Fp16 Grad Scale: 131072   Required: 127 hours
Training: 2025-04-09 10:43:18,086-Speed 81.91 samples/sec   Loss 0.0961   LearningRate 0.000917   Epoch: 16   Global Step: 23650   Fp16 Grad Scale: 131072   Required: 127 hours
Training: 2025-04-09 10:43:33,742-Speed 81.76 samples/sec   Loss 0.0613   LearningRate 0.000917   Epoch: 16   Global Step: 23660   Fp16 Grad Scale: 131072   Required: 127 hours
Training: 2025-04-09 10:43:49,462-Speed 81.43 samples/sec   Loss 0.1132   LearningRate 0.000917   Epoch: 16   Global Step: 23670   Fp16 Grad Scale: 131072   Required: 127 hours
Training: 2025-04-09 10:44:05,395-Speed 80.34 samples/sec   Loss 0.1123   LearningRate 0.000917   Epoch: 16   Global Step: 23680   Fp16 Grad Scale: 131072   Required: 127 hours
Training: 2025-04-09 10:44:21,270-Speed 80.63 samples/sec   Loss 0.1430   LearningRate 0.000917   Epoch: 16   Global Step: 23690   Fp16 Grad Scale: 131072   Required: 127 hours
Training: 2025-04-09 10:44:36,985-Speed 81.46 samples/sec   Loss 0.1178   LearningRate 0.000917   Epoch: 16   Global Step: 23700   Fp16 Grad Scale: 131072   Required: 127 hours
Training: 2025-04-09 10:44:52,844-Speed 80.71 samples/sec   Loss 0.1380   LearningRate 0.000917   Epoch: 16   Global Step: 23710   Fp16 Grad Scale: 131072   Required: 127 hours
Training: 2025-04-09 10:45:10,623-Speed 72.00 samples/sec   Loss 0.1289   LearningRate 0.000917   Epoch: 16   Global Step: 23720   Fp16 Grad Scale: 262144   Required: 127 hours
Training: 2025-04-09 10:45:26,372-Speed 81.28 samples/sec   Loss 0.2105   LearningRate 0.000917   Epoch: 16   Global Step: 23730   Fp16 Grad Scale: 262144   Required: 127 hours
Training: 2025-04-09 10:45:42,082-Speed 81.48 samples/sec   Loss 0.0937   LearningRate 0.000917   Epoch: 16   Global Step: 23740   Fp16 Grad Scale: 262144   Required: 127 hours
Training: 2025-04-09 10:45:57,910-Speed 80.87 samples/sec   Loss 0.1066   LearningRate 0.000917   Epoch: 16   Global Step: 23750   Fp16 Grad Scale: 262144   Required: 127 hours
Training: 2025-04-09 10:46:13,719-Speed 80.97 samples/sec   Loss 0.1122   LearningRate 0.000917   Epoch: 16   Global Step: 23760   Fp16 Grad Scale: 262144   Required: 127 hours
Training: 2025-04-09 10:46:29,691-Speed 80.14 samples/sec   Loss 0.0725   LearningRate 0.000917   Epoch: 16   Global Step: 23770   Fp16 Grad Scale: 262144   Required: 127 hours
Training: 2025-04-09 10:46:45,651-Speed 80.21 samples/sec   Loss 0.0925   LearningRate 0.000917   Epoch: 16   Global Step: 23780   Fp16 Grad Scale: 262144   Required: 127 hours
Training: 2025-04-09 10:47:01,308-Speed 81.75 samples/sec   Loss 0.0703   LearningRate 0.000917   Epoch: 16   Global Step: 23790   Fp16 Grad Scale: 262144   Required: 127 hours
Training: 2025-04-09 10:47:17,068-Speed 81.22 samples/sec   Loss 0.0727   LearningRate 0.000917   Epoch: 16   Global Step: 23800   Fp16 Grad Scale: 262144   Required: 127 hours
Training: 2025-04-09 10:47:32,783-Speed 81.45 samples/sec   Loss 0.0860   LearningRate 0.000917   Epoch: 16   Global Step: 23810   Fp16 Grad Scale: 262144   Required: 127 hours
Training: 2025-04-09 10:47:48,453-Speed 81.69 samples/sec   Loss 0.0891   LearningRate 0.000916   Epoch: 16   Global Step: 23820   Fp16 Grad Scale: 524288   Required: 127 hours
Training: 2025-04-09 10:48:04,126-Speed 81.67 samples/sec   Loss 0.2112   LearningRate 0.000916   Epoch: 16   Global Step: 23830   Fp16 Grad Scale: 524288   Required: 127 hours
Training: 2025-04-09 10:48:19,929-Speed 81.00 samples/sec   Loss 0.0975   LearningRate 0.000916   Epoch: 16   Global Step: 23840   Fp16 Grad Scale: 524288   Required: 127 hours
Training: 2025-04-09 10:48:35,970-Speed 79.80 samples/sec   Loss 0.0825   LearningRate 0.000916   Epoch: 16   Global Step: 23850   Fp16 Grad Scale: 262144   Required: 127 hours
Training: 2025-04-09 10:48:51,865-Speed 80.53 samples/sec   Loss 0.1099   LearningRate 0.000916   Epoch: 16   Global Step: 23860   Fp16 Grad Scale: 262144   Required: 127 hours
Training: 2025-04-09 10:49:07,624-Speed 81.23 samples/sec   Loss 0.0830   LearningRate 0.000916   Epoch: 16   Global Step: 23870   Fp16 Grad Scale: 262144   Required: 127 hours
Training: 2025-04-09 10:49:23,568-Speed 80.29 samples/sec   Loss 0.1120   LearningRate 0.000916   Epoch: 16   Global Step: 23880   Fp16 Grad Scale: 262144   Required: 127 hours
Training: 2025-04-09 10:49:39,375-Speed 80.98 samples/sec   Loss 0.1172   LearningRate 0.000916   Epoch: 16   Global Step: 23890   Fp16 Grad Scale: 262144   Required: 127 hours
Training: 2025-04-09 10:49:55,086-Speed 81.47 samples/sec   Loss 0.0625   LearningRate 0.000916   Epoch: 16   Global Step: 23900   Fp16 Grad Scale: 262144   Required: 127 hours
Training: 2025-04-09 10:50:12,400-Speed 73.93 samples/sec   Loss 0.1276   LearningRate 0.000916   Epoch: 16   Global Step: 23910   Fp16 Grad Scale: 262144   Required: 127 hours
Training: 2025-04-09 10:50:28,022-Speed 81.94 samples/sec   Loss 0.0745   LearningRate 0.000916   Epoch: 16   Global Step: 23920   Fp16 Grad Scale: 262144   Required: 127 hours
Training: 2025-04-09 10:50:43,766-Speed 81.30 samples/sec   Loss 0.0621   LearningRate 0.000916   Epoch: 16   Global Step: 23930   Fp16 Grad Scale: 262144   Required: 127 hours
Training: 2025-04-09 10:50:59,593-Speed 80.88 samples/sec   Loss 0.1013   LearningRate 0.000916   Epoch: 16   Global Step: 23940   Fp16 Grad Scale: 262144   Required: 127 hours
Training: 2025-04-09 10:51:15,320-Speed 81.39 samples/sec   Loss 0.1002   LearningRate 0.000916   Epoch: 16   Global Step: 23950   Fp16 Grad Scale: 524288   Required: 127 hours
Training: 2025-04-09 10:51:31,311-Speed 80.05 samples/sec   Loss 0.1185   LearningRate 0.000916   Epoch: 16   Global Step: 23960   Fp16 Grad Scale: 524288   Required: 127 hours
Training: 2025-04-09 10:51:47,038-Speed 81.39 samples/sec   Loss 0.0693   LearningRate 0.000916   Epoch: 16   Global Step: 23970   Fp16 Grad Scale: 524288   Required: 127 hours
Training: 2025-04-09 10:52:02,699-Speed 81.73 samples/sec   Loss 0.1024   LearningRate 0.000916   Epoch: 16   Global Step: 23980   Fp16 Grad Scale: 524288   Required: 127 hours
Training: 2025-04-09 10:52:18,474-Speed 81.14 samples/sec   Loss 0.0843   LearningRate 0.000916   Epoch: 16   Global Step: 23990   Fp16 Grad Scale: 262144   Required: 127 hours
Training: 2025-04-09 10:52:34,302-Speed 80.87 samples/sec   Loss 0.0599   LearningRate 0.000916   Epoch: 16   Global Step: 24000   Fp16 Grad Scale: 262144   Required: 127 hours
Batch 0: torch.Size([128, 3, 64, 512])
batch.shape: torch.Size([128, 3, 64, 512])
batch.min(): -1.0
batch.max(): 1.0
batch.device: cuda:0
net_out.shape: torch.Size([128, 512])
num_nans: 0
num_non_nans: 65536
Batch 1: torch.Size([128, 3, 64, 512])
batch.shape: torch.Size([128, 3, 64, 512])
batch.min(): -1.0
batch.max(): 1.0
batch.device: cuda:0
net_out.shape: torch.Size([128, 512])
num_nans: 0
num_non_nans: 65536
Batch 2: torch.Size([128, 3, 64, 512])
batch.shape: torch.Size([128, 3, 64, 512])
batch.min(): -1.0
batch.max(): 1.0
batch.device: cuda:0
net_out.shape: torch.Size([128, 512])
num_nans: 0
num_non_nans: 65536
Batch 3: torch.Size([128, 3, 64, 512])
batch.shape: torch.Size([128, 3, 64, 512])
batch.min(): -1.0
batch.max(): 1.0
batch.device: cuda:0
net_out.shape: torch.Size([128, 512])
num_nans: 0
num_non_nans: 65536
Batch 4: torch.Size([128, 3, 64, 512])
batch.shape: torch.Size([128, 3, 64, 512])
batch.min(): -1.0
batch.max(): 1.0
batch.device: cuda:0
net_out.shape: torch.Size([128, 512])
num_nans: 0
num_non_nans: 65536
Batch 5: torch.Size([128, 3, 64, 512])
batch.shape: torch.Size([128, 3, 64, 512])
batch.min(): -1.0
batch.max(): 1.0
batch.device: cuda:0
net_out.shape: torch.Size([128, 512])
num_nans: 0
num_non_nans: 65536
Batch 6: torch.Size([128, 3, 64, 512])
batch.shape: torch.Size([128, 3, 64, 512])
batch.min(): -1.0
batch.max(): 1.0
batch.device: cuda:0
net_out.shape: torch.Size([128, 512])
num_nans: 0
num_non_nans: 65536
Batch 7: torch.Size([128, 3, 64, 512])
batch.shape: torch.Size([128, 3, 64, 512])
batch.min(): -1.0
batch.max(): 1.0
batch.device: cuda:0
net_out.shape: torch.Size([128, 512])
num_nans: 0
num_non_nans: 65536
Batch 8: torch.Size([128, 3, 64, 512])
batch.shape: torch.Size([128, 3, 64, 512])
batch.min(): -1.0
batch.max(): 1.0
batch.device: cuda:0
net_out.shape: torch.Size([128, 512])
num_nans: 0
num_non_nans: 65536
Batch 9: torch.Size([128, 3, 64, 512])
batch.shape: torch.Size([128, 3, 64, 512])
batch.min(): -1.0
batch.max(): 1.0
batch.device: cuda:0
net_out.shape: torch.Size([128, 512])
num_nans: 0
num_non_nans: 65536
Batch 10: torch.Size([128, 3, 64, 512])
batch.shape: torch.Size([128, 3, 64, 512])
batch.min(): -1.0
batch.max(): 1.0
batch.device: cuda:0
net_out.shape: torch.Size([128, 512])
num_nans: 0
num_non_nans: 65536
Batch 11: torch.Size([128, 3, 64, 512])
batch.shape: torch.Size([128, 3, 64, 512])
batch.min(): -1.0
batch.max(): 1.0
batch.device: cuda:0
net_out.shape: torch.Size([128, 512])
num_nans: 0
num_non_nans: 65536
Batch 12: torch.Size([128, 3, 64, 512])
batch.shape: torch.Size([128, 3, 64, 512])
batch.min(): -1.0
batch.max(): 1.0
batch.device: cuda:0
net_out.shape: torch.Size([128, 512])
num_nans: 0
num_non_nans: 65536
Batch 13: torch.Size([128, 3, 64, 512])
batch.shape: torch.Size([128, 3, 64, 512])
batch.min(): -1.0
batch.max(): 1.0
batch.device: cuda:0
net_out.shape: torch.Size([128, 512])
num_nans: 0
num_non_nans: 65536
Batch 14: torch.Size([128, 3, 64, 512])
batch.shape: torch.Size([128, 3, 64, 512])
batch.min(): -1.0
batch.max(): 1.0
batch.device: cuda:0
net_out.shape: torch.Size([128, 512])
num_nans: 0
num_non_nans: 65536
Batch 15: torch.Size([128, 3, 64, 512])
batch.shape: torch.Size([128, 3, 64, 512])
batch.min(): -1.0
batch.max(): 1.0
batch.device: cuda:0
net_out.shape: torch.Size([128, 512])
num_nans: 0
num_non_nans: 65536
Batch 16: torch.Size([128, 3, 64, 512])
batch.shape: torch.Size([128, 3, 64, 512])
batch.min(): -1.0
batch.max(): 1.0
batch.device: cuda:0
net_out.shape: torch.Size([128, 512])
num_nans: 0
num_non_nans: 65536
Batch 17: torch.Size([128, 3, 64, 512])
batch.shape: torch.Size([128, 3, 64, 512])
batch.min(): -1.0
batch.max(): 1.0
batch.device: cuda:0
net_out.shape: torch.Size([128, 512])
num_nans: 0
num_non_nans: 65536
Batch 18: torch.Size([128, 3, 64, 512])
batch.shape: torch.Size([128, 3, 64, 512])
batch.min(): -1.0
batch.max(): 1.0
batch.device: cuda:0
net_out.shape: torch.Size([128, 512])
num_nans: 0
num_non_nans: 65536
Batch 19: torch.Size([128, 3, 64, 512])
batch.shape: torch.Size([128, 3, 64, 512])
batch.min(): -1.0
batch.max(): 1.0
batch.device: cuda:0
net_out.shape: torch.Size([128, 512])
num_nans: 0
num_non_nans: 65536
Batch 20: torch.Size([128, 3, 64, 512])
batch.shape: torch.Size([128, 3, 64, 512])
batch.min(): -1.0
batch.max(): 1.0
batch.device: cuda:0
net_out.shape: torch.Size([128, 512])
num_nans: 0
num_non_nans: 65536
Batch 21: torch.Size([128, 3, 64, 512])
batch.shape: torch.Size([128, 3, 64, 512])
batch.min(): -1.0
batch.max(): 1.0
batch.device: cuda:0
net_out.shape: torch.Size([128, 512])
num_nans: 0
num_non_nans: 65536
Batch 22: torch.Size([128, 3, 64, 512])
batch.shape: torch.Size([128, 3, 64, 512])
batch.min(): -1.0
batch.max(): 1.0
batch.device: cuda:0
net_out.shape: torch.Size([128, 512])
num_nans: 0
num_non_nans: 65536
Batch 23: torch.Size([128, 3, 64, 512])
batch.shape: torch.Size([128, 3, 64, 512])
batch.min(): -1.0
batch.max(): 1.0
batch.device: cuda:0
net_out.shape: torch.Size([128, 512])
num_nans: 0
num_non_nans: 65536
Batch 24: torch.Size([128, 3, 64, 512])
batch.shape: torch.Size([128, 3, 64, 512])
batch.min(): -1.0
batch.max(): 1.0
batch.device: cuda:0
net_out.shape: torch.Size([128, 512])
num_nans: 0
num_non_nans: 65536
Batch 25: torch.Size([128, 3, 64, 512])
batch.shape: torch.Size([128, 3, 64, 512])
batch.min(): -1.0
batch.max(): 1.0
batch.device: cuda:0
net_out.shape: torch.Size([128, 512])
num_nans: 0
num_non_nans: 65536
Batch 26: torch.Size([128, 3, 64, 512])
batch.shape: torch.Size([128, 3, 64, 512])
batch.min(): -1.0
batch.max(): 1.0
batch.device: cuda:0
net_out.shape: torch.Size([128, 512])
num_nans: 0
num_non_nans: 65536
Batch 27: torch.Size([128, 3, 64, 512])
batch.shape: torch.Size([128, 3, 64, 512])
batch.min(): -1.0
batch.max(): 1.0
batch.device: cuda:0
net_out.shape: torch.Size([128, 512])
num_nans: 0
num_non_nans: 65536
Batch 28: torch.Size([128, 3, 64, 512])
batch.shape: torch.Size([128, 3, 64, 512])
batch.min(): -1.0
batch.max(): 1.0
batch.device: cuda:0
net_out.shape: torch.Size([128, 512])
num_nans: 0
num_non_nans: 65536
Batch 29: torch.Size([128, 3, 64, 512])
batch.shape: torch.Size([128, 3, 64, 512])
batch.min(): -1.0
batch.max(): 1.0
batch.device: cuda:0
net_out.shape: torch.Size([128, 512])
num_nans: 0
num_non_nans: 65536
Batch 30: torch.Size([128, 3, 64, 512])
batch.shape: torch.Size([128, 3, 64, 512])
batch.min(): -1.0
batch.max(): 1.0
batch.device: cuda:0
net_out.shape: torch.Size([128, 512])
num_nans: 0
num_non_nans: 65536
Batch 31: torch.Size([128, 3, 64, 512])
batch.shape: torch.Size([128, 3, 64, 512])
batch.min(): -1.0
batch.max(): 1.0
batch.device: cuda:0
net_out.shape: torch.Size([128, 512])
num_nans: 0
num_non_nans: 65536
Batch 32: torch.Size([128, 3, 64, 512])
batch.shape: torch.Size([128, 3, 64, 512])
batch.min(): -1.0
batch.max(): 1.0
batch.device: cuda:0
net_out.shape: torch.Size([128, 512])
num_nans: 0
num_non_nans: 65536
Batch 33: torch.Size([128, 3, 64, 512])
batch.shape: torch.Size([128, 3, 64, 512])
batch.min(): -1.0
batch.max(): 1.0
batch.device: cuda:0
net_out.shape: torch.Size([128, 512])
num_nans: 0
num_non_nans: 65536
Batch 34: torch.Size([128, 3, 64, 512])
batch.shape: torch.Size([128, 3, 64, 512])
batch.min(): -1.0
batch.max(): 1.0
batch.device: cuda:0
net_out.shape: torch.Size([128, 512])
num_nans: 0
num_non_nans: 65536
Batch 35: torch.Size([128, 3, 64, 512])
batch.shape: torch.Size([128, 3, 64, 512])
batch.min(): -1.0
batch.max(): 1.0
batch.device: cuda:0
net_out.shape: torch.Size([128, 512])
num_nans: 0
num_non_nans: 65536
Batch 36: torch.Size([128, 3, 64, 512])
batch.shape: torch.Size([128, 3, 64, 512])
batch.min(): -1.0
batch.max(): 1.0
batch.device: cuda:0
net_out.shape: torch.Size([128, 512])
num_nans: 0
num_non_nans: 65536
Batch 37: torch.Size([128, 3, 64, 512])
batch.shape: torch.Size([128, 3, 64, 512])
batch.min(): -1.0
batch.max(): 1.0
batch.device: cuda:0
net_out.shape: torch.Size([128, 512])
num_nans: 0
num_non_nans: 65536
Batch 38: torch.Size([128, 3, 64, 512])
batch.shape: torch.Size([128, 3, 64, 512])
batch.min(): -1.0
batch.max(): 1.0
batch.device: cuda:0
net_out.shape: torch.Size([128, 512])
num_nans: 0
num_non_nans: 65536
Batch 39: torch.Size([128, 3, 64, 512])
batch.shape: torch.Size([128, 3, 64, 512])
batch.min(): -1.0
batch.max(): 1.0
batch.device: cuda:0
net_out.shape: torch.Size([128, 512])
num_nans: 0
num_non_nans: 65536
Batch 40: torch.Size([128, 3, 64, 512])
batch.shape: torch.Size([128, 3, 64, 512])
batch.min(): -1.0
batch.max(): 1.0
batch.device: cuda:0
net_out.shape: torch.Size([128, 512])
num_nans: 0
num_non_nans: 65536
Batch 41: torch.Size([128, 3, 64, 512])
batch.shape: torch.Size([128, 3, 64, 512])
batch.min(): -1.0
batch.max(): 1.0
batch.device: cuda:0
net_out.shape: torch.Size([128, 512])
num_nans: 0
num_non_nans: 65536
Batch 42: torch.Size([128, 3, 64, 512])
batch.shape: torch.Size([128, 3, 64, 512])
batch.min(): -1.0
batch.max(): 1.0
batch.device: cuda:0
net_out.shape: torch.Size([128, 512])
num_nans: 0
num_non_nans: 65536
Batch 43: torch.Size([128, 3, 64, 512])
batch.shape: torch.Size([128, 3, 64, 512])
batch.min(): -1.0
batch.max(): 1.0
batch.device: cuda:0
net_out.shape: torch.Size([128, 512])
num_nans: 0
num_non_nans: 65536
Batch 44: torch.Size([128, 3, 64, 512])
batch.shape: torch.Size([128, 3, 64, 512])
batch.min(): -1.0
batch.max(): 1.0
batch.device: cuda:0
net_out.shape: torch.Size([128, 512])
num_nans: 0
num_non_nans: 65536
Batch 45: torch.Size([128, 3, 64, 512])
batch.shape: torch.Size([128, 3, 64, 512])
batch.min(): -1.0
batch.max(): 1.0
batch.device: cuda:0
net_out.shape: torch.Size([128, 512])
num_nans: 0
num_non_nans: 65536
Batch 46: torch.Size([128, 3, 64, 512])
batch.shape: torch.Size([128, 3, 64, 512])
batch.min(): -1.0
batch.max(): 1.0
batch.device: cuda:0
net_out.shape: torch.Size([128, 512])
num_nans: 0
num_non_nans: 65536
Batch 47: torch.Size([128, 3, 64, 512])
batch.shape: torch.Size([128, 3, 64, 512])
batch.min(): -1.0
batch.max(): 1.0
batch.device: cuda:0
net_out.shape: torch.Size([128, 512])
num_nans: 0
num_non_nans: 65536
Batch 48: torch.Size([128, 3, 64, 512])
batch.shape: torch.Size([128, 3, 64, 512])
batch.min(): -1.0
batch.max(): 1.0
batch.device: cuda:0
net_out.shape: torch.Size([128, 512])
num_nans: 0
num_non_nans: 65536
Batch 49: torch.Size([128, 3, 64, 512])
batch.shape: torch.Size([128, 3, 64, 512])
batch.min(): -1.0
batch.max(): 1.0
batch.device: cuda:0
net_out.shape: torch.Size([128, 512])
num_nans: 0
num_non_nans: 65536
Batch 50: torch.Size([128, 3, 64, 512])
batch.shape: torch.Size([128, 3, 64, 512])
batch.min(): -1.0
batch.max(): 1.0
batch.device: cuda:0
net_out.shape: torch.Size([128, 512])
num_nans: 0
num_non_nans: 65536
Batch 51: torch.Size([128, 3, 64, 512])
batch.shape: torch.Size([128, 3, 64, 512])
batch.min(): -1.0
batch.max(): 1.0
batch.device: cuda:0
net_out.shape: torch.Size([128, 512])
num_nans: 0
num_non_nans: 65536
Batch 52: torch.Size([128, 3, 64, 512])
batch.shape: torch.Size([128, 3, 64, 512])
batch.min(): -1.0
batch.max(): 1.0
batch.device: cuda:0
net_out.shape: torch.Size([128, 512])
num_nans: 0
num_non_nans: 65536
Batch 53: torch.Size([128, 3, 64, 512])
batch.shape: torch.Size([128, 3, 64, 512])
batch.min(): -1.0
batch.max(): 1.0
batch.device: cuda:0
net_out.shape: torch.Size([128, 512])
num_nans: 0
num_non_nans: 65536
Batch 54: torch.Size([128, 3, 64, 512])
batch.shape: torch.Size([128, 3, 64, 512])
batch.min(): -1.0
batch.max(): 1.0
batch.device: cuda:0
net_out.shape: torch.Size([128, 512])
num_nans: 0
num_non_nans: 65536
Batch 55: torch.Size([128, 3, 64, 512])
batch.shape: torch.Size([128, 3, 64, 512])
batch.min(): -1.0
batch.max(): 1.0
batch.device: cuda:0
net_out.shape: torch.Size([128, 512])
num_nans: 0
num_non_nans: 65536
Batch 56: torch.Size([128, 3, 64, 512])
batch.shape: torch.Size([128, 3, 64, 512])
batch.min(): -1.0
batch.max(): 1.0
batch.device: cuda:0
net_out.shape: torch.Size([128, 512])
num_nans: 0
num_non_nans: 65536
Batch 57: torch.Size([128, 3, 64, 512])
batch.shape: torch.Size([128, 3, 64, 512])
batch.min(): -1.0
batch.max(): 1.0
batch.device: cuda:0
net_out.shape: torch.Size([128, 512])
num_nans: 0
num_non_nans: 65536
Batch 58: torch.Size([128, 3, 64, 512])
batch.shape: torch.Size([128, 3, 64, 512])
batch.min(): -1.0
batch.max(): 1.0
batch.device: cuda:0
net_out.shape: torch.Size([128, 512])
num_nans: 0
num_non_nans: 65536
Batch 59: torch.Size([128, 3, 64, 512])
batch.shape: torch.Size([128, 3, 64, 512])
batch.min(): -1.0
batch.max(): 1.0
batch.device: cuda:0
net_out.shape: torch.Size([128, 512])
num_nans: 0
num_non_nans: 65536
Batch 60: torch.Size([128, 3, 64, 512])
batch.shape: torch.Size([128, 3, 64, 512])
batch.min(): -1.0
batch.max(): 1.0
batch.device: cuda:0
net_out.shape: torch.Size([128, 512])
num_nans: 0
num_non_nans: 65536
Batch 61: torch.Size([128, 3, 64, 512])
batch.shape: torch.Size([128, 3, 64, 512])
batch.min(): -1.0
batch.max(): 1.0
batch.device: cuda:0
net_out.shape: torch.Size([128, 512])
num_nans: 0
num_non_nans: 65536
Batch 62: torch.Size([128, 3, 64, 512])
batch.shape: torch.Size([128, 3, 64, 512])
batch.min(): -1.0
batch.max(): 1.0
batch.device: cuda:0
net_out.shape: torch.Size([128, 512])
num_nans: 0
num_non_nans: 65536
Batch 63: torch.Size([128, 3, 64, 512])
batch.shape: torch.Size([128, 3, 64, 512])
batch.min(): -1.0
batch.max(): 1.0
batch.device: cuda:0
net_out.shape: torch.Size([128, 512])
num_nans: 0
num_non_nans: 65536
Training: 2025-04-09 10:53:45,899-[val][Global step: 24000] d prime: 7.784062385559082
Model saved with d prime score: 7.784062385559082
Training: 2025-04-09 10:54:02,438-Speed 14.52 samples/sec   Loss 0.0653   LearningRate 0.000916   Epoch: 16   Global Step: 24010   Fp16 Grad Scale: 262144   Required: 127 hours
Training: 2025-04-09 10:54:18,255-Speed 80.93 samples/sec   Loss 0.1247   LearningRate 0.000916   Epoch: 16   Global Step: 24020   Fp16 Grad Scale: 262144   Required: 127 hours
Training: 2025-04-09 10:54:34,105-Speed 80.76 samples/sec   Loss 0.1005   LearningRate 0.000916   Epoch: 16   Global Step: 24030   Fp16 Grad Scale: 262144   Required: 127 hours
Training: 2025-04-09 10:54:51,681-Speed 80.93 samples/sec   Loss 0.0550   LearningRate 0.000916   Epoch: 16   Global Step: 24040   Fp16 Grad Scale: 262144   Required: 127 hours
Training: 2025-04-09 10:55:09,230-Speed 72.94 samples/sec   Loss 0.0955   LearningRate 0.000916   Epoch: 16   Global Step: 24050   Fp16 Grad Scale: 262144   Required: 127 hours
Training: 2025-04-09 10:55:25,132-Speed 80.50 samples/sec   Loss 0.0964   LearningRate 0.000916   Epoch: 16   Global Step: 24060   Fp16 Grad Scale: 262144   Required: 127 hours
Training: 2025-04-09 10:55:40,893-Speed 81.22 samples/sec   Loss 0.0596   LearningRate 0.000916   Epoch: 16   Global Step: 24070   Fp16 Grad Scale: 262144   Required: 127 hours
Training: 2025-04-09 10:55:56,717-Speed 80.89 samples/sec   Loss 0.0673   LearningRate 0.000916   Epoch: 16   Global Step: 24080   Fp16 Grad Scale: 262144   Required: 127 hours
Training: 2025-04-09 10:56:12,381-Speed 81.72 samples/sec   Loss 0.0611   LearningRate 0.000916   Epoch: 16   Global Step: 24090   Fp16 Grad Scale: 524288   Required: 127 hours
Training: 2025-04-09 10:56:31,236-Speed 67.89 samples/sec   Loss 0.1060   LearningRate 0.000915   Epoch: 16   Global Step: 24100   Fp16 Grad Scale: 524288   Required: 127 hours
Training: 2025-04-09 10:56:50,863-Speed 65.22 samples/sec   Loss 0.0751   LearningRate 0.000915   Epoch: 16   Global Step: 24110   Fp16 Grad Scale: 524288   Required: 127 hours
Training: 2025-04-09 10:57:09,244-Speed 69.64 samples/sec   Loss 0.0633   LearningRate 0.000915   Epoch: 16   Global Step: 24120   Fp16 Grad Scale: 524288   Required: 127 hours
Training: 2025-04-09 10:57:25,217-Speed 80.14 samples/sec   Loss 0.0682   LearningRate 0.000915   Epoch: 16   Global Step: 24130   Fp16 Grad Scale: 524288   Required: 127 hours
Training: 2025-04-09 10:57:40,912-Speed 81.56 samples/sec   Loss 0.1103   LearningRate 0.000915   Epoch: 16   Global Step: 24140   Fp16 Grad Scale: 524288   Required: 127 hours
Training: 2025-04-09 10:57:56,650-Speed 81.34 samples/sec   Loss 0.0710   LearningRate 0.000915   Epoch: 16   Global Step: 24150   Fp16 Grad Scale: 524288   Required: 127 hours
Training: 2025-04-09 10:58:12,887-Speed 78.84 samples/sec   Loss 0.0813   LearningRate 0.000915   Epoch: 16   Global Step: 24160   Fp16 Grad Scale: 524288   Required: 127 hours
Training: 2025-04-09 10:58:28,458-Speed 82.21 samples/sec   Loss 0.0798   LearningRate 0.000915   Epoch: 16   Global Step: 24170   Fp16 Grad Scale: 524288   Required: 127 hours
Training: 2025-04-09 10:58:44,121-Speed 81.73 samples/sec   Loss 0.0829   LearningRate 0.000915   Epoch: 16   Global Step: 24180   Fp16 Grad Scale: 524288   Required: 127 hours
Training: 2025-04-09 10:58:59,921-Speed 81.02 samples/sec   Loss 0.1029   LearningRate 0.000915   Epoch: 16   Global Step: 24190   Fp16 Grad Scale: 1048576   Required: 127 hours
Training: 2025-04-09 10:59:15,586-Speed 81.71 samples/sec   Loss 0.0812   LearningRate 0.000915   Epoch: 16   Global Step: 24200   Fp16 Grad Scale: 1048576   Required: 127 hours
Training: 2025-04-09 10:59:31,476-Speed 80.56 samples/sec   Loss 0.1331   LearningRate 0.000915   Epoch: 16   Global Step: 24210   Fp16 Grad Scale: 524288   Required: 127 hours
Training: 2025-04-09 10:59:47,277-Speed 81.01 samples/sec   Loss 0.0622   LearningRate 0.000915   Epoch: 16   Global Step: 24220   Fp16 Grad Scale: 524288   Required: 127 hours
Training: 2025-04-09 11:00:03,076-Speed 81.02 samples/sec   Loss 0.1147   LearningRate 0.000915   Epoch: 16   Global Step: 24230   Fp16 Grad Scale: 524288   Required: 127 hours
Training: 2025-04-09 11:00:20,556-Speed 73.23 samples/sec   Loss 0.0785   LearningRate 0.000915   Epoch: 16   Global Step: 24240   Fp16 Grad Scale: 524288   Required: 127 hours
Training: 2025-04-09 11:00:36,476-Speed 80.40 samples/sec   Loss 0.0707   LearningRate 0.000915   Epoch: 16   Global Step: 24250   Fp16 Grad Scale: 524288   Required: 127 hours
Training: 2025-04-09 11:00:55,192-Speed 68.39 samples/sec   Loss 0.1115   LearningRate 0.000915   Epoch: 17   Global Step: 24260   Fp16 Grad Scale: 524288   Required: 127 hours
Training: 2025-04-09 11:01:10,470-Speed 83.78 samples/sec   Loss 0.0517   LearningRate 0.000915   Epoch: 17   Global Step: 24270   Fp16 Grad Scale: 524288   Required: 127 hours
Training: 2025-04-09 11:01:25,712-Speed 83.98 samples/sec   Loss 0.0620   LearningRate 0.000915   Epoch: 17   Global Step: 24280   Fp16 Grad Scale: 262144   Required: 127 hours
Training: 2025-04-09 11:01:41,133-Speed 83.01 samples/sec   Loss 0.0838   LearningRate 0.000915   Epoch: 17   Global Step: 24290   Fp16 Grad Scale: 262144   Required: 127 hours
Training: 2025-04-09 11:01:56,536-Speed 83.10 samples/sec   Loss 0.0474   LearningRate 0.000915   Epoch: 17   Global Step: 24300   Fp16 Grad Scale: 262144   Required: 127 hours
Training: 2025-04-09 11:02:11,915-Speed 83.23 samples/sec   Loss 0.0642   LearningRate 0.000915   Epoch: 17   Global Step: 24310   Fp16 Grad Scale: 262144   Required: 127 hours
Training: 2025-04-09 11:02:27,271-Speed 83.36 samples/sec   Loss 0.0762   LearningRate 0.000915   Epoch: 17   Global Step: 24320   Fp16 Grad Scale: 262144   Required: 127 hours
Training: 2025-04-09 11:02:42,729-Speed 82.81 samples/sec   Loss 0.0529   LearningRate 0.000915   Epoch: 17   Global Step: 24330   Fp16 Grad Scale: 262144   Required: 127 hours
Training: 2025-04-09 11:02:58,076-Speed 83.41 samples/sec   Loss 0.0449   LearningRate 0.000915   Epoch: 17   Global Step: 24340   Fp16 Grad Scale: 262144   Required: 127 hours
Training: 2025-04-09 11:03:13,318-Speed 83.98 samples/sec   Loss 0.0756   LearningRate 0.000915   Epoch: 17   Global Step: 24350   Fp16 Grad Scale: 262144   Required: 127 hours
Training: 2025-04-09 11:03:28,516-Speed 84.22 samples/sec   Loss 0.1082   LearningRate 0.000915   Epoch: 17   Global Step: 24360   Fp16 Grad Scale: 262144   Required: 127 hours
Training: 2025-04-09 11:03:43,910-Speed 83.15 samples/sec   Loss 0.0589   LearningRate 0.000915   Epoch: 17   Global Step: 24370   Fp16 Grad Scale: 262144   Required: 127 hours
Training: 2025-04-09 11:03:59,358-Speed 82.86 samples/sec   Loss 0.1538   LearningRate 0.000915   Epoch: 17   Global Step: 24380   Fp16 Grad Scale: 524288   Required: 127 hours
Training: 2025-04-09 11:04:14,552-Speed 84.24 samples/sec   Loss 0.0604   LearningRate 0.000914   Epoch: 17   Global Step: 24390   Fp16 Grad Scale: 262144   Required: 127 hours
Training: 2025-04-09 11:04:29,867-Speed 83.58 samples/sec   Loss 0.0542   LearningRate 0.000914   Epoch: 17   Global Step: 24400   Fp16 Grad Scale: 262144   Required: 127 hours
Training: 2025-04-09 11:04:45,334-Speed 82.76 samples/sec   Loss 0.0641   LearningRate 0.000914   Epoch: 17   Global Step: 24410   Fp16 Grad Scale: 262144   Required: 127 hours
Training: 2025-04-09 11:05:00,475-Speed 84.54 samples/sec   Loss 0.1032   LearningRate 0.000914   Epoch: 17   Global Step: 24420   Fp16 Grad Scale: 262144   Required: 127 hours
Training: 2025-04-09 11:05:17,635-Speed 74.59 samples/sec   Loss 0.0747   LearningRate 0.000914   Epoch: 17   Global Step: 24430   Fp16 Grad Scale: 262144   Required: 127 hours
Training: 2025-04-09 11:05:32,873-Speed 84.01 samples/sec   Loss 0.0574   LearningRate 0.000914   Epoch: 17   Global Step: 24440   Fp16 Grad Scale: 262144   Required: 127 hours
Training: 2025-04-09 11:05:48,112-Speed 84.00 samples/sec   Loss 0.1035   LearningRate 0.000914   Epoch: 17   Global Step: 24450   Fp16 Grad Scale: 262144   Required: 127 hours
Training: 2025-04-09 11:06:03,508-Speed 83.14 samples/sec   Loss 0.0818   LearningRate 0.000914   Epoch: 17   Global Step: 24460   Fp16 Grad Scale: 262144   Required: 127 hours
Training: 2025-04-09 11:06:19,142-Speed 81.88 samples/sec   Loss 0.0831   LearningRate 0.000914   Epoch: 17   Global Step: 24470   Fp16 Grad Scale: 262144   Required: 127 hours
Training: 2025-04-09 11:06:34,500-Speed 83.35 samples/sec   Loss 0.0584   LearningRate 0.000914   Epoch: 17   Global Step: 24480   Fp16 Grad Scale: 262144   Required: 127 hours
Training: 2025-04-09 11:06:49,946-Speed 82.87 samples/sec   Loss 0.1023   LearningRate 0.000914   Epoch: 17   Global Step: 24490   Fp16 Grad Scale: 524288   Required: 127 hours
Training: 2025-04-09 11:07:05,305-Speed 83.34 samples/sec   Loss 0.0370   LearningRate 0.000914   Epoch: 17   Global Step: 24500   Fp16 Grad Scale: 524288   Required: 127 hours
Training: 2025-04-09 11:07:20,531-Speed 84.07 samples/sec   Loss 0.0879   LearningRate 0.000914   Epoch: 17   Global Step: 24510   Fp16 Grad Scale: 262144   Required: 127 hours
Training: 2025-04-09 11:07:35,729-Speed 84.22 samples/sec   Loss 0.0981   LearningRate 0.000914   Epoch: 17   Global Step: 24520   Fp16 Grad Scale: 262144   Required: 127 hours
Training: 2025-04-09 11:07:51,053-Speed 83.53 samples/sec   Loss 0.0671   LearningRate 0.000914   Epoch: 17   Global Step: 24530   Fp16 Grad Scale: 262144   Required: 127 hours
Training: 2025-04-09 11:08:06,314-Speed 83.88 samples/sec   Loss 0.1000   LearningRate 0.000914   Epoch: 17   Global Step: 24540   Fp16 Grad Scale: 262144   Required: 127 hours
Training: 2025-04-09 11:08:21,623-Speed 83.61 samples/sec   Loss 0.1537   LearningRate 0.000914   Epoch: 17   Global Step: 24550   Fp16 Grad Scale: 131072   Required: 127 hours
Training: 2025-04-09 11:08:37,039-Speed 83.03 samples/sec   Loss 0.0827   LearningRate 0.000914   Epoch: 17   Global Step: 24560   Fp16 Grad Scale: 131072   Required: 127 hours
Training: 2025-04-09 11:08:52,548-Speed 82.54 samples/sec   Loss 0.1169   LearningRate 0.000914   Epoch: 17   Global Step: 24570   Fp16 Grad Scale: 131072   Required: 127 hours
Training: 2025-04-09 11:09:08,009-Speed 82.79 samples/sec   Loss 0.0697   LearningRate 0.000914   Epoch: 17   Global Step: 24580   Fp16 Grad Scale: 131072   Required: 127 hours
Training: 2025-04-09 11:09:23,313-Speed 83.64 samples/sec   Loss 0.0589   LearningRate 0.000914   Epoch: 17   Global Step: 24590   Fp16 Grad Scale: 131072   Required: 127 hours
Training: 2025-04-09 11:09:38,523-Speed 84.16 samples/sec   Loss 0.0818   LearningRate 0.000914   Epoch: 17   Global Step: 24600   Fp16 Grad Scale: 131072   Required: 127 hours
Training: 2025-04-09 11:09:53,856-Speed 83.48 samples/sec   Loss 0.0722   LearningRate 0.000914   Epoch: 17   Global Step: 24610   Fp16 Grad Scale: 131072   Required: 127 hours
Training: 2025-04-09 11:10:09,110-Speed 83.92 samples/sec   Loss 0.0702   LearningRate 0.000914   Epoch: 17   Global Step: 24620   Fp16 Grad Scale: 131072   Required: 127 hours
Training: 2025-04-09 11:10:26,463-Speed 73.77 samples/sec   Loss 0.1170   LearningRate 0.000914   Epoch: 17   Global Step: 24630   Fp16 Grad Scale: 131072   Required: 127 hours
Training: 2025-04-09 11:10:41,974-Speed 82.52 samples/sec   Loss 0.0852   LearningRate 0.000914   Epoch: 17   Global Step: 24640   Fp16 Grad Scale: 131072   Required: 127 hours
Training: 2025-04-09 11:10:57,492-Speed 82.49 samples/sec   Loss 0.1060   LearningRate 0.000914   Epoch: 17   Global Step: 24650   Fp16 Grad Scale: 262144   Required: 127 hours
Training: 2025-04-09 11:11:13,122-Speed 81.90 samples/sec   Loss 0.1040   LearningRate 0.000914   Epoch: 17   Global Step: 24660   Fp16 Grad Scale: 262144   Required: 127 hours
Training: 2025-04-09 11:11:28,618-Speed 82.60 samples/sec   Loss 0.1099   LearningRate 0.000913   Epoch: 17   Global Step: 24670   Fp16 Grad Scale: 262144   Required: 127 hours
Training: 2025-04-09 11:11:43,969-Speed 83.39 samples/sec   Loss 0.1063   LearningRate 0.000913   Epoch: 17   Global Step: 24680   Fp16 Grad Scale: 262144   Required: 127 hours
Training: 2025-04-09 11:11:59,283-Speed 83.58 samples/sec   Loss 0.0892   LearningRate 0.000913   Epoch: 17   Global Step: 24690   Fp16 Grad Scale: 262144   Required: 127 hours
Training: 2025-04-09 11:12:14,665-Speed 83.22 samples/sec   Loss 0.0836   LearningRate 0.000913   Epoch: 17   Global Step: 24700   Fp16 Grad Scale: 262144   Required: 127 hours
Training: 2025-04-09 11:12:30,197-Speed 82.49 samples/sec   Loss 0.1026   LearningRate 0.000913   Epoch: 17   Global Step: 24710   Fp16 Grad Scale: 262144   Required: 126 hours
Training: 2025-04-09 11:12:45,728-Speed 82.42 samples/sec   Loss 0.0616   LearningRate 0.000913   Epoch: 17   Global Step: 24720   Fp16 Grad Scale: 262144   Required: 126 hours
Training: 2025-04-09 11:13:01,362-Speed 81.87 samples/sec   Loss 0.0815   LearningRate 0.000913   Epoch: 17   Global Step: 24730   Fp16 Grad Scale: 262144   Required: 126 hours
Training: 2025-04-09 11:13:16,744-Speed 83.22 samples/sec   Loss 0.0731   LearningRate 0.000913   Epoch: 17   Global Step: 24740   Fp16 Grad Scale: 262144   Required: 126 hours
Training: 2025-04-09 11:13:32,516-Speed 81.16 samples/sec   Loss 0.0472   LearningRate 0.000913   Epoch: 17   Global Step: 24750   Fp16 Grad Scale: 524288   Required: 126 hours
Training: 2025-04-09 11:13:48,092-Speed 82.18 samples/sec   Loss 0.0697   LearningRate 0.000913   Epoch: 17   Global Step: 24760   Fp16 Grad Scale: 524288   Required: 126 hours
Training: 2025-04-09 11:14:03,557-Speed 82.77 samples/sec   Loss 0.0891   LearningRate 0.000913   Epoch: 17   Global Step: 24770   Fp16 Grad Scale: 524288   Required: 126 hours
Training: 2025-04-09 11:14:19,122-Speed 82.24 samples/sec   Loss 0.0739   LearningRate 0.000913   Epoch: 17   Global Step: 24780   Fp16 Grad Scale: 262144   Required: 126 hours
Training: 2025-04-09 11:14:34,432-Speed 83.61 samples/sec   Loss 0.0994   LearningRate 0.000913   Epoch: 17   Global Step: 24790   Fp16 Grad Scale: 262144   Required: 126 hours
Training: 2025-04-09 11:14:49,702-Speed 83.83 samples/sec   Loss 0.1145   LearningRate 0.000913   Epoch: 17   Global Step: 24800   Fp16 Grad Scale: 262144   Required: 126 hours
Training: 2025-04-09 11:15:05,468-Speed 81.19 samples/sec   Loss 0.0752   LearningRate 0.000913   Epoch: 17   Global Step: 24810   Fp16 Grad Scale: 262144   Required: 126 hours
Training: 2025-04-09 11:15:22,732-Speed 74.14 samples/sec   Loss 0.0708   LearningRate 0.000913   Epoch: 17   Global Step: 24820   Fp16 Grad Scale: 262144   Required: 126 hours
Training: 2025-04-09 11:15:38,328-Speed 82.07 samples/sec   Loss 0.0666   LearningRate 0.000913   Epoch: 17   Global Step: 24830   Fp16 Grad Scale: 262144   Required: 126 hours
Training: 2025-04-09 11:15:54,165-Speed 80.83 samples/sec   Loss 0.0838   LearningRate 0.000913   Epoch: 17   Global Step: 24840   Fp16 Grad Scale: 262144   Required: 126 hours
Training: 2025-04-09 11:16:09,589-Speed 82.99 samples/sec   Loss 0.1108   LearningRate 0.000913   Epoch: 17   Global Step: 24850   Fp16 Grad Scale: 262144   Required: 126 hours
Training: 2025-04-09 11:16:24,988-Speed 83.13 samples/sec   Loss 0.1182   LearningRate 0.000913   Epoch: 17   Global Step: 24860   Fp16 Grad Scale: 262144   Required: 126 hours
Training: 2025-04-09 11:16:40,393-Speed 83.09 samples/sec   Loss 0.0502   LearningRate 0.000913   Epoch: 17   Global Step: 24870   Fp16 Grad Scale: 262144   Required: 126 hours
Training: 2025-04-09 11:16:55,806-Speed 83.05 samples/sec   Loss 0.0844   LearningRate 0.000913   Epoch: 17   Global Step: 24880   Fp16 Grad Scale: 524288   Required: 126 hours
Training: 2025-04-09 11:17:11,445-Speed 81.85 samples/sec   Loss 0.0400   LearningRate 0.000913   Epoch: 17   Global Step: 24890   Fp16 Grad Scale: 524288   Required: 126 hours
Training: 2025-04-09 11:17:26,781-Speed 83.46 samples/sec   Loss 0.0722   LearningRate 0.000913   Epoch: 17   Global Step: 24900   Fp16 Grad Scale: 524288   Required: 126 hours
Training: 2025-04-09 11:17:42,195-Speed 83.05 samples/sec   Loss 0.0817   LearningRate 0.000913   Epoch: 17   Global Step: 24910   Fp16 Grad Scale: 524288   Required: 126 hours
Training: 2025-04-09 11:17:57,835-Speed 81.84 samples/sec   Loss 0.0671   LearningRate 0.000913   Epoch: 17   Global Step: 24920   Fp16 Grad Scale: 524288   Required: 126 hours
Training: 2025-04-09 11:18:13,521-Speed 81.60 samples/sec   Loss 0.1064   LearningRate 0.000913   Epoch: 17   Global Step: 24930   Fp16 Grad Scale: 524288   Required: 126 hours
Training: 2025-04-09 11:18:28,901-Speed 83.23 samples/sec   Loss 0.0848   LearningRate 0.000913   Epoch: 17   Global Step: 24940   Fp16 Grad Scale: 524288   Required: 126 hours
Training: 2025-04-09 11:18:44,336-Speed 82.93 samples/sec   Loss 0.0837   LearningRate 0.000913   Epoch: 17   Global Step: 24950   Fp16 Grad Scale: 524288   Required: 126 hours
Training: 2025-04-09 11:18:59,791-Speed 82.82 samples/sec   Loss 0.1221   LearningRate 0.000912   Epoch: 17   Global Step: 24960   Fp16 Grad Scale: 524288   Required: 126 hours
Training: 2025-04-09 11:19:15,185-Speed 83.15 samples/sec   Loss 0.1005   LearningRate 0.000912   Epoch: 17   Global Step: 24970   Fp16 Grad Scale: 524288   Required: 126 hours
Training: 2025-04-09 11:19:30,772-Speed 82.13 samples/sec   Loss 0.0800   LearningRate 0.000912   Epoch: 17   Global Step: 24980   Fp16 Grad Scale: 524288   Required: 126 hours
Training: 2025-04-09 11:19:46,230-Speed 82.80 samples/sec   Loss 0.0624   LearningRate 0.000912   Epoch: 17   Global Step: 24990   Fp16 Grad Scale: 524288   Required: 126 hours
Training: 2025-04-09 11:20:01,593-Speed 83.32 samples/sec   Loss 0.0812   LearningRate 0.000912   Epoch: 17   Global Step: 25000   Fp16 Grad Scale: 524288   Required: 126 hours
Training: 2025-04-09 11:20:17,321-Speed 81.39 samples/sec   Loss 0.0814   LearningRate 0.000912   Epoch: 17   Global Step: 25010   Fp16 Grad Scale: 524288   Required: 126 hours
Training: 2025-04-09 11:20:34,809-Speed 73.20 samples/sec   Loss 0.0755   LearningRate 0.000912   Epoch: 17   Global Step: 25020   Fp16 Grad Scale: 524288   Required: 126 hours
Training: 2025-04-09 11:20:50,360-Speed 82.31 samples/sec   Loss 0.0865   LearningRate 0.000912   Epoch: 17   Global Step: 25030   Fp16 Grad Scale: 524288   Required: 126 hours
Training: 2025-04-09 11:21:05,808-Speed 82.86 samples/sec   Loss 0.0666   LearningRate 0.000912   Epoch: 17   Global Step: 25040   Fp16 Grad Scale: 524288   Required: 126 hours
Training: 2025-04-09 11:21:21,237-Speed 82.96 samples/sec   Loss 0.0932   LearningRate 0.000912   Epoch: 17   Global Step: 25050   Fp16 Grad Scale: 262144   Required: 126 hours
Training: 2025-04-09 11:21:36,690-Speed 82.84 samples/sec   Loss 0.0352   LearningRate 0.000912   Epoch: 17   Global Step: 25060   Fp16 Grad Scale: 262144   Required: 126 hours
Training: 2025-04-09 11:21:52,084-Speed 83.15 samples/sec   Loss 0.0619   LearningRate 0.000912   Epoch: 17   Global Step: 25070   Fp16 Grad Scale: 262144   Required: 126 hours
Training: 2025-04-09 11:22:07,510-Speed 82.98 samples/sec   Loss 0.0766   LearningRate 0.000912   Epoch: 17   Global Step: 25080   Fp16 Grad Scale: 262144   Required: 126 hours
Training: 2025-04-09 11:22:22,927-Speed 83.03 samples/sec   Loss 0.0711   LearningRate 0.000912   Epoch: 17   Global Step: 25090   Fp16 Grad Scale: 262144   Required: 126 hours
Training: 2025-04-09 11:22:38,396-Speed 82.75 samples/sec   Loss 0.0788   LearningRate 0.000912   Epoch: 17   Global Step: 25100   Fp16 Grad Scale: 262144   Required: 126 hours
Training: 2025-04-09 11:22:53,813-Speed 83.03 samples/sec   Loss 0.1242   LearningRate 0.000912   Epoch: 17   Global Step: 25110   Fp16 Grad Scale: 262144   Required: 126 hours
Training: 2025-04-09 11:23:09,251-Speed 82.92 samples/sec   Loss 0.0845   LearningRate 0.000912   Epoch: 17   Global Step: 25120   Fp16 Grad Scale: 262144   Required: 126 hours
Training: 2025-04-09 11:23:24,623-Speed 83.27 samples/sec   Loss 0.0806   LearningRate 0.000912   Epoch: 17   Global Step: 25130   Fp16 Grad Scale: 262144   Required: 126 hours
Training: 2025-04-09 11:23:40,060-Speed 82.92 samples/sec   Loss 0.0900   LearningRate 0.000912   Epoch: 17   Global Step: 25140   Fp16 Grad Scale: 262144   Required: 126 hours
Training: 2025-04-09 11:23:55,697-Speed 81.86 samples/sec   Loss 0.0508   LearningRate 0.000912   Epoch: 17   Global Step: 25150   Fp16 Grad Scale: 524288   Required: 126 hours
Training: 2025-04-09 11:24:11,107-Speed 83.06 samples/sec   Loss 0.1195   LearningRate 0.000912   Epoch: 17   Global Step: 25160   Fp16 Grad Scale: 524288   Required: 126 hours
Training: 2025-04-09 11:24:26,430-Speed 83.54 samples/sec   Loss 0.0878   LearningRate 0.000912   Epoch: 17   Global Step: 25170   Fp16 Grad Scale: 524288   Required: 126 hours
Training: 2025-04-09 11:24:41,902-Speed 82.73 samples/sec   Loss 0.0830   LearningRate 0.000912   Epoch: 17   Global Step: 25180   Fp16 Grad Scale: 524288   Required: 126 hours
Training: 2025-04-09 11:24:57,513-Speed 82.00 samples/sec   Loss 0.1252   LearningRate 0.000912   Epoch: 17   Global Step: 25190   Fp16 Grad Scale: 524288   Required: 126 hours
Training: 2025-04-09 11:25:12,925-Speed 83.05 samples/sec   Loss 0.1020   LearningRate 0.000912   Epoch: 17   Global Step: 25200   Fp16 Grad Scale: 524288   Required: 126 hours
Training: 2025-04-09 11:25:30,170-Speed 74.23 samples/sec   Loss 0.0943   LearningRate 0.000912   Epoch: 17   Global Step: 25210   Fp16 Grad Scale: 524288   Required: 126 hours
Training: 2025-04-09 11:25:45,553-Speed 83.21 samples/sec   Loss 0.0983   LearningRate 0.000912   Epoch: 17   Global Step: 25220   Fp16 Grad Scale: 262144   Required: 126 hours
Training: 2025-04-09 11:26:01,138-Speed 82.13 samples/sec   Loss 0.0620   LearningRate 0.000912   Epoch: 17   Global Step: 25230   Fp16 Grad Scale: 262144   Required: 126 hours
Training: 2025-04-09 11:26:16,934-Speed 81.04 samples/sec   Loss 0.0427   LearningRate 0.000912   Epoch: 17   Global Step: 25240   Fp16 Grad Scale: 262144   Required: 126 hours
Training: 2025-04-09 11:26:34,049-Speed 74.79 samples/sec   Loss 0.0833   LearningRate 0.000911   Epoch: 17   Global Step: 25250   Fp16 Grad Scale: 262144   Required: 126 hours
Training: 2025-04-09 11:26:51,711-Speed 72.47 samples/sec   Loss 0.0610   LearningRate 0.000911   Epoch: 17   Global Step: 25260   Fp16 Grad Scale: 262144   Required: 126 hours
Training: 2025-04-09 11:27:09,152-Speed 73.39 samples/sec   Loss 0.0663   LearningRate 0.000911   Epoch: 17   Global Step: 25270   Fp16 Grad Scale: 262144   Required: 126 hours
Training: 2025-04-09 11:27:25,324-Speed 79.15 samples/sec   Loss 0.1095   LearningRate 0.000911   Epoch: 17   Global Step: 25280   Fp16 Grad Scale: 262144   Required: 126 hours
Training: 2025-04-09 11:27:40,999-Speed 81.67 samples/sec   Loss 0.0504   LearningRate 0.000911   Epoch: 17   Global Step: 25290   Fp16 Grad Scale: 262144   Required: 126 hours
Training: 2025-04-09 11:27:56,411-Speed 83.05 samples/sec   Loss 0.0961   LearningRate 0.000911   Epoch: 17   Global Step: 25300   Fp16 Grad Scale: 262144   Required: 126 hours
Training: 2025-04-09 11:28:12,113-Speed 81.52 samples/sec   Loss 0.0986   LearningRate 0.000911   Epoch: 17   Global Step: 25310   Fp16 Grad Scale: 262144   Required: 126 hours
Training: 2025-04-09 11:28:27,749-Speed 81.86 samples/sec   Loss 0.1028   LearningRate 0.000911   Epoch: 17   Global Step: 25320   Fp16 Grad Scale: 524288   Required: 126 hours
Training: 2025-04-09 11:28:43,140-Speed 83.16 samples/sec   Loss 0.0820   LearningRate 0.000911   Epoch: 17   Global Step: 25330   Fp16 Grad Scale: 524288   Required: 126 hours
Training: 2025-04-09 11:28:58,476-Speed 83.47 samples/sec   Loss 0.0951   LearningRate 0.000911   Epoch: 17   Global Step: 25340   Fp16 Grad Scale: 524288   Required: 126 hours
Training: 2025-04-09 11:29:13,871-Speed 83.15 samples/sec   Loss 0.0900   LearningRate 0.000911   Epoch: 17   Global Step: 25350   Fp16 Grad Scale: 524288   Required: 126 hours
Training: 2025-04-09 11:29:29,557-Speed 81.60 samples/sec   Loss 0.0742   LearningRate 0.000911   Epoch: 17   Global Step: 25360   Fp16 Grad Scale: 524288   Required: 126 hours
Training: 2025-04-09 11:29:45,213-Speed 81.76 samples/sec   Loss 0.1300   LearningRate 0.000911   Epoch: 17   Global Step: 25370   Fp16 Grad Scale: 524288   Required: 126 hours
Training: 2025-04-09 11:30:00,615-Speed 83.11 samples/sec   Loss 0.0865   LearningRate 0.000911   Epoch: 17   Global Step: 25380   Fp16 Grad Scale: 262144   Required: 126 hours
Training: 2025-04-09 11:30:16,113-Speed 82.60 samples/sec   Loss 0.0857   LearningRate 0.000911   Epoch: 17   Global Step: 25390   Fp16 Grad Scale: 262144   Required: 126 hours
Training: 2025-04-09 11:30:33,402-Speed 74.03 samples/sec   Loss 0.0680   LearningRate 0.000911   Epoch: 17   Global Step: 25400   Fp16 Grad Scale: 262144   Required: 126 hours
Training: 2025-04-09 11:30:48,794-Speed 83.16 samples/sec   Loss 0.1525   LearningRate 0.000911   Epoch: 17   Global Step: 25410   Fp16 Grad Scale: 262144   Required: 126 hours
Training: 2025-04-09 11:31:04,068-Speed 83.81 samples/sec   Loss 0.1228   LearningRate 0.000911   Epoch: 17   Global Step: 25420   Fp16 Grad Scale: 262144   Required: 126 hours
Training: 2025-04-09 11:31:19,570-Speed 82.57 samples/sec   Loss 0.1523   LearningRate 0.000911   Epoch: 17   Global Step: 25430   Fp16 Grad Scale: 262144   Required: 126 hours
Training: 2025-04-09 11:31:35,383-Speed 80.95 samples/sec   Loss 0.0754   LearningRate 0.000911   Epoch: 17   Global Step: 25440   Fp16 Grad Scale: 262144   Required: 126 hours
Training: 2025-04-09 11:31:51,277-Speed 80.54 samples/sec   Loss 0.0688   LearningRate 0.000911   Epoch: 17   Global Step: 25450   Fp16 Grad Scale: 262144   Required: 126 hours
Training: 2025-04-09 11:32:06,895-Speed 81.96 samples/sec   Loss 0.0926   LearningRate 0.000911   Epoch: 17   Global Step: 25460   Fp16 Grad Scale: 262144   Required: 126 hours
Training: 2025-04-09 11:32:22,610-Speed 81.45 samples/sec   Loss 0.0917   LearningRate 0.000911   Epoch: 17   Global Step: 25470   Fp16 Grad Scale: 262144   Required: 126 hours
Training: 2025-04-09 11:32:38,155-Speed 82.34 samples/sec   Loss 0.0836   LearningRate 0.000911   Epoch: 17   Global Step: 25480   Fp16 Grad Scale: 524288   Required: 126 hours
Training: 2025-04-09 11:32:53,568-Speed 83.05 samples/sec   Loss 0.0813   LearningRate 0.000911   Epoch: 17   Global Step: 25490   Fp16 Grad Scale: 524288   Required: 126 hours
Training: 2025-04-09 11:33:09,027-Speed 82.80 samples/sec   Loss 0.0607   LearningRate 0.000911   Epoch: 17   Global Step: 25500   Fp16 Grad Scale: 524288   Required: 126 hours
Training: 2025-04-09 11:33:24,477-Speed 82.85 samples/sec   Loss 0.0692   LearningRate 0.000911   Epoch: 17   Global Step: 25510   Fp16 Grad Scale: 524288   Required: 126 hours
Training: 2025-04-09 11:33:40,008-Speed 82.42 samples/sec   Loss 0.1284   LearningRate 0.000911   Epoch: 17   Global Step: 25520   Fp16 Grad Scale: 524288   Required: 126 hours
Training: 2025-04-09 11:33:55,662-Speed 81.77 samples/sec   Loss 0.0819   LearningRate 0.000910   Epoch: 17   Global Step: 25530   Fp16 Grad Scale: 524288   Required: 126 hours
Training: 2025-04-09 11:34:11,471-Speed 80.97 samples/sec   Loss 0.0469   LearningRate 0.000910   Epoch: 17   Global Step: 25540   Fp16 Grad Scale: 524288   Required: 126 hours
Training: 2025-04-09 11:34:26,933-Speed 82.79 samples/sec   Loss 0.0825   LearningRate 0.000910   Epoch: 17   Global Step: 25550   Fp16 Grad Scale: 524288   Required: 126 hours
Training: 2025-04-09 11:34:42,450-Speed 82.49 samples/sec   Loss 0.0612   LearningRate 0.000910   Epoch: 17   Global Step: 25560   Fp16 Grad Scale: 524288   Required: 126 hours
Training: 2025-04-09 11:34:57,941-Speed 82.63 samples/sec   Loss 0.0839   LearningRate 0.000910   Epoch: 17   Global Step: 25570   Fp16 Grad Scale: 524288   Required: 126 hours
Training: 2025-04-09 11:35:13,527-Speed 82.13 samples/sec   Loss 0.0906   LearningRate 0.000910   Epoch: 17   Global Step: 25580   Fp16 Grad Scale: 262144   Required: 126 hours
Training: 2025-04-09 11:35:28,978-Speed 82.85 samples/sec   Loss 0.0753   LearningRate 0.000910   Epoch: 17   Global Step: 25590   Fp16 Grad Scale: 262144   Required: 126 hours
Training: 2025-04-09 11:35:46,314-Speed 73.84 samples/sec   Loss 0.0965   LearningRate 0.000910   Epoch: 17   Global Step: 25600   Fp16 Grad Scale: 262144   Required: 126 hours
Training: 2025-04-09 11:36:01,845-Speed 82.42 samples/sec   Loss 0.1253   LearningRate 0.000910   Epoch: 17   Global Step: 25610   Fp16 Grad Scale: 262144   Required: 126 hours
Training: 2025-04-09 11:36:17,600-Speed 81.25 samples/sec   Loss 0.1158   LearningRate 0.000910   Epoch: 17   Global Step: 25620   Fp16 Grad Scale: 262144   Required: 126 hours
Training: 2025-04-09 11:36:33,330-Speed 81.38 samples/sec   Loss 0.0471   LearningRate 0.000910   Epoch: 17   Global Step: 25630   Fp16 Grad Scale: 262144   Required: 126 hours
Training: 2025-04-09 11:36:48,889-Speed 82.27 samples/sec   Loss 0.0572   LearningRate 0.000910   Epoch: 17   Global Step: 25640   Fp16 Grad Scale: 262144   Required: 126 hours
Training: 2025-04-09 11:37:04,459-Speed 82.21 samples/sec   Loss 0.0615   LearningRate 0.000910   Epoch: 17   Global Step: 25650   Fp16 Grad Scale: 262144   Required: 126 hours
Training: 2025-04-09 11:37:20,008-Speed 82.32 samples/sec   Loss 0.0919   LearningRate 0.000910   Epoch: 17   Global Step: 25660   Fp16 Grad Scale: 262144   Required: 126 hours
Training: 2025-04-09 11:37:35,615-Speed 82.02 samples/sec   Loss 0.0701   LearningRate 0.000910   Epoch: 17   Global Step: 25670   Fp16 Grad Scale: 262144   Required: 126 hours
Training: 2025-04-09 11:37:51,088-Speed 82.73 samples/sec   Loss 0.1254   LearningRate 0.000910   Epoch: 17   Global Step: 25680   Fp16 Grad Scale: 524288   Required: 126 hours
Training: 2025-04-09 11:38:10,153-Speed 67.14 samples/sec   Loss 0.1054   LearningRate 0.000910   Epoch: 18   Global Step: 25690   Fp16 Grad Scale: 524288   Required: 126 hours
Training: 2025-04-09 11:38:25,653-Speed 82.58 samples/sec   Loss 0.0320   LearningRate 0.000910   Epoch: 18   Global Step: 25700   Fp16 Grad Scale: 524288   Required: 126 hours
Training: 2025-04-09 11:38:41,249-Speed 82.08 samples/sec   Loss 0.0499   LearningRate 0.000910   Epoch: 18   Global Step: 25710   Fp16 Grad Scale: 524288   Required: 126 hours
Training: 2025-04-09 11:38:56,713-Speed 82.78 samples/sec   Loss 0.0776   LearningRate 0.000910   Epoch: 18   Global Step: 25720   Fp16 Grad Scale: 524288   Required: 125 hours
Training: 2025-04-09 11:39:12,248-Speed 82.40 samples/sec   Loss 0.0610   LearningRate 0.000910   Epoch: 18   Global Step: 25730   Fp16 Grad Scale: 524288   Required: 125 hours
Training: 2025-04-09 11:39:27,882-Speed 81.87 samples/sec   Loss 0.1100   LearningRate 0.000910   Epoch: 18   Global Step: 25740   Fp16 Grad Scale: 524288   Required: 125 hours
Training: 2025-04-09 11:39:43,227-Speed 83.42 samples/sec   Loss 0.1189   LearningRate 0.000910   Epoch: 18   Global Step: 25750   Fp16 Grad Scale: 524288   Required: 125 hours
Training: 2025-04-09 11:39:58,641-Speed 83.05 samples/sec   Loss 0.0614   LearningRate 0.000910   Epoch: 18   Global Step: 25760   Fp16 Grad Scale: 524288   Required: 125 hours
Training: 2025-04-09 11:40:14,132-Speed 82.63 samples/sec   Loss 0.0756   LearningRate 0.000910   Epoch: 18   Global Step: 25770   Fp16 Grad Scale: 524288   Required: 125 hours
Training: 2025-04-09 11:40:29,611-Speed 82.70 samples/sec   Loss 0.0801   LearningRate 0.000910   Epoch: 18   Global Step: 25780   Fp16 Grad Scale: 524288   Required: 125 hours
Training: 2025-04-09 11:40:47,146-Speed 73.00 samples/sec   Loss 0.1112   LearningRate 0.000910   Epoch: 18   Global Step: 25790   Fp16 Grad Scale: 524288   Required: 125 hours
Training: 2025-04-09 11:41:02,609-Speed 82.78 samples/sec   Loss 0.0434   LearningRate 0.000910   Epoch: 18   Global Step: 25800   Fp16 Grad Scale: 524288   Required: 125 hours
Training: 2025-04-09 11:41:17,969-Speed 83.34 samples/sec   Loss 0.0384   LearningRate 0.000910   Epoch: 18   Global Step: 25810   Fp16 Grad Scale: 524288   Required: 125 hours
Training: 2025-04-09 11:41:33,622-Speed 81.77 samples/sec   Loss 0.0544   LearningRate 0.000909   Epoch: 18   Global Step: 25820   Fp16 Grad Scale: 524288   Required: 125 hours
Training: 2025-04-09 11:41:49,097-Speed 82.72 samples/sec   Loss 0.0785   LearningRate 0.000909   Epoch: 18   Global Step: 25830   Fp16 Grad Scale: 524288   Required: 125 hours
Training: 2025-04-09 11:42:04,503-Speed 83.09 samples/sec   Loss 0.0808   LearningRate 0.000909   Epoch: 18   Global Step: 25840   Fp16 Grad Scale: 262144   Required: 125 hours
Training: 2025-04-09 11:42:19,752-Speed 83.94 samples/sec   Loss 0.0555   LearningRate 0.000909   Epoch: 18   Global Step: 25850   Fp16 Grad Scale: 262144   Required: 125 hours
Training: 2025-04-09 11:42:35,235-Speed 82.67 samples/sec   Loss 0.0912   LearningRate 0.000909   Epoch: 18   Global Step: 25860   Fp16 Grad Scale: 262144   Required: 125 hours
Training: 2025-04-09 11:42:50,801-Speed 82.23 samples/sec   Loss 0.0616   LearningRate 0.000909   Epoch: 18   Global Step: 25870   Fp16 Grad Scale: 262144   Required: 125 hours
Training: 2025-04-09 11:43:06,517-Speed 81.45 samples/sec   Loss 0.0813   LearningRate 0.000909   Epoch: 18   Global Step: 25880   Fp16 Grad Scale: 262144   Required: 125 hours
Training: 2025-04-09 11:43:22,245-Speed 81.39 samples/sec   Loss 0.0835   LearningRate 0.000909   Epoch: 18   Global Step: 25890   Fp16 Grad Scale: 262144   Required: 125 hours
Training: 2025-04-09 11:43:37,865-Speed 81.95 samples/sec   Loss 0.1364   LearningRate 0.000909   Epoch: 18   Global Step: 25900   Fp16 Grad Scale: 262144   Required: 125 hours
Training: 2025-04-09 11:43:53,404-Speed 82.37 samples/sec   Loss 0.0765   LearningRate 0.000909   Epoch: 18   Global Step: 25910   Fp16 Grad Scale: 262144   Required: 125 hours
Training: 2025-04-09 11:44:08,858-Speed 82.83 samples/sec   Loss 0.0746   LearningRate 0.000909   Epoch: 18   Global Step: 25920   Fp16 Grad Scale: 262144   Required: 125 hours
Training: 2025-04-09 11:44:24,468-Speed 82.00 samples/sec   Loss 0.0827   LearningRate 0.000909   Epoch: 18   Global Step: 25930   Fp16 Grad Scale: 262144   Required: 125 hours
Training: 2025-04-09 11:44:40,104-Speed 81.87 samples/sec   Loss 0.0750   LearningRate 0.000909   Epoch: 18   Global Step: 25940   Fp16 Grad Scale: 524288   Required: 125 hours
Training: 2025-04-09 11:44:55,519-Speed 83.04 samples/sec   Loss 0.0344   LearningRate 0.000909   Epoch: 18   Global Step: 25950   Fp16 Grad Scale: 524288   Required: 125 hours
Training: 2025-04-09 11:45:11,072-Speed 82.30 samples/sec   Loss 0.0434   LearningRate 0.000909   Epoch: 18   Global Step: 25960   Fp16 Grad Scale: 524288   Required: 125 hours
Training: 2025-04-09 11:45:26,931-Speed 80.71 samples/sec   Loss 0.0397   LearningRate 0.000909   Epoch: 18   Global Step: 25970   Fp16 Grad Scale: 524288   Required: 125 hours
Training: 2025-04-09 11:45:44,403-Speed 73.26 samples/sec   Loss 0.0382   LearningRate 0.000909   Epoch: 18   Global Step: 25980   Fp16 Grad Scale: 524288   Required: 125 hours
Training: 2025-04-09 11:46:00,114-Speed 81.48 samples/sec   Loss 0.0290   LearningRate 0.000909   Epoch: 18   Global Step: 25990   Fp16 Grad Scale: 524288   Required: 125 hours
Training: 2025-04-09 11:46:15,613-Speed 82.59 samples/sec   Loss 0.0199   LearningRate 0.000909   Epoch: 18   Global Step: 26000   Fp16 Grad Scale: 524288   Required: 125 hours
Batch 0: torch.Size([128, 3, 64, 512])
batch.shape: torch.Size([128, 3, 64, 512])
batch.min(): -1.0
batch.max(): 1.0
batch.device: cuda:0
net_out.shape: torch.Size([128, 512])
num_nans: 0
num_non_nans: 65536
Batch 1: torch.Size([128, 3, 64, 512])
batch.shape: torch.Size([128, 3, 64, 512])
batch.min(): -1.0
batch.max(): 1.0
batch.device: cuda:0
net_out.shape: torch.Size([128, 512])
num_nans: 0
num_non_nans: 65536
Batch 2: torch.Size([128, 3, 64, 512])
batch.shape: torch.Size([128, 3, 64, 512])
batch.min(): -1.0
batch.max(): 1.0
batch.device: cuda:0
net_out.shape: torch.Size([128, 512])
num_nans: 0
num_non_nans: 65536
Batch 3: torch.Size([128, 3, 64, 512])
batch.shape: torch.Size([128, 3, 64, 512])
batch.min(): -1.0
batch.max(): 1.0
batch.device: cuda:0
net_out.shape: torch.Size([128, 512])
num_nans: 0
num_non_nans: 65536
Batch 4: torch.Size([128, 3, 64, 512])
batch.shape: torch.Size([128, 3, 64, 512])
batch.min(): -1.0
batch.max(): 1.0
batch.device: cuda:0
net_out.shape: torch.Size([128, 512])
num_nans: 0
num_non_nans: 65536
Batch 5: torch.Size([128, 3, 64, 512])
batch.shape: torch.Size([128, 3, 64, 512])
batch.min(): -1.0
batch.max(): 1.0
batch.device: cuda:0
net_out.shape: torch.Size([128, 512])
num_nans: 0
num_non_nans: 65536
Batch 6: torch.Size([128, 3, 64, 512])
batch.shape: torch.Size([128, 3, 64, 512])
batch.min(): -1.0
batch.max(): 1.0
batch.device: cuda:0
net_out.shape: torch.Size([128, 512])
num_nans: 0
num_non_nans: 65536
Batch 7: torch.Size([128, 3, 64, 512])
batch.shape: torch.Size([128, 3, 64, 512])
batch.min(): -1.0
batch.max(): 1.0
batch.device: cuda:0
net_out.shape: torch.Size([128, 512])
num_nans: 0
num_non_nans: 65536
Batch 8: torch.Size([128, 3, 64, 512])
batch.shape: torch.Size([128, 3, 64, 512])
batch.min(): -1.0
batch.max(): 1.0
batch.device: cuda:0
net_out.shape: torch.Size([128, 512])
num_nans: 0
num_non_nans: 65536
Batch 9: torch.Size([128, 3, 64, 512])
batch.shape: torch.Size([128, 3, 64, 512])
batch.min(): -1.0
batch.max(): 1.0
batch.device: cuda:0
net_out.shape: torch.Size([128, 512])
num_nans: 0
num_non_nans: 65536
Batch 10: torch.Size([128, 3, 64, 512])
batch.shape: torch.Size([128, 3, 64, 512])
batch.min(): -1.0
batch.max(): 1.0
batch.device: cuda:0
net_out.shape: torch.Size([128, 512])
num_nans: 0
num_non_nans: 65536
Batch 11: torch.Size([128, 3, 64, 512])
batch.shape: torch.Size([128, 3, 64, 512])
batch.min(): -1.0
batch.max(): 1.0
batch.device: cuda:0
net_out.shape: torch.Size([128, 512])
num_nans: 0
num_non_nans: 65536
Batch 12: torch.Size([128, 3, 64, 512])
batch.shape: torch.Size([128, 3, 64, 512])
batch.min(): -1.0
batch.max(): 1.0
batch.device: cuda:0
net_out.shape: torch.Size([128, 512])
num_nans: 0
num_non_nans: 65536
Batch 13: torch.Size([128, 3, 64, 512])
batch.shape: torch.Size([128, 3, 64, 512])
batch.min(): -1.0
batch.max(): 1.0
batch.device: cuda:0
net_out.shape: torch.Size([128, 512])
num_nans: 0
num_non_nans: 65536
Batch 14: torch.Size([128, 3, 64, 512])
batch.shape: torch.Size([128, 3, 64, 512])
batch.min(): -1.0
batch.max(): 1.0
batch.device: cuda:0
net_out.shape: torch.Size([128, 512])
num_nans: 0
num_non_nans: 65536
Batch 15: torch.Size([128, 3, 64, 512])
batch.shape: torch.Size([128, 3, 64, 512])
batch.min(): -1.0
batch.max(): 1.0
batch.device: cuda:0
net_out.shape: torch.Size([128, 512])
num_nans: 0
num_non_nans: 65536
Batch 16: torch.Size([128, 3, 64, 512])
batch.shape: torch.Size([128, 3, 64, 512])
batch.min(): -1.0
batch.max(): 1.0
batch.device: cuda:0
net_out.shape: torch.Size([128, 512])
num_nans: 0
num_non_nans: 65536
Batch 17: torch.Size([128, 3, 64, 512])
batch.shape: torch.Size([128, 3, 64, 512])
batch.min(): -1.0
batch.max(): 1.0
batch.device: cuda:0
net_out.shape: torch.Size([128, 512])
num_nans: 0
num_non_nans: 65536
Batch 18: torch.Size([128, 3, 64, 512])
batch.shape: torch.Size([128, 3, 64, 512])
batch.min(): -1.0
batch.max(): 1.0
batch.device: cuda:0
net_out.shape: torch.Size([128, 512])
num_nans: 0
num_non_nans: 65536
Batch 19: torch.Size([128, 3, 64, 512])
batch.shape: torch.Size([128, 3, 64, 512])
batch.min(): -1.0
batch.max(): 1.0
batch.device: cuda:0
net_out.shape: torch.Size([128, 512])
num_nans: 0
num_non_nans: 65536
Batch 20: torch.Size([128, 3, 64, 512])
batch.shape: torch.Size([128, 3, 64, 512])
batch.min(): -1.0
batch.max(): 1.0
batch.device: cuda:0
net_out.shape: torch.Size([128, 512])
num_nans: 0
num_non_nans: 65536
Batch 21: torch.Size([128, 3, 64, 512])
batch.shape: torch.Size([128, 3, 64, 512])
batch.min(): -1.0
batch.max(): 1.0
batch.device: cuda:0
net_out.shape: torch.Size([128, 512])
num_nans: 0
num_non_nans: 65536
Batch 22: torch.Size([128, 3, 64, 512])
batch.shape: torch.Size([128, 3, 64, 512])
batch.min(): -1.0
batch.max(): 1.0
batch.device: cuda:0
net_out.shape: torch.Size([128, 512])
num_nans: 0
num_non_nans: 65536
Batch 23: torch.Size([128, 3, 64, 512])
batch.shape: torch.Size([128, 3, 64, 512])
batch.min(): -1.0
batch.max(): 1.0
batch.device: cuda:0
net_out.shape: torch.Size([128, 512])
num_nans: 0
num_non_nans: 65536
Batch 24: torch.Size([128, 3, 64, 512])
batch.shape: torch.Size([128, 3, 64, 512])
batch.min(): -1.0
batch.max(): 1.0
batch.device: cuda:0
net_out.shape: torch.Size([128, 512])
num_nans: 0
num_non_nans: 65536
Batch 25: torch.Size([128, 3, 64, 512])
batch.shape: torch.Size([128, 3, 64, 512])
batch.min(): -1.0
batch.max(): 1.0
batch.device: cuda:0
net_out.shape: torch.Size([128, 512])
num_nans: 0
num_non_nans: 65536
Batch 26: torch.Size([128, 3, 64, 512])
batch.shape: torch.Size([128, 3, 64, 512])
batch.min(): -1.0
batch.max(): 1.0
batch.device: cuda:0
net_out.shape: torch.Size([128, 512])
num_nans: 0
num_non_nans: 65536
Batch 27: torch.Size([128, 3, 64, 512])
batch.shape: torch.Size([128, 3, 64, 512])
batch.min(): -1.0
batch.max(): 1.0
batch.device: cuda:0
net_out.shape: torch.Size([128, 512])
num_nans: 0
num_non_nans: 65536
Batch 28: torch.Size([128, 3, 64, 512])
batch.shape: torch.Size([128, 3, 64, 512])
batch.min(): -1.0
batch.max(): 1.0
batch.device: cuda:0
net_out.shape: torch.Size([128, 512])
num_nans: 0
num_non_nans: 65536
Batch 29: torch.Size([128, 3, 64, 512])
batch.shape: torch.Size([128, 3, 64, 512])
batch.min(): -1.0
batch.max(): 1.0
batch.device: cuda:0
net_out.shape: torch.Size([128, 512])
num_nans: 0
num_non_nans: 65536
Batch 30: torch.Size([128, 3, 64, 512])
batch.shape: torch.Size([128, 3, 64, 512])
batch.min(): -1.0
batch.max(): 1.0
batch.device: cuda:0
net_out.shape: torch.Size([128, 512])
num_nans: 0
num_non_nans: 65536
Batch 31: torch.Size([128, 3, 64, 512])
batch.shape: torch.Size([128, 3, 64, 512])
batch.min(): -1.0
batch.max(): 1.0
batch.device: cuda:0
net_out.shape: torch.Size([128, 512])
num_nans: 0
num_non_nans: 65536
Batch 32: torch.Size([128, 3, 64, 512])
batch.shape: torch.Size([128, 3, 64, 512])
batch.min(): -1.0
batch.max(): 1.0
batch.device: cuda:0
net_out.shape: torch.Size([128, 512])
num_nans: 0
num_non_nans: 65536
Batch 33: torch.Size([128, 3, 64, 512])
batch.shape: torch.Size([128, 3, 64, 512])
batch.min(): -1.0
batch.max(): 1.0
batch.device: cuda:0
net_out.shape: torch.Size([128, 512])
num_nans: 0
num_non_nans: 65536
Batch 34: torch.Size([128, 3, 64, 512])
batch.shape: torch.Size([128, 3, 64, 512])
batch.min(): -1.0
batch.max(): 1.0
batch.device: cuda:0
net_out.shape: torch.Size([128, 512])
num_nans: 0
num_non_nans: 65536
Batch 35: torch.Size([128, 3, 64, 512])
batch.shape: torch.Size([128, 3, 64, 512])
batch.min(): -1.0
batch.max(): 1.0
batch.device: cuda:0
net_out.shape: torch.Size([128, 512])
num_nans: 0
num_non_nans: 65536
Batch 36: torch.Size([128, 3, 64, 512])
batch.shape: torch.Size([128, 3, 64, 512])
batch.min(): -1.0
batch.max(): 1.0
batch.device: cuda:0
net_out.shape: torch.Size([128, 512])
num_nans: 0
num_non_nans: 65536
Batch 37: torch.Size([128, 3, 64, 512])
batch.shape: torch.Size([128, 3, 64, 512])
batch.min(): -1.0
batch.max(): 1.0
batch.device: cuda:0
net_out.shape: torch.Size([128, 512])
num_nans: 0
num_non_nans: 65536
Batch 38: torch.Size([128, 3, 64, 512])
batch.shape: torch.Size([128, 3, 64, 512])
batch.min(): -1.0
batch.max(): 1.0
batch.device: cuda:0
net_out.shape: torch.Size([128, 512])
num_nans: 0
num_non_nans: 65536
Batch 39: torch.Size([128, 3, 64, 512])
batch.shape: torch.Size([128, 3, 64, 512])
batch.min(): -1.0
batch.max(): 1.0
batch.device: cuda:0
net_out.shape: torch.Size([128, 512])
num_nans: 0
num_non_nans: 65536
Batch 40: torch.Size([128, 3, 64, 512])
batch.shape: torch.Size([128, 3, 64, 512])
batch.min(): -1.0
batch.max(): 1.0
batch.device: cuda:0
net_out.shape: torch.Size([128, 512])
num_nans: 0
num_non_nans: 65536
Batch 41: torch.Size([128, 3, 64, 512])
batch.shape: torch.Size([128, 3, 64, 512])
batch.min(): -1.0
batch.max(): 1.0
batch.device: cuda:0
net_out.shape: torch.Size([128, 512])
num_nans: 0
num_non_nans: 65536
Batch 42: torch.Size([128, 3, 64, 512])
batch.shape: torch.Size([128, 3, 64, 512])
batch.min(): -1.0
batch.max(): 1.0
batch.device: cuda:0
net_out.shape: torch.Size([128, 512])
num_nans: 0
num_non_nans: 65536
Batch 43: torch.Size([128, 3, 64, 512])
batch.shape: torch.Size([128, 3, 64, 512])
batch.min(): -1.0
batch.max(): 1.0
batch.device: cuda:0
net_out.shape: torch.Size([128, 512])
num_nans: 0
num_non_nans: 65536
Batch 44: torch.Size([128, 3, 64, 512])
batch.shape: torch.Size([128, 3, 64, 512])
batch.min(): -1.0
batch.max(): 1.0
batch.device: cuda:0
net_out.shape: torch.Size([128, 512])
num_nans: 0
num_non_nans: 65536
Batch 45: torch.Size([128, 3, 64, 512])
batch.shape: torch.Size([128, 3, 64, 512])
batch.min(): -1.0
batch.max(): 1.0
batch.device: cuda:0
net_out.shape: torch.Size([128, 512])
num_nans: 0
num_non_nans: 65536
Batch 46: torch.Size([128, 3, 64, 512])
batch.shape: torch.Size([128, 3, 64, 512])
batch.min(): -1.0
batch.max(): 1.0
batch.device: cuda:0
net_out.shape: torch.Size([128, 512])
num_nans: 0
num_non_nans: 65536
Batch 47: torch.Size([128, 3, 64, 512])
batch.shape: torch.Size([128, 3, 64, 512])
batch.min(): -1.0
batch.max(): 1.0
batch.device: cuda:0
net_out.shape: torch.Size([128, 512])
num_nans: 0
num_non_nans: 65536
Batch 48: torch.Size([128, 3, 64, 512])
batch.shape: torch.Size([128, 3, 64, 512])
batch.min(): -1.0
batch.max(): 1.0
batch.device: cuda:0
net_out.shape: torch.Size([128, 512])
num_nans: 0
num_non_nans: 65536
Batch 49: torch.Size([128, 3, 64, 512])
batch.shape: torch.Size([128, 3, 64, 512])
batch.min(): -1.0
batch.max(): 1.0
batch.device: cuda:0
net_out.shape: torch.Size([128, 512])
num_nans: 0
num_non_nans: 65536
Batch 50: torch.Size([128, 3, 64, 512])
batch.shape: torch.Size([128, 3, 64, 512])
batch.min(): -1.0
batch.max(): 1.0
batch.device: cuda:0
net_out.shape: torch.Size([128, 512])
num_nans: 0
num_non_nans: 65536
Batch 51: torch.Size([128, 3, 64, 512])
batch.shape: torch.Size([128, 3, 64, 512])
batch.min(): -1.0
batch.max(): 1.0
batch.device: cuda:0
net_out.shape: torch.Size([128, 512])
num_nans: 0
num_non_nans: 65536
Batch 52: torch.Size([128, 3, 64, 512])
batch.shape: torch.Size([128, 3, 64, 512])
batch.min(): -1.0
batch.max(): 1.0
batch.device: cuda:0
net_out.shape: torch.Size([128, 512])
num_nans: 0
num_non_nans: 65536
Batch 53: torch.Size([128, 3, 64, 512])
batch.shape: torch.Size([128, 3, 64, 512])
batch.min(): -1.0
batch.max(): 1.0
batch.device: cuda:0
net_out.shape: torch.Size([128, 512])
num_nans: 0
num_non_nans: 65536
Batch 54: torch.Size([128, 3, 64, 512])
batch.shape: torch.Size([128, 3, 64, 512])
batch.min(): -1.0
batch.max(): 1.0
batch.device: cuda:0
net_out.shape: torch.Size([128, 512])
num_nans: 0
num_non_nans: 65536
Batch 55: torch.Size([128, 3, 64, 512])
batch.shape: torch.Size([128, 3, 64, 512])
batch.min(): -1.0
batch.max(): 1.0
batch.device: cuda:0
net_out.shape: torch.Size([128, 512])
num_nans: 0
num_non_nans: 65536
Batch 56: torch.Size([128, 3, 64, 512])
batch.shape: torch.Size([128, 3, 64, 512])
batch.min(): -1.0
batch.max(): 1.0
batch.device: cuda:0
net_out.shape: torch.Size([128, 512])
num_nans: 0
num_non_nans: 65536
Batch 57: torch.Size([128, 3, 64, 512])
batch.shape: torch.Size([128, 3, 64, 512])
batch.min(): -1.0
batch.max(): 1.0
batch.device: cuda:0
net_out.shape: torch.Size([128, 512])
num_nans: 0
num_non_nans: 65536
Batch 58: torch.Size([128, 3, 64, 512])
batch.shape: torch.Size([128, 3, 64, 512])
batch.min(): -1.0
batch.max(): 1.0
batch.device: cuda:0
net_out.shape: torch.Size([128, 512])
num_nans: 0
num_non_nans: 65536
Batch 59: torch.Size([128, 3, 64, 512])
batch.shape: torch.Size([128, 3, 64, 512])
batch.min(): -1.0
batch.max(): 1.0
batch.device: cuda:0
net_out.shape: torch.Size([128, 512])
num_nans: 0
num_non_nans: 65536
Batch 60: torch.Size([128, 3, 64, 512])
batch.shape: torch.Size([128, 3, 64, 512])
batch.min(): -1.0
batch.max(): 1.0
batch.device: cuda:0
net_out.shape: torch.Size([128, 512])
num_nans: 0
num_non_nans: 65536
Batch 61: torch.Size([128, 3, 64, 512])
batch.shape: torch.Size([128, 3, 64, 512])
batch.min(): -1.0
batch.max(): 1.0
batch.device: cuda:0
net_out.shape: torch.Size([128, 512])
num_nans: 0
num_non_nans: 65536
Batch 62: torch.Size([128, 3, 64, 512])
batch.shape: torch.Size([128, 3, 64, 512])
batch.min(): -1.0
batch.max(): 1.0
batch.device: cuda:0
net_out.shape: torch.Size([128, 512])
num_nans: 0
num_non_nans: 65536
Batch 63: torch.Size([128, 3, 64, 512])
batch.shape: torch.Size([128, 3, 64, 512])
batch.min(): -1.0
batch.max(): 1.0
batch.device: cuda:0
net_out.shape: torch.Size([128, 512])
num_nans: 0
num_non_nans: 65536
Training: 2025-04-09 11:47:27,251-[val][Global step: 26000] d prime: 7.781557083129883
Model saved with d prime score: 7.781557083129883
Training: 2025-04-09 11:47:44,078-Speed 14.47 samples/sec   Loss 0.0669   LearningRate 0.000909   Epoch: 18   Global Step: 26010   Fp16 Grad Scale: 524288   Required: 125 hours
Training: 2025-04-09 11:47:59,817-Speed 81.33 samples/sec   Loss 0.0739   LearningRate 0.000909   Epoch: 18   Global Step: 26020   Fp16 Grad Scale: 524288   Required: 125 hours
Training: 2025-04-09 11:48:15,501-Speed 81.61 samples/sec   Loss 0.0910   LearningRate 0.000909   Epoch: 18   Global Step: 26030   Fp16 Grad Scale: 524288   Required: 125 hours
Training: 2025-04-09 11:48:30,964-Speed 82.78 samples/sec   Loss 0.0751   LearningRate 0.000909   Epoch: 18   Global Step: 26040   Fp16 Grad Scale: 1048576   Required: 125 hours
Training: 2025-04-09 11:48:46,616-Speed 81.78 samples/sec   Loss 0.0301   LearningRate 0.000909   Epoch: 18   Global Step: 26050   Fp16 Grad Scale: 1048576   Required: 125 hours
Training: 2025-04-09 11:49:02,193-Speed 82.17 samples/sec   Loss 0.0459   LearningRate 0.000909   Epoch: 18   Global Step: 26060   Fp16 Grad Scale: 524288   Required: 125 hours
Training: 2025-04-09 11:49:17,712-Speed 82.48 samples/sec   Loss 0.0715   LearningRate 0.000909   Epoch: 18   Global Step: 26070   Fp16 Grad Scale: 524288   Required: 125 hours
Training: 2025-04-09 11:49:33,267-Speed 82.29 samples/sec   Loss 0.0691   LearningRate 0.000909   Epoch: 18   Global Step: 26080   Fp16 Grad Scale: 262144   Required: 125 hours
Training: 2025-04-09 11:49:48,978-Speed 81.47 samples/sec   Loss 0.0762   LearningRate 0.000909   Epoch: 18   Global Step: 26090   Fp16 Grad Scale: 262144   Required: 125 hours
Training: 2025-04-09 11:50:04,829-Speed 80.76 samples/sec   Loss 0.0615   LearningRate 0.000908   Epoch: 18   Global Step: 26100   Fp16 Grad Scale: 262144   Required: 125 hours
Training: 2025-04-09 11:50:20,575-Speed 81.29 samples/sec   Loss 0.0900   LearningRate 0.000908   Epoch: 18   Global Step: 26110   Fp16 Grad Scale: 262144   Required: 125 hours
Training: 2025-04-09 11:50:36,465-Speed 80.56 samples/sec   Loss 0.0526   LearningRate 0.000908   Epoch: 18   Global Step: 26120   Fp16 Grad Scale: 262144   Required: 125 hours
Training: 2025-04-09 11:50:54,516-Speed 70.91 samples/sec   Loss 0.1099   LearningRate 0.000908   Epoch: 18   Global Step: 26130   Fp16 Grad Scale: 262144   Required: 125 hours
Training: 2025-04-09 11:51:10,242-Speed 81.40 samples/sec   Loss 0.0761   LearningRate 0.000908   Epoch: 18   Global Step: 26140   Fp16 Grad Scale: 262144   Required: 125 hours
Training: 2025-04-09 11:51:25,915-Speed 81.67 samples/sec   Loss 0.0517   LearningRate 0.000908   Epoch: 18   Global Step: 26150   Fp16 Grad Scale: 262144   Required: 125 hours
Training: 2025-04-09 11:51:41,398-Speed 82.67 samples/sec   Loss 0.0697   LearningRate 0.000908   Epoch: 18   Global Step: 26160   Fp16 Grad Scale: 262144   Required: 125 hours
