Training: 2025-04-16 17:17:24,422-rank_id: 0
/afs/crc.nd.edu/user/j/jporubci/Private/ArcIris2/.venv/lib64/python3.9/site-packages/torch/optim/lr_scheduler.py:62: UserWarning: The verbose parameter is deprecated. Please use get_last_lr() to access the learning rate.
  warnings.warn(
Training: 2025-04-16 17:19:45,772-: margin_list              (1.0, 0.5, 0.0)
Training: 2025-04-16 17:19:45,772-: network                  r200
Training: 2025-04-16 17:19:45,772-: resume                   False
Training: 2025-04-16 17:19:45,772-: save_all_states          True
Training: 2025-04-16 17:19:45,772-: output                   work_dirs/r200
Training: 2025-04-16 17:19:45,772-: embedding_size           512
Training: 2025-04-16 17:19:45,772-: sample_rate              1.0
Training: 2025-04-16 17:19:45,772-: interclass_filtering_threshold0
Training: 2025-04-16 17:19:45,772-: fp16                     True
Training: 2025-04-16 17:19:45,772-: batch_size               128
Training: 2025-04-16 17:19:45,772-: optimizer                adamw
Training: 2025-04-16 17:19:45,773-: lr                       0.001
Training: 2025-04-16 17:19:45,773-: weight_decay             0.01
Training: 2025-04-16 17:19:45,773-: verbose                  2000
Training: 2025-04-16 17:19:45,773-: frequent                 10
Training: 2025-04-16 17:19:45,773-: dali                     False
Training: 2025-04-16 17:19:45,773-: dali_aug                 False
Training: 2025-04-16 17:19:45,773-: gradient_acc             1
Training: 2025-04-16 17:19:45,773-: seed                     2048
Training: 2025-04-16 17:19:45,773-: num_workers              2
Training: 2025-04-16 17:19:45,773-: wandb_key                XXXXXXXXXXXXXXXXXXXXXXXXXXXXXXXXXXXXXXXX
Training: 2025-04-16 17:19:45,773-: suffix_run_name          None
Training: 2025-04-16 17:19:45,773-: using_wandb              False
Training: 2025-04-16 17:19:45,773-: wandb_entity             entity
Training: 2025-04-16 17:19:45,773-: wandb_project            project
Training: 2025-04-16 17:19:45,773-: wandb_log_all            True
Training: 2025-04-16 17:19:45,773-: save_artifacts           False
Training: 2025-04-16 17:19:45,773-: wandb_resume             False
Training: 2025-04-16 17:19:45,773-: train_dir                /project01/cvrl/jporubci/ArcIris Dataset/train
Training: 2025-04-16 17:19:45,773-: val_dir                  /project01/cvrl/jporubci/ArcIris Dataset/val
Training: 2025-04-16 17:19:45,773-: test_dir                 /project01/cvrl/jporubci/ArcIris Dataset/test
Training: 2025-04-16 17:19:45,773-: num_classes              2071
Training: 2025-04-16 17:19:45,773-: num_image                182644
Training: 2025-04-16 17:19:45,773-: num_epoch                200
Training: 2025-04-16 17:19:45,773-: warmup_epoch             0
Training: 2025-04-16 17:19:45,773-: val_target               val.bin
Training: 2025-04-16 17:19:45,773-: debug                    True
Training: 2025-04-16 17:19:45,773-: strategy                 
Training: 2025-04-16 17:19:45,773-: total_batch_size         128
Training: 2025-04-16 17:19:45,773-: warmup_step              0
Training: 2025-04-16 17:19:45,773-: total_step               285200
/afs/crc.nd.edu/user/j/jporubci/Private/ArcIris2/.venv/lib64/python3.9/site-packages/torch/optim/lr_scheduler.py:227: UserWarning: Detected call of `lr_scheduler.step()` before `optimizer.step()`. In PyTorch 1.1.0 and later, you should call them in the opposite order: `optimizer.step()` before `lr_scheduler.step()`.  Failure to do this will result in PyTorch skipping the first value of the learning rate schedule. See more details at https://pytorch.org/docs/stable/optim.html#how-to-adjust-learning-rate
  warnings.warn(
image_pairs_tensor.shape: torch.Size([8192, 3, 64, 512])
image_0.shape: torch.Size([3, 64, 512])
image_0.min(): -0.6705882549285889
image_0.max(): 1.0
image_1.shape: torch.Size([3, 64, 512])
image_1.min(): -0.9764705896377563
image_1.max(): 0.21568632125854492
issame[0]: True
Before augmentation:
images.device: cuda:0
images.shape: torch.Size([128, 1, 64, 512])
image_tensor.device: cuda:0
image_tensor.shape: torch.Size([1, 64, 512])
image_tensor.shape: torch.Size([1, 64, 512])
image_tensor.min(): 0.011764707043766975
image_tensor.max(): 1.0
After augmentation:
images.device: cuda:0
images.shape: torch.Size([128, 1, 64, 512])
image_tensor.device: cuda:0
image_tensor.shape: torch.Size([1, 64, 512])
image_tensor.shape: torch.Size([1, 64, 512])
image_tensor.min(): 0.011764707043766975
image_tensor.max(): 1.0
After normalization:
images.device: cuda:0
images.shape: torch.Size([128, 3, 64, 512])
image_tensor.device: cuda:0
image_tensor.shape: torch.Size([3, 64, 512])
image_tensor.shape: torch.Size([3, 64, 512])
image_tensor.min(): -0.9764705896377563
image_tensor.max(): 1.0
Training: 2025-04-16 17:20:47,241-Speed 44.86 samples/sec   Loss 42.3282   LearningRate 0.001000   Epoch: 0   Global Step: 20   Fp16 Grad Scale: 16384   Required: 226 hours
Training: 2025-04-16 17:21:17,649-Speed 42.10 samples/sec   Loss 41.7131   LearningRate 0.001000   Epoch: 0   Global Step: 30   Fp16 Grad Scale: 16384   Required: 230 hours
Training: 2025-04-16 17:21:46,257-Speed 44.74 samples/sec   Loss 41.5548   LearningRate 0.001000   Epoch: 0   Global Step: 40   Fp16 Grad Scale: 16384   Required: 230 hours
Training: 2025-04-16 17:22:14,864-Speed 44.74 samples/sec   Loss 41.1995   LearningRate 0.001000   Epoch: 0   Global Step: 50   Fp16 Grad Scale: 16384   Required: 228 hours
Training: 2025-04-16 17:22:43,502-Speed 44.70 samples/sec   Loss 40.5706   LearningRate 0.001000   Epoch: 0   Global Step: 60   Fp16 Grad Scale: 16384   Required: 229 hours
Training: 2025-04-16 17:23:12,122-Speed 44.73 samples/sec   Loss 39.5569   LearningRate 0.001000   Epoch: 0   Global Step: 70   Fp16 Grad Scale: 16384   Required: 228 hours
Training: 2025-04-16 17:23:40,938-Speed 44.42 samples/sec   Loss 37.7641   LearningRate 0.001000   Epoch: 0   Global Step: 80   Fp16 Grad Scale: 16384   Required: 228 hours
Training: 2025-04-16 17:24:09,474-Speed 44.86 samples/sec   Loss 36.3020   LearningRate 0.001000   Epoch: 0   Global Step: 90   Fp16 Grad Scale: 16384   Required: 228 hours
Training: 2025-04-16 17:24:38,106-Speed 44.71 samples/sec   Loss 34.2533   LearningRate 0.001000   Epoch: 0   Global Step: 100   Fp16 Grad Scale: 16384   Required: 227 hours
Training: 2025-04-16 17:25:06,788-Speed 44.63 samples/sec   Loss 31.6405   LearningRate 0.001000   Epoch: 0   Global Step: 110   Fp16 Grad Scale: 32768   Required: 228 hours
Training: 2025-04-16 17:25:35,943-Speed 43.90 samples/sec   Loss 29.4404   LearningRate 0.001000   Epoch: 0   Global Step: 120   Fp16 Grad Scale: 32768   Required: 228 hours
Training: 2025-04-16 17:26:04,686-Speed 44.53 samples/sec   Loss 26.2097   LearningRate 0.001000   Epoch: 0   Global Step: 130   Fp16 Grad Scale: 32768   Required: 228 hours
Training: 2025-04-16 17:26:37,422-Speed 39.10 samples/sec   Loss 24.4354   LearningRate 0.001000   Epoch: 0   Global Step: 140   Fp16 Grad Scale: 32768   Required: 230 hours
Training: 2025-04-16 17:27:07,695-Speed 42.28 samples/sec   Loss 21.8807   LearningRate 0.000999   Epoch: 0   Global Step: 150   Fp16 Grad Scale: 32768   Required: 231 hours
Training: 2025-04-16 17:27:36,396-Speed 44.60 samples/sec   Loss 19.0182   LearningRate 0.000999   Epoch: 0   Global Step: 160   Fp16 Grad Scale: 32768   Required: 231 hours
Training: 2025-04-16 17:28:05,278-Speed 44.32 samples/sec   Loss 17.4371   LearningRate 0.000999   Epoch: 0   Global Step: 170   Fp16 Grad Scale: 32768   Required: 231 hours
Training: 2025-04-16 17:28:34,175-Speed 44.30 samples/sec   Loss 15.9207   LearningRate 0.000999   Epoch: 0   Global Step: 180   Fp16 Grad Scale: 32768   Required: 231 hours
Training: 2025-04-16 17:29:02,794-Speed 44.73 samples/sec   Loss 15.3239   LearningRate 0.000999   Epoch: 0   Global Step: 190   Fp16 Grad Scale: 32768   Required: 230 hours
Training: 2025-04-16 17:29:31,451-Speed 44.67 samples/sec   Loss 13.7507   LearningRate 0.000999   Epoch: 0   Global Step: 200   Fp16 Grad Scale: 32768   Required: 230 hours
Training: 2025-04-16 17:30:00,128-Speed 44.64 samples/sec   Loss 12.6918   LearningRate 0.000999   Epoch: 0   Global Step: 210   Fp16 Grad Scale: 65536   Required: 230 hours
Training: 2025-04-16 17:30:29,268-Speed 43.93 samples/sec   Loss 10.7012   LearningRate 0.000999   Epoch: 0   Global Step: 220   Fp16 Grad Scale: 65536   Required: 230 hours
Training: 2025-04-16 17:30:57,878-Speed 44.74 samples/sec   Loss 9.1575   LearningRate 0.000999   Epoch: 0   Global Step: 230   Fp16 Grad Scale: 65536   Required: 230 hours
Training: 2025-04-16 17:31:28,170-Speed 42.26 samples/sec   Loss 9.3848   LearningRate 0.000999   Epoch: 0   Global Step: 240   Fp16 Grad Scale: 65536   Required: 230 hours
Training: 2025-04-16 17:31:56,768-Speed 44.76 samples/sec   Loss 7.6846   LearningRate 0.000999   Epoch: 0   Global Step: 250   Fp16 Grad Scale: 65536   Required: 230 hours
Training: 2025-04-16 17:32:25,567-Speed 44.45 samples/sec   Loss 8.3138   LearningRate 0.000999   Epoch: 0   Global Step: 260   Fp16 Grad Scale: 65536   Required: 230 hours
Training: 2025-04-16 17:32:54,723-Speed 43.90 samples/sec   Loss 6.4364   LearningRate 0.000999   Epoch: 0   Global Step: 270   Fp16 Grad Scale: 65536   Required: 230 hours
Training: 2025-04-16 17:33:23,935-Speed 43.82 samples/sec   Loss 6.8470   LearningRate 0.000999   Epoch: 0   Global Step: 280   Fp16 Grad Scale: 65536   Required: 230 hours
Training: 2025-04-16 17:33:52,745-Speed 44.43 samples/sec   Loss 6.1175   LearningRate 0.000999   Epoch: 0   Global Step: 290   Fp16 Grad Scale: 65536   Required: 230 hours
Training: 2025-04-16 17:34:21,444-Speed 44.60 samples/sec   Loss 6.6887   LearningRate 0.000999   Epoch: 0   Global Step: 300   Fp16 Grad Scale: 65536   Required: 230 hours
Training: 2025-04-16 17:34:50,606-Speed 43.89 samples/sec   Loss 6.4018   LearningRate 0.000999   Epoch: 0   Global Step: 310   Fp16 Grad Scale: 32768   Required: 230 hours
Training: 2025-04-16 17:35:19,275-Speed 44.65 samples/sec   Loss 5.9458   LearningRate 0.000999   Epoch: 0   Global Step: 320   Fp16 Grad Scale: 32768   Required: 230 hours
Training: 2025-04-16 17:35:47,972-Speed 44.60 samples/sec   Loss 5.8874   LearningRate 0.000999   Epoch: 0   Global Step: 330   Fp16 Grad Scale: 32768   Required: 230 hours
Training: 2025-04-16 17:36:16,683-Speed 44.58 samples/sec   Loss 4.9011   LearningRate 0.000999   Epoch: 0   Global Step: 340   Fp16 Grad Scale: 32768   Required: 229 hours
Training: 2025-04-16 17:36:47,359-Speed 41.73 samples/sec   Loss 4.2016   LearningRate 0.000999   Epoch: 0   Global Step: 350   Fp16 Grad Scale: 32768   Required: 230 hours
Training: 2025-04-16 17:37:16,262-Speed 44.29 samples/sec   Loss 4.4087   LearningRate 0.000999   Epoch: 0   Global Step: 360   Fp16 Grad Scale: 32768   Required: 230 hours
Training: 2025-04-16 17:37:44,795-Speed 44.86 samples/sec   Loss 4.3968   LearningRate 0.000999   Epoch: 0   Global Step: 370   Fp16 Grad Scale: 32768   Required: 230 hours
Training: 2025-04-16 17:38:13,570-Speed 44.48 samples/sec   Loss 3.8408   LearningRate 0.000999   Epoch: 0   Global Step: 380   Fp16 Grad Scale: 32768   Required: 230 hours
Training: 2025-04-16 17:38:42,281-Speed 44.58 samples/sec   Loss 3.6781   LearningRate 0.000999   Epoch: 0   Global Step: 390   Fp16 Grad Scale: 32768   Required: 230 hours
Training: 2025-04-16 17:39:11,190-Speed 44.28 samples/sec   Loss 3.7509   LearningRate 0.000999   Epoch: 0   Global Step: 400   Fp16 Grad Scale: 32768   Required: 230 hours
Training: 2025-04-16 17:39:39,838-Speed 44.68 samples/sec   Loss 3.4312   LearningRate 0.000999   Epoch: 0   Global Step: 410   Fp16 Grad Scale: 65536   Required: 229 hours
Training: 2025-04-16 17:40:08,446-Speed 44.74 samples/sec   Loss 3.3766   LearningRate 0.000999   Epoch: 0   Global Step: 420   Fp16 Grad Scale: 65536   Required: 229 hours
Training: 2025-04-16 17:40:37,092-Speed 44.68 samples/sec   Loss 3.1577   LearningRate 0.000998   Epoch: 0   Global Step: 430   Fp16 Grad Scale: 65536   Required: 229 hours
Training: 2025-04-16 17:41:05,807-Speed 44.58 samples/sec   Loss 3.0522   LearningRate 0.000998   Epoch: 0   Global Step: 440   Fp16 Grad Scale: 65536   Required: 229 hours
Training: 2025-04-16 17:41:36,536-Speed 41.66 samples/sec   Loss 3.1876   LearningRate 0.000998   Epoch: 0   Global Step: 450   Fp16 Grad Scale: 65536   Required: 230 hours
Training: 2025-04-16 17:42:05,086-Speed 44.84 samples/sec   Loss 2.7717   LearningRate 0.000998   Epoch: 0   Global Step: 460   Fp16 Grad Scale: 65536   Required: 229 hours
Training: 2025-04-16 17:42:33,844-Speed 44.51 samples/sec   Loss 2.8329   LearningRate 0.000998   Epoch: 0   Global Step: 470   Fp16 Grad Scale: 65536   Required: 229 hours
Training: 2025-04-16 17:43:02,371-Speed 44.87 samples/sec   Loss 2.7164   LearningRate 0.000998   Epoch: 0   Global Step: 480   Fp16 Grad Scale: 65536   Required: 229 hours
Training: 2025-04-16 17:43:31,123-Speed 44.52 samples/sec   Loss 2.5130   LearningRate 0.000998   Epoch: 0   Global Step: 490   Fp16 Grad Scale: 65536   Required: 229 hours
Training: 2025-04-16 17:44:00,134-Speed 44.63 samples/sec   Loss 2.5617   LearningRate 0.000998   Epoch: 0   Global Step: 500   Fp16 Grad Scale: 65536   Required: 229 hours
Training: 2025-04-16 17:44:28,847-Speed 44.58 samples/sec   Loss 2.5969   LearningRate 0.000998   Epoch: 0   Global Step: 510   Fp16 Grad Scale: 131072   Required: 229 hours
Training: 2025-04-16 17:44:57,477-Speed 44.71 samples/sec   Loss 2.3676   LearningRate 0.000998   Epoch: 0   Global Step: 520   Fp16 Grad Scale: 131072   Required: 229 hours
Training: 2025-04-16 17:45:26,140-Speed 44.66 samples/sec   Loss 2.6439   LearningRate 0.000998   Epoch: 0   Global Step: 530   Fp16 Grad Scale: 131072   Required: 229 hours
Training: 2025-04-16 17:45:55,130-Speed 44.15 samples/sec   Loss 2.8628   LearningRate 0.000998   Epoch: 0   Global Step: 540   Fp16 Grad Scale: 131072   Required: 229 hours
Training: 2025-04-16 17:46:23,748-Speed 44.73 samples/sec   Loss 2.4890   LearningRate 0.000998   Epoch: 0   Global Step: 550   Fp16 Grad Scale: 131072   Required: 229 hours
Training: 2025-04-16 17:46:53,859-Speed 42.51 samples/sec   Loss 2.2680   LearningRate 0.000998   Epoch: 0   Global Step: 560   Fp16 Grad Scale: 131072   Required: 229 hours
Training: 2025-04-16 17:47:22,421-Speed 44.81 samples/sec   Loss 1.9329   LearningRate 0.000998   Epoch: 0   Global Step: 570   Fp16 Grad Scale: 131072   Required: 229 hours
Training: 2025-04-16 17:47:51,041-Speed 44.73 samples/sec   Loss 2.0379   LearningRate 0.000998   Epoch: 0   Global Step: 580   Fp16 Grad Scale: 65536   Required: 229 hours
Training: 2025-04-16 17:48:19,713-Speed 44.64 samples/sec   Loss 1.8541   LearningRate 0.000998   Epoch: 0   Global Step: 590   Fp16 Grad Scale: 32768   Required: 229 hours
Training: 2025-04-16 17:48:48,209-Speed 44.92 samples/sec   Loss 1.8811   LearningRate 0.000998   Epoch: 0   Global Step: 600   Fp16 Grad Scale: 32768   Required: 229 hours
Training: 2025-04-16 17:49:16,990-Speed 44.48 samples/sec   Loss 1.9859   LearningRate 0.000998   Epoch: 0   Global Step: 610   Fp16 Grad Scale: 32768   Required: 229 hours
Training: 2025-04-16 17:49:45,715-Speed 44.56 samples/sec   Loss 1.9104   LearningRate 0.000998   Epoch: 0   Global Step: 620   Fp16 Grad Scale: 32768   Required: 229 hours
Training: 2025-04-16 17:50:14,438-Speed 44.57 samples/sec   Loss 2.1006   LearningRate 0.000998   Epoch: 0   Global Step: 630   Fp16 Grad Scale: 32768   Required: 229 hours
Training: 2025-04-16 17:50:43,068-Speed 44.71 samples/sec   Loss 1.8893   LearningRate 0.000998   Epoch: 0   Global Step: 640   Fp16 Grad Scale: 32768   Required: 229 hours
Training: 2025-04-16 17:51:11,694-Speed 44.72 samples/sec   Loss 1.5740   LearningRate 0.000998   Epoch: 0   Global Step: 650   Fp16 Grad Scale: 32768   Required: 229 hours
Training: 2025-04-16 17:51:41,985-Speed 42.26 samples/sec   Loss 1.7083   LearningRate 0.000998   Epoch: 0   Global Step: 660   Fp16 Grad Scale: 32768   Required: 229 hours
Training: 2025-04-16 17:52:10,448-Speed 44.97 samples/sec   Loss 1.7391   LearningRate 0.000998   Epoch: 0   Global Step: 670   Fp16 Grad Scale: 32768   Required: 229 hours
Training: 2025-04-16 17:52:39,113-Speed 44.65 samples/sec   Loss 1.6616   LearningRate 0.000998   Epoch: 0   Global Step: 680   Fp16 Grad Scale: 32768   Required: 229 hours
Training: 2025-04-16 17:53:07,681-Speed 44.81 samples/sec   Loss 1.6778   LearningRate 0.000998   Epoch: 0   Global Step: 690   Fp16 Grad Scale: 65536   Required: 229 hours
Training: 2025-04-16 17:53:36,311-Speed 44.71 samples/sec   Loss 1.6081   LearningRate 0.000998   Epoch: 0   Global Step: 700   Fp16 Grad Scale: 65536   Required: 229 hours
Training: 2025-04-16 17:54:04,901-Speed 44.77 samples/sec   Loss 1.6232   LearningRate 0.000998   Epoch: 0   Global Step: 710   Fp16 Grad Scale: 65536   Required: 229 hours
Training: 2025-04-16 17:54:33,606-Speed 44.59 samples/sec   Loss 1.5006   LearningRate 0.000997   Epoch: 0   Global Step: 720   Fp16 Grad Scale: 65536   Required: 229 hours
Training: 2025-04-16 17:55:02,319-Speed 44.58 samples/sec   Loss 1.5396   LearningRate 0.000997   Epoch: 0   Global Step: 730   Fp16 Grad Scale: 65536   Required: 229 hours
Training: 2025-04-16 17:55:30,929-Speed 44.74 samples/sec   Loss 1.6261   LearningRate 0.000997   Epoch: 0   Global Step: 740   Fp16 Grad Scale: 65536   Required: 229 hours
Training: 2025-04-16 17:55:59,568-Speed 44.70 samples/sec   Loss 1.5127   LearningRate 0.000997   Epoch: 0   Global Step: 750   Fp16 Grad Scale: 65536   Required: 229 hours
Training: 2025-04-16 17:56:29,326-Speed 43.01 samples/sec   Loss 1.2834   LearningRate 0.000997   Epoch: 0   Global Step: 760   Fp16 Grad Scale: 65536   Required: 229 hours
Training: 2025-04-16 17:57:03,615-Speed 37.33 samples/sec   Loss 1.4326   LearningRate 0.000997   Epoch: 0   Global Step: 770   Fp16 Grad Scale: 65536   Required: 229 hours
Training: 2025-04-16 17:57:32,412-Speed 44.45 samples/sec   Loss 1.4864   LearningRate 0.000997   Epoch: 0   Global Step: 780   Fp16 Grad Scale: 65536   Required: 229 hours
Training: 2025-04-16 17:58:01,014-Speed 44.75 samples/sec   Loss 1.3423   LearningRate 0.000997   Epoch: 0   Global Step: 790   Fp16 Grad Scale: 131072   Required: 229 hours
Training: 2025-04-16 17:58:29,575-Speed 44.83 samples/sec   Loss 1.3513   LearningRate 0.000997   Epoch: 0   Global Step: 800   Fp16 Grad Scale: 131072   Required: 229 hours
Training: 2025-04-16 17:58:58,139-Speed 44.81 samples/sec   Loss 1.2430   LearningRate 0.000997   Epoch: 0   Global Step: 810   Fp16 Grad Scale: 131072   Required: 229 hours
Training: 2025-04-16 17:59:26,900-Speed 44.51 samples/sec   Loss 1.1597   LearningRate 0.000997   Epoch: 0   Global Step: 820   Fp16 Grad Scale: 131072   Required: 229 hours
Training: 2025-04-16 17:59:55,606-Speed 44.59 samples/sec   Loss 1.3118   LearningRate 0.000997   Epoch: 0   Global Step: 830   Fp16 Grad Scale: 131072   Required: 229 hours
Training: 2025-04-16 18:00:24,240-Speed 44.70 samples/sec   Loss 1.3244   LearningRate 0.000997   Epoch: 0   Global Step: 840   Fp16 Grad Scale: 131072   Required: 229 hours
Training: 2025-04-16 18:00:52,826-Speed 44.78 samples/sec   Loss 1.4496   LearningRate 0.000997   Epoch: 0   Global Step: 850   Fp16 Grad Scale: 131072   Required: 229 hours
Training: 2025-04-16 18:01:21,348-Speed 44.88 samples/sec   Loss 1.2017   LearningRate 0.000997   Epoch: 0   Global Step: 860   Fp16 Grad Scale: 65536   Required: 229 hours
Training: 2025-04-16 18:01:52,257-Speed 41.41 samples/sec   Loss 1.1749   LearningRate 0.000997   Epoch: 0   Global Step: 870   Fp16 Grad Scale: 65536   Required: 229 hours
Training: 2025-04-16 18:02:20,993-Speed 44.54 samples/sec   Loss 1.1277   LearningRate 0.000997   Epoch: 0   Global Step: 880   Fp16 Grad Scale: 65536   Required: 229 hours
Training: 2025-04-16 18:02:49,711-Speed 44.57 samples/sec   Loss 1.3378   LearningRate 0.000997   Epoch: 0   Global Step: 890   Fp16 Grad Scale: 65536   Required: 229 hours
Training: 2025-04-16 18:03:18,329-Speed 44.73 samples/sec   Loss 1.2523   LearningRate 0.000997   Epoch: 0   Global Step: 900   Fp16 Grad Scale: 65536   Required: 229 hours
Training: 2025-04-16 18:03:46,973-Speed 44.69 samples/sec   Loss 1.3634   LearningRate 0.000997   Epoch: 0   Global Step: 910   Fp16 Grad Scale: 65536   Required: 229 hours
Training: 2025-04-16 18:04:15,607-Speed 44.70 samples/sec   Loss 1.1327   LearningRate 0.000997   Epoch: 0   Global Step: 920   Fp16 Grad Scale: 65536   Required: 229 hours
Training: 2025-04-16 18:04:44,241-Speed 44.70 samples/sec   Loss 1.1837   LearningRate 0.000997   Epoch: 0   Global Step: 930   Fp16 Grad Scale: 65536   Required: 229 hours
Training: 2025-04-16 18:05:12,830-Speed 44.77 samples/sec   Loss 1.0812   LearningRate 0.000997   Epoch: 0   Global Step: 940   Fp16 Grad Scale: 65536   Required: 229 hours
Training: 2025-04-16 18:05:41,387-Speed 44.82 samples/sec   Loss 1.3275   LearningRate 0.000997   Epoch: 0   Global Step: 950   Fp16 Grad Scale: 65536   Required: 229 hours
Training: 2025-04-16 18:06:10,242-Speed 44.36 samples/sec   Loss 1.1863   LearningRate 0.000997   Epoch: 0   Global Step: 960   Fp16 Grad Scale: 131072   Required: 229 hours
Training: 2025-04-16 18:06:38,640-Speed 45.07 samples/sec   Loss 1.1646   LearningRate 0.000997   Epoch: 0   Global Step: 970   Fp16 Grad Scale: 131072   Required: 229 hours
Training: 2025-04-16 18:07:09,305-Speed 41.74 samples/sec   Loss 1.0392   LearningRate 0.000997   Epoch: 0   Global Step: 980   Fp16 Grad Scale: 131072   Required: 229 hours
Training: 2025-04-16 18:07:37,861-Speed 44.83 samples/sec   Loss 0.8899   LearningRate 0.000997   Epoch: 0   Global Step: 990   Fp16 Grad Scale: 131072   Required: 229 hours
Training: 2025-04-16 18:08:06,529-Speed 44.65 samples/sec   Loss 0.9345   LearningRate 0.000996   Epoch: 0   Global Step: 1000   Fp16 Grad Scale: 131072   Required: 229 hours
Training: 2025-04-16 18:08:35,513-Speed 44.16 samples/sec   Loss 0.9628   LearningRate 0.000996   Epoch: 0   Global Step: 1010   Fp16 Grad Scale: 131072   Required: 229 hours
Training: 2025-04-16 18:09:04,175-Speed 44.66 samples/sec   Loss 0.9706   LearningRate 0.000996   Epoch: 0   Global Step: 1020   Fp16 Grad Scale: 131072   Required: 229 hours
Training: 2025-04-16 18:09:33,080-Speed 44.28 samples/sec   Loss 1.0484   LearningRate 0.000996   Epoch: 0   Global Step: 1030   Fp16 Grad Scale: 131072   Required: 229 hours
Training: 2025-04-16 18:10:01,756-Speed 44.64 samples/sec   Loss 0.9247   LearningRate 0.000996   Epoch: 0   Global Step: 1040   Fp16 Grad Scale: 131072   Required: 229 hours
Training: 2025-04-16 18:10:30,553-Speed 44.45 samples/sec   Loss 1.1539   LearningRate 0.000996   Epoch: 0   Global Step: 1050   Fp16 Grad Scale: 131072   Required: 229 hours
Training: 2025-04-16 18:10:59,294-Speed 44.54 samples/sec   Loss 1.0798   LearningRate 0.000996   Epoch: 0   Global Step: 1060   Fp16 Grad Scale: 262144   Required: 229 hours
Training: 2025-04-16 18:11:27,922-Speed 44.71 samples/sec   Loss 0.8697   LearningRate 0.000996   Epoch: 0   Global Step: 1070   Fp16 Grad Scale: 262144   Required: 228 hours
Training: 2025-04-16 18:11:58,524-Speed 41.83 samples/sec   Loss 1.0706   LearningRate 0.000996   Epoch: 0   Global Step: 1080   Fp16 Grad Scale: 262144   Required: 229 hours
Training: 2025-04-16 18:12:27,268-Speed 44.53 samples/sec   Loss 0.8591   LearningRate 0.000996   Epoch: 0   Global Step: 1090   Fp16 Grad Scale: 262144   Required: 229 hours
Training: 2025-04-16 18:12:56,003-Speed 44.55 samples/sec   Loss 0.9490   LearningRate 0.000996   Epoch: 0   Global Step: 1100   Fp16 Grad Scale: 262144   Required: 229 hours
Training: 2025-04-16 18:13:24,693-Speed 44.62 samples/sec   Loss 1.0074   LearningRate 0.000996   Epoch: 0   Global Step: 1110   Fp16 Grad Scale: 262144   Required: 229 hours
Training: 2025-04-16 18:13:53,244-Speed 44.83 samples/sec   Loss 1.0539   LearningRate 0.000996   Epoch: 0   Global Step: 1120   Fp16 Grad Scale: 262144   Required: 228 hours
Training: 2025-04-16 18:14:21,762-Speed 44.89 samples/sec   Loss 0.9422   LearningRate 0.000996   Epoch: 0   Global Step: 1130   Fp16 Grad Scale: 131072   Required: 228 hours
Training: 2025-04-16 18:14:50,525-Speed 44.50 samples/sec   Loss 0.9764   LearningRate 0.000996   Epoch: 0   Global Step: 1140   Fp16 Grad Scale: 131072   Required: 228 hours
Training: 2025-04-16 18:15:19,237-Speed 44.58 samples/sec   Loss 0.7258   LearningRate 0.000996   Epoch: 0   Global Step: 1150   Fp16 Grad Scale: 131072   Required: 228 hours
Training: 2025-04-16 18:15:47,933-Speed 44.61 samples/sec   Loss 0.8316   LearningRate 0.000996   Epoch: 0   Global Step: 1160   Fp16 Grad Scale: 131072   Required: 228 hours
Training: 2025-04-16 18:16:16,531-Speed 44.76 samples/sec   Loss 1.0534   LearningRate 0.000996   Epoch: 0   Global Step: 1170   Fp16 Grad Scale: 131072   Required: 228 hours
Training: 2025-04-16 18:16:45,150-Speed 44.73 samples/sec   Loss 0.8636   LearningRate 0.000996   Epoch: 0   Global Step: 1180   Fp16 Grad Scale: 131072   Required: 228 hours
Training: 2025-04-16 18:17:15,821-Speed 41.73 samples/sec   Loss 0.7726   LearningRate 0.000996   Epoch: 0   Global Step: 1190   Fp16 Grad Scale: 131072   Required: 228 hours
Training: 2025-04-16 18:17:44,421-Speed 44.76 samples/sec   Loss 0.6912   LearningRate 0.000996   Epoch: 0   Global Step: 1200   Fp16 Grad Scale: 131072   Required: 228 hours
Training: 2025-04-16 18:18:12,988-Speed 44.81 samples/sec   Loss 0.8878   LearningRate 0.000996   Epoch: 0   Global Step: 1210   Fp16 Grad Scale: 131072   Required: 228 hours
Training: 2025-04-16 18:18:41,637-Speed 44.68 samples/sec   Loss 0.9918   LearningRate 0.000996   Epoch: 0   Global Step: 1220   Fp16 Grad Scale: 131072   Required: 228 hours
Training: 2025-04-16 18:19:10,407-Speed 44.49 samples/sec   Loss 0.7975   LearningRate 0.000996   Epoch: 0   Global Step: 1230   Fp16 Grad Scale: 262144   Required: 228 hours
Training: 2025-04-16 18:19:39,285-Speed 44.33 samples/sec   Loss 0.8458   LearningRate 0.000996   Epoch: 0   Global Step: 1240   Fp16 Grad Scale: 262144   Required: 228 hours
Training: 2025-04-16 18:20:07,904-Speed 44.73 samples/sec   Loss 0.9188   LearningRate 0.000996   Epoch: 0   Global Step: 1250   Fp16 Grad Scale: 131072   Required: 228 hours
Training: 2025-04-16 18:20:36,476-Speed 44.80 samples/sec   Loss 0.7001   LearningRate 0.000996   Epoch: 0   Global Step: 1260   Fp16 Grad Scale: 131072   Required: 228 hours
Training: 2025-04-16 18:21:05,107-Speed 44.71 samples/sec   Loss 0.6785   LearningRate 0.000996   Epoch: 0   Global Step: 1270   Fp16 Grad Scale: 131072   Required: 228 hours
Training: 2025-04-16 18:21:33,855-Speed 44.52 samples/sec   Loss 0.7339   LearningRate 0.000996   Epoch: 0   Global Step: 1280   Fp16 Grad Scale: 131072   Required: 228 hours
Training: 2025-04-16 18:22:04,649-Speed 41.57 samples/sec   Loss 0.8457   LearningRate 0.000995   Epoch: 0   Global Step: 1290   Fp16 Grad Scale: 131072   Required: 228 hours
Training: 2025-04-16 18:22:33,278-Speed 44.71 samples/sec   Loss 0.7966   LearningRate 0.000995   Epoch: 0   Global Step: 1300   Fp16 Grad Scale: 131072   Required: 228 hours
Training: 2025-04-16 18:23:01,852-Speed 44.80 samples/sec   Loss 0.9037   LearningRate 0.000995   Epoch: 0   Global Step: 1310   Fp16 Grad Scale: 131072   Required: 228 hours
Training: 2025-04-16 18:23:30,482-Speed 44.71 samples/sec   Loss 0.6840   LearningRate 0.000995   Epoch: 0   Global Step: 1320   Fp16 Grad Scale: 131072   Required: 228 hours
Training: 2025-04-16 18:23:59,155-Speed 44.64 samples/sec   Loss 0.6989   LearningRate 0.000995   Epoch: 0   Global Step: 1330   Fp16 Grad Scale: 131072   Required: 228 hours
Training: 2025-04-16 18:24:27,823-Speed 44.65 samples/sec   Loss 0.6844   LearningRate 0.000995   Epoch: 0   Global Step: 1340   Fp16 Grad Scale: 131072   Required: 228 hours
Training: 2025-04-16 18:24:56,331-Speed 44.90 samples/sec   Loss 0.7253   LearningRate 0.000995   Epoch: 0   Global Step: 1350   Fp16 Grad Scale: 262144   Required: 228 hours
Training: 2025-04-16 18:25:24,889-Speed 44.82 samples/sec   Loss 0.6799   LearningRate 0.000995   Epoch: 0   Global Step: 1360   Fp16 Grad Scale: 262144   Required: 228 hours
Training: 2025-04-16 18:25:53,521-Speed 44.71 samples/sec   Loss 0.8038   LearningRate 0.000995   Epoch: 0   Global Step: 1370   Fp16 Grad Scale: 262144   Required: 228 hours
Training: 2025-04-16 18:26:23,149-Speed 43.20 samples/sec   Loss 0.8754   LearningRate 0.000995   Epoch: 0   Global Step: 1380   Fp16 Grad Scale: 131072   Required: 228 hours
Training: 2025-04-16 18:26:54,835-Speed 40.40 samples/sec   Loss 0.6937   LearningRate 0.000995   Epoch: 0   Global Step: 1390   Fp16 Grad Scale: 131072   Required: 228 hours
Training: 2025-04-16 18:27:25,558-Speed 41.66 samples/sec   Loss 0.6266   LearningRate 0.000995   Epoch: 0   Global Step: 1400   Fp16 Grad Scale: 131072   Required: 228 hours
Training: 2025-04-16 18:27:54,181-Speed 44.72 samples/sec   Loss 0.7324   LearningRate 0.000995   Epoch: 0   Global Step: 1410   Fp16 Grad Scale: 131072   Required: 228 hours
Training: 2025-04-16 18:28:22,878-Speed 44.60 samples/sec   Loss 0.7335   LearningRate 0.000995   Epoch: 0   Global Step: 1420   Fp16 Grad Scale: 131072   Required: 228 hours
Training: 2025-04-16 18:29:47,615-Speed 15.11 samples/sec   Loss 0.6986   LearningRate 0.000995   Epoch: 1   Global Step: 1430   Fp16 Grad Scale: 131072   Required: 231 hours
Training: 2025-04-16 18:30:15,330-Speed 46.19 samples/sec   Loss 0.5299   LearningRate 0.000995   Epoch: 1   Global Step: 1440   Fp16 Grad Scale: 131072   Required: 231 hours
Training: 2025-04-16 18:30:42,781-Speed 46.63 samples/sec   Loss 0.3955   LearningRate 0.000995   Epoch: 1   Global Step: 1450   Fp16 Grad Scale: 131072   Required: 231 hours
Training: 2025-04-16 18:31:10,489-Speed 46.20 samples/sec   Loss 0.5306   LearningRate 0.000995   Epoch: 1   Global Step: 1460   Fp16 Grad Scale: 131072   Required: 231 hours
Training: 2025-04-16 18:31:37,973-Speed 46.57 samples/sec   Loss 0.4091   LearningRate 0.000995   Epoch: 1   Global Step: 1470   Fp16 Grad Scale: 131072   Required: 231 hours
Training: 2025-04-16 18:32:07,598-Speed 43.21 samples/sec   Loss 0.5083   LearningRate 0.000995   Epoch: 1   Global Step: 1480   Fp16 Grad Scale: 262144   Required: 231 hours
Training: 2025-04-16 18:32:35,258-Speed 46.28 samples/sec   Loss 0.4071   LearningRate 0.000995   Epoch: 1   Global Step: 1490   Fp16 Grad Scale: 262144   Required: 231 hours
Training: 2025-04-16 18:33:02,776-Speed 46.51 samples/sec   Loss 0.5211   LearningRate 0.000995   Epoch: 1   Global Step: 1500   Fp16 Grad Scale: 262144   Required: 231 hours
Training: 2025-04-16 18:33:30,400-Speed 46.34 samples/sec   Loss 0.6440   LearningRate 0.000995   Epoch: 1   Global Step: 1510   Fp16 Grad Scale: 262144   Required: 231 hours
Training: 2025-04-16 18:33:57,986-Speed 46.40 samples/sec   Loss 0.4628   LearningRate 0.000995   Epoch: 1   Global Step: 1520   Fp16 Grad Scale: 262144   Required: 231 hours
Training: 2025-04-16 18:34:25,632-Speed 46.30 samples/sec   Loss 0.5604   LearningRate 0.000995   Epoch: 1   Global Step: 1530   Fp16 Grad Scale: 262144   Required: 230 hours
Training: 2025-04-16 18:34:53,165-Speed 46.49 samples/sec   Loss 0.4378   LearningRate 0.000995   Epoch: 1   Global Step: 1540   Fp16 Grad Scale: 262144   Required: 230 hours
Training: 2025-04-16 18:35:20,654-Speed 46.57 samples/sec   Loss 0.5234   LearningRate 0.000995   Epoch: 1   Global Step: 1550   Fp16 Grad Scale: 131072   Required: 230 hours
Training: 2025-04-16 18:35:48,283-Speed 46.33 samples/sec   Loss 0.4680   LearningRate 0.000995   Epoch: 1   Global Step: 1560   Fp16 Grad Scale: 131072   Required: 230 hours
Training: 2025-04-16 18:36:15,878-Speed 46.39 samples/sec   Loss 0.4749   LearningRate 0.000994   Epoch: 1   Global Step: 1570   Fp16 Grad Scale: 131072   Required: 230 hours
Training: 2025-04-16 18:36:43,503-Speed 46.34 samples/sec   Loss 0.4486   LearningRate 0.000994   Epoch: 1   Global Step: 1580   Fp16 Grad Scale: 131072   Required: 230 hours
Training: 2025-04-16 18:37:13,141-Speed 43.19 samples/sec   Loss 0.5443   LearningRate 0.000994   Epoch: 1   Global Step: 1590   Fp16 Grad Scale: 131072   Required: 230 hours
Training: 2025-04-16 18:37:40,778-Speed 46.32 samples/sec   Loss 0.4111   LearningRate 0.000994   Epoch: 1   Global Step: 1600   Fp16 Grad Scale: 131072   Required: 230 hours
Training: 2025-04-16 18:38:08,363-Speed 46.40 samples/sec   Loss 0.4399   LearningRate 0.000994   Epoch: 1   Global Step: 1610   Fp16 Grad Scale: 131072   Required: 230 hours
Training: 2025-04-16 18:38:35,931-Speed 46.43 samples/sec   Loss 0.6787   LearningRate 0.000994   Epoch: 1   Global Step: 1620   Fp16 Grad Scale: 131072   Required: 230 hours
Training: 2025-04-16 18:39:03,645-Speed 46.19 samples/sec   Loss 0.4080   LearningRate 0.000994   Epoch: 1   Global Step: 1630   Fp16 Grad Scale: 131072   Required: 230 hours
Training: 2025-04-16 18:39:31,106-Speed 46.61 samples/sec   Loss 0.5851   LearningRate 0.000994   Epoch: 1   Global Step: 1640   Fp16 Grad Scale: 131072   Required: 230 hours
Training: 2025-04-16 18:39:58,712-Speed 46.37 samples/sec   Loss 0.4789   LearningRate 0.000994   Epoch: 1   Global Step: 1650   Fp16 Grad Scale: 262144   Required: 230 hours
Training: 2025-04-16 18:40:26,249-Speed 46.48 samples/sec   Loss 0.4908   LearningRate 0.000994   Epoch: 1   Global Step: 1660   Fp16 Grad Scale: 262144   Required: 229 hours
Training: 2025-04-16 18:40:53,894-Speed 46.30 samples/sec   Loss 0.5567   LearningRate 0.000994   Epoch: 1   Global Step: 1670   Fp16 Grad Scale: 262144   Required: 229 hours
Training: 2025-04-16 18:41:21,512-Speed 46.35 samples/sec   Loss 0.4292   LearningRate 0.000994   Epoch: 1   Global Step: 1680   Fp16 Grad Scale: 262144   Required: 229 hours
Training: 2025-04-16 18:41:49,036-Speed 46.51 samples/sec   Loss 0.4066   LearningRate 0.000994   Epoch: 1   Global Step: 1690   Fp16 Grad Scale: 262144   Required: 229 hours
Training: 2025-04-16 18:42:18,649-Speed 43.23 samples/sec   Loss 0.3853   LearningRate 0.000994   Epoch: 1   Global Step: 1700   Fp16 Grad Scale: 262144   Required: 229 hours
Training: 2025-04-16 18:42:46,289-Speed 46.31 samples/sec   Loss 0.3766   LearningRate 0.000994   Epoch: 1   Global Step: 1710   Fp16 Grad Scale: 262144   Required: 229 hours
Training: 2025-04-16 18:43:13,881-Speed 46.39 samples/sec   Loss 0.3669   LearningRate 0.000994   Epoch: 1   Global Step: 1720   Fp16 Grad Scale: 262144   Required: 229 hours
Training: 2025-04-16 18:43:41,458-Speed 46.42 samples/sec   Loss 0.4541   LearningRate 0.000994   Epoch: 1   Global Step: 1730   Fp16 Grad Scale: 262144   Required: 229 hours
Training: 2025-04-16 18:44:08,921-Speed 46.61 samples/sec   Loss 0.4094   LearningRate 0.000994   Epoch: 1   Global Step: 1740   Fp16 Grad Scale: 131072   Required: 229 hours
Training: 2025-04-16 18:44:36,617-Speed 46.22 samples/sec   Loss 0.4418   LearningRate 0.000994   Epoch: 1   Global Step: 1750   Fp16 Grad Scale: 131072   Required: 229 hours
Training: 2025-04-16 18:45:04,167-Speed 46.46 samples/sec   Loss 0.6336   LearningRate 0.000994   Epoch: 1   Global Step: 1760   Fp16 Grad Scale: 131072   Required: 229 hours
Training: 2025-04-16 18:45:31,718-Speed 46.46 samples/sec   Loss 0.5573   LearningRate 0.000994   Epoch: 1   Global Step: 1770   Fp16 Grad Scale: 131072   Required: 229 hours
Training: 2025-04-16 18:45:59,364-Speed 46.30 samples/sec   Loss 0.3675   LearningRate 0.000994   Epoch: 1   Global Step: 1780   Fp16 Grad Scale: 131072   Required: 229 hours
Training: 2025-04-16 18:46:26,922-Speed 46.45 samples/sec   Loss 0.5199   LearningRate 0.000994   Epoch: 1   Global Step: 1790   Fp16 Grad Scale: 131072   Required: 229 hours
Training: 2025-04-16 18:46:54,574-Speed 46.29 samples/sec   Loss 0.3460   LearningRate 0.000994   Epoch: 1   Global Step: 1800   Fp16 Grad Scale: 131072   Required: 228 hours
Training: 2025-04-16 18:47:24,080-Speed 43.38 samples/sec   Loss 0.5972   LearningRate 0.000994   Epoch: 1   Global Step: 1810   Fp16 Grad Scale: 131072   Required: 228 hours
Training: 2025-04-16 18:47:51,653-Speed 46.42 samples/sec   Loss 0.4674   LearningRate 0.000994   Epoch: 1   Global Step: 1820   Fp16 Grad Scale: 131072   Required: 228 hours
Training: 2025-04-16 18:48:19,112-Speed 46.62 samples/sec   Loss 0.5085   LearningRate 0.000994   Epoch: 1   Global Step: 1830   Fp16 Grad Scale: 131072   Required: 228 hours
Training: 2025-04-16 18:48:46,675-Speed 46.44 samples/sec   Loss 0.4207   LearningRate 0.000994   Epoch: 1   Global Step: 1840   Fp16 Grad Scale: 262144   Required: 228 hours
Training: 2025-04-16 18:49:14,365-Speed 46.23 samples/sec   Loss 0.3425   LearningRate 0.000994   Epoch: 1   Global Step: 1850   Fp16 Grad Scale: 262144   Required: 228 hours
Training: 2025-04-16 18:49:41,859-Speed 46.56 samples/sec   Loss 0.4864   LearningRate 0.000993   Epoch: 1   Global Step: 1860   Fp16 Grad Scale: 262144   Required: 228 hours
Training: 2025-04-16 18:50:09,488-Speed 46.33 samples/sec   Loss 0.6397   LearningRate 0.000993   Epoch: 1   Global Step: 1870   Fp16 Grad Scale: 262144   Required: 228 hours
Training: 2025-04-16 18:50:37,026-Speed 46.48 samples/sec   Loss 0.4886   LearningRate 0.000993   Epoch: 1   Global Step: 1880   Fp16 Grad Scale: 262144   Required: 228 hours
Training: 2025-04-16 18:51:04,631-Speed 46.37 samples/sec   Loss 0.4979   LearningRate 0.000993   Epoch: 1   Global Step: 1890   Fp16 Grad Scale: 262144   Required: 228 hours
Training: 2025-04-16 18:51:32,199-Speed 46.43 samples/sec   Loss 0.4047   LearningRate 0.000993   Epoch: 1   Global Step: 1900   Fp16 Grad Scale: 131072   Required: 228 hours
Training: 2025-04-16 18:51:59,773-Speed 46.42 samples/sec   Loss 0.5612   LearningRate 0.000993   Epoch: 1   Global Step: 1910   Fp16 Grad Scale: 131072   Required: 228 hours
Training: 2025-04-16 18:52:29,300-Speed 43.35 samples/sec   Loss 0.4284   LearningRate 0.000993   Epoch: 1   Global Step: 1920   Fp16 Grad Scale: 131072   Required: 228 hours
Training: 2025-04-16 18:52:56,779-Speed 46.58 samples/sec   Loss 0.3612   LearningRate 0.000993   Epoch: 1   Global Step: 1930   Fp16 Grad Scale: 131072   Required: 228 hours
Training: 2025-04-16 18:53:24,452-Speed 46.26 samples/sec   Loss 0.3420   LearningRate 0.000993   Epoch: 1   Global Step: 1940   Fp16 Grad Scale: 131072   Required: 228 hours
Training: 2025-04-16 18:53:52,320-Speed 45.93 samples/sec   Loss 0.3618   LearningRate 0.000993   Epoch: 1   Global Step: 1950   Fp16 Grad Scale: 131072   Required: 228 hours
Training: 2025-04-16 18:54:19,865-Speed 46.47 samples/sec   Loss 0.3374   LearningRate 0.000993   Epoch: 1   Global Step: 1960   Fp16 Grad Scale: 131072   Required: 228 hours
Training: 2025-04-16 18:54:47,510-Speed 46.30 samples/sec   Loss 0.4430   LearningRate 0.000993   Epoch: 1   Global Step: 1970   Fp16 Grad Scale: 131072   Required: 228 hours
Training: 2025-04-16 18:55:15,085-Speed 46.42 samples/sec   Loss 0.5815   LearningRate 0.000993   Epoch: 1   Global Step: 1980   Fp16 Grad Scale: 131072   Required: 227 hours
Training: 2025-04-16 18:55:42,866-Speed 46.08 samples/sec   Loss 0.6102   LearningRate 0.000993   Epoch: 1   Global Step: 1990   Fp16 Grad Scale: 131072   Required: 227 hours
Training: 2025-04-16 18:56:10,419-Speed 46.46 samples/sec   Loss 0.5526   LearningRate 0.000993   Epoch: 1   Global Step: 2000   Fp16 Grad Scale: 262144   Required: 227 hours
Training: 2025-04-16 18:57:32,486-[val][Global step: 2000] d prime: 5.8523149490356445
Model saved with d prime score: 5.8523149490356445
Training: 2025-04-16 18:58:03,736-Speed 11.30 samples/sec   Loss 0.4593   LearningRate 0.000993   Epoch: 1   Global Step: 2010   Fp16 Grad Scale: 262144   Required: 231 hours
Training: 2025-04-16 18:58:31,191-Speed 46.62 samples/sec   Loss 0.6149   LearningRate 0.000993   Epoch: 1   Global Step: 2020   Fp16 Grad Scale: 262144   Required: 231 hours
Training: 2025-04-16 18:58:58,783-Speed 46.39 samples/sec   Loss 0.3581   LearningRate 0.000993   Epoch: 1   Global Step: 2030   Fp16 Grad Scale: 262144   Required: 230 hours
Training: 2025-04-16 18:59:26,375-Speed 46.39 samples/sec   Loss 0.4663   LearningRate 0.000993   Epoch: 1   Global Step: 2040   Fp16 Grad Scale: 262144   Required: 230 hours
Training: 2025-04-16 18:59:53,997-Speed 46.34 samples/sec   Loss 0.3073   LearningRate 0.000993   Epoch: 1   Global Step: 2050   Fp16 Grad Scale: 262144   Required: 230 hours
Training: 2025-04-16 19:00:21,606-Speed 46.36 samples/sec   Loss 0.3600   LearningRate 0.000993   Epoch: 1   Global Step: 2060   Fp16 Grad Scale: 262144   Required: 230 hours
Training: 2025-04-16 19:00:49,126-Speed 46.51 samples/sec   Loss 0.3798   LearningRate 0.000993   Epoch: 1   Global Step: 2070   Fp16 Grad Scale: 262144   Required: 230 hours
Training: 2025-04-16 19:01:16,656-Speed 46.50 samples/sec   Loss 0.4474   LearningRate 0.000993   Epoch: 1   Global Step: 2080   Fp16 Grad Scale: 262144   Required: 230 hours
Training: 2025-04-16 19:01:44,239-Speed 46.41 samples/sec   Loss 0.3885   LearningRate 0.000993   Epoch: 1   Global Step: 2090   Fp16 Grad Scale: 262144   Required: 230 hours
Training: 2025-04-16 19:02:11,725-Speed 46.57 samples/sec   Loss 0.5283   LearningRate 0.000993   Epoch: 1   Global Step: 2100   Fp16 Grad Scale: 131072   Required: 230 hours
Training: 2025-04-16 19:02:41,192-Speed 43.44 samples/sec   Loss 0.4510   LearningRate 0.000993   Epoch: 1   Global Step: 2110   Fp16 Grad Scale: 131072   Required: 230 hours
Training: 2025-04-16 19:03:08,666-Speed 46.59 samples/sec   Loss 0.4934   LearningRate 0.000993   Epoch: 1   Global Step: 2120   Fp16 Grad Scale: 131072   Required: 230 hours
Training: 2025-04-16 19:03:36,339-Speed 46.26 samples/sec   Loss 0.4646   LearningRate 0.000993   Epoch: 1   Global Step: 2130   Fp16 Grad Scale: 131072   Required: 230 hours
Training: 2025-04-16 19:04:03,811-Speed 46.59 samples/sec   Loss 0.3425   LearningRate 0.000992   Epoch: 1   Global Step: 2140   Fp16 Grad Scale: 131072   Required: 230 hours
Training: 2025-04-16 19:04:31,514-Speed 46.21 samples/sec   Loss 0.4442   LearningRate 0.000992   Epoch: 1   Global Step: 2150   Fp16 Grad Scale: 131072   Required: 230 hours
Training: 2025-04-16 19:04:59,008-Speed 46.56 samples/sec   Loss 0.4682   LearningRate 0.000992   Epoch: 1   Global Step: 2160   Fp16 Grad Scale: 131072   Required: 230 hours
Training: 2025-04-16 19:05:26,512-Speed 46.54 samples/sec   Loss 0.3524   LearningRate 0.000992   Epoch: 1   Global Step: 2170   Fp16 Grad Scale: 131072   Required: 230 hours
Training: 2025-04-16 19:05:54,176-Speed 46.27 samples/sec   Loss 0.4228   LearningRate 0.000992   Epoch: 1   Global Step: 2180   Fp16 Grad Scale: 131072   Required: 230 hours
Training: 2025-04-16 19:06:21,741-Speed 46.44 samples/sec   Loss 0.3402   LearningRate 0.000992   Epoch: 1   Global Step: 2190   Fp16 Grad Scale: 131072   Required: 229 hours
Training: 2025-04-16 19:06:49,407-Speed 46.27 samples/sec   Loss 0.4484   LearningRate 0.000992   Epoch: 1   Global Step: 2200   Fp16 Grad Scale: 262144   Required: 229 hours
Training: 2025-04-16 19:07:16,993-Speed 46.40 samples/sec   Loss 0.3750   LearningRate 0.000992   Epoch: 1   Global Step: 2210   Fp16 Grad Scale: 262144   Required: 229 hours
Training: 2025-04-16 19:07:46,420-Speed 43.50 samples/sec   Loss 0.3390   LearningRate 0.000992   Epoch: 1   Global Step: 2220   Fp16 Grad Scale: 262144   Required: 229 hours
Training: 2025-04-16 19:08:13,988-Speed 46.43 samples/sec   Loss 0.5046   LearningRate 0.000992   Epoch: 1   Global Step: 2230   Fp16 Grad Scale: 262144   Required: 229 hours
Training: 2025-04-16 19:08:41,600-Speed 46.36 samples/sec   Loss 0.4062   LearningRate 0.000992   Epoch: 1   Global Step: 2240   Fp16 Grad Scale: 131072   Required: 229 hours
Training: 2025-04-16 19:09:09,135-Speed 46.49 samples/sec   Loss 0.3691   LearningRate 0.000992   Epoch: 1   Global Step: 2250   Fp16 Grad Scale: 131072   Required: 229 hours
Training: 2025-04-16 19:09:36,903-Speed 46.10 samples/sec   Loss 0.3858   LearningRate 0.000992   Epoch: 1   Global Step: 2260   Fp16 Grad Scale: 131072   Required: 229 hours
Training: 2025-04-16 19:10:04,490-Speed 46.40 samples/sec   Loss 0.3436   LearningRate 0.000992   Epoch: 1   Global Step: 2270   Fp16 Grad Scale: 131072   Required: 229 hours
Training: 2025-04-16 19:10:32,101-Speed 46.36 samples/sec   Loss 0.3660   LearningRate 0.000992   Epoch: 1   Global Step: 2280   Fp16 Grad Scale: 131072   Required: 229 hours
Training: 2025-04-16 19:10:59,694-Speed 46.39 samples/sec   Loss 0.3431   LearningRate 0.000992   Epoch: 1   Global Step: 2290   Fp16 Grad Scale: 131072   Required: 229 hours
Training: 2025-04-16 19:11:27,300-Speed 46.37 samples/sec   Loss 0.3137   LearningRate 0.000992   Epoch: 1   Global Step: 2300   Fp16 Grad Scale: 131072   Required: 229 hours
Training: 2025-04-16 19:11:54,728-Speed 46.67 samples/sec   Loss 0.5557   LearningRate 0.000992   Epoch: 1   Global Step: 2310   Fp16 Grad Scale: 131072   Required: 229 hours
Training: 2025-04-16 19:12:22,225-Speed 46.55 samples/sec   Loss 0.4014   LearningRate 0.000992   Epoch: 1   Global Step: 2320   Fp16 Grad Scale: 131072   Required: 229 hours
Training: 2025-04-16 19:12:51,576-Speed 43.61 samples/sec   Loss 0.4877   LearningRate 0.000992   Epoch: 1   Global Step: 2330   Fp16 Grad Scale: 131072   Required: 229 hours
Training: 2025-04-16 19:13:19,046-Speed 46.60 samples/sec   Loss 0.3691   LearningRate 0.000992   Epoch: 1   Global Step: 2340   Fp16 Grad Scale: 262144   Required: 229 hours
Training: 2025-04-16 19:13:46,636-Speed 46.40 samples/sec   Loss 0.4142   LearningRate 0.000992   Epoch: 1   Global Step: 2350   Fp16 Grad Scale: 262144   Required: 229 hours
Training: 2025-04-16 19:14:14,083-Speed 46.64 samples/sec   Loss 0.3831   LearningRate 0.000992   Epoch: 1   Global Step: 2360   Fp16 Grad Scale: 262144   Required: 228 hours
Training: 2025-04-16 19:14:41,726-Speed 46.30 samples/sec   Loss 0.4229   LearningRate 0.000992   Epoch: 1   Global Step: 2370   Fp16 Grad Scale: 262144   Required: 228 hours
Training: 2025-04-16 19:15:29,043-Speed 46.40 samples/sec   Loss 0.4243   LearningRate 0.000992   Epoch: 1   Global Step: 2380   Fp16 Grad Scale: 262144   Required: 229 hours
Training: 2025-04-16 19:15:56,631-Speed 46.40 samples/sec   Loss 0.2892   LearningRate 0.000992   Epoch: 1   Global Step: 2390   Fp16 Grad Scale: 262144   Required: 229 hours
Training: 2025-04-16 19:16:24,082-Speed 46.63 samples/sec   Loss 0.3789   LearningRate 0.000992   Epoch: 1   Global Step: 2400   Fp16 Grad Scale: 262144   Required: 229 hours
Training: 2025-04-16 19:16:51,596-Speed 46.52 samples/sec   Loss 0.4551   LearningRate 0.000992   Epoch: 1   Global Step: 2410   Fp16 Grad Scale: 262144   Required: 229 hours
Training: 2025-04-16 19:17:19,112-Speed 46.52 samples/sec   Loss 0.4926   LearningRate 0.000992   Epoch: 1   Global Step: 2420   Fp16 Grad Scale: 262144   Required: 229 hours
Training: 2025-04-16 19:17:48,653-Speed 43.33 samples/sec   Loss 0.5087   LearningRate 0.000991   Epoch: 1   Global Step: 2430   Fp16 Grad Scale: 262144   Required: 229 hours
Training: 2025-04-16 19:18:16,209-Speed 46.45 samples/sec   Loss 0.4069   LearningRate 0.000991   Epoch: 1   Global Step: 2440   Fp16 Grad Scale: 262144   Required: 229 hours
Training: 2025-04-16 19:18:43,738-Speed 46.50 samples/sec   Loss 0.4151   LearningRate 0.000991   Epoch: 1   Global Step: 2450   Fp16 Grad Scale: 262144   Required: 229 hours
Training: 2025-04-16 19:19:11,401-Speed 46.27 samples/sec   Loss 0.3764   LearningRate 0.000991   Epoch: 1   Global Step: 2460   Fp16 Grad Scale: 262144   Required: 229 hours
Training: 2025-04-16 19:19:38,868-Speed 46.60 samples/sec   Loss 0.3605   LearningRate 0.000991   Epoch: 1   Global Step: 2470   Fp16 Grad Scale: 262144   Required: 229 hours
Training: 2025-04-16 19:20:06,372-Speed 46.54 samples/sec   Loss 0.4111   LearningRate 0.000991   Epoch: 1   Global Step: 2480   Fp16 Grad Scale: 262144   Required: 229 hours
Training: 2025-04-16 19:20:57,409-Speed 46.51 samples/sec   Loss 0.3479   LearningRate 0.000991   Epoch: 1   Global Step: 2490   Fp16 Grad Scale: 262144   Required: 229 hours
Training: 2025-04-16 19:21:24,983-Speed 46.42 samples/sec   Loss 0.4126   LearningRate 0.000991   Epoch: 1   Global Step: 2500   Fp16 Grad Scale: 262144   Required: 229 hours
Training: 2025-04-16 19:21:52,465-Speed 46.58 samples/sec   Loss 0.2290   LearningRate 0.000991   Epoch: 1   Global Step: 2510   Fp16 Grad Scale: 262144   Required: 229 hours
Training: 2025-04-16 19:22:20,049-Speed 46.40 samples/sec   Loss 0.2902   LearningRate 0.000991   Epoch: 1   Global Step: 2520   Fp16 Grad Scale: 262144   Required: 229 hours
Training: 2025-04-16 19:22:49,611-Speed 43.30 samples/sec   Loss 0.3484   LearningRate 0.000991   Epoch: 1   Global Step: 2530   Fp16 Grad Scale: 262144   Required: 229 hours
Training: 2025-04-16 19:23:17,194-Speed 46.41 samples/sec   Loss 0.2757   LearningRate 0.000991   Epoch: 1   Global Step: 2540   Fp16 Grad Scale: 524288   Required: 229 hours
Training: 2025-04-16 19:23:44,738-Speed 46.47 samples/sec   Loss 0.3518   LearningRate 0.000991   Epoch: 1   Global Step: 2550   Fp16 Grad Scale: 131072   Required: 229 hours
Training: 2025-04-16 19:24:12,290-Speed 46.46 samples/sec   Loss 0.3913   LearningRate 0.000991   Epoch: 1   Global Step: 2560   Fp16 Grad Scale: 131072   Required: 229 hours
Training: 2025-04-16 19:24:39,830-Speed 46.48 samples/sec   Loss 0.4471   LearningRate 0.000991   Epoch: 1   Global Step: 2570   Fp16 Grad Scale: 131072   Required: 229 hours
Training: 2025-04-16 19:25:07,341-Speed 46.53 samples/sec   Loss 0.3318   LearningRate 0.000991   Epoch: 1   Global Step: 2580   Fp16 Grad Scale: 131072   Required: 229 hours
Training: 2025-04-16 19:25:34,914-Speed 46.42 samples/sec   Loss 0.3871   LearningRate 0.000991   Epoch: 1   Global Step: 2590   Fp16 Grad Scale: 131072   Required: 229 hours
Training: 2025-04-16 19:26:32,675-Speed 43.70 samples/sec   Loss 0.3791   LearningRate 0.000991   Epoch: 1   Global Step: 2600   Fp16 Grad Scale: 131072   Required: 230 hours
Training: 2025-04-16 19:27:02,187-Speed 43.37 samples/sec   Loss 0.3065   LearningRate 0.000991   Epoch: 1   Global Step: 2610   Fp16 Grad Scale: 131072   Required: 230 hours
Training: 2025-04-16 19:27:29,756-Speed 46.43 samples/sec   Loss 0.2853   LearningRate 0.000991   Epoch: 1   Global Step: 2620   Fp16 Grad Scale: 131072   Required: 229 hours
Training: 2025-04-16 19:27:59,006-Speed 43.76 samples/sec   Loss 0.2428   LearningRate 0.000991   Epoch: 1   Global Step: 2630   Fp16 Grad Scale: 131072   Required: 229 hours
Training: 2025-04-16 19:28:26,403-Speed 46.72 samples/sec   Loss 0.3312   LearningRate 0.000991   Epoch: 1   Global Step: 2640   Fp16 Grad Scale: 131072   Required: 229 hours
Training: 2025-04-16 19:28:53,849-Speed 46.64 samples/sec   Loss 0.2733   LearningRate 0.000991   Epoch: 1   Global Step: 2650   Fp16 Grad Scale: 262144   Required: 229 hours
Training: 2025-04-16 19:29:21,580-Speed 46.16 samples/sec   Loss 0.3078   LearningRate 0.000991   Epoch: 1   Global Step: 2660   Fp16 Grad Scale: 262144   Required: 229 hours
Training: 2025-04-16 19:29:49,246-Speed 46.27 samples/sec   Loss 0.4059   LearningRate 0.000991   Epoch: 1   Global Step: 2670   Fp16 Grad Scale: 262144   Required: 229 hours
Training: 2025-04-16 19:30:16,814-Speed 46.43 samples/sec   Loss 0.2416   LearningRate 0.000991   Epoch: 1   Global Step: 2680   Fp16 Grad Scale: 262144   Required: 229 hours
Training: 2025-04-16 19:30:44,285-Speed 46.60 samples/sec   Loss 0.4040   LearningRate 0.000991   Epoch: 1   Global Step: 2690   Fp16 Grad Scale: 262144   Required: 229 hours
Training: 2025-04-16 19:31:11,827-Speed 46.47 samples/sec   Loss 0.4872   LearningRate 0.000991   Epoch: 1   Global Step: 2700   Fp16 Grad Scale: 262144   Required: 229 hours
Training: 2025-04-16 19:32:27,472-Speed 46.28 samples/sec   Loss 0.4317   LearningRate 0.000990   Epoch: 1   Global Step: 2710   Fp16 Grad Scale: 131072   Required: 230 hours
Training: 2025-04-16 19:32:56,997-Speed 43.35 samples/sec   Loss 0.3193   LearningRate 0.000990   Epoch: 1   Global Step: 2720   Fp16 Grad Scale: 131072   Required: 230 hours
Training: 2025-04-16 19:33:24,487-Speed 46.56 samples/sec   Loss 0.3132   LearningRate 0.000990   Epoch: 1   Global Step: 2730   Fp16 Grad Scale: 131072   Required: 230 hours
Training: 2025-04-16 19:33:52,094-Speed 46.37 samples/sec   Loss 0.5176   LearningRate 0.000990   Epoch: 1   Global Step: 2740   Fp16 Grad Scale: 131072   Required: 230 hours
Training: 2025-04-16 19:34:19,579-Speed 46.57 samples/sec   Loss 0.4768   LearningRate 0.000990   Epoch: 1   Global Step: 2750   Fp16 Grad Scale: 131072   Required: 230 hours
Training: 2025-04-16 19:34:47,159-Speed 46.41 samples/sec   Loss 0.4312   LearningRate 0.000990   Epoch: 1   Global Step: 2760   Fp16 Grad Scale: 131072   Required: 230 hours
Training: 2025-04-16 19:35:14,622-Speed 46.61 samples/sec   Loss 0.3345   LearningRate 0.000990   Epoch: 1   Global Step: 2770   Fp16 Grad Scale: 131072   Required: 230 hours
Training: 2025-04-16 19:35:42,196-Speed 46.42 samples/sec   Loss 0.3728   LearningRate 0.000990   Epoch: 1   Global Step: 2780   Fp16 Grad Scale: 131072   Required: 230 hours
Training: 2025-04-16 19:36:09,849-Speed 46.29 samples/sec   Loss 0.3138   LearningRate 0.000990   Epoch: 1   Global Step: 2790   Fp16 Grad Scale: 131072   Required: 230 hours
Training: 2025-04-16 19:36:37,275-Speed 46.67 samples/sec   Loss 0.4287   LearningRate 0.000990   Epoch: 1   Global Step: 2800   Fp16 Grad Scale: 131072   Required: 230 hours
Training: 2025-04-16 19:37:04,802-Speed 46.50 samples/sec   Loss 0.2512   LearningRate 0.000990   Epoch: 1   Global Step: 2810   Fp16 Grad Scale: 262144   Required: 230 hours
Training: 2025-04-16 19:38:10,520-Speed 42.90 samples/sec   Loss 0.3410   LearningRate 0.000990   Epoch: 1   Global Step: 2820   Fp16 Grad Scale: 262144   Required: 231 hours
Training: 2025-04-16 19:38:38,122-Speed 46.37 samples/sec   Loss 0.4696   LearningRate 0.000990   Epoch: 1   Global Step: 2830   Fp16 Grad Scale: 262144   Required: 231 hours
Training: 2025-04-16 19:39:05,692-Speed 46.43 samples/sec   Loss 0.3803   LearningRate 0.000990   Epoch: 1   Global Step: 2840   Fp16 Grad Scale: 262144   Required: 231 hours
Training: 2025-04-16 19:39:33,287-Speed 46.39 samples/sec   Loss 0.3168   LearningRate 0.000990   Epoch: 1   Global Step: 2850   Fp16 Grad Scale: 262144   Required: 231 hours
Training: 2025-04-16 19:40:12,368-Speed 32.75 samples/sec   Loss 0.2360   LearningRate 0.000990   Epoch: 2   Global Step: 2860   Fp16 Grad Scale: 262144   Required: 231 hours
Training: 2025-04-16 19:40:40,018-Speed 46.29 samples/sec   Loss 0.1836   LearningRate 0.000990   Epoch: 2   Global Step: 2870   Fp16 Grad Scale: 262144   Required: 231 hours
Training: 2025-04-16 19:41:07,624-Speed 46.37 samples/sec   Loss 0.1108   LearningRate 0.000990   Epoch: 2   Global Step: 2880   Fp16 Grad Scale: 262144   Required: 231 hours
Training: 2025-04-16 19:41:35,115-Speed 46.56 samples/sec   Loss 0.0642   LearningRate 0.000990   Epoch: 2   Global Step: 2890   Fp16 Grad Scale: 262144   Required: 231 hours
Training: 2025-04-16 19:42:02,595-Speed 46.58 samples/sec   Loss 0.0722   LearningRate 0.000990   Epoch: 2   Global Step: 2900   Fp16 Grad Scale: 262144   Required: 231 hours
Training: 2025-04-16 19:42:30,190-Speed 46.39 samples/sec   Loss 0.1100   LearningRate 0.000990   Epoch: 2   Global Step: 2910   Fp16 Grad Scale: 524288   Required: 231 hours
Training: 2025-04-16 19:42:59,608-Speed 43.51 samples/sec   Loss 0.1248   LearningRate 0.000990   Epoch: 2   Global Step: 2920   Fp16 Grad Scale: 524288   Required: 231 hours
Training: 2025-04-16 19:43:32,192-Speed 46.46 samples/sec   Loss 0.1964   LearningRate 0.000990   Epoch: 2   Global Step: 2930   Fp16 Grad Scale: 524288   Required: 231 hours
Training: 2025-04-16 19:43:59,566-Speed 46.76 samples/sec   Loss 0.2586   LearningRate 0.000990   Epoch: 2   Global Step: 2940   Fp16 Grad Scale: 262144   Required: 231 hours
Training: 2025-04-16 19:44:27,078-Speed 46.53 samples/sec   Loss 0.1870   LearningRate 0.000990   Epoch: 2   Global Step: 2950   Fp16 Grad Scale: 262144   Required: 231 hours
Training: 2025-04-16 19:44:54,573-Speed 46.55 samples/sec   Loss 0.1645   LearningRate 0.000990   Epoch: 2   Global Step: 2960   Fp16 Grad Scale: 262144   Required: 231 hours
Training: 2025-04-16 19:45:22,044-Speed 46.60 samples/sec   Loss 0.1878   LearningRate 0.000990   Epoch: 2   Global Step: 2970   Fp16 Grad Scale: 262144   Required: 230 hours
Training: 2025-04-16 19:45:49,564-Speed 46.51 samples/sec   Loss 0.1531   LearningRate 0.000990   Epoch: 2   Global Step: 2980   Fp16 Grad Scale: 262144   Required: 230 hours
Training: 2025-04-16 19:46:17,001-Speed 46.65 samples/sec   Loss 0.1292   LearningRate 0.000990   Epoch: 2   Global Step: 2990   Fp16 Grad Scale: 262144   Required: 230 hours
Training: 2025-04-16 19:46:44,490-Speed 46.57 samples/sec   Loss 0.1768   LearningRate 0.000989   Epoch: 2   Global Step: 3000   Fp16 Grad Scale: 262144   Required: 230 hours
Training: 2025-04-16 19:47:12,083-Speed 46.39 samples/sec   Loss 0.1463   LearningRate 0.000989   Epoch: 2   Global Step: 3010   Fp16 Grad Scale: 262144   Required: 230 hours
Training: 2025-04-16 19:47:39,654-Speed 46.43 samples/sec   Loss 0.1999   LearningRate 0.000989   Epoch: 2   Global Step: 3020   Fp16 Grad Scale: 262144   Required: 230 hours
Training: 2025-04-16 19:48:08,920-Speed 43.74 samples/sec   Loss 0.1728   LearningRate 0.000989   Epoch: 2   Global Step: 3030   Fp16 Grad Scale: 262144   Required: 230 hours
Training: 2025-04-16 19:48:36,436-Speed 46.52 samples/sec   Loss 0.1719   LearningRate 0.000989   Epoch: 2   Global Step: 3040   Fp16 Grad Scale: 524288   Required: 230 hours
Training: 2025-04-16 19:49:03,925-Speed 46.56 samples/sec   Loss 0.1333   LearningRate 0.000989   Epoch: 2   Global Step: 3050   Fp16 Grad Scale: 524288   Required: 230 hours
Training: 2025-04-16 19:49:31,501-Speed 46.42 samples/sec   Loss 0.0956   LearningRate 0.000989   Epoch: 2   Global Step: 3060   Fp16 Grad Scale: 524288   Required: 230 hours
Training: 2025-04-16 19:49:58,971-Speed 46.60 samples/sec   Loss 0.1822   LearningRate 0.000989   Epoch: 2   Global Step: 3070   Fp16 Grad Scale: 524288   Required: 230 hours
Training: 2025-04-16 19:50:26,460-Speed 46.56 samples/sec   Loss 0.1032   LearningRate 0.000989   Epoch: 2   Global Step: 3080   Fp16 Grad Scale: 524288   Required: 230 hours
Training: 2025-04-16 19:50:54,215-Speed 46.12 samples/sec   Loss 0.1714   LearningRate 0.000989   Epoch: 2   Global Step: 3090   Fp16 Grad Scale: 262144   Required: 230 hours
Training: 2025-04-16 19:51:21,717-Speed 46.54 samples/sec   Loss 0.1373   LearningRate 0.000989   Epoch: 2   Global Step: 3100   Fp16 Grad Scale: 262144   Required: 230 hours
Training: 2025-04-16 19:51:49,321-Speed 46.37 samples/sec   Loss 0.2737   LearningRate 0.000989   Epoch: 2   Global Step: 3110   Fp16 Grad Scale: 262144   Required: 230 hours
Training: 2025-04-16 19:52:16,887-Speed 46.44 samples/sec   Loss 0.1316   LearningRate 0.000989   Epoch: 2   Global Step: 3120   Fp16 Grad Scale: 262144   Required: 230 hours
Training: 2025-04-16 19:52:44,286-Speed 46.72 samples/sec   Loss 0.1280   LearningRate 0.000989   Epoch: 2   Global Step: 3130   Fp16 Grad Scale: 262144   Required: 230 hours
Training: 2025-04-16 19:53:13,854-Speed 43.29 samples/sec   Loss 0.1695   LearningRate 0.000989   Epoch: 2   Global Step: 3140   Fp16 Grad Scale: 262144   Required: 230 hours
Training: 2025-04-16 19:53:41,378-Speed 46.51 samples/sec   Loss 0.1822   LearningRate 0.000989   Epoch: 2   Global Step: 3150   Fp16 Grad Scale: 262144   Required: 230 hours
Training: 2025-04-16 19:54:08,907-Speed 46.50 samples/sec   Loss 0.2199   LearningRate 0.000989   Epoch: 2   Global Step: 3160   Fp16 Grad Scale: 262144   Required: 230 hours
Training: 2025-04-16 19:54:36,465-Speed 46.45 samples/sec   Loss 0.2036   LearningRate 0.000989   Epoch: 2   Global Step: 3170   Fp16 Grad Scale: 262144   Required: 229 hours
Training: 2025-04-16 19:55:03,932-Speed 46.60 samples/sec   Loss 0.1367   LearningRate 0.000989   Epoch: 2   Global Step: 3180   Fp16 Grad Scale: 262144   Required: 229 hours
Training: 2025-04-16 19:55:31,519-Speed 46.40 samples/sec   Loss 0.1239   LearningRate 0.000989   Epoch: 2   Global Step: 3190   Fp16 Grad Scale: 524288   Required: 229 hours
Training: 2025-04-16 19:55:58,995-Speed 46.59 samples/sec   Loss 0.2184   LearningRate 0.000989   Epoch: 2   Global Step: 3200   Fp16 Grad Scale: 524288   Required: 229 hours
Training: 2025-04-16 19:56:27,661-Speed 44.65 samples/sec   Loss 0.1133   LearningRate 0.000989   Epoch: 2   Global Step: 3210   Fp16 Grad Scale: 262144   Required: 229 hours
Training: 2025-04-16 19:56:57,774-Speed 42.51 samples/sec   Loss 0.1967   LearningRate 0.000989   Epoch: 2   Global Step: 3220   Fp16 Grad Scale: 262144   Required: 229 hours
Training: 2025-04-16 19:57:25,405-Speed 46.32 samples/sec   Loss 0.1821   LearningRate 0.000989   Epoch: 2   Global Step: 3230   Fp16 Grad Scale: 262144   Required: 229 hours
Training: 2025-04-16 19:57:52,996-Speed 46.39 samples/sec   Loss 0.2388   LearningRate 0.000989   Epoch: 2   Global Step: 3240   Fp16 Grad Scale: 262144   Required: 229 hours
Training: 2025-04-16 19:58:22,247-Speed 43.76 samples/sec   Loss 0.1932   LearningRate 0.000989   Epoch: 2   Global Step: 3250   Fp16 Grad Scale: 262144   Required: 229 hours
Training: 2025-04-16 19:58:49,762-Speed 46.52 samples/sec   Loss 0.1569   LearningRate 0.000989   Epoch: 2   Global Step: 3260   Fp16 Grad Scale: 262144   Required: 229 hours
Training: 2025-04-16 19:59:17,492-Speed 46.16 samples/sec   Loss 0.1390   LearningRate 0.000989   Epoch: 2   Global Step: 3270   Fp16 Grad Scale: 262144   Required: 229 hours
Training: 2025-04-16 19:59:44,997-Speed 46.54 samples/sec   Loss 0.0929   LearningRate 0.000988   Epoch: 2   Global Step: 3280   Fp16 Grad Scale: 262144   Required: 229 hours
Training: 2025-04-16 20:00:12,650-Speed 46.29 samples/sec   Loss 0.1405   LearningRate 0.000988   Epoch: 2   Global Step: 3290   Fp16 Grad Scale: 262144   Required: 229 hours
Training: 2025-04-16 20:00:40,469-Speed 46.01 samples/sec   Loss 0.2243   LearningRate 0.000988   Epoch: 2   Global Step: 3300   Fp16 Grad Scale: 262144   Required: 229 hours
Training: 2025-04-16 20:01:07,933-Speed 46.61 samples/sec   Loss 0.2375   LearningRate 0.000988   Epoch: 2   Global Step: 3310   Fp16 Grad Scale: 524288   Required: 229 hours
Training: 2025-04-16 20:01:35,585-Speed 46.29 samples/sec   Loss 0.1412   LearningRate 0.000988   Epoch: 2   Global Step: 3320   Fp16 Grad Scale: 524288   Required: 229 hours
Training: 2025-04-16 20:02:03,100-Speed 46.52 samples/sec   Loss 0.2198   LearningRate 0.000988   Epoch: 2   Global Step: 3330   Fp16 Grad Scale: 524288   Required: 229 hours
Training: 2025-04-16 20:02:30,591-Speed 46.56 samples/sec   Loss 0.1837   LearningRate 0.000988   Epoch: 2   Global Step: 3340   Fp16 Grad Scale: 524288   Required: 229 hours
Training: 2025-04-16 20:02:58,277-Speed 46.23 samples/sec   Loss 0.2491   LearningRate 0.000988   Epoch: 2   Global Step: 3350   Fp16 Grad Scale: 524288   Required: 229 hours
Training: 2025-04-16 20:03:27,996-Speed 43.07 samples/sec   Loss 0.1395   LearningRate 0.000988   Epoch: 2   Global Step: 3360   Fp16 Grad Scale: 524288   Required: 229 hours
Training: 2025-04-16 20:03:55,599-Speed 46.37 samples/sec   Loss 0.2627   LearningRate 0.000988   Epoch: 2   Global Step: 3370   Fp16 Grad Scale: 524288   Required: 229 hours
Training: 2025-04-16 20:04:23,196-Speed 46.38 samples/sec   Loss 0.2817   LearningRate 0.000988   Epoch: 2   Global Step: 3380   Fp16 Grad Scale: 524288   Required: 229 hours
Training: 2025-04-16 20:04:50,621-Speed 46.67 samples/sec   Loss 0.1709   LearningRate 0.000988   Epoch: 2   Global Step: 3390   Fp16 Grad Scale: 524288   Required: 229 hours
Training: 2025-04-16 20:05:18,255-Speed 46.32 samples/sec   Loss 0.1805   LearningRate 0.000988   Epoch: 2   Global Step: 3400   Fp16 Grad Scale: 524288   Required: 229 hours
Training: 2025-04-16 20:05:45,805-Speed 46.46 samples/sec   Loss 0.1153   LearningRate 0.000988   Epoch: 2   Global Step: 3410   Fp16 Grad Scale: 524288   Required: 229 hours
Training: 2025-04-16 20:06:13,260-Speed 46.62 samples/sec   Loss 0.1671   LearningRate 0.000988   Epoch: 2   Global Step: 3420   Fp16 Grad Scale: 524288   Required: 228 hours
Training: 2025-04-16 20:06:40,793-Speed 46.49 samples/sec   Loss 0.1883   LearningRate 0.000988   Epoch: 2   Global Step: 3430   Fp16 Grad Scale: 524288   Required: 228 hours
Training: 2025-04-16 20:07:08,198-Speed 46.71 samples/sec   Loss 0.3655   LearningRate 0.000988   Epoch: 2   Global Step: 3440   Fp16 Grad Scale: 524288   Required: 228 hours
Training: 2025-04-16 20:07:35,759-Speed 46.44 samples/sec   Loss 0.1757   LearningRate 0.000988   Epoch: 2   Global Step: 3450   Fp16 Grad Scale: 524288   Required: 228 hours
Training: 2025-04-16 20:08:03,284-Speed 46.50 samples/sec   Loss 0.1869   LearningRate 0.000988   Epoch: 2   Global Step: 3460   Fp16 Grad Scale: 524288   Required: 228 hours
Training: 2025-04-16 20:08:32,796-Speed 43.37 samples/sec   Loss 0.1421   LearningRate 0.000988   Epoch: 2   Global Step: 3470   Fp16 Grad Scale: 524288   Required: 228 hours
Training: 2025-04-16 20:09:00,299-Speed 46.54 samples/sec   Loss 0.1926   LearningRate 0.000988   Epoch: 2   Global Step: 3480   Fp16 Grad Scale: 262144   Required: 228 hours
Training: 2025-04-16 20:09:27,793-Speed 46.56 samples/sec   Loss 0.2085   LearningRate 0.000988   Epoch: 2   Global Step: 3490   Fp16 Grad Scale: 262144   Required: 228 hours
Training: 2025-04-16 20:09:55,764-Speed 45.76 samples/sec   Loss 0.1569   LearningRate 0.000988   Epoch: 2   Global Step: 3500   Fp16 Grad Scale: 262144   Required: 228 hours
Training: 2025-04-16 20:10:23,379-Speed 46.35 samples/sec   Loss 0.2784   LearningRate 0.000988   Epoch: 2   Global Step: 3510   Fp16 Grad Scale: 262144   Required: 228 hours
Training: 2025-04-16 20:10:50,912-Speed 46.49 samples/sec   Loss 0.2400   LearningRate 0.000988   Epoch: 2   Global Step: 3520   Fp16 Grad Scale: 262144   Required: 228 hours
Training: 2025-04-16 20:11:18,599-Speed 46.23 samples/sec   Loss 0.2031   LearningRate 0.000988   Epoch: 2   Global Step: 3530   Fp16 Grad Scale: 262144   Required: 228 hours
Training: 2025-04-16 20:11:46,243-Speed 46.30 samples/sec   Loss 0.2415   LearningRate 0.000988   Epoch: 2   Global Step: 3540   Fp16 Grad Scale: 131072   Required: 228 hours
Training: 2025-04-16 20:12:13,762-Speed 46.51 samples/sec   Loss 0.2102   LearningRate 0.000988   Epoch: 2   Global Step: 3550   Fp16 Grad Scale: 131072   Required: 228 hours
Training: 2025-04-16 20:12:41,311-Speed 46.46 samples/sec   Loss 0.1035   LearningRate 0.000988   Epoch: 2   Global Step: 3560   Fp16 Grad Scale: 131072   Required: 228 hours
Training: 2025-04-16 20:13:08,937-Speed 46.33 samples/sec   Loss 0.1235   LearningRate 0.000987   Epoch: 2   Global Step: 3570   Fp16 Grad Scale: 131072   Required: 228 hours
Training: 2025-04-16 20:13:38,473-Speed 43.34 samples/sec   Loss 0.1790   LearningRate 0.000987   Epoch: 2   Global Step: 3580   Fp16 Grad Scale: 131072   Required: 228 hours
Training: 2025-04-16 20:14:05,953-Speed 46.58 samples/sec   Loss 0.1456   LearningRate 0.000987   Epoch: 2   Global Step: 3590   Fp16 Grad Scale: 131072   Required: 228 hours
Training: 2025-04-16 20:14:33,496-Speed 46.47 samples/sec   Loss 0.1883   LearningRate 0.000987   Epoch: 2   Global Step: 3600   Fp16 Grad Scale: 131072   Required: 228 hours
Training: 2025-04-16 20:15:00,950-Speed 46.62 samples/sec   Loss 0.1371   LearningRate 0.000987   Epoch: 2   Global Step: 3610   Fp16 Grad Scale: 131072   Required: 228 hours
Training: 2025-04-16 20:15:28,580-Speed 46.33 samples/sec   Loss 0.1929   LearningRate 0.000987   Epoch: 2   Global Step: 3620   Fp16 Grad Scale: 131072   Required: 228 hours
Training: 2025-04-16 20:15:55,951-Speed 46.77 samples/sec   Loss 0.2043   LearningRate 0.000987   Epoch: 2   Global Step: 3630   Fp16 Grad Scale: 131072   Required: 228 hours
Training: 2025-04-16 20:16:23,518-Speed 46.43 samples/sec   Loss 0.1768   LearningRate 0.000987   Epoch: 2   Global Step: 3640   Fp16 Grad Scale: 262144   Required: 228 hours
Training: 2025-04-16 20:16:51,216-Speed 46.21 samples/sec   Loss 0.3588   LearningRate 0.000987   Epoch: 2   Global Step: 3650   Fp16 Grad Scale: 262144   Required: 228 hours
Training: 2025-04-16 20:17:18,642-Speed 46.67 samples/sec   Loss 0.1257   LearningRate 0.000987   Epoch: 2   Global Step: 3660   Fp16 Grad Scale: 262144   Required: 228 hours
Training: 2025-04-16 20:17:46,165-Speed 46.51 samples/sec   Loss 0.3393   LearningRate 0.000987   Epoch: 2   Global Step: 3670   Fp16 Grad Scale: 262144   Required: 227 hours
Training: 2025-04-16 20:18:13,666-Speed 46.54 samples/sec   Loss 0.1843   LearningRate 0.000987   Epoch: 2   Global Step: 3680   Fp16 Grad Scale: 262144   Required: 227 hours
Training: 2025-04-16 20:18:43,162-Speed 43.40 samples/sec   Loss 0.2154   LearningRate 0.000987   Epoch: 2   Global Step: 3690   Fp16 Grad Scale: 262144   Required: 227 hours
Training: 2025-04-16 20:19:10,772-Speed 46.36 samples/sec   Loss 0.2693   LearningRate 0.000987   Epoch: 2   Global Step: 3700   Fp16 Grad Scale: 262144   Required: 227 hours
Training: 2025-04-16 20:19:38,142-Speed 46.77 samples/sec   Loss 0.1700   LearningRate 0.000987   Epoch: 2   Global Step: 3710   Fp16 Grad Scale: 262144   Required: 227 hours
Training: 2025-04-16 20:20:05,672-Speed 46.50 samples/sec   Loss 0.3514   LearningRate 0.000987   Epoch: 2   Global Step: 3720   Fp16 Grad Scale: 262144   Required: 227 hours
Training: 2025-04-16 20:20:33,205-Speed 46.49 samples/sec   Loss 0.1442   LearningRate 0.000987   Epoch: 2   Global Step: 3730   Fp16 Grad Scale: 262144   Required: 227 hours
Training: 2025-04-16 20:21:00,790-Speed 46.40 samples/sec   Loss 0.3010   LearningRate 0.000987   Epoch: 2   Global Step: 3740   Fp16 Grad Scale: 524288   Required: 227 hours
Training: 2025-04-16 20:21:28,347-Speed 46.45 samples/sec   Loss 0.1792   LearningRate 0.000987   Epoch: 2   Global Step: 3750   Fp16 Grad Scale: 524288   Required: 227 hours
Training: 2025-04-16 20:21:55,792-Speed 46.64 samples/sec   Loss 0.2638   LearningRate 0.000987   Epoch: 2   Global Step: 3760   Fp16 Grad Scale: 524288   Required: 227 hours
Training: 2025-04-16 20:22:23,295-Speed 46.54 samples/sec   Loss 0.2208   LearningRate 0.000987   Epoch: 2   Global Step: 3770   Fp16 Grad Scale: 524288   Required: 227 hours
Training: 2025-04-16 20:22:50,781-Speed 46.57 samples/sec   Loss 0.1797   LearningRate 0.000987   Epoch: 2   Global Step: 3780   Fp16 Grad Scale: 524288   Required: 227 hours
Training: 2025-04-16 20:23:18,414-Speed 46.32 samples/sec   Loss 0.2586   LearningRate 0.000987   Epoch: 2   Global Step: 3790   Fp16 Grad Scale: 524288   Required: 227 hours
Training: 2025-04-16 20:23:47,995-Speed 43.27 samples/sec   Loss 0.2720   LearningRate 0.000987   Epoch: 2   Global Step: 3800   Fp16 Grad Scale: 524288   Required: 227 hours
Training: 2025-04-16 20:24:15,622-Speed 46.33 samples/sec   Loss 0.1973   LearningRate 0.000987   Epoch: 2   Global Step: 3810   Fp16 Grad Scale: 524288   Required: 227 hours
Training: 2025-04-16 20:24:43,025-Speed 46.71 samples/sec   Loss 0.3816   LearningRate 0.000987   Epoch: 2   Global Step: 3820   Fp16 Grad Scale: 262144   Required: 227 hours
Training: 2025-04-16 20:25:10,607-Speed 46.41 samples/sec   Loss 0.1861   LearningRate 0.000987   Epoch: 2   Global Step: 3830   Fp16 Grad Scale: 262144   Required: 227 hours
Training: 2025-04-16 20:25:38,147-Speed 46.48 samples/sec   Loss 0.2663   LearningRate 0.000987   Epoch: 2   Global Step: 3840   Fp16 Grad Scale: 131072   Required: 227 hours
Training: 2025-04-16 20:26:05,612-Speed 46.61 samples/sec   Loss 0.3377   LearningRate 0.000987   Epoch: 2   Global Step: 3850   Fp16 Grad Scale: 131072   Required: 227 hours
Training: 2025-04-16 20:26:34,651-Speed 44.08 samples/sec   Loss 0.3440   LearningRate 0.000986   Epoch: 2   Global Step: 3860   Fp16 Grad Scale: 131072   Required: 227 hours
Training: 2025-04-16 20:27:03,660-Speed 44.13 samples/sec   Loss 0.2629   LearningRate 0.000986   Epoch: 2   Global Step: 3870   Fp16 Grad Scale: 131072   Required: 227 hours
Training: 2025-04-16 20:27:31,212-Speed 46.46 samples/sec   Loss 0.2751   LearningRate 0.000986   Epoch: 2   Global Step: 3880   Fp16 Grad Scale: 131072   Required: 227 hours
Training: 2025-04-16 20:27:59,277-Speed 45.61 samples/sec   Loss 0.2608   LearningRate 0.000986   Epoch: 2   Global Step: 3890   Fp16 Grad Scale: 131072   Required: 227 hours
Training: 2025-04-16 20:28:26,668-Speed 46.73 samples/sec   Loss 0.2742   LearningRate 0.000986   Epoch: 2   Global Step: 3900   Fp16 Grad Scale: 65536   Required: 227 hours
Training: 2025-04-16 20:28:56,261-Speed 43.25 samples/sec   Loss 0.3116   LearningRate 0.000986   Epoch: 2   Global Step: 3910   Fp16 Grad Scale: 65536   Required: 227 hours
Training: 2025-04-16 20:29:23,757-Speed 46.55 samples/sec   Loss 0.2848   LearningRate 0.000986   Epoch: 2   Global Step: 3920   Fp16 Grad Scale: 65536   Required: 227 hours
Training: 2025-04-16 20:29:51,495-Speed 46.15 samples/sec   Loss 0.2818   LearningRate 0.000986   Epoch: 2   Global Step: 3930   Fp16 Grad Scale: 65536   Required: 227 hours
Training: 2025-04-16 20:30:19,002-Speed 46.53 samples/sec   Loss 0.1341   LearningRate 0.000986   Epoch: 2   Global Step: 3940   Fp16 Grad Scale: 65536   Required: 227 hours
Training: 2025-04-16 20:30:46,403-Speed 46.71 samples/sec   Loss 0.1623   LearningRate 0.000986   Epoch: 2   Global Step: 3950   Fp16 Grad Scale: 65536   Required: 227 hours
Training: 2025-04-16 20:31:13,908-Speed 46.54 samples/sec   Loss 0.2335   LearningRate 0.000986   Epoch: 2   Global Step: 3960   Fp16 Grad Scale: 65536   Required: 227 hours
Training: 2025-04-16 20:31:41,377-Speed 46.60 samples/sec   Loss 0.3646   LearningRate 0.000986   Epoch: 2   Global Step: 3970   Fp16 Grad Scale: 65536   Required: 227 hours
Training: 2025-04-16 20:32:08,884-Speed 46.54 samples/sec   Loss 0.2502   LearningRate 0.000986   Epoch: 2   Global Step: 3980   Fp16 Grad Scale: 65536   Required: 226 hours
Training: 2025-04-16 20:32:36,514-Speed 46.33 samples/sec   Loss 0.2492   LearningRate 0.000986   Epoch: 2   Global Step: 3990   Fp16 Grad Scale: 65536   Required: 226 hours
Training: 2025-04-16 20:33:04,067-Speed 46.46 samples/sec   Loss 0.3662   LearningRate 0.000986   Epoch: 2   Global Step: 4000   Fp16 Grad Scale: 131072   Required: 226 hours
Training: 2025-04-16 20:34:24,984-[val][Global step: 4000] d prime: 6.75111722946167
Model saved with d prime score: 6.75111722946167
Training: 2025-04-16 20:34:55,662-Speed 11.47 samples/sec   Loss 0.1307   LearningRate 0.000986   Epoch: 2   Global Step: 4010   Fp16 Grad Scale: 131072   Required: 228 hours
Training: 2025-04-16 20:35:23,035-Speed 46.76 samples/sec   Loss 0.1685   LearningRate 0.000986   Epoch: 2   Global Step: 4020   Fp16 Grad Scale: 131072   Required: 228 hours
Training: 2025-04-16 20:35:50,495-Speed 46.61 samples/sec   Loss 0.1864   LearningRate 0.000986   Epoch: 2   Global Step: 4030   Fp16 Grad Scale: 131072   Required: 228 hours
Training: 2025-04-16 20:36:18,027-Speed 46.49 samples/sec   Loss 0.2052   LearningRate 0.000986   Epoch: 2   Global Step: 4040   Fp16 Grad Scale: 131072   Required: 228 hours
Training: 2025-04-16 20:36:45,619-Speed 46.39 samples/sec   Loss 0.2858   LearningRate 0.000986   Epoch: 2   Global Step: 4050   Fp16 Grad Scale: 131072   Required: 228 hours
Training: 2025-04-16 20:37:13,089-Speed 46.60 samples/sec   Loss 0.2686   LearningRate 0.000986   Epoch: 2   Global Step: 4060   Fp16 Grad Scale: 131072   Required: 228 hours
Training: 2025-04-16 20:37:40,518-Speed 46.67 samples/sec   Loss 0.1538   LearningRate 0.000986   Epoch: 2   Global Step: 4070   Fp16 Grad Scale: 131072   Required: 228 hours
Training: 2025-04-16 20:38:08,034-Speed 46.52 samples/sec   Loss 0.1482   LearningRate 0.000986   Epoch: 2   Global Step: 4080   Fp16 Grad Scale: 131072   Required: 228 hours
Training: 2025-04-16 20:38:35,455-Speed 46.68 samples/sec   Loss 0.2942   LearningRate 0.000986   Epoch: 2   Global Step: 4090   Fp16 Grad Scale: 131072   Required: 228 hours
Training: 2025-04-16 20:39:04,978-Speed 43.36 samples/sec   Loss 0.2811   LearningRate 0.000986   Epoch: 2   Global Step: 4100   Fp16 Grad Scale: 262144   Required: 228 hours
Training: 2025-04-16 20:39:32,344-Speed 46.77 samples/sec   Loss 0.2720   LearningRate 0.000986   Epoch: 2   Global Step: 4110   Fp16 Grad Scale: 262144   Required: 228 hours
Training: 2025-04-16 20:39:59,743-Speed 46.72 samples/sec   Loss 0.2002   LearningRate 0.000986   Epoch: 2   Global Step: 4120   Fp16 Grad Scale: 262144   Required: 228 hours
Training: 2025-04-16 20:40:27,240-Speed 46.55 samples/sec   Loss 0.3078   LearningRate 0.000986   Epoch: 2   Global Step: 4130   Fp16 Grad Scale: 262144   Required: 228 hours
Training: 2025-04-16 20:40:54,713-Speed 46.59 samples/sec   Loss 0.2773   LearningRate 0.000985   Epoch: 2   Global Step: 4140   Fp16 Grad Scale: 262144   Required: 228 hours
Training: 2025-04-16 20:41:22,324-Speed 46.36 samples/sec   Loss 0.3201   LearningRate 0.000985   Epoch: 2   Global Step: 4150   Fp16 Grad Scale: 262144   Required: 227 hours
Training: 2025-04-16 20:41:49,783-Speed 46.62 samples/sec   Loss 0.2795   LearningRate 0.000985   Epoch: 2   Global Step: 4160   Fp16 Grad Scale: 262144   Required: 227 hours
Training: 2025-04-16 20:42:17,253-Speed 46.60 samples/sec   Loss 0.3025   LearningRate 0.000985   Epoch: 2   Global Step: 4170   Fp16 Grad Scale: 262144   Required: 227 hours
Training: 2025-04-16 20:42:44,766-Speed 46.53 samples/sec   Loss 0.1817   LearningRate 0.000985   Epoch: 2   Global Step: 4180   Fp16 Grad Scale: 262144   Required: 227 hours
Training: 2025-04-16 20:43:12,271-Speed 46.54 samples/sec   Loss 0.2423   LearningRate 0.000985   Epoch: 2   Global Step: 4190   Fp16 Grad Scale: 262144   Required: 227 hours
Training: 2025-04-16 20:43:39,868-Speed 46.38 samples/sec   Loss 0.3363   LearningRate 0.000985   Epoch: 2   Global Step: 4200   Fp16 Grad Scale: 524288   Required: 227 hours
Training: 2025-04-16 20:44:09,103-Speed 43.78 samples/sec   Loss 0.2463   LearningRate 0.000985   Epoch: 2   Global Step: 4210   Fp16 Grad Scale: 524288   Required: 227 hours
Training: 2025-04-16 20:44:36,581-Speed 46.58 samples/sec   Loss 0.2283   LearningRate 0.000985   Epoch: 2   Global Step: 4220   Fp16 Grad Scale: 524288   Required: 227 hours
Training: 2025-04-16 20:45:04,077-Speed 46.55 samples/sec   Loss 0.2250   LearningRate 0.000985   Epoch: 2   Global Step: 4230   Fp16 Grad Scale: 524288   Required: 227 hours
Training: 2025-04-16 20:45:31,623-Speed 46.47 samples/sec   Loss 0.2543   LearningRate 0.000985   Epoch: 2   Global Step: 4240   Fp16 Grad Scale: 524288   Required: 227 hours
Training: 2025-04-16 20:45:59,107-Speed 46.57 samples/sec   Loss 0.1673   LearningRate 0.000985   Epoch: 2   Global Step: 4250   Fp16 Grad Scale: 524288   Required: 227 hours
Training: 2025-04-16 20:46:26,580-Speed 46.59 samples/sec   Loss 0.2714   LearningRate 0.000985   Epoch: 2   Global Step: 4260   Fp16 Grad Scale: 524288   Required: 227 hours
Training: 2025-04-16 20:46:54,128-Speed 46.47 samples/sec   Loss 0.2569   LearningRate 0.000985   Epoch: 2   Global Step: 4270   Fp16 Grad Scale: 262144   Required: 227 hours
Training: 2025-04-16 20:47:21,640-Speed 46.53 samples/sec   Loss 0.1659   LearningRate 0.000985   Epoch: 2   Global Step: 4280   Fp16 Grad Scale: 262144   Required: 227 hours
Training: 2025-04-16 20:48:04,931-Speed 29.57 samples/sec   Loss 0.1054   LearningRate 0.000985   Epoch: 3   Global Step: 4290   Fp16 Grad Scale: 262144   Required: 227 hours
Training: 2025-04-16 20:48:32,362-Speed 46.66 samples/sec   Loss 0.0574   LearningRate 0.000985   Epoch: 3   Global Step: 4300   Fp16 Grad Scale: 262144   Required: 227 hours
Training: 2025-04-16 20:49:01,872-Speed 43.38 samples/sec   Loss 0.0824   LearningRate 0.000985   Epoch: 3   Global Step: 4310   Fp16 Grad Scale: 262144   Required: 227 hours
Training: 2025-04-16 20:49:29,362-Speed 46.56 samples/sec   Loss 0.0934   LearningRate 0.000985   Epoch: 3   Global Step: 4320   Fp16 Grad Scale: 262144   Required: 227 hours
Training: 2025-04-16 20:49:56,843-Speed 46.58 samples/sec   Loss 0.1246   LearningRate 0.000985   Epoch: 3   Global Step: 4330   Fp16 Grad Scale: 262144   Required: 227 hours
Training: 2025-04-16 20:50:24,409-Speed 46.43 samples/sec   Loss 0.0831   LearningRate 0.000985   Epoch: 3   Global Step: 4340   Fp16 Grad Scale: 262144   Required: 227 hours
Training: 2025-04-16 20:50:51,844-Speed 46.66 samples/sec   Loss 0.1196   LearningRate 0.000985   Epoch: 3   Global Step: 4350   Fp16 Grad Scale: 262144   Required: 227 hours
Training: 2025-04-16 20:51:19,323-Speed 46.58 samples/sec   Loss 0.0369   LearningRate 0.000985   Epoch: 3   Global Step: 4360   Fp16 Grad Scale: 262144   Required: 227 hours
Training: 2025-04-16 20:51:46,613-Speed 46.91 samples/sec   Loss 0.0528   LearningRate 0.000985   Epoch: 3   Global Step: 4370   Fp16 Grad Scale: 524288   Required: 227 hours
Training: 2025-04-16 20:52:14,106-Speed 46.56 samples/sec   Loss 0.0761   LearningRate 0.000985   Epoch: 3   Global Step: 4380   Fp16 Grad Scale: 524288   Required: 227 hours
Training: 2025-04-16 20:52:41,433-Speed 46.84 samples/sec   Loss 0.0636   LearningRate 0.000985   Epoch: 3   Global Step: 4390   Fp16 Grad Scale: 524288   Required: 227 hours
Training: 2025-04-16 20:53:08,788-Speed 46.79 samples/sec   Loss 0.0604   LearningRate 0.000985   Epoch: 3   Global Step: 4400   Fp16 Grad Scale: 524288   Required: 227 hours
Training: 2025-04-16 20:53:36,175-Speed 46.74 samples/sec   Loss 0.0642   LearningRate 0.000985   Epoch: 3   Global Step: 4410   Fp16 Grad Scale: 524288   Required: 227 hours
Training: 2025-04-16 20:54:05,563-Speed 43.56 samples/sec   Loss 0.0393   LearningRate 0.000985   Epoch: 3   Global Step: 4420   Fp16 Grad Scale: 524288   Required: 227 hours
Training: 2025-04-16 20:54:33,136-Speed 46.42 samples/sec   Loss 0.0579   LearningRate 0.000984   Epoch: 3   Global Step: 4430   Fp16 Grad Scale: 524288   Required: 227 hours
Training: 2025-04-16 20:55:00,562-Speed 46.67 samples/sec   Loss 0.0890   LearningRate 0.000984   Epoch: 3   Global Step: 4440   Fp16 Grad Scale: 524288   Required: 227 hours
Training: 2025-04-16 20:55:28,022-Speed 46.61 samples/sec   Loss 0.0965   LearningRate 0.000984   Epoch: 3   Global Step: 4450   Fp16 Grad Scale: 524288   Required: 227 hours
Training: 2025-04-16 20:55:55,362-Speed 46.82 samples/sec   Loss 0.1210   LearningRate 0.000984   Epoch: 3   Global Step: 4460   Fp16 Grad Scale: 524288   Required: 227 hours
Training: 2025-04-16 20:56:23,461-Speed 45.55 samples/sec   Loss 0.0799   LearningRate 0.000984   Epoch: 3   Global Step: 4470   Fp16 Grad Scale: 524288   Required: 227 hours
Training: 2025-04-16 20:56:53,264-Speed 42.95 samples/sec   Loss 0.0979   LearningRate 0.000984   Epoch: 3   Global Step: 4480   Fp16 Grad Scale: 524288   Required: 227 hours
Training: 2025-04-16 20:57:21,463-Speed 45.39 samples/sec   Loss 0.0689   LearningRate 0.000984   Epoch: 3   Global Step: 4490   Fp16 Grad Scale: 524288   Required: 227 hours
Training: 2025-04-16 20:57:48,867-Speed 46.71 samples/sec   Loss 0.1126   LearningRate 0.000984   Epoch: 3   Global Step: 4500   Fp16 Grad Scale: 524288   Required: 227 hours
Training: 2025-04-16 20:58:16,206-Speed 46.82 samples/sec   Loss 0.0378   LearningRate 0.000984   Epoch: 3   Global Step: 4510   Fp16 Grad Scale: 524288   Required: 227 hours
Training: 2025-04-16 20:58:43,498-Speed 46.90 samples/sec   Loss 0.0981   LearningRate 0.000984   Epoch: 3   Global Step: 4520   Fp16 Grad Scale: 524288   Required: 227 hours
Training: 2025-04-16 20:59:22,254-Speed 43.33 samples/sec   Loss 0.1113   LearningRate 0.000984   Epoch: 3   Global Step: 4530   Fp16 Grad Scale: 524288   Required: 227 hours
Training: 2025-04-16 20:59:49,591-Speed 46.82 samples/sec   Loss 0.0488   LearningRate 0.000984   Epoch: 3   Global Step: 4540   Fp16 Grad Scale: 524288   Required: 227 hours
Training: 2025-04-16 21:00:16,989-Speed 46.72 samples/sec   Loss 0.0707   LearningRate 0.000984   Epoch: 3   Global Step: 4550   Fp16 Grad Scale: 524288   Required: 227 hours
Training: 2025-04-16 21:00:44,298-Speed 46.87 samples/sec   Loss 0.0526   LearningRate 0.000984   Epoch: 3   Global Step: 4560   Fp16 Grad Scale: 524288   Required: 227 hours
Training: 2025-04-16 21:01:11,651-Speed 46.80 samples/sec   Loss 0.0566   LearningRate 0.000984   Epoch: 3   Global Step: 4570   Fp16 Grad Scale: 1048576   Required: 227 hours
Training: 2025-04-16 21:01:39,221-Speed 46.43 samples/sec   Loss 0.0566   LearningRate 0.000984   Epoch: 3   Global Step: 4580   Fp16 Grad Scale: 524288   Required: 227 hours
Training: 2025-04-16 21:02:06,621-Speed 46.72 samples/sec   Loss 0.0603   LearningRate 0.000984   Epoch: 3   Global Step: 4590   Fp16 Grad Scale: 524288   Required: 226 hours
Training: 2025-04-16 21:02:33,898-Speed 46.93 samples/sec   Loss 0.0531   LearningRate 0.000984   Epoch: 3   Global Step: 4600   Fp16 Grad Scale: 524288   Required: 226 hours
Training: 2025-04-16 21:03:01,207-Speed 46.87 samples/sec   Loss 0.0658   LearningRate 0.000984   Epoch: 3   Global Step: 4610   Fp16 Grad Scale: 524288   Required: 226 hours
Training: 2025-04-16 21:03:28,662-Speed 46.62 samples/sec   Loss 0.0897   LearningRate 0.000984   Epoch: 3   Global Step: 4620   Fp16 Grad Scale: 524288   Required: 226 hours
Training: 2025-04-16 21:03:56,178-Speed 46.52 samples/sec   Loss 0.0605   LearningRate 0.000984   Epoch: 3   Global Step: 4630   Fp16 Grad Scale: 524288   Required: 226 hours
Training: 2025-04-16 21:04:25,704-Speed 43.35 samples/sec   Loss 0.0684   LearningRate 0.000984   Epoch: 3   Global Step: 4640   Fp16 Grad Scale: 524288   Required: 226 hours
Training: 2025-04-16 21:04:53,130-Speed 46.67 samples/sec   Loss 0.0904   LearningRate 0.000984   Epoch: 3   Global Step: 4650   Fp16 Grad Scale: 524288   Required: 226 hours
Training: 2025-04-16 21:05:20,481-Speed 46.80 samples/sec   Loss 0.0518   LearningRate 0.000984   Epoch: 3   Global Step: 4660   Fp16 Grad Scale: 524288   Required: 226 hours
Training: 2025-04-16 21:05:47,907-Speed 46.67 samples/sec   Loss 0.0793   LearningRate 0.000984   Epoch: 3   Global Step: 4670   Fp16 Grad Scale: 524288   Required: 226 hours
Training: 2025-04-16 21:06:15,379-Speed 46.59 samples/sec   Loss 0.0878   LearningRate 0.000984   Epoch: 3   Global Step: 4680   Fp16 Grad Scale: 1048576   Required: 226 hours
Training: 2025-04-16 21:06:42,799-Speed 46.68 samples/sec   Loss 0.0787   LearningRate 0.000984   Epoch: 3   Global Step: 4690   Fp16 Grad Scale: 1048576   Required: 226 hours
Training: 2025-04-16 21:07:10,193-Speed 46.73 samples/sec   Loss 0.1025   LearningRate 0.000984   Epoch: 3   Global Step: 4700   Fp16 Grad Scale: 524288   Required: 226 hours
Training: 2025-04-16 21:07:37,462-Speed 46.94 samples/sec   Loss 0.0566   LearningRate 0.000983   Epoch: 3   Global Step: 4710   Fp16 Grad Scale: 524288   Required: 226 hours
Training: 2025-04-16 21:08:04,913-Speed 46.63 samples/sec   Loss 0.1028   LearningRate 0.000983   Epoch: 3   Global Step: 4720   Fp16 Grad Scale: 524288   Required: 226 hours
Training: 2025-04-16 21:08:32,561-Speed 46.30 samples/sec   Loss 0.0692   LearningRate 0.000983   Epoch: 3   Global Step: 4730   Fp16 Grad Scale: 524288   Required: 226 hours
Training: 2025-04-16 21:09:00,041-Speed 46.58 samples/sec   Loss 0.0843   LearningRate 0.000983   Epoch: 3   Global Step: 4740   Fp16 Grad Scale: 524288   Required: 226 hours
Training: 2025-04-16 21:09:29,359-Speed 43.66 samples/sec   Loss 0.1173   LearningRate 0.000983   Epoch: 3   Global Step: 4750   Fp16 Grad Scale: 524288   Required: 226 hours
Training: 2025-04-16 21:09:56,683-Speed 46.85 samples/sec   Loss 0.0656   LearningRate 0.000983   Epoch: 3   Global Step: 4760   Fp16 Grad Scale: 524288   Required: 226 hours
Training: 2025-04-16 21:10:24,108-Speed 46.67 samples/sec   Loss 0.0897   LearningRate 0.000983   Epoch: 3   Global Step: 4770   Fp16 Grad Scale: 524288   Required: 226 hours
Training: 2025-04-16 21:10:51,437-Speed 46.84 samples/sec   Loss 0.0429   LearningRate 0.000983   Epoch: 3   Global Step: 4780   Fp16 Grad Scale: 524288   Required: 226 hours
Training: 2025-04-16 21:11:18,898-Speed 46.61 samples/sec   Loss 0.1297   LearningRate 0.000983   Epoch: 3   Global Step: 4790   Fp16 Grad Scale: 524288   Required: 226 hours
Training: 2025-04-16 21:11:46,184-Speed 46.91 samples/sec   Loss 0.0928   LearningRate 0.000983   Epoch: 3   Global Step: 4800   Fp16 Grad Scale: 1048576   Required: 226 hours
Training: 2025-04-16 21:12:13,490-Speed 46.88 samples/sec   Loss 0.0992   LearningRate 0.000983   Epoch: 3   Global Step: 4810   Fp16 Grad Scale: 524288   Required: 226 hours
Training: 2025-04-16 21:12:40,874-Speed 46.74 samples/sec   Loss 0.1019   LearningRate 0.000983   Epoch: 3   Global Step: 4820   Fp16 Grad Scale: 524288   Required: 226 hours
Training: 2025-04-16 21:13:08,397-Speed 46.51 samples/sec   Loss 0.1337   LearningRate 0.000983   Epoch: 3   Global Step: 4830   Fp16 Grad Scale: 524288   Required: 226 hours
Training: 2025-04-16 21:13:35,712-Speed 46.86 samples/sec   Loss 0.0984   LearningRate 0.000983   Epoch: 3   Global Step: 4840   Fp16 Grad Scale: 524288   Required: 226 hours
Training: 2025-04-16 21:14:02,880-Speed 47.12 samples/sec   Loss 0.0732   LearningRate 0.000983   Epoch: 3   Global Step: 4850   Fp16 Grad Scale: 262144   Required: 226 hours
Training: 2025-04-16 21:14:32,129-Speed 43.76 samples/sec   Loss 0.1187   LearningRate 0.000983   Epoch: 3   Global Step: 4860   Fp16 Grad Scale: 262144   Required: 226 hours
Training: 2025-04-16 21:14:59,605-Speed 46.59 samples/sec   Loss 0.1083   LearningRate 0.000983   Epoch: 3   Global Step: 4870   Fp16 Grad Scale: 262144   Required: 226 hours
Training: 2025-04-16 21:15:26,998-Speed 46.73 samples/sec   Loss 0.0524   LearningRate 0.000983   Epoch: 3   Global Step: 4880   Fp16 Grad Scale: 262144   Required: 226 hours
Training: 2025-04-16 21:15:54,337-Speed 46.82 samples/sec   Loss 0.0680   LearningRate 0.000983   Epoch: 3   Global Step: 4890   Fp16 Grad Scale: 262144   Required: 226 hours
Training: 2025-04-16 21:16:21,655-Speed 46.86 samples/sec   Loss 0.0773   LearningRate 0.000983   Epoch: 3   Global Step: 4900   Fp16 Grad Scale: 262144   Required: 225 hours
Training: 2025-04-16 21:16:49,132-Speed 46.59 samples/sec   Loss 0.0503   LearningRate 0.000983   Epoch: 3   Global Step: 4910   Fp16 Grad Scale: 262144   Required: 225 hours
Training: 2025-04-16 21:17:16,541-Speed 46.70 samples/sec   Loss 0.0870   LearningRate 0.000983   Epoch: 3   Global Step: 4920   Fp16 Grad Scale: 262144   Required: 225 hours
Training: 2025-04-16 21:17:43,998-Speed 46.62 samples/sec   Loss 0.0703   LearningRate 0.000983   Epoch: 3   Global Step: 4930   Fp16 Grad Scale: 262144   Required: 225 hours
Training: 2025-04-16 21:18:11,527-Speed 46.50 samples/sec   Loss 0.1650   LearningRate 0.000983   Epoch: 3   Global Step: 4940   Fp16 Grad Scale: 262144   Required: 225 hours
Training: 2025-04-16 21:18:38,960-Speed 46.66 samples/sec   Loss 0.1629   LearningRate 0.000983   Epoch: 3   Global Step: 4950   Fp16 Grad Scale: 524288   Required: 225 hours
Training: 2025-04-16 21:19:06,546-Speed 46.40 samples/sec   Loss 0.1123   LearningRate 0.000983   Epoch: 3   Global Step: 4960   Fp16 Grad Scale: 524288   Required: 225 hours
Training: 2025-04-16 21:19:36,258-Speed 43.08 samples/sec   Loss 0.0913   LearningRate 0.000983   Epoch: 3   Global Step: 4970   Fp16 Grad Scale: 524288   Required: 225 hours
Training: 2025-04-16 21:20:03,905-Speed 46.30 samples/sec   Loss 0.1150   LearningRate 0.000983   Epoch: 3   Global Step: 4980   Fp16 Grad Scale: 524288   Required: 225 hours
Training: 2025-04-16 21:20:31,856-Speed 45.80 samples/sec   Loss 0.1138   LearningRate 0.000983   Epoch: 3   Global Step: 4990   Fp16 Grad Scale: 524288   Required: 225 hours
Training: 2025-04-16 21:20:59,776-Speed 45.85 samples/sec   Loss 0.1249   LearningRate 0.000982   Epoch: 3   Global Step: 5000   Fp16 Grad Scale: 524288   Required: 225 hours
Training: 2025-04-16 21:21:27,869-Speed 45.56 samples/sec   Loss 0.1479   LearningRate 0.000982   Epoch: 3   Global Step: 5010   Fp16 Grad Scale: 524288   Required: 225 hours
Training: 2025-04-16 21:21:55,942-Speed 45.60 samples/sec   Loss 0.1198   LearningRate 0.000982   Epoch: 3   Global Step: 5020   Fp16 Grad Scale: 262144   Required: 225 hours
Training: 2025-04-16 21:22:23,850-Speed 45.87 samples/sec   Loss 0.1071   LearningRate 0.000982   Epoch: 3   Global Step: 5030   Fp16 Grad Scale: 262144   Required: 225 hours
Training: 2025-04-16 21:22:51,757-Speed 45.87 samples/sec   Loss 0.1159   LearningRate 0.000982   Epoch: 3   Global Step: 5040   Fp16 Grad Scale: 262144   Required: 225 hours
Training: 2025-04-16 21:23:19,726-Speed 45.77 samples/sec   Loss 0.1003   LearningRate 0.000982   Epoch: 3   Global Step: 5050   Fp16 Grad Scale: 262144   Required: 225 hours
Training: 2025-04-16 21:23:47,748-Speed 45.68 samples/sec   Loss 0.0467   LearningRate 0.000982   Epoch: 3   Global Step: 5060   Fp16 Grad Scale: 262144   Required: 225 hours
Training: 2025-04-16 21:24:17,846-Speed 42.53 samples/sec   Loss 0.1770   LearningRate 0.000982   Epoch: 3   Global Step: 5070   Fp16 Grad Scale: 262144   Required: 225 hours
Training: 2025-04-16 21:24:45,737-Speed 45.90 samples/sec   Loss 0.1847   LearningRate 0.000982   Epoch: 3   Global Step: 5080   Fp16 Grad Scale: 262144   Required: 225 hours
Training: 2025-04-16 21:25:13,668-Speed 45.83 samples/sec   Loss 0.1380   LearningRate 0.000982   Epoch: 3   Global Step: 5090   Fp16 Grad Scale: 262144   Required: 225 hours
Training: 2025-04-16 21:25:41,594-Speed 45.84 samples/sec   Loss 0.1212   LearningRate 0.000982   Epoch: 3   Global Step: 5100   Fp16 Grad Scale: 262144   Required: 225 hours
Training: 2025-04-16 21:26:09,604-Speed 45.72 samples/sec   Loss 0.1239   LearningRate 0.000982   Epoch: 3   Global Step: 5110   Fp16 Grad Scale: 262144   Required: 225 hours
Training: 2025-04-16 21:26:39,965-Speed 42.16 samples/sec   Loss 0.1585   LearningRate 0.000982   Epoch: 3   Global Step: 5120   Fp16 Grad Scale: 524288   Required: 225 hours
Training: 2025-04-16 21:27:09,253-Speed 43.71 samples/sec   Loss 0.0788   LearningRate 0.000982   Epoch: 3   Global Step: 5130   Fp16 Grad Scale: 524288   Required: 225 hours
Training: 2025-04-16 21:27:37,387-Speed 45.50 samples/sec   Loss 0.1597   LearningRate 0.000982   Epoch: 3   Global Step: 5140   Fp16 Grad Scale: 524288   Required: 225 hours
Training: 2025-04-16 21:28:05,447-Speed 45.62 samples/sec   Loss 0.1001   LearningRate 0.000982   Epoch: 3   Global Step: 5150   Fp16 Grad Scale: 524288   Required: 225 hours
Training: 2025-04-16 21:28:33,505-Speed 45.62 samples/sec   Loss 0.0851   LearningRate 0.000982   Epoch: 3   Global Step: 5160   Fp16 Grad Scale: 524288   Required: 225 hours
Training: 2025-04-16 21:29:01,565-Speed 45.62 samples/sec   Loss 0.1207   LearningRate 0.000982   Epoch: 3   Global Step: 5170   Fp16 Grad Scale: 524288   Required: 225 hours
Training: 2025-04-16 21:29:31,672-Speed 42.52 samples/sec   Loss 0.0978   LearningRate 0.000982   Epoch: 3   Global Step: 5180   Fp16 Grad Scale: 262144   Required: 225 hours
Training: 2025-04-16 21:30:00,025-Speed 45.15 samples/sec   Loss 0.1798   LearningRate 0.000982   Epoch: 3   Global Step: 5190   Fp16 Grad Scale: 262144   Required: 225 hours
Training: 2025-04-16 21:30:28,112-Speed 45.57 samples/sec   Loss 0.1500   LearningRate 0.000982   Epoch: 3   Global Step: 5200   Fp16 Grad Scale: 262144   Required: 225 hours
Training: 2025-04-16 21:30:56,248-Speed 45.49 samples/sec   Loss 0.1975   LearningRate 0.000982   Epoch: 3   Global Step: 5210   Fp16 Grad Scale: 262144   Required: 225 hours
Training: 2025-04-16 21:31:24,334-Speed 45.58 samples/sec   Loss 0.1016   LearningRate 0.000982   Epoch: 3   Global Step: 5220   Fp16 Grad Scale: 262144   Required: 225 hours
Training: 2025-04-16 21:31:52,410-Speed 45.59 samples/sec   Loss 0.1994   LearningRate 0.000982   Epoch: 3   Global Step: 5230   Fp16 Grad Scale: 262144   Required: 225 hours
Training: 2025-04-16 21:32:20,558-Speed 45.48 samples/sec   Loss 0.1513   LearningRate 0.000982   Epoch: 3   Global Step: 5240   Fp16 Grad Scale: 262144   Required: 225 hours
Training: 2025-04-16 21:32:48,550-Speed 45.73 samples/sec   Loss 0.1759   LearningRate 0.000982   Epoch: 3   Global Step: 5250   Fp16 Grad Scale: 262144   Required: 225 hours
Training: 2025-04-16 21:33:16,637-Speed 45.57 samples/sec   Loss 0.1340   LearningRate 0.000982   Epoch: 3   Global Step: 5260   Fp16 Grad Scale: 262144   Required: 225 hours
Training: 2025-04-16 21:33:44,727-Speed 45.57 samples/sec   Loss 0.1715   LearningRate 0.000982   Epoch: 3   Global Step: 5270   Fp16 Grad Scale: 262144   Required: 225 hours
Training: 2025-04-16 21:34:12,728-Speed 45.71 samples/sec   Loss 0.1598   LearningRate 0.000981   Epoch: 3   Global Step: 5280   Fp16 Grad Scale: 524288   Required: 225 hours
Training: 2025-04-16 21:34:42,666-Speed 42.76 samples/sec   Loss 0.1621   LearningRate 0.000981   Epoch: 3   Global Step: 5290   Fp16 Grad Scale: 524288   Required: 225 hours
Training: 2025-04-16 21:35:10,860-Speed 45.40 samples/sec   Loss 0.1392   LearningRate 0.000981   Epoch: 3   Global Step: 5300   Fp16 Grad Scale: 524288   Required: 225 hours
Training: 2025-04-16 21:35:38,891-Speed 45.67 samples/sec   Loss 0.1277   LearningRate 0.000981   Epoch: 3   Global Step: 5310   Fp16 Grad Scale: 524288   Required: 225 hours
Training: 2025-04-16 21:36:06,858-Speed 45.77 samples/sec   Loss 0.1006   LearningRate 0.000981   Epoch: 3   Global Step: 5320   Fp16 Grad Scale: 524288   Required: 225 hours
Training: 2025-04-16 21:36:34,928-Speed 45.60 samples/sec   Loss 0.1545   LearningRate 0.000981   Epoch: 3   Global Step: 5330   Fp16 Grad Scale: 524288   Required: 225 hours
Training: 2025-04-16 21:37:02,988-Speed 45.62 samples/sec   Loss 0.1239   LearningRate 0.000981   Epoch: 3   Global Step: 5340   Fp16 Grad Scale: 524288   Required: 225 hours
Training: 2025-04-16 21:37:31,191-Speed 45.39 samples/sec   Loss 0.1308   LearningRate 0.000981   Epoch: 3   Global Step: 5350   Fp16 Grad Scale: 524288   Required: 225 hours
Training: 2025-04-16 21:37:59,308-Speed 45.52 samples/sec   Loss 0.1058   LearningRate 0.000981   Epoch: 3   Global Step: 5360   Fp16 Grad Scale: 524288   Required: 225 hours
Training: 2025-04-16 21:38:27,337-Speed 45.67 samples/sec   Loss 0.2211   LearningRate 0.000981   Epoch: 3   Global Step: 5370   Fp16 Grad Scale: 524288   Required: 225 hours
Training: 2025-04-16 21:38:55,420-Speed 45.58 samples/sec   Loss 0.1856   LearningRate 0.000981   Epoch: 3   Global Step: 5380   Fp16 Grad Scale: 524288   Required: 225 hours
Training: 2025-04-16 21:39:23,510-Speed 45.57 samples/sec   Loss 0.1803   LearningRate 0.000981   Epoch: 3   Global Step: 5390   Fp16 Grad Scale: 524288   Required: 225 hours
Training: 2025-04-16 21:39:53,559-Speed 42.60 samples/sec   Loss 0.2242   LearningRate 0.000981   Epoch: 3   Global Step: 5400   Fp16 Grad Scale: 524288   Required: 225 hours
Training: 2025-04-16 21:40:21,706-Speed 45.48 samples/sec   Loss 0.0931   LearningRate 0.000981   Epoch: 3   Global Step: 5410   Fp16 Grad Scale: 524288   Required: 225 hours
Training: 2025-04-16 21:40:49,783-Speed 45.59 samples/sec   Loss 0.1177   LearningRate 0.000981   Epoch: 3   Global Step: 5420   Fp16 Grad Scale: 524288   Required: 225 hours
Training: 2025-04-16 21:41:17,915-Speed 45.50 samples/sec   Loss 0.0863   LearningRate 0.000981   Epoch: 3   Global Step: 5430   Fp16 Grad Scale: 524288   Required: 225 hours
Training: 2025-04-16 21:41:46,153-Speed 45.33 samples/sec   Loss 0.1239   LearningRate 0.000981   Epoch: 3   Global Step: 5440   Fp16 Grad Scale: 524288   Required: 225 hours
Training: 2025-04-16 21:42:14,393-Speed 45.33 samples/sec   Loss 0.1507   LearningRate 0.000981   Epoch: 3   Global Step: 5450   Fp16 Grad Scale: 524288   Required: 224 hours
Training: 2025-04-16 21:42:42,570-Speed 45.43 samples/sec   Loss 0.1418   LearningRate 0.000981   Epoch: 3   Global Step: 5460   Fp16 Grad Scale: 524288   Required: 224 hours
Training: 2025-04-16 21:43:10,679-Speed 45.54 samples/sec   Loss 0.1166   LearningRate 0.000981   Epoch: 3   Global Step: 5470   Fp16 Grad Scale: 524288   Required: 224 hours
Training: 2025-04-16 21:43:38,673-Speed 45.72 samples/sec   Loss 0.1016   LearningRate 0.000981   Epoch: 3   Global Step: 5480   Fp16 Grad Scale: 1048576   Required: 224 hours
Training: 2025-04-16 21:44:06,932-Speed 45.30 samples/sec   Loss 0.1828   LearningRate 0.000981   Epoch: 3   Global Step: 5490   Fp16 Grad Scale: 524288   Required: 224 hours
Training: 2025-04-16 21:44:37,160-Speed 42.35 samples/sec   Loss 0.1821   LearningRate 0.000981   Epoch: 3   Global Step: 5500   Fp16 Grad Scale: 524288   Required: 224 hours
Training: 2025-04-16 21:45:05,390-Speed 45.34 samples/sec   Loss 0.1190   LearningRate 0.000981   Epoch: 3   Global Step: 5510   Fp16 Grad Scale: 524288   Required: 224 hours
Training: 2025-04-16 21:45:33,578-Speed 45.41 samples/sec   Loss 0.1247   LearningRate 0.000981   Epoch: 3   Global Step: 5520   Fp16 Grad Scale: 524288   Required: 224 hours
Training: 2025-04-16 21:46:01,672-Speed 45.56 samples/sec   Loss 0.1355   LearningRate 0.000981   Epoch: 3   Global Step: 5530   Fp16 Grad Scale: 524288   Required: 224 hours
Training: 2025-04-16 21:46:30,084-Speed 45.05 samples/sec   Loss 0.2194   LearningRate 0.000981   Epoch: 3   Global Step: 5540   Fp16 Grad Scale: 262144   Required: 224 hours
Training: 2025-04-16 21:46:58,277-Speed 45.40 samples/sec   Loss 0.1194   LearningRate 0.000981   Epoch: 3   Global Step: 5550   Fp16 Grad Scale: 262144   Required: 224 hours
Training: 2025-04-16 21:47:26,336-Speed 45.62 samples/sec   Loss 0.1588   LearningRate 0.000981   Epoch: 3   Global Step: 5560   Fp16 Grad Scale: 262144   Required: 224 hours
Training: 2025-04-16 21:47:54,649-Speed 45.21 samples/sec   Loss 0.1056   LearningRate 0.000980   Epoch: 3   Global Step: 5570   Fp16 Grad Scale: 262144   Required: 224 hours
Training: 2025-04-16 21:48:22,950-Speed 45.23 samples/sec   Loss 0.1537   LearningRate 0.000980   Epoch: 3   Global Step: 5580   Fp16 Grad Scale: 262144   Required: 224 hours
Training: 2025-04-16 21:48:51,159-Speed 45.38 samples/sec   Loss 0.1715   LearningRate 0.000980   Epoch: 3   Global Step: 5590   Fp16 Grad Scale: 262144   Required: 224 hours
Training: 2025-04-16 21:49:19,417-Speed 45.30 samples/sec   Loss 0.1125   LearningRate 0.000980   Epoch: 3   Global Step: 5600   Fp16 Grad Scale: 262144   Required: 224 hours
Training: 2025-04-16 21:49:49,622-Speed 42.38 samples/sec   Loss 0.2098   LearningRate 0.000980   Epoch: 3   Global Step: 5610   Fp16 Grad Scale: 262144   Required: 224 hours
Training: 2025-04-16 21:50:18,010-Speed 45.09 samples/sec   Loss 0.1505   LearningRate 0.000980   Epoch: 3   Global Step: 5620   Fp16 Grad Scale: 262144   Required: 224 hours
Training: 2025-04-16 21:50:46,664-Speed 44.67 samples/sec   Loss 0.2635   LearningRate 0.000980   Epoch: 3   Global Step: 5630   Fp16 Grad Scale: 262144   Required: 224 hours
Training: 2025-04-16 21:51:14,786-Speed 45.52 samples/sec   Loss 0.1063   LearningRate 0.000980   Epoch: 3   Global Step: 5640   Fp16 Grad Scale: 524288   Required: 224 hours
Training: 2025-04-16 21:51:42,960-Speed 45.43 samples/sec   Loss 0.1128   LearningRate 0.000980   Epoch: 3   Global Step: 5650   Fp16 Grad Scale: 524288   Required: 224 hours
Training: 2025-04-16 21:52:11,263-Speed 45.23 samples/sec   Loss 0.1556   LearningRate 0.000980   Epoch: 3   Global Step: 5660   Fp16 Grad Scale: 262144   Required: 224 hours
Training: 2025-04-16 21:52:39,544-Speed 45.26 samples/sec   Loss 0.1798   LearningRate 0.000980   Epoch: 3   Global Step: 5670   Fp16 Grad Scale: 262144   Required: 224 hours
Training: 2025-04-16 21:53:07,874-Speed 45.18 samples/sec   Loss 0.0938   LearningRate 0.000980   Epoch: 3   Global Step: 5680   Fp16 Grad Scale: 262144   Required: 224 hours
Training: 2025-04-16 21:53:36,103-Speed 45.34 samples/sec   Loss 0.1390   LearningRate 0.000980   Epoch: 3   Global Step: 5690   Fp16 Grad Scale: 262144   Required: 224 hours
Training: 2025-04-16 21:54:04,270-Speed 45.44 samples/sec   Loss 0.1830   LearningRate 0.000980   Epoch: 3   Global Step: 5700   Fp16 Grad Scale: 262144   Required: 224 hours
Training: 2025-04-16 21:54:46,046-Speed 30.64 samples/sec   Loss 0.1736   LearningRate 0.000980   Epoch: 4   Global Step: 5710   Fp16 Grad Scale: 262144   Required: 224 hours
Training: 2025-04-16 21:55:14,015-Speed 45.77 samples/sec   Loss 0.1246   LearningRate 0.000980   Epoch: 4   Global Step: 5720   Fp16 Grad Scale: 262144   Required: 224 hours
Training: 2025-04-16 21:55:41,914-Speed 45.88 samples/sec   Loss 0.0594   LearningRate 0.000980   Epoch: 4   Global Step: 5730   Fp16 Grad Scale: 262144   Required: 224 hours
Training: 2025-04-16 21:56:09,620-Speed 46.20 samples/sec   Loss 0.0509   LearningRate 0.000980   Epoch: 4   Global Step: 5740   Fp16 Grad Scale: 262144   Required: 224 hours
Training: 2025-04-16 21:56:39,988-Speed 42.15 samples/sec   Loss 0.0693   LearningRate 0.000980   Epoch: 4   Global Step: 5750   Fp16 Grad Scale: 262144   Required: 224 hours
Training: 2025-04-16 21:57:09,919-Speed 42.77 samples/sec   Loss 0.0672   LearningRate 0.000980   Epoch: 4   Global Step: 5760   Fp16 Grad Scale: 524288   Required: 224 hours
Training: 2025-04-16 21:57:38,194-Speed 45.27 samples/sec   Loss 0.0460   LearningRate 0.000980   Epoch: 4   Global Step: 5770   Fp16 Grad Scale: 524288   Required: 224 hours
Training: 2025-04-16 21:58:06,608-Speed 45.05 samples/sec   Loss 0.0762   LearningRate 0.000980   Epoch: 4   Global Step: 5780   Fp16 Grad Scale: 524288   Required: 224 hours
Training: 2025-04-16 21:58:34,579-Speed 45.76 samples/sec   Loss 0.0531   LearningRate 0.000980   Epoch: 4   Global Step: 5790   Fp16 Grad Scale: 524288   Required: 224 hours
Training: 2025-04-16 21:59:02,562-Speed 45.74 samples/sec   Loss 0.0616   LearningRate 0.000980   Epoch: 4   Global Step: 5800   Fp16 Grad Scale: 524288   Required: 224 hours
Training: 2025-04-16 21:59:31,081-Speed 44.88 samples/sec   Loss 0.0903   LearningRate 0.000980   Epoch: 4   Global Step: 5810   Fp16 Grad Scale: 524288   Required: 224 hours
Training: 2025-04-16 22:00:01,131-Speed 42.60 samples/sec   Loss 0.0533   LearningRate 0.000980   Epoch: 4   Global Step: 5820   Fp16 Grad Scale: 262144   Required: 224 hours
Training: 2025-04-16 22:00:28,993-Speed 45.94 samples/sec   Loss 0.0620   LearningRate 0.000980   Epoch: 4   Global Step: 5830   Fp16 Grad Scale: 262144   Required: 224 hours
Training: 2025-04-16 22:00:57,026-Speed 45.66 samples/sec   Loss 0.0308   LearningRate 0.000980   Epoch: 4   Global Step: 5840   Fp16 Grad Scale: 262144   Required: 224 hours
Training: 2025-04-16 22:01:25,043-Speed 45.69 samples/sec   Loss 0.0664   LearningRate 0.000979   Epoch: 4   Global Step: 5850   Fp16 Grad Scale: 262144   Required: 224 hours
Training: 2025-04-16 22:01:53,201-Speed 45.46 samples/sec   Loss 0.0735   LearningRate 0.000979   Epoch: 4   Global Step: 5860   Fp16 Grad Scale: 262144   Required: 224 hours
Training: 2025-04-16 22:02:21,200-Speed 45.72 samples/sec   Loss 0.0501   LearningRate 0.000979   Epoch: 4   Global Step: 5870   Fp16 Grad Scale: 262144   Required: 224 hours
Training: 2025-04-16 22:02:49,043-Speed 45.97 samples/sec   Loss 0.0342   LearningRate 0.000979   Epoch: 4   Global Step: 5880   Fp16 Grad Scale: 262144   Required: 224 hours
Training: 2025-04-16 22:03:16,922-Speed 45.91 samples/sec   Loss 0.0292   LearningRate 0.000979   Epoch: 4   Global Step: 5890   Fp16 Grad Scale: 262144   Required: 224 hours
Training: 2025-04-16 22:03:44,910-Speed 45.73 samples/sec   Loss 0.0211   LearningRate 0.000979   Epoch: 4   Global Step: 5900   Fp16 Grad Scale: 262144   Required: 224 hours
Training: 2025-04-16 22:04:12,804-Speed 45.89 samples/sec   Loss 0.0321   LearningRate 0.000979   Epoch: 4   Global Step: 5910   Fp16 Grad Scale: 262144   Required: 224 hours
Training: 2025-04-16 22:04:40,771-Speed 45.77 samples/sec   Loss 0.0316   LearningRate 0.000979   Epoch: 4   Global Step: 5920   Fp16 Grad Scale: 524288   Required: 224 hours
Training: 2025-04-16 22:05:10,795-Speed 42.63 samples/sec   Loss 0.0224   LearningRate 0.000979   Epoch: 4   Global Step: 5930   Fp16 Grad Scale: 524288   Required: 224 hours
Training: 2025-04-16 22:05:38,676-Speed 45.91 samples/sec   Loss 0.0287   LearningRate 0.000979   Epoch: 4   Global Step: 5940   Fp16 Grad Scale: 524288   Required: 224 hours
Training: 2025-04-16 22:06:06,863-Speed 45.41 samples/sec   Loss 0.0157   LearningRate 0.000979   Epoch: 4   Global Step: 5950   Fp16 Grad Scale: 524288   Required: 224 hours
Training: 2025-04-16 22:06:34,910-Speed 45.64 samples/sec   Loss 0.0937   LearningRate 0.000979   Epoch: 4   Global Step: 5960   Fp16 Grad Scale: 524288   Required: 224 hours
Training: 2025-04-16 22:07:03,214-Speed 45.23 samples/sec   Loss 0.0475   LearningRate 0.000979   Epoch: 4   Global Step: 5970   Fp16 Grad Scale: 524288   Required: 224 hours
Training: 2025-04-16 22:07:31,075-Speed 45.94 samples/sec   Loss 0.0231   LearningRate 0.000979   Epoch: 4   Global Step: 5980   Fp16 Grad Scale: 524288   Required: 224 hours
Training: 2025-04-16 22:07:59,016-Speed 45.81 samples/sec   Loss 0.0258   LearningRate 0.000979   Epoch: 4   Global Step: 5990   Fp16 Grad Scale: 524288   Required: 224 hours
Training: 2025-04-16 22:08:27,067-Speed 45.63 samples/sec   Loss 0.0380   LearningRate 0.000979   Epoch: 4   Global Step: 6000   Fp16 Grad Scale: 524288   Required: 224 hours
Training: 2025-04-16 22:09:46,243-[val][Global step: 6000] d prime: 7.155031681060791
Model saved with d prime score: 7.155031681060791
Training: 2025-04-16 22:10:50,792-Speed 8.91 samples/sec   Loss 0.0362   LearningRate 0.000979   Epoch: 4   Global Step: 6010   Fp16 Grad Scale: 524288   Required: 225 hours
Training: 2025-04-16 22:11:18,909-Speed 45.53 samples/sec   Loss 0.0290   LearningRate 0.000979   Epoch: 4   Global Step: 6020   Fp16 Grad Scale: 524288   Required: 225 hours
Training: 2025-04-16 22:11:46,878-Speed 45.76 samples/sec   Loss 0.0254   LearningRate 0.000979   Epoch: 4   Global Step: 6030   Fp16 Grad Scale: 524288   Required: 225 hours
Training: 2025-04-16 22:12:14,928-Speed 45.63 samples/sec   Loss 0.0925   LearningRate 0.000979   Epoch: 4   Global Step: 6040   Fp16 Grad Scale: 524288   Required: 225 hours
Training: 2025-04-16 22:12:43,089-Speed 45.45 samples/sec   Loss 0.0469   LearningRate 0.000979   Epoch: 4   Global Step: 6050   Fp16 Grad Scale: 524288   Required: 225 hours
Training: 2025-04-16 22:13:11,254-Speed 45.45 samples/sec   Loss 0.0562   LearningRate 0.000979   Epoch: 4   Global Step: 6060   Fp16 Grad Scale: 524288   Required: 225 hours
Training: 2025-04-16 22:13:39,296-Speed 45.65 samples/sec   Loss 0.0726   LearningRate 0.000979   Epoch: 4   Global Step: 6070   Fp16 Grad Scale: 524288   Required: 225 hours
Training: 2025-04-16 22:14:07,143-Speed 45.97 samples/sec   Loss 0.0247   LearningRate 0.000979   Epoch: 4   Global Step: 6080   Fp16 Grad Scale: 524288   Required: 225 hours
Training: 2025-04-16 22:14:35,163-Speed 45.68 samples/sec   Loss 0.0365   LearningRate 0.000979   Epoch: 4   Global Step: 6090   Fp16 Grad Scale: 524288   Required: 225 hours
Training: 2025-04-16 22:15:05,377-Speed 42.37 samples/sec   Loss 0.0788   LearningRate 0.000979   Epoch: 4   Global Step: 6100   Fp16 Grad Scale: 524288   Required: 225 hours
Training: 2025-04-16 22:15:33,415-Speed 45.65 samples/sec   Loss 0.0224   LearningRate 0.000979   Epoch: 4   Global Step: 6110   Fp16 Grad Scale: 524288   Required: 225 hours
Training: 2025-04-16 22:16:01,365-Speed 45.80 samples/sec   Loss 0.1075   LearningRate 0.000979   Epoch: 4   Global Step: 6120   Fp16 Grad Scale: 1048576   Required: 225 hours
Training: 2025-04-16 22:16:29,325-Speed 45.78 samples/sec   Loss 0.0807   LearningRate 0.000979   Epoch: 4   Global Step: 6130   Fp16 Grad Scale: 1048576   Required: 225 hours
Training: 2025-04-16 22:16:57,496-Speed 45.44 samples/sec   Loss 0.0430   LearningRate 0.000978   Epoch: 4   Global Step: 6140   Fp16 Grad Scale: 1048576   Required: 225 hours
Training: 2025-04-16 22:17:25,626-Speed 45.50 samples/sec   Loss 0.0501   LearningRate 0.000978   Epoch: 4   Global Step: 6150   Fp16 Grad Scale: 1048576   Required: 225 hours
Training: 2025-04-16 22:17:53,825-Speed 45.39 samples/sec   Loss 0.0340   LearningRate 0.000978   Epoch: 4   Global Step: 6160   Fp16 Grad Scale: 1048576   Required: 225 hours
Training: 2025-04-16 22:18:22,061-Speed 45.33 samples/sec   Loss 0.0771   LearningRate 0.000978   Epoch: 4   Global Step: 6170   Fp16 Grad Scale: 1048576   Required: 225 hours
Training: 2025-04-16 22:18:50,122-Speed 45.62 samples/sec   Loss 0.0362   LearningRate 0.000978   Epoch: 4   Global Step: 6180   Fp16 Grad Scale: 1048576   Required: 225 hours
Training: 2025-04-16 22:19:18,210-Speed 45.57 samples/sec   Loss 0.0554   LearningRate 0.000978   Epoch: 4   Global Step: 6190   Fp16 Grad Scale: 524288   Required: 225 hours
Training: 2025-04-16 22:19:46,303-Speed 45.56 samples/sec   Loss 0.0537   LearningRate 0.000978   Epoch: 4   Global Step: 6200   Fp16 Grad Scale: 524288   Required: 225 hours
Training: 2025-04-16 22:20:16,422-Speed 42.50 samples/sec   Loss 0.0365   LearningRate 0.000978   Epoch: 4   Global Step: 6210   Fp16 Grad Scale: 524288   Required: 225 hours
Training: 2025-04-16 22:20:44,408-Speed 45.74 samples/sec   Loss 0.0376   LearningRate 0.000978   Epoch: 4   Global Step: 6220   Fp16 Grad Scale: 524288   Required: 225 hours
Training: 2025-04-16 22:21:12,438-Speed 45.67 samples/sec   Loss 0.0332   LearningRate 0.000978   Epoch: 4   Global Step: 6230   Fp16 Grad Scale: 524288   Required: 225 hours
Training: 2025-04-16 22:21:40,610-Speed 45.44 samples/sec   Loss 0.0415   LearningRate 0.000978   Epoch: 4   Global Step: 6240   Fp16 Grad Scale: 524288   Required: 225 hours
Training: 2025-04-16 22:22:08,818-Speed 45.38 samples/sec   Loss 0.0288   LearningRate 0.000978   Epoch: 4   Global Step: 6250   Fp16 Grad Scale: 524288   Required: 225 hours
Training: 2025-04-16 22:22:36,876-Speed 45.62 samples/sec   Loss 0.0588   LearningRate 0.000978   Epoch: 4   Global Step: 6260   Fp16 Grad Scale: 524288   Required: 225 hours
Training: 2025-04-16 22:23:04,880-Speed 45.71 samples/sec   Loss 0.0554   LearningRate 0.000978   Epoch: 4   Global Step: 6270   Fp16 Grad Scale: 524288   Required: 225 hours
Training: 2025-04-16 22:23:32,948-Speed 45.60 samples/sec   Loss 0.0386   LearningRate 0.000978   Epoch: 4   Global Step: 6280   Fp16 Grad Scale: 524288   Required: 225 hours
Training: 2025-04-16 22:24:01,074-Speed 45.51 samples/sec   Loss 0.1024   LearningRate 0.000978   Epoch: 4   Global Step: 6290   Fp16 Grad Scale: 1048576   Required: 225 hours
Training: 2025-04-16 22:24:29,242-Speed 45.44 samples/sec   Loss 0.1052   LearningRate 0.000978   Epoch: 4   Global Step: 6300   Fp16 Grad Scale: 524288   Required: 225 hours
Training: 2025-04-16 22:24:57,369-Speed 45.51 samples/sec   Loss 0.0305   LearningRate 0.000978   Epoch: 4   Global Step: 6310   Fp16 Grad Scale: 524288   Required: 225 hours
Training: 2025-04-16 22:25:27,534-Speed 42.43 samples/sec   Loss 0.0282   LearningRate 0.000978   Epoch: 4   Global Step: 6320   Fp16 Grad Scale: 524288   Required: 225 hours
Training: 2025-04-16 22:25:55,867-Speed 45.18 samples/sec   Loss 0.0600   LearningRate 0.000978   Epoch: 4   Global Step: 6330   Fp16 Grad Scale: 524288   Required: 225 hours
Training: 2025-04-16 22:26:24,654-Speed 44.47 samples/sec   Loss 0.0274   LearningRate 0.000978   Epoch: 4   Global Step: 6340   Fp16 Grad Scale: 524288   Required: 225 hours
Training: 2025-04-16 22:26:55,084-Speed 42.06 samples/sec   Loss 0.0435   LearningRate 0.000978   Epoch: 4   Global Step: 6350   Fp16 Grad Scale: 524288   Required: 225 hours
Training: 2025-04-16 22:27:23,418-Speed 45.18 samples/sec   Loss 0.0362   LearningRate 0.000978   Epoch: 4   Global Step: 6360   Fp16 Grad Scale: 524288   Required: 225 hours
Training: 2025-04-16 22:27:51,550-Speed 45.50 samples/sec   Loss 0.0475   LearningRate 0.000978   Epoch: 4   Global Step: 6370   Fp16 Grad Scale: 524288   Required: 225 hours
Training: 2025-04-16 22:28:19,683-Speed 45.50 samples/sec   Loss 0.1039   LearningRate 0.000978   Epoch: 4   Global Step: 6380   Fp16 Grad Scale: 524288   Required: 225 hours
Training: 2025-04-16 22:28:47,842-Speed 45.46 samples/sec   Loss 0.0711   LearningRate 0.000978   Epoch: 4   Global Step: 6390   Fp16 Grad Scale: 524288   Required: 225 hours
Training: 2025-04-16 22:29:16,050-Speed 45.38 samples/sec   Loss 0.0856   LearningRate 0.000978   Epoch: 4   Global Step: 6400   Fp16 Grad Scale: 1048576   Required: 225 hours
Training: 2025-04-16 22:29:44,145-Speed 45.56 samples/sec   Loss 0.0343   LearningRate 0.000978   Epoch: 4   Global Step: 6410   Fp16 Grad Scale: 1048576   Required: 225 hours
Training: 2025-04-16 22:30:14,362-Speed 42.36 samples/sec   Loss 0.0524   LearningRate 0.000977   Epoch: 4   Global Step: 6420   Fp16 Grad Scale: 1048576   Required: 225 hours
Training: 2025-04-16 22:30:42,321-Speed 45.78 samples/sec   Loss 0.0828   LearningRate 0.000977   Epoch: 4   Global Step: 6430   Fp16 Grad Scale: 524288   Required: 225 hours
Training: 2025-04-16 22:31:10,368-Speed 45.64 samples/sec   Loss 0.0608   LearningRate 0.000977   Epoch: 4   Global Step: 6440   Fp16 Grad Scale: 524288   Required: 225 hours
Training: 2025-04-16 22:31:38,554-Speed 45.41 samples/sec   Loss 0.0268   LearningRate 0.000977   Epoch: 4   Global Step: 6450   Fp16 Grad Scale: 524288   Required: 225 hours
Training: 2025-04-16 22:32:06,657-Speed 45.55 samples/sec   Loss 0.0364   LearningRate 0.000977   Epoch: 4   Global Step: 6460   Fp16 Grad Scale: 524288   Required: 225 hours
Training: 2025-04-16 22:32:34,867-Speed 45.38 samples/sec   Loss 0.0516   LearningRate 0.000977   Epoch: 4   Global Step: 6470   Fp16 Grad Scale: 524288   Required: 225 hours
Training: 2025-04-16 22:33:02,940-Speed 45.60 samples/sec   Loss 0.0769   LearningRate 0.000977   Epoch: 4   Global Step: 6480   Fp16 Grad Scale: 524288   Required: 225 hours
Training: 2025-04-16 22:33:31,004-Speed 45.61 samples/sec   Loss 0.0589   LearningRate 0.000977   Epoch: 4   Global Step: 6490   Fp16 Grad Scale: 524288   Required: 225 hours
Training: 2025-04-16 22:33:59,106-Speed 45.55 samples/sec   Loss 0.0428   LearningRate 0.000977   Epoch: 4   Global Step: 6500   Fp16 Grad Scale: 524288   Required: 224 hours
Training: 2025-04-16 22:34:27,175-Speed 45.60 samples/sec   Loss 0.0666   LearningRate 0.000977   Epoch: 4   Global Step: 6510   Fp16 Grad Scale: 524288   Required: 224 hours
Training: 2025-04-16 22:34:55,306-Speed 45.50 samples/sec   Loss 0.0438   LearningRate 0.000977   Epoch: 4   Global Step: 6520   Fp16 Grad Scale: 524288   Required: 224 hours
Training: 2025-04-16 22:35:25,237-Speed 42.77 samples/sec   Loss 0.0592   LearningRate 0.000977   Epoch: 4   Global Step: 6530   Fp16 Grad Scale: 1048576   Required: 224 hours
Training: 2025-04-16 22:35:53,503-Speed 45.28 samples/sec   Loss 0.0338   LearningRate 0.000977   Epoch: 4   Global Step: 6540   Fp16 Grad Scale: 1048576   Required: 224 hours
Training: 2025-04-16 22:36:21,698-Speed 45.40 samples/sec   Loss 0.0509   LearningRate 0.000977   Epoch: 4   Global Step: 6550   Fp16 Grad Scale: 1048576   Required: 224 hours
Training: 2025-04-16 22:36:49,851-Speed 45.47 samples/sec   Loss 0.0433   LearningRate 0.000977   Epoch: 4   Global Step: 6560   Fp16 Grad Scale: 1048576   Required: 224 hours
Training: 2025-04-16 22:37:17,916-Speed 45.61 samples/sec   Loss 0.0406   LearningRate 0.000977   Epoch: 4   Global Step: 6570   Fp16 Grad Scale: 1048576   Required: 224 hours
Training: 2025-04-16 22:37:46,025-Speed 45.54 samples/sec   Loss 0.0636   LearningRate 0.000977   Epoch: 4   Global Step: 6580   Fp16 Grad Scale: 1048576   Required: 224 hours
Training: 2025-04-16 22:38:14,224-Speed 45.39 samples/sec   Loss 0.0397   LearningRate 0.000977   Epoch: 4   Global Step: 6590   Fp16 Grad Scale: 524288   Required: 224 hours
Training: 2025-04-16 22:38:42,347-Speed 45.51 samples/sec   Loss 0.0516   LearningRate 0.000977   Epoch: 4   Global Step: 6600   Fp16 Grad Scale: 524288   Required: 224 hours
Training: 2025-04-16 22:39:10,529-Speed 45.42 samples/sec   Loss 0.0435   LearningRate 0.000977   Epoch: 4   Global Step: 6610   Fp16 Grad Scale: 524288   Required: 224 hours
Training: 2025-04-16 22:39:38,607-Speed 45.59 samples/sec   Loss 0.0832   LearningRate 0.000977   Epoch: 4   Global Step: 6620   Fp16 Grad Scale: 524288   Required: 224 hours
Training: 2025-04-16 22:40:06,640-Speed 45.66 samples/sec   Loss 0.0721   LearningRate 0.000977   Epoch: 4   Global Step: 6630   Fp16 Grad Scale: 524288   Required: 224 hours
Training: 2025-04-16 22:40:36,790-Speed 42.46 samples/sec   Loss 0.0549   LearningRate 0.000977   Epoch: 4   Global Step: 6640   Fp16 Grad Scale: 524288   Required: 224 hours
Training: 2025-04-16 22:41:04,831-Speed 45.65 samples/sec   Loss 0.0790   LearningRate 0.000977   Epoch: 4   Global Step: 6650   Fp16 Grad Scale: 524288   Required: 224 hours
Training: 2025-04-16 22:41:32,950-Speed 45.52 samples/sec   Loss 0.0944   LearningRate 0.000977   Epoch: 4   Global Step: 6660   Fp16 Grad Scale: 524288   Required: 224 hours
Training: 2025-04-16 22:42:01,008-Speed 45.62 samples/sec   Loss 0.1060   LearningRate 0.000977   Epoch: 4   Global Step: 6670   Fp16 Grad Scale: 524288   Required: 224 hours
Training: 2025-04-16 22:42:29,196-Speed 45.42 samples/sec   Loss 0.0676   LearningRate 0.000977   Epoch: 4   Global Step: 6680   Fp16 Grad Scale: 524288   Required: 224 hours
Training: 2025-04-16 22:42:57,459-Speed 45.29 samples/sec   Loss 0.0706   LearningRate 0.000977   Epoch: 4   Global Step: 6690   Fp16 Grad Scale: 1048576   Required: 224 hours
Training: 2025-04-16 22:43:25,757-Speed 45.23 samples/sec   Loss 0.0658   LearningRate 0.000977   Epoch: 4   Global Step: 6700   Fp16 Grad Scale: 524288   Required: 224 hours
Training: 2025-04-16 22:43:53,895-Speed 45.49 samples/sec   Loss 0.0969   LearningRate 0.000976   Epoch: 4   Global Step: 6710   Fp16 Grad Scale: 524288   Required: 224 hours
Training: 2025-04-16 22:44:22,065-Speed 45.44 samples/sec   Loss 0.0850   LearningRate 0.000976   Epoch: 4   Global Step: 6720   Fp16 Grad Scale: 524288   Required: 224 hours
Training: 2025-04-16 22:44:50,269-Speed 45.38 samples/sec   Loss 0.0976   LearningRate 0.000976   Epoch: 4   Global Step: 6730   Fp16 Grad Scale: 524288   Required: 224 hours
Training: 2025-04-16 22:45:20,306-Speed 42.62 samples/sec   Loss 0.0511   LearningRate 0.000976   Epoch: 4   Global Step: 6740   Fp16 Grad Scale: 524288   Required: 224 hours
Training: 2025-04-16 22:45:48,556-Speed 45.31 samples/sec   Loss 0.0654   LearningRate 0.000976   Epoch: 4   Global Step: 6750   Fp16 Grad Scale: 524288   Required: 224 hours
Training: 2025-04-16 22:46:16,686-Speed 45.50 samples/sec   Loss 0.0831   LearningRate 0.000976   Epoch: 4   Global Step: 6760   Fp16 Grad Scale: 524288   Required: 224 hours
Training: 2025-04-16 22:46:44,831-Speed 45.48 samples/sec   Loss 0.1543   LearningRate 0.000976   Epoch: 4   Global Step: 6770   Fp16 Grad Scale: 524288   Required: 224 hours
Training: 2025-04-16 22:47:13,141-Speed 45.21 samples/sec   Loss 0.0530   LearningRate 0.000976   Epoch: 4   Global Step: 6780   Fp16 Grad Scale: 524288   Required: 224 hours
Training: 2025-04-16 22:47:41,395-Speed 45.30 samples/sec   Loss 0.0518   LearningRate 0.000976   Epoch: 4   Global Step: 6790   Fp16 Grad Scale: 524288   Required: 224 hours
Training: 2025-04-16 22:48:09,587-Speed 45.40 samples/sec   Loss 0.0589   LearningRate 0.000976   Epoch: 4   Global Step: 6800   Fp16 Grad Scale: 1048576   Required: 224 hours
Training: 2025-04-16 22:48:37,702-Speed 45.53 samples/sec   Loss 0.0477   LearningRate 0.000976   Epoch: 4   Global Step: 6810   Fp16 Grad Scale: 1048576   Required: 224 hours
Training: 2025-04-16 22:49:05,784-Speed 45.58 samples/sec   Loss 0.0638   LearningRate 0.000976   Epoch: 4   Global Step: 6820   Fp16 Grad Scale: 524288   Required: 224 hours
Training: 2025-04-16 22:49:34,056-Speed 45.27 samples/sec   Loss 0.1404   LearningRate 0.000976   Epoch: 4   Global Step: 6830   Fp16 Grad Scale: 262144   Required: 224 hours
Training: 2025-04-16 22:50:02,380-Speed 45.19 samples/sec   Loss 0.0723   LearningRate 0.000976   Epoch: 4   Global Step: 6840   Fp16 Grad Scale: 262144   Required: 224 hours
Training: 2025-04-16 22:50:32,650-Speed 42.29 samples/sec   Loss 0.1091   LearningRate 0.000976   Epoch: 4   Global Step: 6850   Fp16 Grad Scale: 262144   Required: 224 hours
Training: 2025-04-16 22:51:00,768-Speed 45.52 samples/sec   Loss 0.0582   LearningRate 0.000976   Epoch: 4   Global Step: 6860   Fp16 Grad Scale: 262144   Required: 224 hours
Training: 2025-04-16 22:51:28,966-Speed 45.39 samples/sec   Loss 0.0941   LearningRate 0.000976   Epoch: 4   Global Step: 6870   Fp16 Grad Scale: 262144   Required: 224 hours
Training: 2025-04-16 22:51:57,132-Speed 45.45 samples/sec   Loss 0.0771   LearningRate 0.000976   Epoch: 4   Global Step: 6880   Fp16 Grad Scale: 262144   Required: 224 hours
Training: 2025-04-16 22:52:25,367-Speed 45.34 samples/sec   Loss 0.0894   LearningRate 0.000976   Epoch: 4   Global Step: 6890   Fp16 Grad Scale: 262144   Required: 224 hours
Training: 2025-04-16 22:52:53,504-Speed 45.49 samples/sec   Loss 0.0786   LearningRate 0.000976   Epoch: 4   Global Step: 6900   Fp16 Grad Scale: 262144   Required: 224 hours
Training: 2025-04-16 22:53:21,739-Speed 45.33 samples/sec   Loss 0.0521   LearningRate 0.000976   Epoch: 4   Global Step: 6910   Fp16 Grad Scale: 262144   Required: 224 hours
Training: 2025-04-16 22:53:49,956-Speed 45.36 samples/sec   Loss 0.0489   LearningRate 0.000976   Epoch: 4   Global Step: 6920   Fp16 Grad Scale: 262144   Required: 224 hours
Training: 2025-04-16 22:54:18,089-Speed 45.50 samples/sec   Loss 0.0482   LearningRate 0.000976   Epoch: 4   Global Step: 6930   Fp16 Grad Scale: 524288   Required: 224 hours
Training: 2025-04-16 22:54:46,343-Speed 45.30 samples/sec   Loss 0.0373   LearningRate 0.000976   Epoch: 4   Global Step: 6940   Fp16 Grad Scale: 524288   Required: 224 hours
Training: 2025-04-16 22:55:14,561-Speed 45.36 samples/sec   Loss 0.1162   LearningRate 0.000976   Epoch: 4   Global Step: 6950   Fp16 Grad Scale: 524288   Required: 224 hours
Training: 2025-04-16 22:55:44,817-Speed 42.31 samples/sec   Loss 0.0646   LearningRate 0.000976   Epoch: 4   Global Step: 6960   Fp16 Grad Scale: 524288   Required: 224 hours
Training: 2025-04-16 22:56:13,169-Speed 45.15 samples/sec   Loss 0.1389   LearningRate 0.000976   Epoch: 4   Global Step: 6970   Fp16 Grad Scale: 524288   Required: 224 hours
Training: 2025-04-16 22:56:44,305-Speed 41.11 samples/sec   Loss 0.0688   LearningRate 0.000976   Epoch: 4   Global Step: 6980   Fp16 Grad Scale: 524288   Required: 224 hours
Training: 2025-04-16 22:57:13,792-Speed 43.41 samples/sec   Loss 0.1225   LearningRate 0.000975   Epoch: 4   Global Step: 6990   Fp16 Grad Scale: 524288   Required: 224 hours
Training: 2025-04-16 22:57:41,991-Speed 45.39 samples/sec   Loss 0.0624   LearningRate 0.000975   Epoch: 4   Global Step: 7000   Fp16 Grad Scale: 524288   Required: 224 hours
Training: 2025-04-16 22:58:10,234-Speed 45.32 samples/sec   Loss 0.1017   LearningRate 0.000975   Epoch: 4   Global Step: 7010   Fp16 Grad Scale: 524288   Required: 224 hours
Training: 2025-04-16 22:58:38,518-Speed 45.26 samples/sec   Loss 0.0616   LearningRate 0.000975   Epoch: 4   Global Step: 7020   Fp16 Grad Scale: 524288   Required: 224 hours
Training: 2025-04-16 22:59:06,614-Speed 45.56 samples/sec   Loss 0.1046   LearningRate 0.000975   Epoch: 4   Global Step: 7030   Fp16 Grad Scale: 524288   Required: 224 hours
Training: 2025-04-16 22:59:34,800-Speed 45.41 samples/sec   Loss 0.0824   LearningRate 0.000975   Epoch: 4   Global Step: 7040   Fp16 Grad Scale: 524288   Required: 224 hours
Training: 2025-04-16 23:00:03,098-Speed 45.23 samples/sec   Loss 0.0625   LearningRate 0.000975   Epoch: 4   Global Step: 7050   Fp16 Grad Scale: 524288   Required: 224 hours
Training: 2025-04-16 23:00:33,404-Speed 42.24 samples/sec   Loss 0.0797   LearningRate 0.000975   Epoch: 4   Global Step: 7060   Fp16 Grad Scale: 524288   Required: 224 hours
Training: 2025-04-16 23:01:01,623-Speed 45.36 samples/sec   Loss 0.0478   LearningRate 0.000975   Epoch: 4   Global Step: 7070   Fp16 Grad Scale: 524288   Required: 224 hours
Training: 2025-04-16 23:01:29,956-Speed 45.18 samples/sec   Loss 0.0913   LearningRate 0.000975   Epoch: 4   Global Step: 7080   Fp16 Grad Scale: 524288   Required: 224 hours
Training: 2025-04-16 23:01:58,095-Speed 45.49 samples/sec   Loss 0.0640   LearningRate 0.000975   Epoch: 4   Global Step: 7090   Fp16 Grad Scale: 524288   Required: 224 hours
Training: 2025-04-16 23:02:26,276-Speed 45.42 samples/sec   Loss 0.1072   LearningRate 0.000975   Epoch: 4   Global Step: 7100   Fp16 Grad Scale: 524288   Required: 224 hours
Training: 2025-04-16 23:02:54,442-Speed 45.45 samples/sec   Loss 0.1054   LearningRate 0.000975   Epoch: 4   Global Step: 7110   Fp16 Grad Scale: 131072   Required: 224 hours
Training: 2025-04-16 23:03:22,709-Speed 45.28 samples/sec   Loss 0.0873   LearningRate 0.000975   Epoch: 4   Global Step: 7120   Fp16 Grad Scale: 131072   Required: 224 hours
Training: 2025-04-16 23:03:50,787-Speed 45.59 samples/sec   Loss 0.0729   LearningRate 0.000975   Epoch: 4   Global Step: 7130   Fp16 Grad Scale: 131072   Required: 224 hours
Training: 2025-04-16 23:04:32,665-Speed 30.57 samples/sec   Loss 0.0384   LearningRate 0.000975   Epoch: 5   Global Step: 7140   Fp16 Grad Scale: 131072   Required: 224 hours
Training: 2025-04-16 23:05:00,343-Speed 46.25 samples/sec   Loss 0.0474   LearningRate 0.000975   Epoch: 5   Global Step: 7150   Fp16 Grad Scale: 131072   Required: 224 hours
Training: 2025-04-16 23:05:27,930-Speed 46.40 samples/sec   Loss 0.0306   LearningRate 0.000975   Epoch: 5   Global Step: 7160   Fp16 Grad Scale: 131072   Required: 224 hours
Training: 2025-04-16 23:05:57,686-Speed 43.02 samples/sec   Loss 0.0257   LearningRate 0.000975   Epoch: 5   Global Step: 7170   Fp16 Grad Scale: 131072   Required: 224 hours
Training: 2025-04-16 23:06:25,225-Speed 46.48 samples/sec   Loss 0.0496   LearningRate 0.000975   Epoch: 5   Global Step: 7180   Fp16 Grad Scale: 131072   Required: 224 hours
Training: 2025-04-16 23:06:52,648-Speed 46.68 samples/sec   Loss 0.0210   LearningRate 0.000975   Epoch: 5   Global Step: 7190   Fp16 Grad Scale: 131072   Required: 224 hours
Training: 2025-04-16 23:07:20,275-Speed 46.33 samples/sec   Loss 0.0351   LearningRate 0.000975   Epoch: 5   Global Step: 7200   Fp16 Grad Scale: 131072   Required: 224 hours
Training: 2025-04-16 23:07:47,734-Speed 46.62 samples/sec   Loss 0.0233   LearningRate 0.000975   Epoch: 5   Global Step: 7210   Fp16 Grad Scale: 262144   Required: 224 hours
Training: 2025-04-16 23:08:15,327-Speed 46.39 samples/sec   Loss 0.0566   LearningRate 0.000975   Epoch: 5   Global Step: 7220   Fp16 Grad Scale: 262144   Required: 224 hours
Training: 2025-04-16 23:08:42,879-Speed 46.46 samples/sec   Loss 0.0439   LearningRate 0.000975   Epoch: 5   Global Step: 7230   Fp16 Grad Scale: 262144   Required: 224 hours
Training: 2025-04-16 23:09:10,415-Speed 46.49 samples/sec   Loss 0.0370   LearningRate 0.000975   Epoch: 5   Global Step: 7240   Fp16 Grad Scale: 262144   Required: 224 hours
Training: 2025-04-16 23:09:38,115-Speed 46.21 samples/sec   Loss 0.0386   LearningRate 0.000975   Epoch: 5   Global Step: 7250   Fp16 Grad Scale: 262144   Required: 223 hours
Training: 2025-04-16 23:10:05,593-Speed 46.58 samples/sec   Loss 0.0346   LearningRate 0.000975   Epoch: 5   Global Step: 7260   Fp16 Grad Scale: 262144   Required: 223 hours
Training: 2025-04-16 23:10:34,019-Speed 45.03 samples/sec   Loss 0.0454   LearningRate 0.000975   Epoch: 5   Global Step: 7270   Fp16 Grad Scale: 262144   Required: 223 hours
Training: 2025-04-16 23:11:02,575-Speed 44.83 samples/sec   Loss 0.1104   LearningRate 0.000974   Epoch: 5   Global Step: 7280   Fp16 Grad Scale: 262144   Required: 223 hours
Training: 2025-04-16 23:11:30,098-Speed 46.51 samples/sec   Loss 0.0739   LearningRate 0.000974   Epoch: 5   Global Step: 7290   Fp16 Grad Scale: 262144   Required: 223 hours
Training: 2025-04-16 23:11:57,695-Speed 46.38 samples/sec   Loss 0.0206   LearningRate 0.000974   Epoch: 5   Global Step: 7300   Fp16 Grad Scale: 262144   Required: 223 hours
Training: 2025-04-16 23:12:25,264-Speed 46.43 samples/sec   Loss 0.0150   LearningRate 0.000974   Epoch: 5   Global Step: 7310   Fp16 Grad Scale: 524288   Required: 223 hours
Training: 2025-04-16 23:12:52,760-Speed 46.55 samples/sec   Loss 0.0503   LearningRate 0.000974   Epoch: 5   Global Step: 7320   Fp16 Grad Scale: 524288   Required: 223 hours
Training: 2025-04-16 23:13:20,344-Speed 46.40 samples/sec   Loss 0.0173   LearningRate 0.000974   Epoch: 5   Global Step: 7330   Fp16 Grad Scale: 524288   Required: 223 hours
Training: 2025-04-16 23:13:47,881-Speed 46.48 samples/sec   Loss 0.0426   LearningRate 0.000974   Epoch: 5   Global Step: 7340   Fp16 Grad Scale: 524288   Required: 223 hours
Training: 2025-04-16 23:14:15,426-Speed 46.47 samples/sec   Loss 0.0280   LearningRate 0.000974   Epoch: 5   Global Step: 7350   Fp16 Grad Scale: 524288   Required: 223 hours
Training: 2025-04-16 23:14:43,020-Speed 46.39 samples/sec   Loss 0.0239   LearningRate 0.000974   Epoch: 5   Global Step: 7360   Fp16 Grad Scale: 524288   Required: 223 hours
Training: 2025-04-16 23:15:10,514-Speed 46.56 samples/sec   Loss 0.0269   LearningRate 0.000974   Epoch: 5   Global Step: 7370   Fp16 Grad Scale: 524288   Required: 223 hours
Training: 2025-04-16 23:15:39,159-Speed 44.69 samples/sec   Loss 0.0225   LearningRate 0.000974   Epoch: 5   Global Step: 7380   Fp16 Grad Scale: 524288   Required: 223 hours
Training: 2025-04-16 23:16:07,486-Speed 45.19 samples/sec   Loss 0.0336   LearningRate 0.000974   Epoch: 5   Global Step: 7390   Fp16 Grad Scale: 524288   Required: 223 hours
Training: 2025-04-16 23:16:34,975-Speed 46.57 samples/sec   Loss 0.0268   LearningRate 0.000974   Epoch: 5   Global Step: 7400   Fp16 Grad Scale: 524288   Required: 223 hours
Training: 2025-04-16 23:17:02,554-Speed 46.41 samples/sec   Loss 0.0159   LearningRate 0.000974   Epoch: 5   Global Step: 7410   Fp16 Grad Scale: 1048576   Required: 223 hours
Training: 2025-04-16 23:17:30,053-Speed 46.55 samples/sec   Loss 0.0234   LearningRate 0.000974   Epoch: 5   Global Step: 7420   Fp16 Grad Scale: 1048576   Required: 223 hours
Training: 2025-04-16 23:17:57,465-Speed 46.70 samples/sec   Loss 0.0683   LearningRate 0.000974   Epoch: 5   Global Step: 7430   Fp16 Grad Scale: 1048576   Required: 223 hours
Training: 2025-04-16 23:18:25,002-Speed 46.48 samples/sec   Loss 0.0175   LearningRate 0.000974   Epoch: 5   Global Step: 7440   Fp16 Grad Scale: 1048576   Required: 223 hours
Training: 2025-04-16 23:18:52,559-Speed 46.45 samples/sec   Loss 0.0548   LearningRate 0.000974   Epoch: 5   Global Step: 7450   Fp16 Grad Scale: 524288   Required: 223 hours
Training: 2025-04-16 23:19:20,106-Speed 46.47 samples/sec   Loss 0.0275   LearningRate 0.000974   Epoch: 5   Global Step: 7460   Fp16 Grad Scale: 524288   Required: 223 hours
Training: 2025-04-16 23:19:47,634-Speed 46.50 samples/sec   Loss 0.0149   LearningRate 0.000974   Epoch: 5   Global Step: 7470   Fp16 Grad Scale: 524288   Required: 223 hours
Training: 2025-04-16 23:20:15,149-Speed 46.52 samples/sec   Loss 0.0165   LearningRate 0.000974   Epoch: 5   Global Step: 7480   Fp16 Grad Scale: 524288   Required: 223 hours
Training: 2025-04-16 23:20:44,931-Speed 42.98 samples/sec   Loss 0.0827   LearningRate 0.000974   Epoch: 5   Global Step: 7490   Fp16 Grad Scale: 524288   Required: 223 hours
Training: 2025-04-16 23:21:12,505-Speed 46.42 samples/sec   Loss 0.0089   LearningRate 0.000974   Epoch: 5   Global Step: 7500   Fp16 Grad Scale: 524288   Required: 223 hours
Training: 2025-04-16 23:21:39,916-Speed 46.70 samples/sec   Loss 0.0424   LearningRate 0.000974   Epoch: 5   Global Step: 7510   Fp16 Grad Scale: 524288   Required: 223 hours
Training: 2025-04-16 23:22:07,512-Speed 46.38 samples/sec   Loss 0.0266   LearningRate 0.000974   Epoch: 5   Global Step: 7520   Fp16 Grad Scale: 524288   Required: 223 hours
Training: 2025-04-16 23:22:35,066-Speed 46.46 samples/sec   Loss 0.0172   LearningRate 0.000974   Epoch: 5   Global Step: 7530   Fp16 Grad Scale: 524288   Required: 223 hours
Training: 2025-04-16 23:23:02,703-Speed 46.32 samples/sec   Loss 0.0144   LearningRate 0.000974   Epoch: 5   Global Step: 7540   Fp16 Grad Scale: 524288   Required: 223 hours
Training: 2025-04-16 23:23:30,263-Speed 46.45 samples/sec   Loss 0.0233   LearningRate 0.000974   Epoch: 5   Global Step: 7550   Fp16 Grad Scale: 262144   Required: 223 hours
Training: 2025-04-16 23:23:57,755-Speed 46.56 samples/sec   Loss 0.0220   LearningRate 0.000973   Epoch: 5   Global Step: 7560   Fp16 Grad Scale: 262144   Required: 223 hours
Training: 2025-04-16 23:24:25,254-Speed 46.55 samples/sec   Loss 0.0141   LearningRate 0.000973   Epoch: 5   Global Step: 7570   Fp16 Grad Scale: 262144   Required: 223 hours
Training: 2025-04-16 23:24:52,725-Speed 46.60 samples/sec   Loss 0.0222   LearningRate 0.000973   Epoch: 5   Global Step: 7580   Fp16 Grad Scale: 262144   Required: 223 hours
Training: 2025-04-16 23:25:20,316-Speed 46.39 samples/sec   Loss 0.0303   LearningRate 0.000973   Epoch: 5   Global Step: 7590   Fp16 Grad Scale: 262144   Required: 223 hours
Training: 2025-04-16 23:25:49,921-Speed 43.24 samples/sec   Loss 0.0131   LearningRate 0.000973   Epoch: 5   Global Step: 7600   Fp16 Grad Scale: 262144   Required: 223 hours
Training: 2025-04-16 23:26:17,831-Speed 45.86 samples/sec   Loss 0.0286   LearningRate 0.000973   Epoch: 5   Global Step: 7610   Fp16 Grad Scale: 262144   Required: 223 hours
Training: 2025-04-16 23:26:47,747-Speed 42.79 samples/sec   Loss 0.0133   LearningRate 0.000973   Epoch: 5   Global Step: 7620   Fp16 Grad Scale: 262144   Required: 223 hours
Training: 2025-04-16 23:27:15,533-Speed 46.07 samples/sec   Loss 0.0175   LearningRate 0.000973   Epoch: 5   Global Step: 7630   Fp16 Grad Scale: 262144   Required: 223 hours
Training: 2025-04-16 23:27:43,495-Speed 45.78 samples/sec   Loss 0.0521   LearningRate 0.000973   Epoch: 5   Global Step: 7640   Fp16 Grad Scale: 262144   Required: 223 hours
Training: 2025-04-16 23:28:11,146-Speed 46.29 samples/sec   Loss 0.0307   LearningRate 0.000973   Epoch: 5   Global Step: 7650   Fp16 Grad Scale: 524288   Required: 223 hours
Training: 2025-04-16 23:28:38,703-Speed 46.45 samples/sec   Loss 0.0404   LearningRate 0.000973   Epoch: 5   Global Step: 7660   Fp16 Grad Scale: 524288   Required: 223 hours
Training: 2025-04-16 23:29:06,198-Speed 46.56 samples/sec   Loss 0.0619   LearningRate 0.000973   Epoch: 5   Global Step: 7670   Fp16 Grad Scale: 524288   Required: 223 hours
Training: 2025-04-16 23:29:33,655-Speed 46.62 samples/sec   Loss 0.0192   LearningRate 0.000973   Epoch: 5   Global Step: 7680   Fp16 Grad Scale: 524288   Required: 223 hours
Training: 2025-04-16 23:30:01,329-Speed 46.25 samples/sec   Loss 0.0284   LearningRate 0.000973   Epoch: 5   Global Step: 7690   Fp16 Grad Scale: 524288   Required: 223 hours
Training: 2025-04-16 23:30:28,828-Speed 46.55 samples/sec   Loss 0.0155   LearningRate 0.000973   Epoch: 5   Global Step: 7700   Fp16 Grad Scale: 524288   Required: 223 hours
Training: 2025-04-16 23:30:58,454-Speed 43.21 samples/sec   Loss 0.1089   LearningRate 0.000973   Epoch: 5   Global Step: 7710   Fp16 Grad Scale: 524288   Required: 223 hours
Training: 2025-04-16 23:31:25,908-Speed 46.62 samples/sec   Loss 0.0317   LearningRate 0.000973   Epoch: 5   Global Step: 7720   Fp16 Grad Scale: 524288   Required: 223 hours
Training: 2025-04-16 23:31:53,471-Speed 46.44 samples/sec   Loss 0.0597   LearningRate 0.000973   Epoch: 5   Global Step: 7730   Fp16 Grad Scale: 524288   Required: 223 hours
Training: 2025-04-16 23:32:21,137-Speed 46.27 samples/sec   Loss 0.0142   LearningRate 0.000973   Epoch: 5   Global Step: 7740   Fp16 Grad Scale: 524288   Required: 223 hours
Training: 2025-04-16 23:32:48,626-Speed 46.57 samples/sec   Loss 0.0213   LearningRate 0.000973   Epoch: 5   Global Step: 7750   Fp16 Grad Scale: 1048576   Required: 223 hours
Training: 2025-04-16 23:33:16,164-Speed 46.48 samples/sec   Loss 0.0259   LearningRate 0.000973   Epoch: 5   Global Step: 7760   Fp16 Grad Scale: 1048576   Required: 223 hours
Training: 2025-04-16 23:33:43,646-Speed 46.58 samples/sec   Loss 0.0168   LearningRate 0.000973   Epoch: 5   Global Step: 7770   Fp16 Grad Scale: 1048576   Required: 222 hours
Training: 2025-04-16 23:34:11,236-Speed 46.39 samples/sec   Loss 0.0412   LearningRate 0.000973   Epoch: 5   Global Step: 7780   Fp16 Grad Scale: 1048576   Required: 222 hours
Training: 2025-04-16 23:34:38,907-Speed 46.26 samples/sec   Loss 0.0334   LearningRate 0.000973   Epoch: 5   Global Step: 7790   Fp16 Grad Scale: 1048576   Required: 222 hours
Training: 2025-04-16 23:35:06,455-Speed 46.47 samples/sec   Loss 0.0104   LearningRate 0.000973   Epoch: 5   Global Step: 7800   Fp16 Grad Scale: 1048576   Required: 222 hours
Training: 2025-04-16 23:35:34,001-Speed 46.47 samples/sec   Loss 0.0250   LearningRate 0.000973   Epoch: 5   Global Step: 7810   Fp16 Grad Scale: 1048576   Required: 222 hours
Training: 2025-04-16 23:36:03,396-Speed 43.55 samples/sec   Loss 0.0323   LearningRate 0.000973   Epoch: 5   Global Step: 7820   Fp16 Grad Scale: 1048576   Required: 222 hours
Training: 2025-04-16 23:36:31,119-Speed 46.17 samples/sec   Loss 0.0187   LearningRate 0.000973   Epoch: 5   Global Step: 7830   Fp16 Grad Scale: 1048576   Required: 222 hours
Training: 2025-04-16 23:36:58,693-Speed 46.42 samples/sec   Loss 0.0174   LearningRate 0.000973   Epoch: 5   Global Step: 7840   Fp16 Grad Scale: 1048576   Required: 222 hours
Training: 2025-04-16 23:37:26,180-Speed 46.57 samples/sec   Loss 0.0090   LearningRate 0.000972   Epoch: 5   Global Step: 7850   Fp16 Grad Scale: 1048576   Required: 222 hours
Training: 2025-04-16 23:37:53,678-Speed 46.55 samples/sec   Loss 0.0490   LearningRate 0.000972   Epoch: 5   Global Step: 7860   Fp16 Grad Scale: 1048576   Required: 222 hours
Training: 2025-04-16 23:38:21,250-Speed 46.43 samples/sec   Loss 0.0324   LearningRate 0.000972   Epoch: 5   Global Step: 7870   Fp16 Grad Scale: 1048576   Required: 222 hours
Training: 2025-04-16 23:38:48,932-Speed 46.24 samples/sec   Loss 0.0410   LearningRate 0.000972   Epoch: 5   Global Step: 7880   Fp16 Grad Scale: 1048576   Required: 222 hours
Training: 2025-04-16 23:39:16,454-Speed 46.51 samples/sec   Loss 0.0111   LearningRate 0.000972   Epoch: 5   Global Step: 7890   Fp16 Grad Scale: 1048576   Required: 222 hours
Training: 2025-04-16 23:39:43,969-Speed 46.52 samples/sec   Loss 0.0181   LearningRate 0.000972   Epoch: 5   Global Step: 7900   Fp16 Grad Scale: 1048576   Required: 222 hours
Training: 2025-04-16 23:40:11,432-Speed 46.61 samples/sec   Loss 0.0142   LearningRate 0.000972   Epoch: 5   Global Step: 7910   Fp16 Grad Scale: 1048576   Required: 222 hours
Training: 2025-04-16 23:40:38,863-Speed 46.66 samples/sec   Loss 0.0331   LearningRate 0.000972   Epoch: 5   Global Step: 7920   Fp16 Grad Scale: 1048576   Required: 222 hours
Training: 2025-04-16 23:41:08,829-Speed 42.72 samples/sec   Loss 0.0216   LearningRate 0.000972   Epoch: 5   Global Step: 7930   Fp16 Grad Scale: 1048576   Required: 222 hours
Training: 2025-04-16 23:41:36,507-Speed 46.25 samples/sec   Loss 0.0115   LearningRate 0.000972   Epoch: 5   Global Step: 7940   Fp16 Grad Scale: 1048576   Required: 222 hours
Training: 2025-04-16 23:42:03,997-Speed 46.56 samples/sec   Loss 0.0112   LearningRate 0.000972   Epoch: 5   Global Step: 7950   Fp16 Grad Scale: 2097152   Required: 222 hours
Training: 2025-04-16 23:42:31,497-Speed 46.55 samples/sec   Loss 0.0269   LearningRate 0.000972   Epoch: 5   Global Step: 7960   Fp16 Grad Scale: 2097152   Required: 222 hours
Training: 2025-04-16 23:42:59,067-Speed 46.43 samples/sec   Loss 0.0199   LearningRate 0.000972   Epoch: 5   Global Step: 7970   Fp16 Grad Scale: 2097152   Required: 222 hours
Training: 2025-04-16 23:43:26,679-Speed 46.36 samples/sec   Loss 0.0224   LearningRate 0.000972   Epoch: 5   Global Step: 7980   Fp16 Grad Scale: 524288   Required: 222 hours
Training: 2025-04-16 23:43:54,270-Speed 46.39 samples/sec   Loss 0.0270   LearningRate 0.000972   Epoch: 5   Global Step: 7990   Fp16 Grad Scale: 524288   Required: 222 hours
Training: 2025-04-16 23:44:21,778-Speed 46.53 samples/sec   Loss 0.0812   LearningRate 0.000972   Epoch: 5   Global Step: 8000   Fp16 Grad Scale: 524288   Required: 222 hours
Training: 2025-04-16 23:45:41,232-[val][Global step: 8000] d prime: 7.298472881317139
Model saved with d prime score: 7.298472881317139
Training: 2025-04-16 23:46:14,075-Speed 11.40 samples/sec   Loss 0.0717   LearningRate 0.000972   Epoch: 5   Global Step: 8010   Fp16 Grad Scale: 524288   Required: 223 hours
Training: 2025-04-16 23:46:41,538-Speed 46.61 samples/sec   Loss 0.0648   LearningRate 0.000972   Epoch: 5   Global Step: 8020   Fp16 Grad Scale: 524288   Required: 223 hours
Training: 2025-04-16 23:47:08,938-Speed 46.72 samples/sec   Loss 0.0343   LearningRate 0.000972   Epoch: 5   Global Step: 8030   Fp16 Grad Scale: 524288   Required: 223 hours
Training: 2025-04-16 23:47:36,689-Speed 46.13 samples/sec   Loss 0.0175   LearningRate 0.000972   Epoch: 5   Global Step: 8040   Fp16 Grad Scale: 524288   Required: 223 hours
Training: 2025-04-16 23:48:04,213-Speed 46.51 samples/sec   Loss 0.0205   LearningRate 0.000972   Epoch: 5   Global Step: 8050   Fp16 Grad Scale: 524288   Required: 223 hours
Training: 2025-04-16 23:48:31,760-Speed 46.47 samples/sec   Loss 0.0203   LearningRate 0.000972   Epoch: 5   Global Step: 8060   Fp16 Grad Scale: 524288   Required: 223 hours
Training: 2025-04-16 23:48:59,237-Speed 46.59 samples/sec   Loss 0.0226   LearningRate 0.000972   Epoch: 5   Global Step: 8070   Fp16 Grad Scale: 524288   Required: 223 hours
Training: 2025-04-16 23:49:26,722-Speed 46.57 samples/sec   Loss 0.0429   LearningRate 0.000972   Epoch: 5   Global Step: 8080   Fp16 Grad Scale: 1048576   Required: 223 hours
Training: 2025-04-16 23:49:54,456-Speed 46.15 samples/sec   Loss 0.0204   LearningRate 0.000972   Epoch: 5   Global Step: 8090   Fp16 Grad Scale: 1048576   Required: 223 hours
Training: 2025-04-16 23:50:21,948-Speed 46.56 samples/sec   Loss 0.1227   LearningRate 0.000972   Epoch: 5   Global Step: 8100   Fp16 Grad Scale: 1048576   Required: 223 hours
Training: 2025-04-16 23:50:49,449-Speed 46.54 samples/sec   Loss 0.0202   LearningRate 0.000972   Epoch: 5   Global Step: 8110   Fp16 Grad Scale: 1048576   Required: 223 hours
Training: 2025-04-16 23:51:19,052-Speed 43.24 samples/sec   Loss 0.0306   LearningRate 0.000972   Epoch: 5   Global Step: 8120   Fp16 Grad Scale: 1048576   Required: 223 hours
Training: 2025-04-16 23:51:46,548-Speed 46.55 samples/sec   Loss 0.0208   LearningRate 0.000971   Epoch: 5   Global Step: 8130   Fp16 Grad Scale: 1048576   Required: 223 hours
Training: 2025-04-16 23:52:14,278-Speed 46.16 samples/sec   Loss 0.0161   LearningRate 0.000971   Epoch: 5   Global Step: 8140   Fp16 Grad Scale: 1048576   Required: 223 hours
Training: 2025-04-16 23:52:41,818-Speed 46.48 samples/sec   Loss 0.0274   LearningRate 0.000971   Epoch: 5   Global Step: 8150   Fp16 Grad Scale: 1048576   Required: 223 hours
Training: 2025-04-16 23:53:09,270-Speed 46.63 samples/sec   Loss 0.0287   LearningRate 0.000971   Epoch: 5   Global Step: 8160   Fp16 Grad Scale: 1048576   Required: 223 hours
Training: 2025-04-16 23:53:36,673-Speed 46.71 samples/sec   Loss 0.0302   LearningRate 0.000971   Epoch: 5   Global Step: 8170   Fp16 Grad Scale: 1048576   Required: 223 hours
Training: 2025-04-16 23:54:04,207-Speed 46.49 samples/sec   Loss 0.0258   LearningRate 0.000971   Epoch: 5   Global Step: 8180   Fp16 Grad Scale: 2097152   Required: 223 hours
Training: 2025-04-16 23:54:31,898-Speed 46.22 samples/sec   Loss 0.0794   LearningRate 0.000971   Epoch: 5   Global Step: 8190   Fp16 Grad Scale: 1048576   Required: 222 hours
Training: 2025-04-16 23:54:59,397-Speed 46.55 samples/sec   Loss 0.0439   LearningRate 0.000971   Epoch: 5   Global Step: 8200   Fp16 Grad Scale: 1048576   Required: 222 hours
Training: 2025-04-16 23:55:26,900-Speed 46.54 samples/sec   Loss 0.0542   LearningRate 0.000971   Epoch: 5   Global Step: 8210   Fp16 Grad Scale: 1048576   Required: 222 hours
Training: 2025-04-16 23:55:54,312-Speed 46.70 samples/sec   Loss 0.0356   LearningRate 0.000971   Epoch: 5   Global Step: 8220   Fp16 Grad Scale: 1048576   Required: 222 hours
Training: 2025-04-16 23:56:24,980-Speed 41.74 samples/sec   Loss 0.0537   LearningRate 0.000971   Epoch: 5   Global Step: 8230   Fp16 Grad Scale: 1048576   Required: 222 hours
Training: 2025-04-16 23:56:55,317-Speed 42.19 samples/sec   Loss 0.0540   LearningRate 0.000971   Epoch: 5   Global Step: 8240   Fp16 Grad Scale: 1048576   Required: 222 hours
Training: 2025-04-16 23:57:23,210-Speed 45.89 samples/sec   Loss 0.1061   LearningRate 0.000971   Epoch: 5   Global Step: 8250   Fp16 Grad Scale: 1048576   Required: 222 hours
Training: 2025-04-16 23:57:50,753-Speed 46.47 samples/sec   Loss 0.1239   LearningRate 0.000971   Epoch: 5   Global Step: 8260   Fp16 Grad Scale: 1048576   Required: 222 hours
Training: 2025-04-16 23:58:18,268-Speed 46.52 samples/sec   Loss 0.0541   LearningRate 0.000971   Epoch: 5   Global Step: 8270   Fp16 Grad Scale: 1048576   Required: 222 hours
Training: 2025-04-16 23:58:45,743-Speed 46.59 samples/sec   Loss 0.0273   LearningRate 0.000971   Epoch: 5   Global Step: 8280   Fp16 Grad Scale: 1048576   Required: 222 hours
Training: 2025-04-16 23:59:13,318-Speed 46.42 samples/sec   Loss 0.0565   LearningRate 0.000971   Epoch: 5   Global Step: 8290   Fp16 Grad Scale: 1048576   Required: 222 hours
Training: 2025-04-16 23:59:40,865-Speed 46.47 samples/sec   Loss 0.0393   LearningRate 0.000971   Epoch: 5   Global Step: 8300   Fp16 Grad Scale: 1048576   Required: 222 hours
Training: 2025-04-17 00:00:08,353-Speed 46.57 samples/sec   Loss 0.0538   LearningRate 0.000971   Epoch: 5   Global Step: 8310   Fp16 Grad Scale: 1048576   Required: 222 hours
Training: 2025-04-17 00:00:35,843-Speed 46.56 samples/sec   Loss 0.0372   LearningRate 0.000971   Epoch: 5   Global Step: 8320   Fp16 Grad Scale: 1048576   Required: 222 hours
Training: 2025-04-17 00:01:03,434-Speed 46.39 samples/sec   Loss 0.0530   LearningRate 0.000971   Epoch: 5   Global Step: 8330   Fp16 Grad Scale: 1048576   Required: 222 hours
Training: 2025-04-17 00:01:33,206-Speed 42.99 samples/sec   Loss 0.0456   LearningRate 0.000971   Epoch: 5   Global Step: 8340   Fp16 Grad Scale: 1048576   Required: 222 hours
Training: 2025-04-17 00:02:00,716-Speed 46.53 samples/sec   Loss 0.0897   LearningRate 0.000971   Epoch: 5   Global Step: 8350   Fp16 Grad Scale: 1048576   Required: 222 hours
Training: 2025-04-17 00:02:28,210-Speed 46.56 samples/sec   Loss 0.0427   LearningRate 0.000971   Epoch: 5   Global Step: 8360   Fp16 Grad Scale: 1048576   Required: 222 hours
Training: 2025-04-17 00:02:55,693-Speed 46.57 samples/sec   Loss 0.0565   LearningRate 0.000971   Epoch: 5   Global Step: 8370   Fp16 Grad Scale: 1048576   Required: 222 hours
Training: 2025-04-17 00:03:23,288-Speed 46.39 samples/sec   Loss 0.1732   LearningRate 0.000971   Epoch: 5   Global Step: 8380   Fp16 Grad Scale: 524288   Required: 222 hours
Training: 2025-04-17 00:03:51,103-Speed 46.02 samples/sec   Loss 0.0733   LearningRate 0.000971   Epoch: 5   Global Step: 8390   Fp16 Grad Scale: 524288   Required: 222 hours
Training: 2025-04-17 00:04:18,645-Speed 46.47 samples/sec   Loss 0.1166   LearningRate 0.000971   Epoch: 5   Global Step: 8400   Fp16 Grad Scale: 524288   Required: 222 hours
Training: 2025-04-17 00:04:46,147-Speed 46.54 samples/sec   Loss 0.0928   LearningRate 0.000971   Epoch: 5   Global Step: 8410   Fp16 Grad Scale: 524288   Required: 222 hours
Training: 2025-04-17 00:05:13,746-Speed 46.38 samples/sec   Loss 0.0668   LearningRate 0.000970   Epoch: 5   Global Step: 8420   Fp16 Grad Scale: 524288   Required: 222 hours
Training: 2025-04-17 00:05:41,408-Speed 46.27 samples/sec   Loss 0.0528   LearningRate 0.000970   Epoch: 5   Global Step: 8430   Fp16 Grad Scale: 524288   Required: 222 hours
Training: 2025-04-17 00:06:08,936-Speed 46.50 samples/sec   Loss 0.0449   LearningRate 0.000970   Epoch: 5   Global Step: 8440   Fp16 Grad Scale: 524288   Required: 222 hours
Training: 2025-04-17 00:06:38,394-Speed 43.45 samples/sec   Loss 0.0599   LearningRate 0.000970   Epoch: 5   Global Step: 8450   Fp16 Grad Scale: 524288   Required: 222 hours
Training: 2025-04-17 00:07:05,876-Speed 46.58 samples/sec   Loss 0.0465   LearningRate 0.000970   Epoch: 5   Global Step: 8460   Fp16 Grad Scale: 524288   Required: 222 hours
Training: 2025-04-17 00:07:33,388-Speed 46.53 samples/sec   Loss 0.0708   LearningRate 0.000970   Epoch: 5   Global Step: 8470   Fp16 Grad Scale: 524288   Required: 222 hours
Training: 2025-04-17 00:08:01,003-Speed 46.35 samples/sec   Loss 0.0421   LearningRate 0.000970   Epoch: 5   Global Step: 8480   Fp16 Grad Scale: 1048576   Required: 222 hours
Training: 2025-04-17 00:08:28,585-Speed 46.41 samples/sec   Loss 0.0657   LearningRate 0.000970   Epoch: 5   Global Step: 8490   Fp16 Grad Scale: 1048576   Required: 222 hours
Training: 2025-04-17 00:08:56,116-Speed 46.49 samples/sec   Loss 0.0401   LearningRate 0.000970   Epoch: 5   Global Step: 8500   Fp16 Grad Scale: 1048576   Required: 222 hours
Training: 2025-04-17 00:09:23,649-Speed 46.49 samples/sec   Loss 0.1116   LearningRate 0.000970   Epoch: 5   Global Step: 8510   Fp16 Grad Scale: 1048576   Required: 222 hours
Training: 2025-04-17 00:09:51,185-Speed 46.49 samples/sec   Loss 0.0672   LearningRate 0.000970   Epoch: 5   Global Step: 8520   Fp16 Grad Scale: 1048576   Required: 222 hours
Training: 2025-04-17 00:10:18,876-Speed 46.23 samples/sec   Loss 0.0515   LearningRate 0.000970   Epoch: 5   Global Step: 8530   Fp16 Grad Scale: 1048576   Required: 222 hours
Training: 2025-04-17 00:10:46,447-Speed 46.43 samples/sec   Loss 0.0488   LearningRate 0.000970   Epoch: 5   Global Step: 8540   Fp16 Grad Scale: 1048576   Required: 222 hours
Training: 2025-04-17 00:11:13,913-Speed 46.60 samples/sec   Loss 0.0941   LearningRate 0.000970   Epoch: 5   Global Step: 8550   Fp16 Grad Scale: 1048576   Required: 222 hours
Training: 2025-04-17 00:11:43,139-Speed 43.80 samples/sec   Loss 0.0551   LearningRate 0.000970   Epoch: 5   Global Step: 8560   Fp16 Grad Scale: 1048576   Required: 222 hours
Training: 2025-04-17 00:12:25,852-Speed 29.97 samples/sec   Loss 0.0340   LearningRate 0.000970   Epoch: 6   Global Step: 8570   Fp16 Grad Scale: 1048576   Required: 222 hours
Training: 2025-04-17 00:12:53,326-Speed 46.59 samples/sec   Loss 0.0143   LearningRate 0.000970   Epoch: 6   Global Step: 8580   Fp16 Grad Scale: 2097152   Required: 222 hours
Training: 2025-04-17 00:13:20,559-Speed 47.00 samples/sec   Loss 0.0281   LearningRate 0.000970   Epoch: 6   Global Step: 8590   Fp16 Grad Scale: 1048576   Required: 222 hours
Training: 2025-04-17 00:13:48,065-Speed 46.54 samples/sec   Loss 0.0150   LearningRate 0.000970   Epoch: 6   Global Step: 8600   Fp16 Grad Scale: 1048576   Required: 222 hours
Training: 2025-04-17 00:14:15,512-Speed 46.64 samples/sec   Loss 0.0208   LearningRate 0.000970   Epoch: 6   Global Step: 8610   Fp16 Grad Scale: 1048576   Required: 222 hours
Training: 2025-04-17 00:14:43,004-Speed 46.56 samples/sec   Loss 0.0687   LearningRate 0.000970   Epoch: 6   Global Step: 8620   Fp16 Grad Scale: 1048576   Required: 222 hours
Training: 2025-04-17 00:15:10,536-Speed 46.49 samples/sec   Loss 0.0195   LearningRate 0.000970   Epoch: 6   Global Step: 8630   Fp16 Grad Scale: 1048576   Required: 222 hours
Training: 2025-04-17 00:15:37,948-Speed 46.70 samples/sec   Loss 0.0178   LearningRate 0.000970   Epoch: 6   Global Step: 8640   Fp16 Grad Scale: 1048576   Required: 222 hours
Training: 2025-04-17 00:16:05,387-Speed 46.65 samples/sec   Loss 0.0169   LearningRate 0.000970   Epoch: 6   Global Step: 8650   Fp16 Grad Scale: 1048576   Required: 222 hours
Training: 2025-04-17 00:16:34,641-Speed 43.75 samples/sec   Loss 0.0099   LearningRate 0.000970   Epoch: 6   Global Step: 8660   Fp16 Grad Scale: 1048576   Required: 222 hours
Training: 2025-04-17 00:17:02,211-Speed 46.43 samples/sec   Loss 0.0137   LearningRate 0.000970   Epoch: 6   Global Step: 8670   Fp16 Grad Scale: 1048576   Required: 222 hours
Training: 2025-04-17 00:17:29,644-Speed 46.66 samples/sec   Loss 0.0108   LearningRate 0.000970   Epoch: 6   Global Step: 8680   Fp16 Grad Scale: 524288   Required: 222 hours
Training: 2025-04-17 00:17:57,046-Speed 46.71 samples/sec   Loss 0.0080   LearningRate 0.000970   Epoch: 6   Global Step: 8690   Fp16 Grad Scale: 524288   Required: 222 hours
Training: 2025-04-17 00:18:24,430-Speed 46.74 samples/sec   Loss 0.0339   LearningRate 0.000969   Epoch: 6   Global Step: 8700   Fp16 Grad Scale: 524288   Required: 222 hours
Training: 2025-04-17 00:18:51,940-Speed 46.53 samples/sec   Loss 0.0202   LearningRate 0.000969   Epoch: 6   Global Step: 8710   Fp16 Grad Scale: 524288   Required: 222 hours
Training: 2025-04-17 00:19:19,434-Speed 46.56 samples/sec   Loss 0.0116   LearningRate 0.000969   Epoch: 6   Global Step: 8720   Fp16 Grad Scale: 524288   Required: 222 hours
Training: 2025-04-17 00:19:47,378-Speed 45.81 samples/sec   Loss 0.0169   LearningRate 0.000969   Epoch: 6   Global Step: 8730   Fp16 Grad Scale: 524288   Required: 222 hours
Training: 2025-04-17 00:20:14,837-Speed 46.62 samples/sec   Loss 0.0097   LearningRate 0.000969   Epoch: 6   Global Step: 8740   Fp16 Grad Scale: 524288   Required: 222 hours
Training: 2025-04-17 00:20:42,356-Speed 46.51 samples/sec   Loss 0.0606   LearningRate 0.000969   Epoch: 6   Global Step: 8750   Fp16 Grad Scale: 524288   Required: 222 hours
Training: 2025-04-17 00:21:10,094-Speed 46.15 samples/sec   Loss 0.0263   LearningRate 0.000969   Epoch: 6   Global Step: 8760   Fp16 Grad Scale: 524288   Required: 222 hours
Training: 2025-04-17 00:21:39,857-Speed 43.01 samples/sec   Loss 0.0139   LearningRate 0.000969   Epoch: 6   Global Step: 8770   Fp16 Grad Scale: 524288   Required: 222 hours
Training: 2025-04-17 00:22:07,188-Speed 46.83 samples/sec   Loss 0.0069   LearningRate 0.000969   Epoch: 6   Global Step: 8780   Fp16 Grad Scale: 1048576   Required: 222 hours
Training: 2025-04-17 00:22:34,690-Speed 46.54 samples/sec   Loss 0.0260   LearningRate 0.000969   Epoch: 6   Global Step: 8790   Fp16 Grad Scale: 1048576   Required: 222 hours
Training: 2025-04-17 00:23:02,137-Speed 46.64 samples/sec   Loss 0.0135   LearningRate 0.000969   Epoch: 6   Global Step: 8800   Fp16 Grad Scale: 1048576   Required: 222 hours
Training: 2025-04-17 00:23:29,760-Speed 46.34 samples/sec   Loss 0.0208   LearningRate 0.000969   Epoch: 6   Global Step: 8810   Fp16 Grad Scale: 1048576   Required: 222 hours
Training: 2025-04-17 00:23:57,256-Speed 46.55 samples/sec   Loss 0.0054   LearningRate 0.000969   Epoch: 6   Global Step: 8820   Fp16 Grad Scale: 1048576   Required: 221 hours
Training: 2025-04-17 00:24:24,657-Speed 46.72 samples/sec   Loss 0.0132   LearningRate 0.000969   Epoch: 6   Global Step: 8830   Fp16 Grad Scale: 1048576   Required: 221 hours
Training: 2025-04-17 00:24:52,066-Speed 46.70 samples/sec   Loss 0.0355   LearningRate 0.000969   Epoch: 6   Global Step: 8840   Fp16 Grad Scale: 1048576   Required: 221 hours
Training: 2025-04-17 00:25:19,407-Speed 46.82 samples/sec   Loss 0.0107   LearningRate 0.000969   Epoch: 6   Global Step: 8850   Fp16 Grad Scale: 1048576   Required: 221 hours
Training: 2025-04-17 00:25:47,010-Speed 46.37 samples/sec   Loss 0.0248   LearningRate 0.000969   Epoch: 6   Global Step: 8860   Fp16 Grad Scale: 1048576   Required: 221 hours
Training: 2025-04-17 00:26:14,602-Speed 46.39 samples/sec   Loss 0.0108   LearningRate 0.000969   Epoch: 6   Global Step: 8870   Fp16 Grad Scale: 1048576   Required: 221 hours
Training: 2025-04-17 00:26:46,685-Speed 39.90 samples/sec   Loss 0.0236   LearningRate 0.000969   Epoch: 6   Global Step: 8880   Fp16 Grad Scale: 2097152   Required: 221 hours
Training: 2025-04-17 00:27:14,564-Speed 45.91 samples/sec   Loss 0.0274   LearningRate 0.000969   Epoch: 6   Global Step: 8890   Fp16 Grad Scale: 1048576   Required: 221 hours
Training: 2025-04-17 00:27:42,360-Speed 46.05 samples/sec   Loss 0.0139   LearningRate 0.000969   Epoch: 6   Global Step: 8900   Fp16 Grad Scale: 1048576   Required: 221 hours
Training: 2025-04-17 00:28:10,011-Speed 46.29 samples/sec   Loss 0.0108   LearningRate 0.000969   Epoch: 6   Global Step: 8910   Fp16 Grad Scale: 1048576   Required: 221 hours
Training: 2025-04-17 00:28:37,444-Speed 46.66 samples/sec   Loss 0.0078   LearningRate 0.000969   Epoch: 6   Global Step: 8920   Fp16 Grad Scale: 1048576   Required: 221 hours
Training: 2025-04-17 00:29:04,861-Speed 46.69 samples/sec   Loss 0.0668   LearningRate 0.000969   Epoch: 6   Global Step: 8930   Fp16 Grad Scale: 1048576   Required: 221 hours
Training: 2025-04-17 00:29:32,263-Speed 46.71 samples/sec   Loss 0.0107   LearningRate 0.000969   Epoch: 6   Global Step: 8940   Fp16 Grad Scale: 1048576   Required: 221 hours
Training: 2025-04-17 00:29:59,889-Speed 46.33 samples/sec   Loss 0.0368   LearningRate 0.000969   Epoch: 6   Global Step: 8950   Fp16 Grad Scale: 1048576   Required: 221 hours
Training: 2025-04-17 00:30:27,364-Speed 46.59 samples/sec   Loss 0.0219   LearningRate 0.000969   Epoch: 6   Global Step: 8960   Fp16 Grad Scale: 1048576   Required: 221 hours
Training: 2025-04-17 00:30:54,791-Speed 46.67 samples/sec   Loss 0.0123   LearningRate 0.000969   Epoch: 6   Global Step: 8970   Fp16 Grad Scale: 1048576   Required: 221 hours
Training: 2025-04-17 00:31:22,225-Speed 46.66 samples/sec   Loss 0.0200   LearningRate 0.000969   Epoch: 6   Global Step: 8980   Fp16 Grad Scale: 1048576   Required: 221 hours
Training: 2025-04-17 00:31:51,562-Speed 43.63 samples/sec   Loss 0.0690   LearningRate 0.000968   Epoch: 6   Global Step: 8990   Fp16 Grad Scale: 1048576   Required: 221 hours
Training: 2025-04-17 00:32:19,168-Speed 46.37 samples/sec   Loss 0.0179   LearningRate 0.000968   Epoch: 6   Global Step: 9000   Fp16 Grad Scale: 1048576   Required: 221 hours
Training: 2025-04-17 00:32:46,675-Speed 46.54 samples/sec   Loss 0.0206   LearningRate 0.000968   Epoch: 6   Global Step: 9010   Fp16 Grad Scale: 524288   Required: 221 hours
Training: 2025-04-17 00:33:14,287-Speed 46.36 samples/sec   Loss 0.0224   LearningRate 0.000968   Epoch: 6   Global Step: 9020   Fp16 Grad Scale: 524288   Required: 221 hours
Training: 2025-04-17 00:33:41,698-Speed 46.70 samples/sec   Loss 0.0321   LearningRate 0.000968   Epoch: 6   Global Step: 9030   Fp16 Grad Scale: 524288   Required: 221 hours
Training: 2025-04-17 00:34:09,134-Speed 46.66 samples/sec   Loss 0.0208   LearningRate 0.000968   Epoch: 6   Global Step: 9040   Fp16 Grad Scale: 262144   Required: 221 hours
Training: 2025-04-17 00:34:36,740-Speed 46.37 samples/sec   Loss 0.0504   LearningRate 0.000968   Epoch: 6   Global Step: 9050   Fp16 Grad Scale: 262144   Required: 221 hours
Training: 2025-04-17 00:35:04,081-Speed 46.82 samples/sec   Loss 0.0452   LearningRate 0.000968   Epoch: 6   Global Step: 9060   Fp16 Grad Scale: 131072   Required: 221 hours
Training: 2025-04-17 00:35:31,521-Speed 46.65 samples/sec   Loss 0.0228   LearningRate 0.000968   Epoch: 6   Global Step: 9070   Fp16 Grad Scale: 131072   Required: 221 hours
Training: 2025-04-17 00:35:58,800-Speed 46.92 samples/sec   Loss 0.0124   LearningRate 0.000968   Epoch: 6   Global Step: 9080   Fp16 Grad Scale: 131072   Required: 221 hours
Training: 2025-04-17 00:36:26,376-Speed 46.42 samples/sec   Loss 0.0197   LearningRate 0.000968   Epoch: 6   Global Step: 9090   Fp16 Grad Scale: 131072   Required: 221 hours
Training: 2025-04-17 00:36:55,611-Speed 43.78 samples/sec   Loss 0.0319   LearningRate 0.000968   Epoch: 6   Global Step: 9100   Fp16 Grad Scale: 131072   Required: 221 hours
Training: 2025-04-17 00:37:23,146-Speed 46.49 samples/sec   Loss 0.0114   LearningRate 0.000968   Epoch: 6   Global Step: 9110   Fp16 Grad Scale: 131072   Required: 221 hours
Training: 2025-04-17 00:37:50,516-Speed 46.77 samples/sec   Loss 0.0209   LearningRate 0.000968   Epoch: 6   Global Step: 9120   Fp16 Grad Scale: 131072   Required: 221 hours
Training: 2025-04-17 00:38:17,868-Speed 46.80 samples/sec   Loss 0.0303   LearningRate 0.000968   Epoch: 6   Global Step: 9130   Fp16 Grad Scale: 131072   Required: 221 hours
Training: 2025-04-17 00:38:45,478-Speed 46.36 samples/sec   Loss 0.0283   LearningRate 0.000968   Epoch: 6   Global Step: 9140   Fp16 Grad Scale: 131072   Required: 221 hours
Training: 2025-04-17 00:39:12,860-Speed 46.75 samples/sec   Loss 0.0664   LearningRate 0.000968   Epoch: 6   Global Step: 9150   Fp16 Grad Scale: 131072   Required: 221 hours
Training: 2025-04-17 00:39:40,352-Speed 46.56 samples/sec   Loss 0.0746   LearningRate 0.000968   Epoch: 6   Global Step: 9160   Fp16 Grad Scale: 262144   Required: 221 hours
Training: 2025-04-17 00:40:08,077-Speed 46.17 samples/sec   Loss 0.0296   LearningRate 0.000968   Epoch: 6   Global Step: 9170   Fp16 Grad Scale: 262144   Required: 221 hours
Training: 2025-04-17 00:40:35,532-Speed 46.62 samples/sec   Loss 0.1048   LearningRate 0.000968   Epoch: 6   Global Step: 9180   Fp16 Grad Scale: 262144   Required: 221 hours
Training: 2025-04-17 00:41:03,127-Speed 46.39 samples/sec   Loss 0.0320   LearningRate 0.000968   Epoch: 6   Global Step: 9190   Fp16 Grad Scale: 262144   Required: 221 hours
Training: 2025-04-17 00:41:30,617-Speed 46.56 samples/sec   Loss 0.1128   LearningRate 0.000968   Epoch: 6   Global Step: 9200   Fp16 Grad Scale: 262144   Required: 221 hours
Training: 2025-04-17 00:42:00,158-Speed 43.33 samples/sec   Loss 0.0559   LearningRate 0.000968   Epoch: 6   Global Step: 9210   Fp16 Grad Scale: 262144   Required: 221 hours
Training: 2025-04-17 00:42:27,500-Speed 46.82 samples/sec   Loss 0.0547   LearningRate 0.000968   Epoch: 6   Global Step: 9220   Fp16 Grad Scale: 262144   Required: 221 hours
Training: 2025-04-17 00:42:54,852-Speed 46.80 samples/sec   Loss 0.0425   LearningRate 0.000968   Epoch: 6   Global Step: 9230   Fp16 Grad Scale: 262144   Required: 221 hours
Training: 2025-04-17 00:43:22,401-Speed 46.46 samples/sec   Loss 0.0359   LearningRate 0.000968   Epoch: 6   Global Step: 9240   Fp16 Grad Scale: 262144   Required: 221 hours
Training: 2025-04-17 00:43:49,758-Speed 46.79 samples/sec   Loss 0.0228   LearningRate 0.000968   Epoch: 6   Global Step: 9250   Fp16 Grad Scale: 262144   Required: 221 hours
Training: 2025-04-17 00:44:17,281-Speed 46.51 samples/sec   Loss 0.0206   LearningRate 0.000968   Epoch: 6   Global Step: 9260   Fp16 Grad Scale: 524288   Required: 221 hours
Training: 2025-04-17 00:44:44,788-Speed 46.53 samples/sec   Loss 0.0391   LearningRate 0.000967   Epoch: 6   Global Step: 9270   Fp16 Grad Scale: 524288   Required: 221 hours
Training: 2025-04-17 00:45:12,213-Speed 46.67 samples/sec   Loss 0.0397   LearningRate 0.000967   Epoch: 6   Global Step: 9280   Fp16 Grad Scale: 524288   Required: 221 hours
Training: 2025-04-17 00:45:39,761-Speed 46.46 samples/sec   Loss 0.0230   LearningRate 0.000967   Epoch: 6   Global Step: 9290   Fp16 Grad Scale: 524288   Required: 221 hours
Training: 2025-04-17 00:46:07,242-Speed 46.58 samples/sec   Loss 0.0410   LearningRate 0.000967   Epoch: 6   Global Step: 9300   Fp16 Grad Scale: 524288   Required: 221 hours
Training: 2025-04-17 00:46:34,688-Speed 46.64 samples/sec   Loss 0.0730   LearningRate 0.000967   Epoch: 6   Global Step: 9310   Fp16 Grad Scale: 524288   Required: 221 hours
Training: 2025-04-17 00:47:04,134-Speed 43.47 samples/sec   Loss 0.0655   LearningRate 0.000967   Epoch: 6   Global Step: 9320   Fp16 Grad Scale: 524288   Required: 221 hours
Training: 2025-04-17 00:47:31,604-Speed 46.60 samples/sec   Loss 0.0668   LearningRate 0.000967   Epoch: 6   Global Step: 9330   Fp16 Grad Scale: 524288   Required: 221 hours
Training: 2025-04-17 00:47:58,973-Speed 46.77 samples/sec   Loss 0.0629   LearningRate 0.000967   Epoch: 6   Global Step: 9340   Fp16 Grad Scale: 524288   Required: 221 hours
Training: 2025-04-17 00:48:26,468-Speed 46.55 samples/sec   Loss 0.0431   LearningRate 0.000967   Epoch: 6   Global Step: 9350   Fp16 Grad Scale: 524288   Required: 221 hours
Training: 2025-04-17 00:48:53,916-Speed 46.63 samples/sec   Loss 0.0927   LearningRate 0.000967   Epoch: 6   Global Step: 9360   Fp16 Grad Scale: 1048576   Required: 221 hours
Training: 2025-04-17 00:49:21,272-Speed 46.79 samples/sec   Loss 0.0982   LearningRate 0.000967   Epoch: 6   Global Step: 9370   Fp16 Grad Scale: 524288   Required: 221 hours
Training: 2025-04-17 00:49:48,838-Speed 46.43 samples/sec   Loss 0.0551   LearningRate 0.000967   Epoch: 6   Global Step: 9380   Fp16 Grad Scale: 524288   Required: 221 hours
Training: 2025-04-17 00:50:16,312-Speed 46.59 samples/sec   Loss 0.1736   LearningRate 0.000967   Epoch: 6   Global Step: 9390   Fp16 Grad Scale: 524288   Required: 221 hours
Training: 2025-04-17 00:50:43,808-Speed 46.55 samples/sec   Loss 0.1021   LearningRate 0.000967   Epoch: 6   Global Step: 9400   Fp16 Grad Scale: 524288   Required: 220 hours
Training: 2025-04-17 00:51:11,233-Speed 46.67 samples/sec   Loss 0.0725   LearningRate 0.000967   Epoch: 6   Global Step: 9410   Fp16 Grad Scale: 524288   Required: 220 hours
Training: 2025-04-17 00:51:38,580-Speed 46.81 samples/sec   Loss 0.0539   LearningRate 0.000967   Epoch: 6   Global Step: 9420   Fp16 Grad Scale: 524288   Required: 220 hours
Training: 2025-04-17 00:52:08,205-Speed 43.21 samples/sec   Loss 0.0346   LearningRate 0.000967   Epoch: 6   Global Step: 9430   Fp16 Grad Scale: 524288   Required: 220 hours
Training: 2025-04-17 00:52:35,644-Speed 46.65 samples/sec   Loss 0.0359   LearningRate 0.000967   Epoch: 6   Global Step: 9440   Fp16 Grad Scale: 524288   Required: 220 hours
Training: 2025-04-17 00:53:03,059-Speed 46.69 samples/sec   Loss 0.0356   LearningRate 0.000967   Epoch: 6   Global Step: 9450   Fp16 Grad Scale: 524288   Required: 220 hours
Training: 2025-04-17 00:53:30,316-Speed 46.96 samples/sec   Loss 0.0270   LearningRate 0.000967   Epoch: 6   Global Step: 9460   Fp16 Grad Scale: 524288   Required: 220 hours
Training: 2025-04-17 00:53:57,778-Speed 46.61 samples/sec   Loss 0.0292   LearningRate 0.000967   Epoch: 6   Global Step: 9470   Fp16 Grad Scale: 1048576   Required: 220 hours
Training: 2025-04-17 00:54:25,320-Speed 46.48 samples/sec   Loss 0.0323   LearningRate 0.000967   Epoch: 6   Global Step: 9480   Fp16 Grad Scale: 1048576   Required: 220 hours
Training: 2025-04-17 00:54:52,712-Speed 46.73 samples/sec   Loss 0.0322   LearningRate 0.000967   Epoch: 6   Global Step: 9490   Fp16 Grad Scale: 1048576   Required: 220 hours
Training: 2025-04-17 00:55:20,127-Speed 46.69 samples/sec   Loss 0.0279   LearningRate 0.000967   Epoch: 6   Global Step: 9500   Fp16 Grad Scale: 1048576   Required: 220 hours
Training: 2025-04-17 00:55:47,453-Speed 46.84 samples/sec   Loss 0.0252   LearningRate 0.000967   Epoch: 6   Global Step: 9510   Fp16 Grad Scale: 1048576   Required: 220 hours
Training: 2025-04-17 00:56:15,020-Speed 46.43 samples/sec   Loss 0.0962   LearningRate 0.000967   Epoch: 6   Global Step: 9520   Fp16 Grad Scale: 524288   Required: 220 hours
Training: 2025-04-17 00:56:44,967-Speed 42.74 samples/sec   Loss 0.0491   LearningRate 0.000967   Epoch: 6   Global Step: 9530   Fp16 Grad Scale: 524288   Required: 220 hours
Training: 2025-04-17 00:57:15,212-Speed 42.32 samples/sec   Loss 0.0544   LearningRate 0.000967   Epoch: 6   Global Step: 9540   Fp16 Grad Scale: 524288   Required: 220 hours
Training: 2025-04-17 00:57:42,750-Speed 46.48 samples/sec   Loss 0.0308   LearningRate 0.000967   Epoch: 6   Global Step: 9550   Fp16 Grad Scale: 524288   Required: 220 hours
Training: 2025-04-17 00:58:10,098-Speed 46.80 samples/sec   Loss 0.0411   LearningRate 0.000966   Epoch: 6   Global Step: 9560   Fp16 Grad Scale: 524288   Required: 220 hours
Training: 2025-04-17 00:58:37,650-Speed 46.46 samples/sec   Loss 0.0250   LearningRate 0.000966   Epoch: 6   Global Step: 9570   Fp16 Grad Scale: 524288   Required: 220 hours
Training: 2025-04-17 00:59:05,238-Speed 46.40 samples/sec   Loss 0.0299   LearningRate 0.000966   Epoch: 6   Global Step: 9580   Fp16 Grad Scale: 524288   Required: 220 hours
Training: 2025-04-17 00:59:32,674-Speed 46.65 samples/sec   Loss 0.0322   LearningRate 0.000966   Epoch: 6   Global Step: 9590   Fp16 Grad Scale: 524288   Required: 220 hours
Training: 2025-04-17 01:00:00,036-Speed 46.78 samples/sec   Loss 0.0346   LearningRate 0.000966   Epoch: 6   Global Step: 9600   Fp16 Grad Scale: 524288   Required: 220 hours
Training: 2025-04-17 01:00:27,484-Speed 46.63 samples/sec   Loss 0.0281   LearningRate 0.000966   Epoch: 6   Global Step: 9610   Fp16 Grad Scale: 524288   Required: 220 hours
Training: 2025-04-17 01:00:54,993-Speed 46.53 samples/sec   Loss 0.0097   LearningRate 0.000966   Epoch: 6   Global Step: 9620   Fp16 Grad Scale: 1048576   Required: 220 hours
Training: 2025-04-17 01:01:22,510-Speed 46.52 samples/sec   Loss 0.0257   LearningRate 0.000966   Epoch: 6   Global Step: 9630   Fp16 Grad Scale: 1048576   Required: 220 hours
Training: 2025-04-17 01:01:50,144-Speed 46.32 samples/sec   Loss 0.0368   LearningRate 0.000966   Epoch: 6   Global Step: 9640   Fp16 Grad Scale: 1048576   Required: 220 hours
Training: 2025-04-17 01:02:19,566-Speed 43.51 samples/sec   Loss 0.0189   LearningRate 0.000966   Epoch: 6   Global Step: 9650   Fp16 Grad Scale: 1048576   Required: 220 hours
Training: 2025-04-17 01:02:46,999-Speed 46.66 samples/sec   Loss 0.0312   LearningRate 0.000966   Epoch: 6   Global Step: 9660   Fp16 Grad Scale: 1048576   Required: 220 hours
Training: 2025-04-17 01:03:14,479-Speed 46.58 samples/sec   Loss 0.0198   LearningRate 0.000966   Epoch: 6   Global Step: 9670   Fp16 Grad Scale: 1048576   Required: 220 hours
Training: 2025-04-17 01:03:41,937-Speed 46.62 samples/sec   Loss 0.0205   LearningRate 0.000966   Epoch: 6   Global Step: 9680   Fp16 Grad Scale: 524288   Required: 220 hours
Training: 2025-04-17 01:04:09,486-Speed 46.46 samples/sec   Loss 0.0339   LearningRate 0.000966   Epoch: 6   Global Step: 9690   Fp16 Grad Scale: 524288   Required: 220 hours
Training: 2025-04-17 01:04:36,845-Speed 46.79 samples/sec   Loss 0.0309   LearningRate 0.000966   Epoch: 6   Global Step: 9700   Fp16 Grad Scale: 524288   Required: 220 hours
Training: 2025-04-17 01:05:04,384-Speed 46.48 samples/sec   Loss 0.0518   LearningRate 0.000966   Epoch: 6   Global Step: 9710   Fp16 Grad Scale: 524288   Required: 220 hours
Training: 2025-04-17 01:05:31,865-Speed 46.58 samples/sec   Loss 0.0487   LearningRate 0.000966   Epoch: 6   Global Step: 9720   Fp16 Grad Scale: 524288   Required: 220 hours
Training: 2025-04-17 01:05:59,386-Speed 46.51 samples/sec   Loss 0.0508   LearningRate 0.000966   Epoch: 6   Global Step: 9730   Fp16 Grad Scale: 524288   Required: 220 hours
Training: 2025-04-17 01:06:26,786-Speed 46.72 samples/sec   Loss 0.0337   LearningRate 0.000966   Epoch: 6   Global Step: 9740   Fp16 Grad Scale: 524288   Required: 220 hours
Training: 2025-04-17 01:06:54,165-Speed 46.75 samples/sec   Loss 0.0323   LearningRate 0.000966   Epoch: 6   Global Step: 9750   Fp16 Grad Scale: 524288   Required: 220 hours
Training: 2025-04-17 01:07:23,516-Speed 43.61 samples/sec   Loss 0.0347   LearningRate 0.000966   Epoch: 6   Global Step: 9760   Fp16 Grad Scale: 524288   Required: 220 hours
Training: 2025-04-17 01:07:50,916-Speed 46.72 samples/sec   Loss 0.0375   LearningRate 0.000966   Epoch: 6   Global Step: 9770   Fp16 Grad Scale: 524288   Required: 220 hours
Training: 2025-04-17 01:08:18,366-Speed 46.63 samples/sec   Loss 0.1095   LearningRate 0.000966   Epoch: 6   Global Step: 9780   Fp16 Grad Scale: 1048576   Required: 220 hours
Training: 2025-04-17 01:08:45,804-Speed 46.65 samples/sec   Loss 0.0365   LearningRate 0.000966   Epoch: 6   Global Step: 9790   Fp16 Grad Scale: 1048576   Required: 220 hours
Training: 2025-04-17 01:09:13,206-Speed 46.71 samples/sec   Loss 0.0312   LearningRate 0.000966   Epoch: 6   Global Step: 9800   Fp16 Grad Scale: 1048576   Required: 220 hours
Training: 2025-04-17 01:09:40,698-Speed 46.56 samples/sec   Loss 0.0381   LearningRate 0.000966   Epoch: 6   Global Step: 9810   Fp16 Grad Scale: 1048576   Required: 220 hours
Training: 2025-04-17 01:10:08,500-Speed 46.04 samples/sec   Loss 0.0238   LearningRate 0.000966   Epoch: 6   Global Step: 9820   Fp16 Grad Scale: 1048576   Required: 220 hours
Training: 2025-04-17 01:10:35,894-Speed 46.73 samples/sec   Loss 0.0274   LearningRate 0.000966   Epoch: 6   Global Step: 9830   Fp16 Grad Scale: 1048576   Required: 220 hours
Training: 2025-04-17 01:11:03,317-Speed 46.68 samples/sec   Loss 0.0267   LearningRate 0.000965   Epoch: 6   Global Step: 9840   Fp16 Grad Scale: 1048576   Required: 220 hours
Training: 2025-04-17 01:11:30,846-Speed 46.50 samples/sec   Loss 0.0308   LearningRate 0.000965   Epoch: 6   Global Step: 9850   Fp16 Grad Scale: 1048576   Required: 220 hours
Training: 2025-04-17 01:11:58,300-Speed 46.62 samples/sec   Loss 0.0207   LearningRate 0.000965   Epoch: 6   Global Step: 9860   Fp16 Grad Scale: 1048576   Required: 220 hours
Training: 2025-04-17 01:12:27,707-Speed 43.53 samples/sec   Loss 0.0356   LearningRate 0.000965   Epoch: 6   Global Step: 9870   Fp16 Grad Scale: 1048576   Required: 220 hours
Training: 2025-04-17 01:12:55,169-Speed 46.61 samples/sec   Loss 0.0338   LearningRate 0.000965   Epoch: 6   Global Step: 9880   Fp16 Grad Scale: 1048576   Required: 220 hours
Training: 2025-04-17 01:13:22,518-Speed 46.80 samples/sec   Loss 0.0430   LearningRate 0.000965   Epoch: 6   Global Step: 9890   Fp16 Grad Scale: 1048576   Required: 220 hours
Training: 2025-04-17 01:13:49,949-Speed 46.66 samples/sec   Loss 0.0920   LearningRate 0.000965   Epoch: 6   Global Step: 9900   Fp16 Grad Scale: 1048576   Required: 220 hours
Training: 2025-04-17 01:14:17,349-Speed 46.72 samples/sec   Loss 0.0330   LearningRate 0.000965   Epoch: 6   Global Step: 9910   Fp16 Grad Scale: 1048576   Required: 220 hours
Training: 2025-04-17 01:14:44,727-Speed 46.75 samples/sec   Loss 0.0395   LearningRate 0.000965   Epoch: 6   Global Step: 9920   Fp16 Grad Scale: 1048576   Required: 220 hours
Training: 2025-04-17 01:15:12,280-Speed 46.46 samples/sec   Loss 0.0686   LearningRate 0.000965   Epoch: 6   Global Step: 9930   Fp16 Grad Scale: 1048576   Required: 220 hours
Training: 2025-04-17 01:15:39,690-Speed 46.70 samples/sec   Loss 0.0364   LearningRate 0.000965   Epoch: 6   Global Step: 9940   Fp16 Grad Scale: 1048576   Required: 220 hours
Training: 2025-04-17 01:16:07,228-Speed 46.48 samples/sec   Loss 0.0368   LearningRate 0.000965   Epoch: 6   Global Step: 9950   Fp16 Grad Scale: 1048576   Required: 220 hours
Training: 2025-04-17 01:16:34,683-Speed 46.62 samples/sec   Loss 0.0337   LearningRate 0.000965   Epoch: 6   Global Step: 9960   Fp16 Grad Scale: 1048576   Required: 220 hours
Training: 2025-04-17 01:17:02,149-Speed 46.60 samples/sec   Loss 0.0374   LearningRate 0.000965   Epoch: 6   Global Step: 9970   Fp16 Grad Scale: 524288   Required: 220 hours
Training: 2025-04-17 01:17:31,689-Speed 43.33 samples/sec   Loss 0.0311   LearningRate 0.000965   Epoch: 6   Global Step: 9980   Fp16 Grad Scale: 524288   Required: 220 hours
Training: 2025-04-17 01:18:13,233-Speed 30.81 samples/sec   Loss 0.0283   LearningRate 0.000965   Epoch: 7   Global Step: 9990   Fp16 Grad Scale: 524288   Required: 220 hours
Training: 2025-04-17 01:18:40,780-Speed 46.47 samples/sec   Loss 0.0484   LearningRate 0.000965   Epoch: 7   Global Step: 10000   Fp16 Grad Scale: 524288   Required: 220 hours
Training: 2025-04-17 01:20:00,290-[val][Global step: 10000] d prime: 7.230075359344482
Training: 2025-04-17 01:20:27,488-Speed 12.00 samples/sec   Loss 0.0250   LearningRate 0.000965   Epoch: 7   Global Step: 10010   Fp16 Grad Scale: 524288   Required: 220 hours
Training: 2025-04-17 01:20:55,013-Speed 46.51 samples/sec   Loss 0.0127   LearningRate 0.000965   Epoch: 7   Global Step: 10020   Fp16 Grad Scale: 524288   Required: 220 hours
Training: 2025-04-17 01:21:22,416-Speed 46.71 samples/sec   Loss 0.0179   LearningRate 0.000965   Epoch: 7   Global Step: 10030   Fp16 Grad Scale: 524288   Required: 220 hours
Training: 2025-04-17 01:21:49,905-Speed 46.56 samples/sec   Loss 0.0135   LearningRate 0.000965   Epoch: 7   Global Step: 10040   Fp16 Grad Scale: 524288   Required: 220 hours
Training: 2025-04-17 01:22:19,232-Speed 43.65 samples/sec   Loss 0.0142   LearningRate 0.000965   Epoch: 7   Global Step: 10050   Fp16 Grad Scale: 524288   Required: 220 hours
Training: 2025-04-17 01:22:46,650-Speed 46.69 samples/sec   Loss 0.0183   LearningRate 0.000965   Epoch: 7   Global Step: 10060   Fp16 Grad Scale: 524288   Required: 220 hours
Training: 2025-04-17 01:23:14,225-Speed 46.42 samples/sec   Loss 0.0208   LearningRate 0.000965   Epoch: 7   Global Step: 10070   Fp16 Grad Scale: 1048576   Required: 220 hours
Training: 2025-04-17 01:23:41,687-Speed 46.61 samples/sec   Loss 0.0033   LearningRate 0.000965   Epoch: 7   Global Step: 10080   Fp16 Grad Scale: 1048576   Required: 220 hours
Training: 2025-04-17 01:24:09,135-Speed 46.63 samples/sec   Loss 0.0090   LearningRate 0.000965   Epoch: 7   Global Step: 10090   Fp16 Grad Scale: 1048576   Required: 220 hours
Training: 2025-04-17 01:24:36,580-Speed 46.64 samples/sec   Loss 0.0110   LearningRate 0.000965   Epoch: 7   Global Step: 10100   Fp16 Grad Scale: 1048576   Required: 220 hours
Training: 2025-04-17 01:25:04,131-Speed 46.46 samples/sec   Loss 0.0066   LearningRate 0.000965   Epoch: 7   Global Step: 10110   Fp16 Grad Scale: 1048576   Required: 220 hours
Training: 2025-04-17 01:25:31,715-Speed 46.40 samples/sec   Loss 0.0076   LearningRate 0.000965   Epoch: 7   Global Step: 10120   Fp16 Grad Scale: 1048576   Required: 220 hours
Training: 2025-04-17 01:25:59,191-Speed 46.59 samples/sec   Loss 0.0126   LearningRate 0.000964   Epoch: 7   Global Step: 10130   Fp16 Grad Scale: 1048576   Required: 220 hours
Training: 2025-04-17 01:26:27,789-Speed 44.76 samples/sec   Loss 0.0575   LearningRate 0.000964   Epoch: 7   Global Step: 10140   Fp16 Grad Scale: 1048576   Required: 220 hours
Training: 2025-04-17 01:26:57,314-Speed 43.35 samples/sec   Loss 0.0457   LearningRate 0.000964   Epoch: 7   Global Step: 10150   Fp16 Grad Scale: 1048576   Required: 220 hours
Training: 2025-04-17 01:27:27,186-Speed 42.85 samples/sec   Loss 0.0158   LearningRate 0.000964   Epoch: 7   Global Step: 10160   Fp16 Grad Scale: 1048576   Required: 220 hours
Training: 2025-04-17 01:27:54,720-Speed 46.49 samples/sec   Loss 0.0114   LearningRate 0.000964   Epoch: 7   Global Step: 10170   Fp16 Grad Scale: 2097152   Required: 220 hours
Training: 2025-04-17 01:28:22,245-Speed 46.50 samples/sec   Loss 0.0183   LearningRate 0.000964   Epoch: 7   Global Step: 10180   Fp16 Grad Scale: 2097152   Required: 220 hours
Training: 2025-04-17 01:28:49,781-Speed 46.49 samples/sec   Loss 0.0153   LearningRate 0.000964   Epoch: 7   Global Step: 10190   Fp16 Grad Scale: 2097152   Required: 220 hours
Training: 2025-04-17 01:29:17,285-Speed 46.54 samples/sec   Loss 0.0075   LearningRate 0.000964   Epoch: 7   Global Step: 10200   Fp16 Grad Scale: 2097152   Required: 220 hours
Training: 2025-04-17 01:29:44,808-Speed 46.51 samples/sec   Loss 0.0144   LearningRate 0.000964   Epoch: 7   Global Step: 10210   Fp16 Grad Scale: 1048576   Required: 220 hours
Training: 2025-04-17 01:30:12,460-Speed 46.29 samples/sec   Loss 0.0172   LearningRate 0.000964   Epoch: 7   Global Step: 10220   Fp16 Grad Scale: 1048576   Required: 220 hours
Training: 2025-04-17 01:30:39,838-Speed 46.76 samples/sec   Loss 0.0060   LearningRate 0.000964   Epoch: 7   Global Step: 10230   Fp16 Grad Scale: 1048576   Required: 220 hours
Training: 2025-04-17 01:31:08,109-Speed 46.62 samples/sec   Loss 0.0222   LearningRate 0.000964   Epoch: 7   Global Step: 10240   Fp16 Grad Scale: 1048576   Required: 220 hours
Training: 2025-04-17 01:31:35,565-Speed 46.62 samples/sec   Loss 0.0128   LearningRate 0.000964   Epoch: 7   Global Step: 10250   Fp16 Grad Scale: 1048576   Required: 220 hours
Training: 2025-04-17 01:32:03,158-Speed 46.39 samples/sec   Loss 0.0113   LearningRate 0.000964   Epoch: 7   Global Step: 10260   Fp16 Grad Scale: 1048576   Required: 220 hours
Training: 2025-04-17 01:32:32,537-Speed 43.57 samples/sec   Loss 0.0090   LearningRate 0.000964   Epoch: 7   Global Step: 10270   Fp16 Grad Scale: 1048576   Required: 220 hours
Training: 2025-04-17 01:33:00,098-Speed 46.44 samples/sec   Loss 0.0058   LearningRate 0.000964   Epoch: 7   Global Step: 10280   Fp16 Grad Scale: 1048576   Required: 220 hours
Training: 2025-04-17 01:33:27,747-Speed 46.30 samples/sec   Loss 0.0139   LearningRate 0.000964   Epoch: 7   Global Step: 10290   Fp16 Grad Scale: 1048576   Required: 220 hours
Training: 2025-04-17 01:33:55,375-Speed 46.33 samples/sec   Loss 0.0050   LearningRate 0.000964   Epoch: 7   Global Step: 10300   Fp16 Grad Scale: 1048576   Required: 220 hours
Training: 2025-04-17 01:34:22,822-Speed 46.64 samples/sec   Loss 0.0062   LearningRate 0.000964   Epoch: 7   Global Step: 10310   Fp16 Grad Scale: 2097152   Required: 220 hours
Training: 2025-04-17 01:34:50,302-Speed 46.58 samples/sec   Loss 0.0255   LearningRate 0.000964   Epoch: 7   Global Step: 10320   Fp16 Grad Scale: 1048576   Required: 220 hours
Training: 2025-04-17 01:35:17,746-Speed 46.64 samples/sec   Loss 0.0272   LearningRate 0.000964   Epoch: 7   Global Step: 10330   Fp16 Grad Scale: 524288   Required: 220 hours
Training: 2025-04-17 01:35:45,275-Speed 46.50 samples/sec   Loss 0.0169   LearningRate 0.000964   Epoch: 7   Global Step: 10340   Fp16 Grad Scale: 524288   Required: 220 hours
Training: 2025-04-17 01:36:12,745-Speed 46.60 samples/sec   Loss 0.0048   LearningRate 0.000964   Epoch: 7   Global Step: 10350   Fp16 Grad Scale: 524288   Required: 220 hours
Training: 2025-04-17 01:36:40,143-Speed 46.72 samples/sec   Loss 0.0136   LearningRate 0.000964   Epoch: 7   Global Step: 10360   Fp16 Grad Scale: 524288   Required: 220 hours
Training: 2025-04-17 01:37:07,610-Speed 46.60 samples/sec   Loss 0.0317   LearningRate 0.000964   Epoch: 7   Global Step: 10370   Fp16 Grad Scale: 524288   Required: 220 hours
Training: 2025-04-17 01:37:37,141-Speed 43.35 samples/sec   Loss 0.0177   LearningRate 0.000964   Epoch: 7   Global Step: 10380   Fp16 Grad Scale: 524288   Required: 220 hours
Training: 2025-04-17 01:38:04,709-Speed 46.43 samples/sec   Loss 0.0205   LearningRate 0.000964   Epoch: 7   Global Step: 10390   Fp16 Grad Scale: 524288   Required: 220 hours
Training: 2025-04-17 01:38:32,299-Speed 46.39 samples/sec   Loss 0.0163   LearningRate 0.000964   Epoch: 7   Global Step: 10400   Fp16 Grad Scale: 524288   Required: 220 hours
Training: 2025-04-17 01:38:59,816-Speed 46.52 samples/sec   Loss 0.0181   LearningRate 0.000963   Epoch: 7   Global Step: 10410   Fp16 Grad Scale: 524288   Required: 220 hours
Training: 2025-04-17 01:39:27,268-Speed 46.63 samples/sec   Loss 0.0039   LearningRate 0.000963   Epoch: 7   Global Step: 10420   Fp16 Grad Scale: 524288   Required: 220 hours
Training: 2025-04-17 01:39:54,744-Speed 46.59 samples/sec   Loss 0.0176   LearningRate 0.000963   Epoch: 7   Global Step: 10430   Fp16 Grad Scale: 1048576   Required: 220 hours
Training: 2025-04-17 01:40:22,370-Speed 46.33 samples/sec   Loss 0.0089   LearningRate 0.000963   Epoch: 7   Global Step: 10440   Fp16 Grad Scale: 1048576   Required: 220 hours
Training: 2025-04-17 01:40:50,030-Speed 46.28 samples/sec   Loss 0.0135   LearningRate 0.000963   Epoch: 7   Global Step: 10450   Fp16 Grad Scale: 1048576   Required: 220 hours
Training: 2025-04-17 01:41:17,551-Speed 46.51 samples/sec   Loss 0.0714   LearningRate 0.000963   Epoch: 7   Global Step: 10460   Fp16 Grad Scale: 1048576   Required: 220 hours
Training: 2025-04-17 01:41:45,105-Speed 46.46 samples/sec   Loss 0.0167   LearningRate 0.000963   Epoch: 7   Global Step: 10470   Fp16 Grad Scale: 1048576   Required: 219 hours
Training: 2025-04-17 01:42:12,655-Speed 46.46 samples/sec   Loss 0.0108   LearningRate 0.000963   Epoch: 7   Global Step: 10480   Fp16 Grad Scale: 1048576   Required: 219 hours
Training: 2025-04-17 01:42:42,392-Speed 43.04 samples/sec   Loss 0.0508   LearningRate 0.000963   Epoch: 7   Global Step: 10490   Fp16 Grad Scale: 1048576   Required: 219 hours
Training: 2025-04-17 01:43:10,001-Speed 46.36 samples/sec   Loss 0.0228   LearningRate 0.000963   Epoch: 7   Global Step: 10500   Fp16 Grad Scale: 1048576   Required: 219 hours
Training: 2025-04-17 01:43:37,646-Speed 46.30 samples/sec   Loss 0.0878   LearningRate 0.000963   Epoch: 7   Global Step: 10510   Fp16 Grad Scale: 1048576   Required: 219 hours
Training: 2025-04-17 01:44:05,245-Speed 46.38 samples/sec   Loss 0.0123   LearningRate 0.000963   Epoch: 7   Global Step: 10520   Fp16 Grad Scale: 1048576   Required: 219 hours
Training: 2025-04-17 01:44:32,883-Speed 46.31 samples/sec   Loss 0.0111   LearningRate 0.000963   Epoch: 7   Global Step: 10530   Fp16 Grad Scale: 2097152   Required: 219 hours
Training: 2025-04-17 01:45:00,543-Speed 46.28 samples/sec   Loss 0.0117   LearningRate 0.000963   Epoch: 7   Global Step: 10540   Fp16 Grad Scale: 2097152   Required: 219 hours
Training: 2025-04-17 01:45:28,214-Speed 46.26 samples/sec   Loss 0.0597   LearningRate 0.000963   Epoch: 7   Global Step: 10550   Fp16 Grad Scale: 2097152   Required: 219 hours
Training: 2025-04-17 01:45:55,715-Speed 46.54 samples/sec   Loss 0.0609   LearningRate 0.000963   Epoch: 7   Global Step: 10560   Fp16 Grad Scale: 1048576   Required: 219 hours
Training: 2025-04-17 01:46:23,399-Speed 46.24 samples/sec   Loss 0.0112   LearningRate 0.000963   Epoch: 7   Global Step: 10570   Fp16 Grad Scale: 1048576   Required: 219 hours
Training: 2025-04-17 01:46:51,097-Speed 46.21 samples/sec   Loss 0.1118   LearningRate 0.000963   Epoch: 7   Global Step: 10580   Fp16 Grad Scale: 524288   Required: 219 hours
Training: 2025-04-17 01:47:18,828-Speed 46.16 samples/sec   Loss 0.0060   LearningRate 0.000963   Epoch: 7   Global Step: 10590   Fp16 Grad Scale: 524288   Required: 219 hours
Training: 2025-04-17 01:47:48,277-Speed 43.47 samples/sec   Loss 0.0157   LearningRate 0.000963   Epoch: 7   Global Step: 10600   Fp16 Grad Scale: 524288   Required: 219 hours
Training: 2025-04-17 01:48:15,942-Speed 46.27 samples/sec   Loss 0.0806   LearningRate 0.000963   Epoch: 7   Global Step: 10610   Fp16 Grad Scale: 524288   Required: 219 hours
Training: 2025-04-17 01:48:43,678-Speed 46.15 samples/sec   Loss 0.0251   LearningRate 0.000963   Epoch: 7   Global Step: 10620   Fp16 Grad Scale: 524288   Required: 219 hours
Training: 2025-04-17 01:49:11,381-Speed 46.20 samples/sec   Loss 0.0600   LearningRate 0.000963   Epoch: 7   Global Step: 10630   Fp16 Grad Scale: 524288   Required: 219 hours
Training: 2025-04-17 01:49:39,121-Speed 46.14 samples/sec   Loss 0.0303   LearningRate 0.000963   Epoch: 7   Global Step: 10640   Fp16 Grad Scale: 524288   Required: 219 hours
Training: 2025-04-17 01:50:06,687-Speed 46.43 samples/sec   Loss 0.0208   LearningRate 0.000963   Epoch: 7   Global Step: 10650   Fp16 Grad Scale: 524288   Required: 219 hours
Training: 2025-04-17 01:50:34,355-Speed 46.26 samples/sec   Loss 0.0253   LearningRate 0.000963   Epoch: 7   Global Step: 10660   Fp16 Grad Scale: 524288   Required: 219 hours
Training: 2025-04-17 01:51:02,093-Speed 46.15 samples/sec   Loss 0.0236   LearningRate 0.000963   Epoch: 7   Global Step: 10670   Fp16 Grad Scale: 524288   Required: 219 hours
Training: 2025-04-17 01:51:29,847-Speed 46.12 samples/sec   Loss 0.0271   LearningRate 0.000963   Epoch: 7   Global Step: 10680   Fp16 Grad Scale: 1048576   Required: 219 hours
Training: 2025-04-17 01:51:57,811-Speed 45.77 samples/sec   Loss 0.0107   LearningRate 0.000963   Epoch: 7   Global Step: 10690   Fp16 Grad Scale: 1048576   Required: 219 hours
Training: 2025-04-17 01:52:25,467-Speed 46.28 samples/sec   Loss 0.0070   LearningRate 0.000962   Epoch: 7   Global Step: 10700   Fp16 Grad Scale: 1048576   Required: 219 hours
Training: 2025-04-17 01:52:55,020-Speed 43.31 samples/sec   Loss 0.0127   LearningRate 0.000962   Epoch: 7   Global Step: 10710   Fp16 Grad Scale: 1048576   Required: 219 hours
Training: 2025-04-17 01:53:22,710-Speed 46.23 samples/sec   Loss 0.0202   LearningRate 0.000962   Epoch: 7   Global Step: 10720   Fp16 Grad Scale: 1048576   Required: 219 hours
Training: 2025-04-17 01:53:50,447-Speed 46.15 samples/sec   Loss 0.0189   LearningRate 0.000962   Epoch: 7   Global Step: 10730   Fp16 Grad Scale: 1048576   Required: 219 hours
Training: 2025-04-17 01:54:18,143-Speed 46.22 samples/sec   Loss 0.0122   LearningRate 0.000962   Epoch: 7   Global Step: 10740   Fp16 Grad Scale: 1048576   Required: 219 hours
Training: 2025-04-17 01:54:45,819-Speed 46.25 samples/sec   Loss 0.0385   LearningRate 0.000962   Epoch: 7   Global Step: 10750   Fp16 Grad Scale: 1048576   Required: 219 hours
Training: 2025-04-17 01:55:13,534-Speed 46.19 samples/sec   Loss 0.0160   LearningRate 0.000962   Epoch: 7   Global Step: 10760   Fp16 Grad Scale: 1048576   Required: 219 hours
Training: 2025-04-17 01:55:41,377-Speed 45.97 samples/sec   Loss 0.0189   LearningRate 0.000962   Epoch: 7   Global Step: 10770   Fp16 Grad Scale: 1048576   Required: 219 hours
Training: 2025-04-17 01:56:09,242-Speed 45.94 samples/sec   Loss 0.0100   LearningRate 0.000962   Epoch: 7   Global Step: 10780   Fp16 Grad Scale: 2097152   Required: 219 hours
Training: 2025-04-17 01:56:38,742-Speed 43.39 samples/sec   Loss 0.0178   LearningRate 0.000962   Epoch: 7   Global Step: 10790   Fp16 Grad Scale: 2097152   Required: 219 hours
Training: 2025-04-17 01:57:07,310-Speed 44.81 samples/sec   Loss 0.0169   LearningRate 0.000962   Epoch: 7   Global Step: 10800   Fp16 Grad Scale: 2097152   Required: 219 hours
Training: 2025-04-17 01:57:35,208-Speed 45.88 samples/sec   Loss 0.0120   LearningRate 0.000962   Epoch: 7   Global Step: 10810   Fp16 Grad Scale: 2097152   Required: 219 hours
Training: 2025-04-17 01:58:04,942-Speed 43.05 samples/sec   Loss 0.0126   LearningRate 0.000962   Epoch: 7   Global Step: 10820   Fp16 Grad Scale: 1048576   Required: 219 hours
Training: 2025-04-17 01:58:32,721-Speed 46.08 samples/sec   Loss 0.0046   LearningRate 0.000962   Epoch: 7   Global Step: 10830   Fp16 Grad Scale: 1048576   Required: 219 hours
Training: 2025-04-17 01:59:00,417-Speed 46.22 samples/sec   Loss 0.0158   LearningRate 0.000962   Epoch: 7   Global Step: 10840   Fp16 Grad Scale: 1048576   Required: 219 hours
Training: 2025-04-17 01:59:28,131-Speed 46.19 samples/sec   Loss 0.0083   LearningRate 0.000962   Epoch: 7   Global Step: 10850   Fp16 Grad Scale: 1048576   Required: 219 hours
Training: 2025-04-17 01:59:55,895-Speed 46.11 samples/sec   Loss 0.0113   LearningRate 0.000962   Epoch: 7   Global Step: 10860   Fp16 Grad Scale: 1048576   Required: 219 hours
Training: 2025-04-17 02:00:23,662-Speed 46.10 samples/sec   Loss 0.0048   LearningRate 0.000962   Epoch: 7   Global Step: 10870   Fp16 Grad Scale: 1048576   Required: 219 hours
Training: 2025-04-17 02:00:51,489-Speed 46.00 samples/sec   Loss 0.0136   LearningRate 0.000962   Epoch: 7   Global Step: 10880   Fp16 Grad Scale: 1048576   Required: 219 hours
Training: 2025-04-17 02:01:19,170-Speed 46.24 samples/sec   Loss 0.0079   LearningRate 0.000962   Epoch: 7   Global Step: 10890   Fp16 Grad Scale: 1048576   Required: 219 hours
Training: 2025-04-17 02:01:47,008-Speed 45.98 samples/sec   Loss 0.0211   LearningRate 0.000962   Epoch: 7   Global Step: 10900   Fp16 Grad Scale: 1048576   Required: 219 hours
Training: 2025-04-17 02:02:15,097-Speed 45.57 samples/sec   Loss 0.0760   LearningRate 0.000962   Epoch: 7   Global Step: 10910   Fp16 Grad Scale: 1048576   Required: 219 hours
Training: 2025-04-17 02:02:43,641-Speed 44.84 samples/sec   Loss 0.0203   LearningRate 0.000962   Epoch: 7   Global Step: 10920   Fp16 Grad Scale: 2097152   Required: 219 hours
Training: 2025-04-17 02:03:13,539-Speed 42.81 samples/sec   Loss 0.0279   LearningRate 0.000962   Epoch: 7   Global Step: 10930   Fp16 Grad Scale: 2097152   Required: 219 hours
Training: 2025-04-17 02:03:41,231-Speed 46.22 samples/sec   Loss 0.0176   LearningRate 0.000962   Epoch: 7   Global Step: 10940   Fp16 Grad Scale: 2097152   Required: 219 hours
Training: 2025-04-17 02:04:09,008-Speed 46.08 samples/sec   Loss 0.0218   LearningRate 0.000962   Epoch: 7   Global Step: 10950   Fp16 Grad Scale: 2097152   Required: 219 hours
Training: 2025-04-17 02:04:37,011-Speed 45.71 samples/sec   Loss 0.0306   LearningRate 0.000962   Epoch: 7   Global Step: 10960   Fp16 Grad Scale: 2097152   Required: 219 hours
Training: 2025-04-17 02:05:05,249-Speed 45.33 samples/sec   Loss 0.0368   LearningRate 0.000962   Epoch: 7   Global Step: 10970   Fp16 Grad Scale: 2097152   Required: 219 hours
Training: 2025-04-17 02:05:33,187-Speed 45.82 samples/sec   Loss 0.0296   LearningRate 0.000962   Epoch: 7   Global Step: 10980   Fp16 Grad Scale: 2097152   Required: 219 hours
Training: 2025-04-17 02:06:01,104-Speed 45.85 samples/sec   Loss 0.0776   LearningRate 0.000961   Epoch: 7   Global Step: 10990   Fp16 Grad Scale: 1048576   Required: 219 hours
Training: 2025-04-17 02:06:29,562-Speed 44.98 samples/sec   Loss 0.0451   LearningRate 0.000961   Epoch: 7   Global Step: 11000   Fp16 Grad Scale: 524288   Required: 219 hours
Training: 2025-04-17 02:07:00,024-Speed 42.02 samples/sec   Loss 0.0240   LearningRate 0.000961   Epoch: 7   Global Step: 11010   Fp16 Grad Scale: 524288   Required: 219 hours
Training: 2025-04-17 02:07:31,786-Speed 40.30 samples/sec   Loss 0.0330   LearningRate 0.000961   Epoch: 7   Global Step: 11020   Fp16 Grad Scale: 524288   Required: 219 hours
Training: 2025-04-17 02:08:04,269-Speed 39.41 samples/sec   Loss 0.0350   LearningRate 0.000961   Epoch: 7   Global Step: 11030   Fp16 Grad Scale: 524288   Required: 219 hours
Training: 2025-04-17 02:08:33,851-Speed 43.27 samples/sec   Loss 0.0905   LearningRate 0.000961   Epoch: 7   Global Step: 11040   Fp16 Grad Scale: 524288   Required: 219 hours
Training: 2025-04-17 02:09:03,065-Speed 43.82 samples/sec   Loss 0.0582   LearningRate 0.000961   Epoch: 7   Global Step: 11050   Fp16 Grad Scale: 524288   Required: 219 hours
Training: 2025-04-17 02:09:33,613-Speed 41.90 samples/sec   Loss 0.0386   LearningRate 0.000961   Epoch: 7   Global Step: 11060   Fp16 Grad Scale: 524288   Required: 219 hours
Training: 2025-04-17 02:10:05,488-Speed 40.16 samples/sec   Loss 0.0540   LearningRate 0.000961   Epoch: 7   Global Step: 11070   Fp16 Grad Scale: 524288   Required: 219 hours
Training: 2025-04-17 02:10:36,737-Speed 40.96 samples/sec   Loss 0.0274   LearningRate 0.000961   Epoch: 7   Global Step: 11080   Fp16 Grad Scale: 524288   Required: 219 hours
Training: 2025-04-17 02:11:08,030-Speed 40.90 samples/sec   Loss 0.0291   LearningRate 0.000961   Epoch: 7   Global Step: 11090   Fp16 Grad Scale: 524288   Required: 219 hours
Training: 2025-04-17 02:11:38,938-Speed 41.41 samples/sec   Loss 0.0360   LearningRate 0.000961   Epoch: 7   Global Step: 11100   Fp16 Grad Scale: 524288   Required: 219 hours
Training: 2025-04-17 02:12:09,962-Speed 41.26 samples/sec   Loss 0.0362   LearningRate 0.000961   Epoch: 7   Global Step: 11110   Fp16 Grad Scale: 524288   Required: 219 hours
Training: 2025-04-17 02:12:41,642-Speed 40.40 samples/sec   Loss 0.0130   LearningRate 0.000961   Epoch: 7   Global Step: 11120   Fp16 Grad Scale: 524288   Required: 219 hours
Training: 2025-04-17 02:13:15,573-Speed 37.72 samples/sec   Loss 0.0225   LearningRate 0.000961   Epoch: 7   Global Step: 11130   Fp16 Grad Scale: 524288   Required: 219 hours
Training: 2025-04-17 02:13:46,928-Speed 40.82 samples/sec   Loss 0.0350   LearningRate 0.000961   Epoch: 7   Global Step: 11140   Fp16 Grad Scale: 524288   Required: 219 hours
Training: 2025-04-17 02:14:18,495-Speed 40.55 samples/sec   Loss 0.0358   LearningRate 0.000961   Epoch: 7   Global Step: 11150   Fp16 Grad Scale: 524288   Required: 219 hours
Training: 2025-04-17 02:14:50,425-Speed 40.09 samples/sec   Loss 0.0613   LearningRate 0.000961   Epoch: 7   Global Step: 11160   Fp16 Grad Scale: 524288   Required: 219 hours
Training: 2025-04-17 02:15:22,631-Speed 39.74 samples/sec   Loss 0.0317   LearningRate 0.000961   Epoch: 7   Global Step: 11170   Fp16 Grad Scale: 524288   Required: 219 hours
Training: 2025-04-17 02:15:54,675-Speed 39.95 samples/sec   Loss 0.0252   LearningRate 0.000961   Epoch: 7   Global Step: 11180   Fp16 Grad Scale: 524288   Required: 219 hours
Training: 2025-04-17 02:16:25,731-Speed 41.22 samples/sec   Loss 0.0288   LearningRate 0.000961   Epoch: 7   Global Step: 11190   Fp16 Grad Scale: 524288   Required: 219 hours
Training: 2025-04-17 02:16:55,217-Speed 43.41 samples/sec   Loss 0.0159   LearningRate 0.000961   Epoch: 7   Global Step: 11200   Fp16 Grad Scale: 1048576   Required: 219 hours
Training: 2025-04-17 02:17:23,175-Speed 45.78 samples/sec   Loss 0.0317   LearningRate 0.000961   Epoch: 7   Global Step: 11210   Fp16 Grad Scale: 1048576   Required: 219 hours
Training: 2025-04-17 02:17:51,116-Speed 45.81 samples/sec   Loss 0.0187   LearningRate 0.000961   Epoch: 7   Global Step: 11220   Fp16 Grad Scale: 1048576   Required: 219 hours
Training: 2025-04-17 02:18:21,015-Speed 42.81 samples/sec   Loss 0.0164   LearningRate 0.000961   Epoch: 7   Global Step: 11230   Fp16 Grad Scale: 1048576   Required: 219 hours
Training: 2025-04-17 02:18:48,839-Speed 46.00 samples/sec   Loss 0.0193   LearningRate 0.000961   Epoch: 7   Global Step: 11240   Fp16 Grad Scale: 1048576   Required: 219 hours
Training: 2025-04-17 02:19:16,954-Speed 45.53 samples/sec   Loss 0.0214   LearningRate 0.000961   Epoch: 7   Global Step: 11250   Fp16 Grad Scale: 1048576   Required: 219 hours
Training: 2025-04-17 02:19:44,935-Speed 45.75 samples/sec   Loss 0.0217   LearningRate 0.000961   Epoch: 7   Global Step: 11260   Fp16 Grad Scale: 1048576   Required: 219 hours
Training: 2025-04-17 02:20:13,115-Speed 45.42 samples/sec   Loss 0.0201   LearningRate 0.000960   Epoch: 7   Global Step: 11270   Fp16 Grad Scale: 1048576   Required: 219 hours
Training: 2025-04-17 02:20:41,201-Speed 45.58 samples/sec   Loss 0.0521   LearningRate 0.000960   Epoch: 7   Global Step: 11280   Fp16 Grad Scale: 1048576   Required: 219 hours
Training: 2025-04-17 02:21:09,134-Speed 45.83 samples/sec   Loss 0.0398   LearningRate 0.000960   Epoch: 7   Global Step: 11290   Fp16 Grad Scale: 1048576   Required: 219 hours
Training: 2025-04-17 02:21:37,404-Speed 45.28 samples/sec   Loss 0.0173   LearningRate 0.000960   Epoch: 7   Global Step: 11300   Fp16 Grad Scale: 2097152   Required: 219 hours
Training: 2025-04-17 02:22:05,519-Speed 45.53 samples/sec   Loss 0.0158   LearningRate 0.000960   Epoch: 7   Global Step: 11310   Fp16 Grad Scale: 2097152   Required: 219 hours
Training: 2025-04-17 02:22:33,546-Speed 45.67 samples/sec   Loss 0.0260   LearningRate 0.000960   Epoch: 7   Global Step: 11320   Fp16 Grad Scale: 2097152   Required: 219 hours
Training: 2025-04-17 02:23:03,627-Speed 42.55 samples/sec   Loss 0.0149   LearningRate 0.000960   Epoch: 7   Global Step: 11330   Fp16 Grad Scale: 2097152   Required: 219 hours
Training: 2025-04-17 02:23:31,504-Speed 45.92 samples/sec   Loss 0.0217   LearningRate 0.000960   Epoch: 7   Global Step: 11340   Fp16 Grad Scale: 1048576   Required: 219 hours
Training: 2025-04-17 02:23:59,546-Speed 45.65 samples/sec   Loss 0.0175   LearningRate 0.000960   Epoch: 7   Global Step: 11350   Fp16 Grad Scale: 1048576   Required: 219 hours
Training: 2025-04-17 02:24:27,474-Speed 45.83 samples/sec   Loss 0.0166   LearningRate 0.000960   Epoch: 7   Global Step: 11360   Fp16 Grad Scale: 1048576   Required: 219 hours
Training: 2025-04-17 02:24:55,506-Speed 45.66 samples/sec   Loss 0.0656   LearningRate 0.000960   Epoch: 7   Global Step: 11370   Fp16 Grad Scale: 1048576   Required: 219 hours
Training: 2025-04-17 02:25:23,437-Speed 45.83 samples/sec   Loss 0.0263   LearningRate 0.000960   Epoch: 7   Global Step: 11380   Fp16 Grad Scale: 1048576   Required: 219 hours
Training: 2025-04-17 02:25:51,423-Speed 45.74 samples/sec   Loss 0.0247   LearningRate 0.000960   Epoch: 7   Global Step: 11390   Fp16 Grad Scale: 524288   Required: 219 hours
Training: 2025-04-17 02:26:19,927-Speed 44.91 samples/sec   Loss 0.0291   LearningRate 0.000960   Epoch: 7   Global Step: 11400   Fp16 Grad Scale: 524288   Required: 219 hours
Training: 2025-04-17 02:26:50,741-Speed 41.54 samples/sec   Loss 0.0207   LearningRate 0.000960   Epoch: 7   Global Step: 11410   Fp16 Grad Scale: 524288   Required: 219 hours
Training: 2025-04-17 02:27:32,820-Speed 30.42 samples/sec   Loss 0.0254   LearningRate 0.000960   Epoch: 8   Global Step: 11420   Fp16 Grad Scale: 524288   Required: 219 hours
Training: 2025-04-17 02:28:00,716-Speed 45.89 samples/sec   Loss 0.0148   LearningRate 0.000960   Epoch: 8   Global Step: 11430   Fp16 Grad Scale: 524288   Required: 219 hours
Training: 2025-04-17 02:28:30,536-Speed 42.93 samples/sec   Loss 0.0150   LearningRate 0.000960   Epoch: 8   Global Step: 11440   Fp16 Grad Scale: 524288   Required: 219 hours
Training: 2025-04-17 02:28:58,162-Speed 46.33 samples/sec   Loss 0.0076   LearningRate 0.000960   Epoch: 8   Global Step: 11450   Fp16 Grad Scale: 524288   Required: 219 hours
Training: 2025-04-17 02:29:25,987-Speed 46.00 samples/sec   Loss 0.0043   LearningRate 0.000960   Epoch: 8   Global Step: 11460   Fp16 Grad Scale: 524288   Required: 219 hours
Training: 2025-04-17 02:29:53,676-Speed 46.23 samples/sec   Loss 0.0095   LearningRate 0.000960   Epoch: 8   Global Step: 11470   Fp16 Grad Scale: 524288   Required: 219 hours
Training: 2025-04-17 02:30:21,420-Speed 46.14 samples/sec   Loss 0.0035   LearningRate 0.000960   Epoch: 8   Global Step: 11480   Fp16 Grad Scale: 524288   Required: 219 hours
Training: 2025-04-17 02:30:49,432-Speed 45.70 samples/sec   Loss 0.0061   LearningRate 0.000960   Epoch: 8   Global Step: 11490   Fp16 Grad Scale: 1048576   Required: 219 hours
Training: 2025-04-17 02:31:17,166-Speed 46.15 samples/sec   Loss 0.0080   LearningRate 0.000960   Epoch: 8   Global Step: 11500   Fp16 Grad Scale: 1048576   Required: 219 hours
Training: 2025-04-17 02:31:44,944-Speed 46.08 samples/sec   Loss 0.0055   LearningRate 0.000960   Epoch: 8   Global Step: 11510   Fp16 Grad Scale: 1048576   Required: 219 hours
Training: 2025-04-17 02:32:12,748-Speed 46.04 samples/sec   Loss 0.0291   LearningRate 0.000960   Epoch: 8   Global Step: 11520   Fp16 Grad Scale: 1048576   Required: 219 hours
Training: 2025-04-17 02:32:40,556-Speed 46.03 samples/sec   Loss 0.0146   LearningRate 0.000960   Epoch: 8   Global Step: 11530   Fp16 Grad Scale: 1048576   Required: 219 hours
Training: 2025-04-17 02:33:09,617-Speed 44.05 samples/sec   Loss 0.0128   LearningRate 0.000960   Epoch: 8   Global Step: 11540   Fp16 Grad Scale: 1048576   Required: 219 hours
Training: 2025-04-17 02:33:37,980-Speed 45.13 samples/sec   Loss 0.0077   LearningRate 0.000960   Epoch: 8   Global Step: 11550   Fp16 Grad Scale: 1048576   Required: 219 hours
Training: 2025-04-17 02:34:05,819-Speed 45.98 samples/sec   Loss 0.0681   LearningRate 0.000959   Epoch: 8   Global Step: 11560   Fp16 Grad Scale: 1048576   Required: 219 hours
Training: 2025-04-17 02:34:33,517-Speed 46.21 samples/sec   Loss 0.0060   LearningRate 0.000959   Epoch: 8   Global Step: 11570   Fp16 Grad Scale: 1048576   Required: 219 hours
Training: 2025-04-17 02:35:01,259-Speed 46.14 samples/sec   Loss 0.0185   LearningRate 0.000959   Epoch: 8   Global Step: 11580   Fp16 Grad Scale: 1048576   Required: 219 hours
Training: 2025-04-17 02:35:29,059-Speed 46.04 samples/sec   Loss 0.0160   LearningRate 0.000959   Epoch: 8   Global Step: 11590   Fp16 Grad Scale: 524288   Required: 219 hours
Training: 2025-04-17 02:35:57,089-Speed 45.67 samples/sec   Loss 0.0104   LearningRate 0.000959   Epoch: 8   Global Step: 11600   Fp16 Grad Scale: 524288   Required: 219 hours
Training: 2025-04-17 02:36:34,761-Speed 46.02 samples/sec   Loss 0.0225   LearningRate 0.000959   Epoch: 8   Global Step: 11610   Fp16 Grad Scale: 524288   Required: 219 hours
Training: 2025-04-17 02:37:02,706-Speed 45.80 samples/sec   Loss 0.0051   LearningRate 0.000959   Epoch: 8   Global Step: 11620   Fp16 Grad Scale: 524288   Required: 219 hours
Training: 2025-04-17 02:37:30,516-Speed 46.03 samples/sec   Loss 0.0070   LearningRate 0.000959   Epoch: 8   Global Step: 11630   Fp16 Grad Scale: 524288   Required: 219 hours
Training: 2025-04-17 02:37:58,621-Speed 45.54 samples/sec   Loss 0.0106   LearningRate 0.000959   Epoch: 8   Global Step: 11640   Fp16 Grad Scale: 524288   Required: 219 hours
Training: 2025-04-17 02:38:28,586-Speed 42.72 samples/sec   Loss 0.0274   LearningRate 0.000959   Epoch: 8   Global Step: 11650   Fp16 Grad Scale: 524288   Required: 219 hours
Training: 2025-04-17 02:38:56,418-Speed 45.99 samples/sec   Loss 0.0198   LearningRate 0.000959   Epoch: 8   Global Step: 11660   Fp16 Grad Scale: 524288   Required: 219 hours
Training: 2025-04-17 02:39:24,411-Speed 45.73 samples/sec   Loss 0.0098   LearningRate 0.000959   Epoch: 8   Global Step: 11670   Fp16 Grad Scale: 524288   Required: 219 hours
Training: 2025-04-17 02:39:52,169-Speed 46.11 samples/sec   Loss 0.0057   LearningRate 0.000959   Epoch: 8   Global Step: 11680   Fp16 Grad Scale: 524288   Required: 219 hours
Training: 2025-04-17 02:40:20,348-Speed 45.42 samples/sec   Loss 0.0110   LearningRate 0.000959   Epoch: 8   Global Step: 11690   Fp16 Grad Scale: 1048576   Required: 219 hours
Training: 2025-04-17 02:40:48,103-Speed 46.12 samples/sec   Loss 0.0052   LearningRate 0.000959   Epoch: 8   Global Step: 11700   Fp16 Grad Scale: 1048576   Required: 219 hours
Training: 2025-04-17 02:41:15,856-Speed 46.12 samples/sec   Loss 0.0122   LearningRate 0.000959   Epoch: 8   Global Step: 11710   Fp16 Grad Scale: 1048576   Required: 219 hours
Training: 2025-04-17 02:41:43,688-Speed 45.99 samples/sec   Loss 0.0060   LearningRate 0.000959   Epoch: 8   Global Step: 11720   Fp16 Grad Scale: 1048576   Required: 219 hours
Training: 2025-04-17 02:42:11,478-Speed 46.06 samples/sec   Loss 0.0134   LearningRate 0.000959   Epoch: 8   Global Step: 11730   Fp16 Grad Scale: 1048576   Required: 219 hours
Training: 2025-04-17 02:42:39,446-Speed 45.77 samples/sec   Loss 0.0045   LearningRate 0.000959   Epoch: 8   Global Step: 11740   Fp16 Grad Scale: 1048576   Required: 218 hours
Training: 2025-04-17 02:43:07,228-Speed 46.07 samples/sec   Loss 0.0094   LearningRate 0.000959   Epoch: 8   Global Step: 11750   Fp16 Grad Scale: 1048576   Required: 218 hours
Training: 2025-04-17 02:43:37,048-Speed 42.93 samples/sec   Loss 0.0053   LearningRate 0.000959   Epoch: 8   Global Step: 11760   Fp16 Grad Scale: 1048576   Required: 218 hours
Training: 2025-04-17 02:44:22,798-Speed 45.93 samples/sec   Loss 0.0268   LearningRate 0.000959   Epoch: 8   Global Step: 11770   Fp16 Grad Scale: 1048576   Required: 219 hours
Training: 2025-04-17 02:44:50,746-Speed 45.80 samples/sec   Loss 0.0827   LearningRate 0.000959   Epoch: 8   Global Step: 11780   Fp16 Grad Scale: 1048576   Required: 219 hours
Training: 2025-04-17 02:45:18,550-Speed 46.04 samples/sec   Loss 0.0143   LearningRate 0.000959   Epoch: 8   Global Step: 11790   Fp16 Grad Scale: 1048576   Required: 219 hours
Training: 2025-04-17 02:45:46,586-Speed 45.66 samples/sec   Loss 0.0092   LearningRate 0.000959   Epoch: 8   Global Step: 11800   Fp16 Grad Scale: 1048576   Required: 219 hours
Training: 2025-04-17 02:46:14,482-Speed 45.89 samples/sec   Loss 0.0040   LearningRate 0.000959   Epoch: 8   Global Step: 11810   Fp16 Grad Scale: 1048576   Required: 219 hours
Training: 2025-04-17 02:46:42,508-Speed 45.67 samples/sec   Loss 0.0124   LearningRate 0.000959   Epoch: 8   Global Step: 11820   Fp16 Grad Scale: 1048576   Required: 219 hours
Training: 2025-04-17 02:47:10,484-Speed 45.75 samples/sec   Loss 0.0038   LearningRate 0.000959   Epoch: 8   Global Step: 11830   Fp16 Grad Scale: 1048576   Required: 219 hours
Training: 2025-04-17 02:47:38,402-Speed 45.85 samples/sec   Loss 0.0148   LearningRate 0.000958   Epoch: 8   Global Step: 11840   Fp16 Grad Scale: 1048576   Required: 218 hours
Training: 2025-04-17 02:48:06,411-Speed 45.70 samples/sec   Loss 0.0367   LearningRate 0.000958   Epoch: 8   Global Step: 11850   Fp16 Grad Scale: 1048576   Required: 218 hours
Training: 2025-04-17 02:48:36,338-Speed 42.77 samples/sec   Loss 0.0174   LearningRate 0.000958   Epoch: 8   Global Step: 11860   Fp16 Grad Scale: 1048576   Required: 218 hours
Training: 2025-04-17 02:49:04,259-Speed 45.85 samples/sec   Loss 0.0142   LearningRate 0.000958   Epoch: 8   Global Step: 11870   Fp16 Grad Scale: 1048576   Required: 218 hours
Training: 2025-04-17 02:49:32,034-Speed 46.09 samples/sec   Loss 0.0113   LearningRate 0.000958   Epoch: 8   Global Step: 11880   Fp16 Grad Scale: 1048576   Required: 218 hours
Training: 2025-04-17 02:49:59,910-Speed 45.92 samples/sec   Loss 0.0122   LearningRate 0.000958   Epoch: 8   Global Step: 11890   Fp16 Grad Scale: 2097152   Required: 218 hours
Training: 2025-04-17 02:50:27,823-Speed 45.86 samples/sec   Loss 0.0052   LearningRate 0.000958   Epoch: 8   Global Step: 11900   Fp16 Grad Scale: 2097152   Required: 218 hours
Training: 2025-04-17 02:50:55,746-Speed 45.84 samples/sec   Loss 0.0095   LearningRate 0.000958   Epoch: 8   Global Step: 11910   Fp16 Grad Scale: 2097152   Required: 218 hours
Training: 2025-04-17 02:51:23,765-Speed 45.69 samples/sec   Loss 0.0027   LearningRate 0.000958   Epoch: 8   Global Step: 11920   Fp16 Grad Scale: 2097152   Required: 218 hours
Training: 2025-04-17 02:51:51,714-Speed 45.80 samples/sec   Loss 0.0106   LearningRate 0.000958   Epoch: 8   Global Step: 11930   Fp16 Grad Scale: 1048576   Required: 218 hours
Training: 2025-04-17 02:52:19,674-Speed 45.78 samples/sec   Loss 0.0040   LearningRate 0.000958   Epoch: 8   Global Step: 11940   Fp16 Grad Scale: 1048576   Required: 218 hours
Training: 2025-04-17 02:52:47,749-Speed 45.59 samples/sec   Loss 0.0153   LearningRate 0.000958   Epoch: 8   Global Step: 11950   Fp16 Grad Scale: 1048576   Required: 218 hours
Training: 2025-04-17 02:53:15,764-Speed 45.69 samples/sec   Loss 0.0024   LearningRate 0.000958   Epoch: 8   Global Step: 11960   Fp16 Grad Scale: 1048576   Required: 218 hours
Training: 2025-04-17 02:53:45,888-Speed 42.49 samples/sec   Loss 0.0105   LearningRate 0.000958   Epoch: 8   Global Step: 11970   Fp16 Grad Scale: 1048576   Required: 218 hours
Training: 2025-04-17 02:54:13,875-Speed 45.74 samples/sec   Loss 0.0049   LearningRate 0.000958   Epoch: 8   Global Step: 11980   Fp16 Grad Scale: 1048576   Required: 218 hours
Training: 2025-04-17 02:54:41,830-Speed 45.79 samples/sec   Loss 0.0723   LearningRate 0.000958   Epoch: 8   Global Step: 11990   Fp16 Grad Scale: 1048576   Required: 218 hours
Training: 2025-04-17 02:55:09,855-Speed 45.68 samples/sec   Loss 0.0221   LearningRate 0.000958   Epoch: 8   Global Step: 12000   Fp16 Grad Scale: 1048576   Required: 218 hours
Training: 2025-04-17 02:56:28,941-[val][Global step: 12000] d prime: 6.262939453125
Training: 2025-04-17 02:56:58,840-Speed 11.74 samples/sec   Loss 0.0160   LearningRate 0.000958   Epoch: 8   Global Step: 12010   Fp16 Grad Scale: 1048576   Required: 219 hours
Training: 2025-04-17 02:57:42,258-Speed 29.48 samples/sec   Loss 0.0248   LearningRate 0.000958   Epoch: 8   Global Step: 12020   Fp16 Grad Scale: 1048576   Required: 219 hours
Training: 2025-04-17 02:58:10,503-Speed 45.32 samples/sec   Loss 0.0165   LearningRate 0.000958   Epoch: 8   Global Step: 12030   Fp16 Grad Scale: 2097152   Required: 219 hours
Training: 2025-04-17 02:58:40,640-Speed 42.47 samples/sec   Loss 0.0530   LearningRate 0.000958   Epoch: 8   Global Step: 12040   Fp16 Grad Scale: 2097152   Required: 219 hours
Training: 2025-04-17 02:59:08,614-Speed 45.76 samples/sec   Loss 0.0215   LearningRate 0.000958   Epoch: 8   Global Step: 12050   Fp16 Grad Scale: 2097152   Required: 219 hours
Training: 2025-04-17 02:59:36,646-Speed 45.66 samples/sec   Loss 0.0205   LearningRate 0.000958   Epoch: 8   Global Step: 12060   Fp16 Grad Scale: 1048576   Required: 219 hours
Training: 2025-04-17 03:00:04,872-Speed 45.35 samples/sec   Loss 0.0197   LearningRate 0.000958   Epoch: 8   Global Step: 12070   Fp16 Grad Scale: 1048576   Required: 219 hours
Training: 2025-04-17 03:00:32,751-Speed 45.91 samples/sec   Loss 0.0475   LearningRate 0.000958   Epoch: 8   Global Step: 12080   Fp16 Grad Scale: 1048576   Required: 219 hours
Training: 2025-04-17 03:01:00,670-Speed 45.85 samples/sec   Loss 0.0287   LearningRate 0.000958   Epoch: 8   Global Step: 12090   Fp16 Grad Scale: 1048576   Required: 219 hours
Training: 2025-04-17 03:01:28,665-Speed 45.72 samples/sec   Loss 0.0121   LearningRate 0.000958   Epoch: 8   Global Step: 12100   Fp16 Grad Scale: 1048576   Required: 219 hours
Training: 2025-04-17 03:01:56,774-Speed 45.54 samples/sec   Loss 0.0088   LearningRate 0.000958   Epoch: 8   Global Step: 12110   Fp16 Grad Scale: 524288   Required: 219 hours
Training: 2025-04-17 03:02:24,844-Speed 45.60 samples/sec   Loss 0.0368   LearningRate 0.000958   Epoch: 8   Global Step: 12120   Fp16 Grad Scale: 524288   Required: 219 hours
Training: 2025-04-17 03:02:52,718-Speed 45.92 samples/sec   Loss 0.0117   LearningRate 0.000957   Epoch: 8   Global Step: 12130   Fp16 Grad Scale: 524288   Required: 219 hours
Training: 2025-04-17 03:03:20,626-Speed 45.87 samples/sec   Loss 0.0111   LearningRate 0.000957   Epoch: 8   Global Step: 12140   Fp16 Grad Scale: 524288   Required: 219 hours
Training: 2025-04-17 03:03:50,808-Speed 42.41 samples/sec   Loss 0.0093   LearningRate 0.000957   Epoch: 8   Global Step: 12150   Fp16 Grad Scale: 524288   Required: 219 hours
Training: 2025-04-17 03:04:18,893-Speed 45.58 samples/sec   Loss 0.0079   LearningRate 0.000957   Epoch: 8   Global Step: 12160   Fp16 Grad Scale: 524288   Required: 219 hours
Training: 2025-04-17 03:04:46,951-Speed 45.62 samples/sec   Loss 0.0097   LearningRate 0.000957   Epoch: 8   Global Step: 12170   Fp16 Grad Scale: 524288   Required: 219 hours
Training: 2025-04-17 03:05:15,055-Speed 45.55 samples/sec   Loss 0.0083   LearningRate 0.000957   Epoch: 8   Global Step: 12180   Fp16 Grad Scale: 524288   Required: 219 hours
Training: 2025-04-17 03:05:43,009-Speed 45.79 samples/sec   Loss 0.0042   LearningRate 0.000957   Epoch: 8   Global Step: 12190   Fp16 Grad Scale: 524288   Required: 219 hours
Training: 2025-04-17 03:06:11,153-Speed 45.48 samples/sec   Loss 0.0054   LearningRate 0.000957   Epoch: 8   Global Step: 12200   Fp16 Grad Scale: 524288   Required: 219 hours
Training: 2025-04-17 03:06:39,367-Speed 45.37 samples/sec   Loss 0.0180   LearningRate 0.000957   Epoch: 8   Global Step: 12210   Fp16 Grad Scale: 1048576   Required: 219 hours
Training: 2025-04-17 03:07:07,407-Speed 45.65 samples/sec   Loss 0.0144   LearningRate 0.000957   Epoch: 8   Global Step: 12220   Fp16 Grad Scale: 1048576   Required: 219 hours
Training: 2025-04-17 03:07:35,427-Speed 45.68 samples/sec   Loss 0.0122   LearningRate 0.000957   Epoch: 8   Global Step: 12230   Fp16 Grad Scale: 1048576   Required: 219 hours
Training: 2025-04-17 03:08:03,396-Speed 45.77 samples/sec   Loss 0.0112   LearningRate 0.000957   Epoch: 8   Global Step: 12240   Fp16 Grad Scale: 1048576   Required: 219 hours
Training: 2025-04-17 03:08:31,450-Speed 45.63 samples/sec   Loss 0.0072   LearningRate 0.000957   Epoch: 8   Global Step: 12250   Fp16 Grad Scale: 1048576   Required: 219 hours
Training: 2025-04-17 03:09:01,152-Speed 43.10 samples/sec   Loss 0.0092   LearningRate 0.000957   Epoch: 8   Global Step: 12260   Fp16 Grad Scale: 1048576   Required: 219 hours
Training: 2025-04-17 03:09:29,188-Speed 45.66 samples/sec   Loss 0.0088   LearningRate 0.000957   Epoch: 8   Global Step: 12270   Fp16 Grad Scale: 1048576   Required: 219 hours
Training: 2025-04-17 03:09:57,144-Speed 45.79 samples/sec   Loss 0.0099   LearningRate 0.000957   Epoch: 8   Global Step: 12280   Fp16 Grad Scale: 1048576   Required: 219 hours
Training: 2025-04-17 03:10:25,156-Speed 45.70 samples/sec   Loss 0.0068   LearningRate 0.000957   Epoch: 8   Global Step: 12290   Fp16 Grad Scale: 1048576   Required: 219 hours
Training: 2025-04-17 03:10:53,321-Speed 45.45 samples/sec   Loss 0.0073   LearningRate 0.000957   Epoch: 8   Global Step: 12300   Fp16 Grad Scale: 1048576   Required: 219 hours
Training: 2025-04-17 03:11:21,340-Speed 45.68 samples/sec   Loss 0.0113   LearningRate 0.000957   Epoch: 8   Global Step: 12310   Fp16 Grad Scale: 1048576   Required: 219 hours
Training: 2025-04-17 03:11:49,464-Speed 45.51 samples/sec   Loss 0.0050   LearningRate 0.000957   Epoch: 8   Global Step: 12320   Fp16 Grad Scale: 1048576   Required: 219 hours
Training: 2025-04-17 03:12:17,491-Speed 45.67 samples/sec   Loss 0.0100   LearningRate 0.000957   Epoch: 8   Global Step: 12330   Fp16 Grad Scale: 1048576   Required: 219 hours
Training: 2025-04-17 03:12:45,575-Speed 45.58 samples/sec   Loss 0.0084   LearningRate 0.000957   Epoch: 8   Global Step: 12340   Fp16 Grad Scale: 1048576   Required: 219 hours
Training: 2025-04-17 03:13:13,680-Speed 45.54 samples/sec   Loss 0.0430   LearningRate 0.000957   Epoch: 8   Global Step: 12350   Fp16 Grad Scale: 524288   Required: 218 hours
Training: 2025-04-17 03:13:43,679-Speed 42.67 samples/sec   Loss 0.0086   LearningRate 0.000957   Epoch: 8   Global Step: 12360   Fp16 Grad Scale: 524288   Required: 218 hours
Training: 2025-04-17 03:14:11,695-Speed 45.69 samples/sec   Loss 0.0059   LearningRate 0.000957   Epoch: 8   Global Step: 12370   Fp16 Grad Scale: 524288   Required: 218 hours
Training: 2025-04-17 03:14:39,687-Speed 45.73 samples/sec   Loss 0.0640   LearningRate 0.000957   Epoch: 8   Global Step: 12380   Fp16 Grad Scale: 524288   Required: 218 hours
Training: 2025-04-17 03:15:07,922-Speed 45.33 samples/sec   Loss 0.0074   LearningRate 0.000957   Epoch: 8   Global Step: 12390   Fp16 Grad Scale: 524288   Required: 218 hours
Training: 2025-04-17 03:15:36,331-Speed 45.06 samples/sec   Loss 0.0171   LearningRate 0.000957   Epoch: 8   Global Step: 12400   Fp16 Grad Scale: 524288   Required: 218 hours
Training: 2025-04-17 03:16:04,327-Speed 45.72 samples/sec   Loss 0.0089   LearningRate 0.000956   Epoch: 8   Global Step: 12410   Fp16 Grad Scale: 524288   Required: 218 hours
Training: 2025-04-17 03:16:32,378-Speed 45.63 samples/sec   Loss 0.0113   LearningRate 0.000956   Epoch: 8   Global Step: 12420   Fp16 Grad Scale: 524288   Required: 218 hours
Training: 2025-04-17 03:17:00,433-Speed 45.63 samples/sec   Loss 0.0140   LearningRate 0.000956   Epoch: 8   Global Step: 12430   Fp16 Grad Scale: 524288   Required: 218 hours
Training: 2025-04-17 03:17:28,631-Speed 45.39 samples/sec   Loss 0.0129   LearningRate 0.000956   Epoch: 8   Global Step: 12440   Fp16 Grad Scale: 524288   Required: 218 hours
Training: 2025-04-17 03:17:56,749-Speed 45.52 samples/sec   Loss 0.0187   LearningRate 0.000956   Epoch: 8   Global Step: 12450   Fp16 Grad Scale: 1048576   Required: 218 hours
Training: 2025-04-17 03:18:24,788-Speed 45.65 samples/sec   Loss 0.0141   LearningRate 0.000956   Epoch: 8   Global Step: 12460   Fp16 Grad Scale: 1048576   Required: 218 hours
Training: 2025-04-17 03:18:54,893-Speed 42.52 samples/sec   Loss 0.0114   LearningRate 0.000956   Epoch: 8   Global Step: 12470   Fp16 Grad Scale: 1048576   Required: 218 hours
Training: 2025-04-17 03:19:22,979-Speed 45.58 samples/sec   Loss 0.0528   LearningRate 0.000956   Epoch: 8   Global Step: 12480   Fp16 Grad Scale: 1048576   Required: 218 hours
Training: 2025-04-17 03:19:51,157-Speed 45.43 samples/sec   Loss 0.0319   LearningRate 0.000956   Epoch: 8   Global Step: 12490   Fp16 Grad Scale: 1048576   Required: 218 hours
Training: 2025-04-17 03:20:19,219-Speed 45.62 samples/sec   Loss 0.0313   LearningRate 0.000956   Epoch: 8   Global Step: 12500   Fp16 Grad Scale: 1048576   Required: 218 hours
Training: 2025-04-17 03:20:47,237-Speed 45.69 samples/sec   Loss 0.0201   LearningRate 0.000956   Epoch: 8   Global Step: 12510   Fp16 Grad Scale: 1048576   Required: 218 hours
Training: 2025-04-17 03:21:15,324-Speed 45.57 samples/sec   Loss 0.0121   LearningRate 0.000956   Epoch: 8   Global Step: 12520   Fp16 Grad Scale: 1048576   Required: 218 hours
Training: 2025-04-17 03:21:43,506-Speed 45.42 samples/sec   Loss 0.0352   LearningRate 0.000956   Epoch: 8   Global Step: 12530   Fp16 Grad Scale: 1048576   Required: 218 hours
Training: 2025-04-17 03:22:11,688-Speed 45.42 samples/sec   Loss 0.0240   LearningRate 0.000956   Epoch: 8   Global Step: 12540   Fp16 Grad Scale: 1048576   Required: 218 hours
Training: 2025-04-17 03:22:39,769-Speed 45.58 samples/sec   Loss 0.1112   LearningRate 0.000956   Epoch: 8   Global Step: 12550   Fp16 Grad Scale: 1048576   Required: 218 hours
Training: 2025-04-17 03:23:07,809-Speed 45.65 samples/sec   Loss 0.0464   LearningRate 0.000956   Epoch: 8   Global Step: 12560   Fp16 Grad Scale: 1048576   Required: 218 hours
Training: 2025-04-17 03:23:35,900-Speed 45.57 samples/sec   Loss 0.0293   LearningRate 0.000956   Epoch: 8   Global Step: 12570   Fp16 Grad Scale: 1048576   Required: 218 hours
Training: 2025-04-17 03:24:05,754-Speed 42.88 samples/sec   Loss 0.0505   LearningRate 0.000956   Epoch: 8   Global Step: 12580   Fp16 Grad Scale: 524288   Required: 218 hours
Training: 2025-04-17 03:24:33,953-Speed 45.39 samples/sec   Loss 0.0340   LearningRate 0.000956   Epoch: 8   Global Step: 12590   Fp16 Grad Scale: 524288   Required: 218 hours
Training: 2025-04-17 03:25:02,007-Speed 45.63 samples/sec   Loss 0.0276   LearningRate 0.000956   Epoch: 8   Global Step: 12600   Fp16 Grad Scale: 524288   Required: 218 hours
Training: 2025-04-17 03:25:29,977-Speed 45.76 samples/sec   Loss 0.0175   LearningRate 0.000956   Epoch: 8   Global Step: 12610   Fp16 Grad Scale: 524288   Required: 218 hours
Training: 2025-04-17 03:25:58,059-Speed 45.58 samples/sec   Loss 0.0098   LearningRate 0.000956   Epoch: 8   Global Step: 12620   Fp16 Grad Scale: 524288   Required: 218 hours
Training: 2025-04-17 03:26:27,425-Speed 43.59 samples/sec   Loss 0.0188   LearningRate 0.000956   Epoch: 8   Global Step: 12630   Fp16 Grad Scale: 524288   Required: 218 hours
Training: 2025-04-17 03:26:57,728-Speed 42.24 samples/sec   Loss 0.0216   LearningRate 0.000956   Epoch: 8   Global Step: 12640   Fp16 Grad Scale: 524288   Required: 218 hours
Training: 2025-04-17 03:27:25,915-Speed 45.41 samples/sec   Loss 0.0712   LearningRate 0.000956   Epoch: 8   Global Step: 12650   Fp16 Grad Scale: 524288   Required: 218 hours
Training: 2025-04-17 03:27:53,974-Speed 45.62 samples/sec   Loss 0.0395   LearningRate 0.000956   Epoch: 8   Global Step: 12660   Fp16 Grad Scale: 524288   Required: 218 hours
Training: 2025-04-17 03:28:22,191-Speed 45.36 samples/sec   Loss 0.0289   LearningRate 0.000956   Epoch: 8   Global Step: 12670   Fp16 Grad Scale: 524288   Required: 218 hours
Training: 2025-04-17 03:28:51,219-Speed 44.10 samples/sec   Loss 0.0361   LearningRate 0.000956   Epoch: 8   Global Step: 12680   Fp16 Grad Scale: 524288   Required: 218 hours
Training: 2025-04-17 03:29:20,375-Speed 43.90 samples/sec   Loss 0.0257   LearningRate 0.000956   Epoch: 8   Global Step: 12690   Fp16 Grad Scale: 524288   Required: 218 hours
Training: 2025-04-17 03:29:48,444-Speed 45.60 samples/sec   Loss 0.0266   LearningRate 0.000955   Epoch: 8   Global Step: 12700   Fp16 Grad Scale: 524288   Required: 218 hours
Training: 2025-04-17 03:30:16,488-Speed 45.64 samples/sec   Loss 0.0265   LearningRate 0.000955   Epoch: 8   Global Step: 12710   Fp16 Grad Scale: 524288   Required: 218 hours
Training: 2025-04-17 03:30:44,646-Speed 45.46 samples/sec   Loss 0.0174   LearningRate 0.000955   Epoch: 8   Global Step: 12720   Fp16 Grad Scale: 524288   Required: 218 hours
Training: 2025-04-17 03:31:12,751-Speed 45.54 samples/sec   Loss 0.0740   LearningRate 0.000955   Epoch: 8   Global Step: 12730   Fp16 Grad Scale: 262144   Required: 218 hours
Training: 2025-04-17 03:31:40,848-Speed 45.56 samples/sec   Loss 0.0136   LearningRate 0.000955   Epoch: 8   Global Step: 12740   Fp16 Grad Scale: 262144   Required: 218 hours
Training: 2025-04-17 03:32:08,840-Speed 45.73 samples/sec   Loss 0.0211   LearningRate 0.000955   Epoch: 8   Global Step: 12750   Fp16 Grad Scale: 262144   Required: 218 hours
Training: 2025-04-17 03:32:37,021-Speed 45.42 samples/sec   Loss 0.0168   LearningRate 0.000955   Epoch: 8   Global Step: 12760   Fp16 Grad Scale: 262144   Required: 218 hours
Training: 2025-04-17 03:33:05,108-Speed 45.57 samples/sec   Loss 0.0133   LearningRate 0.000955   Epoch: 8   Global Step: 12770   Fp16 Grad Scale: 262144   Required: 218 hours
Training: 2025-04-17 03:33:33,186-Speed 45.59 samples/sec   Loss 0.0209   LearningRate 0.000955   Epoch: 8   Global Step: 12780   Fp16 Grad Scale: 262144   Required: 218 hours
Training: 2025-04-17 03:34:03,490-Speed 42.24 samples/sec   Loss 0.0119   LearningRate 0.000955   Epoch: 8   Global Step: 12790   Fp16 Grad Scale: 262144   Required: 218 hours
Training: 2025-04-17 03:34:31,570-Speed 45.59 samples/sec   Loss 0.0217   LearningRate 0.000955   Epoch: 8   Global Step: 12800   Fp16 Grad Scale: 262144   Required: 218 hours
Training: 2025-04-17 03:34:59,653-Speed 45.58 samples/sec   Loss 0.0292   LearningRate 0.000955   Epoch: 8   Global Step: 12810   Fp16 Grad Scale: 262144   Required: 218 hours
Training: 2025-04-17 03:35:27,876-Speed 45.35 samples/sec   Loss 0.0307   LearningRate 0.000955   Epoch: 8   Global Step: 12820   Fp16 Grad Scale: 262144   Required: 218 hours
Training: 2025-04-17 03:35:55,954-Speed 45.59 samples/sec   Loss 0.0117   LearningRate 0.000955   Epoch: 8   Global Step: 12830   Fp16 Grad Scale: 524288   Required: 218 hours
Training: 2025-04-17 03:36:24,118-Speed 45.45 samples/sec   Loss 0.1003   LearningRate 0.000955   Epoch: 8   Global Step: 12840   Fp16 Grad Scale: 524288   Required: 218 hours
Training: 2025-04-17 03:37:10,768-Speed 27.44 samples/sec   Loss 0.0081   LearningRate 0.000955   Epoch: 9   Global Step: 12850   Fp16 Grad Scale: 524288   Required: 218 hours
Training: 2025-04-17 03:37:38,296-Speed 46.50 samples/sec   Loss 0.0125   LearningRate 0.000955   Epoch: 9   Global Step: 12860   Fp16 Grad Scale: 524288   Required: 218 hours
Training: 2025-04-17 03:38:05,796-Speed 46.55 samples/sec   Loss 0.0213   LearningRate 0.000955   Epoch: 9   Global Step: 12870   Fp16 Grad Scale: 524288   Required: 218 hours
Training: 2025-04-17 03:38:33,284-Speed 46.57 samples/sec   Loss 0.0139   LearningRate 0.000955   Epoch: 9   Global Step: 12880   Fp16 Grad Scale: 524288   Required: 218 hours
Training: 2025-04-17 03:39:02,661-Speed 43.57 samples/sec   Loss 0.0073   LearningRate 0.000955   Epoch: 9   Global Step: 12890   Fp16 Grad Scale: 524288   Required: 218 hours
Training: 2025-04-17 03:39:30,184-Speed 46.51 samples/sec   Loss 0.0098   LearningRate 0.000955   Epoch: 9   Global Step: 12900   Fp16 Grad Scale: 524288   Required: 218 hours
Training: 2025-04-17 03:39:57,688-Speed 46.54 samples/sec   Loss 0.0020   LearningRate 0.000955   Epoch: 9   Global Step: 12910   Fp16 Grad Scale: 524288   Required: 218 hours
Training: 2025-04-17 03:40:25,233-Speed 46.47 samples/sec   Loss 0.0030   LearningRate 0.000955   Epoch: 9   Global Step: 12920   Fp16 Grad Scale: 524288   Required: 218 hours
Training: 2025-04-17 03:40:52,684-Speed 46.63 samples/sec   Loss 0.0121   LearningRate 0.000955   Epoch: 9   Global Step: 12930   Fp16 Grad Scale: 1048576   Required: 218 hours
Training: 2025-04-17 03:41:20,046-Speed 46.78 samples/sec   Loss 0.0057   LearningRate 0.000955   Epoch: 9   Global Step: 12940   Fp16 Grad Scale: 1048576   Required: 218 hours
Training: 2025-04-17 03:41:47,718-Speed 46.26 samples/sec   Loss 0.0061   LearningRate 0.000955   Epoch: 9   Global Step: 12950   Fp16 Grad Scale: 1048576   Required: 218 hours
Training: 2025-04-17 03:42:15,183-Speed 46.61 samples/sec   Loss 0.0303   LearningRate 0.000955   Epoch: 9   Global Step: 12960   Fp16 Grad Scale: 1048576   Required: 218 hours
Training: 2025-04-17 03:42:42,716-Speed 46.49 samples/sec   Loss 0.0097   LearningRate 0.000955   Epoch: 9   Global Step: 12970   Fp16 Grad Scale: 1048576   Required: 218 hours
Training: 2025-04-17 03:43:10,280-Speed 46.44 samples/sec   Loss 0.0264   LearningRate 0.000954   Epoch: 9   Global Step: 12980   Fp16 Grad Scale: 1048576   Required: 218 hours
Training: 2025-04-17 03:43:37,696-Speed 46.69 samples/sec   Loss 0.0957   LearningRate 0.000954   Epoch: 9   Global Step: 12990   Fp16 Grad Scale: 524288   Required: 218 hours
Training: 2025-04-17 03:44:07,073-Speed 43.57 samples/sec   Loss 0.0434   LearningRate 0.000954   Epoch: 9   Global Step: 13000   Fp16 Grad Scale: 262144   Required: 218 hours
Training: 2025-04-17 03:44:34,763-Speed 46.23 samples/sec   Loss 0.0408   LearningRate 0.000954   Epoch: 9   Global Step: 13010   Fp16 Grad Scale: 262144   Required: 218 hours
Training: 2025-04-17 03:45:02,234-Speed 46.60 samples/sec   Loss 0.0274   LearningRate 0.000954   Epoch: 9   Global Step: 13020   Fp16 Grad Scale: 262144   Required: 218 hours
Training: 2025-04-17 03:45:29,647-Speed 46.69 samples/sec   Loss 0.0189   LearningRate 0.000954   Epoch: 9   Global Step: 13030   Fp16 Grad Scale: 262144   Required: 218 hours
Training: 2025-04-17 03:45:57,095-Speed 46.64 samples/sec   Loss 0.0179   LearningRate 0.000954   Epoch: 9   Global Step: 13040   Fp16 Grad Scale: 262144   Required: 218 hours
Training: 2025-04-17 03:46:24,652-Speed 46.45 samples/sec   Loss 0.0115   LearningRate 0.000954   Epoch: 9   Global Step: 13050   Fp16 Grad Scale: 262144   Required: 218 hours
Training: 2025-04-17 03:46:52,281-Speed 46.33 samples/sec   Loss 0.0115   LearningRate 0.000954   Epoch: 9   Global Step: 13060   Fp16 Grad Scale: 262144   Required: 218 hours
Training: 2025-04-17 03:47:19,686-Speed 46.71 samples/sec   Loss 0.0129   LearningRate 0.000954   Epoch: 9   Global Step: 13070   Fp16 Grad Scale: 262144   Required: 218 hours
Training: 2025-04-17 03:47:47,197-Speed 46.53 samples/sec   Loss 0.0068   LearningRate 0.000954   Epoch: 9   Global Step: 13080   Fp16 Grad Scale: 262144   Required: 218 hours
Training: 2025-04-17 03:48:14,788-Speed 46.39 samples/sec   Loss 0.0106   LearningRate 0.000954   Epoch: 9   Global Step: 13090   Fp16 Grad Scale: 262144   Required: 218 hours
Training: 2025-04-17 03:48:42,460-Speed 46.26 samples/sec   Loss 0.0085   LearningRate 0.000954   Epoch: 9   Global Step: 13100   Fp16 Grad Scale: 524288   Required: 218 hours
Training: 2025-04-17 03:49:12,204-Speed 43.03 samples/sec   Loss 0.0101   LearningRate 0.000954   Epoch: 9   Global Step: 13110   Fp16 Grad Scale: 524288   Required: 218 hours
Training: 2025-04-17 03:49:39,657-Speed 46.63 samples/sec   Loss 0.0152   LearningRate 0.000954   Epoch: 9   Global Step: 13120   Fp16 Grad Scale: 524288   Required: 218 hours
Training: 2025-04-17 03:50:07,068-Speed 46.70 samples/sec   Loss 0.0080   LearningRate 0.000954   Epoch: 9   Global Step: 13130   Fp16 Grad Scale: 262144   Required: 218 hours
Training: 2025-04-17 03:50:34,612-Speed 46.47 samples/sec   Loss 0.0048   LearningRate 0.000954   Epoch: 9   Global Step: 13140   Fp16 Grad Scale: 262144   Required: 218 hours
Training: 2025-04-17 03:51:02,319-Speed 46.20 samples/sec   Loss 0.0067   LearningRate 0.000954   Epoch: 9   Global Step: 13150   Fp16 Grad Scale: 262144   Required: 218 hours
Training: 2025-04-17 03:51:29,966-Speed 46.30 samples/sec   Loss 0.0107   LearningRate 0.000954   Epoch: 9   Global Step: 13160   Fp16 Grad Scale: 262144   Required: 218 hours
Training: 2025-04-17 03:51:57,372-Speed 46.71 samples/sec   Loss 0.0188   LearningRate 0.000954   Epoch: 9   Global Step: 13170   Fp16 Grad Scale: 262144   Required: 218 hours
Training: 2025-04-17 03:52:25,111-Speed 46.15 samples/sec   Loss 0.0084   LearningRate 0.000954   Epoch: 9   Global Step: 13180   Fp16 Grad Scale: 262144   Required: 218 hours
Training: 2025-04-17 03:52:52,615-Speed 46.54 samples/sec   Loss 0.0165   LearningRate 0.000954   Epoch: 9   Global Step: 13190   Fp16 Grad Scale: 262144   Required: 218 hours
Training: 2025-04-17 03:53:20,157-Speed 46.48 samples/sec   Loss 0.0082   LearningRate 0.000954   Epoch: 9   Global Step: 13200   Fp16 Grad Scale: 262144   Required: 218 hours
Training: 2025-04-17 03:53:47,626-Speed 46.60 samples/sec   Loss 0.0339   LearningRate 0.000954   Epoch: 9   Global Step: 13210   Fp16 Grad Scale: 262144   Required: 218 hours
Training: 2025-04-17 03:54:17,093-Speed 43.44 samples/sec   Loss 0.0260   LearningRate 0.000954   Epoch: 9   Global Step: 13220   Fp16 Grad Scale: 262144   Required: 218 hours
Training: 2025-04-17 03:54:44,562-Speed 46.60 samples/sec   Loss 0.0323   LearningRate 0.000954   Epoch: 9   Global Step: 13230   Fp16 Grad Scale: 524288   Required: 218 hours
Training: 2025-04-17 03:55:12,157-Speed 46.39 samples/sec   Loss 0.0176   LearningRate 0.000954   Epoch: 9   Global Step: 13240   Fp16 Grad Scale: 524288   Required: 218 hours
Training: 2025-04-17 03:55:39,731-Speed 46.42 samples/sec   Loss 0.0085   LearningRate 0.000954   Epoch: 9   Global Step: 13250   Fp16 Grad Scale: 524288   Required: 217 hours
Training: 2025-04-17 03:56:07,169-Speed 46.65 samples/sec   Loss 0.0031   LearningRate 0.000954   Epoch: 9   Global Step: 13260   Fp16 Grad Scale: 524288   Required: 217 hours
Training: 2025-04-17 03:56:36,620-Speed 43.46 samples/sec   Loss 0.0084   LearningRate 0.000953   Epoch: 9   Global Step: 13270   Fp16 Grad Scale: 524288   Required: 217 hours
Training: 2025-04-17 03:57:05,574-Speed 44.21 samples/sec   Loss 0.0089   LearningRate 0.000953   Epoch: 9   Global Step: 13280   Fp16 Grad Scale: 524288   Required: 217 hours
Training: 2025-04-17 03:57:33,162-Speed 46.40 samples/sec   Loss 0.0075   LearningRate 0.000953   Epoch: 9   Global Step: 13290   Fp16 Grad Scale: 524288   Required: 217 hours
Training: 2025-04-17 03:58:00,671-Speed 46.53 samples/sec   Loss 0.0069   LearningRate 0.000953   Epoch: 9   Global Step: 13300   Fp16 Grad Scale: 524288   Required: 217 hours
Training: 2025-04-17 03:58:28,192-Speed 46.51 samples/sec   Loss 0.0034   LearningRate 0.000953   Epoch: 9   Global Step: 13310   Fp16 Grad Scale: 524288   Required: 217 hours
Training: 2025-04-17 03:58:55,600-Speed 46.70 samples/sec   Loss 0.0115   LearningRate 0.000953   Epoch: 9   Global Step: 13320   Fp16 Grad Scale: 524288   Required: 217 hours
Training: 2025-04-17 03:59:25,205-Speed 43.24 samples/sec   Loss 0.0107   LearningRate 0.000953   Epoch: 9   Global Step: 13330   Fp16 Grad Scale: 1048576   Required: 217 hours
Training: 2025-04-17 03:59:52,851-Speed 46.30 samples/sec   Loss 0.0132   LearningRate 0.000953   Epoch: 9   Global Step: 13340   Fp16 Grad Scale: 1048576   Required: 217 hours
Training: 2025-04-17 04:00:20,680-Speed 46.00 samples/sec   Loss 0.0077   LearningRate 0.000953   Epoch: 9   Global Step: 13350   Fp16 Grad Scale: 1048576   Required: 217 hours
Training: 2025-04-17 04:00:48,356-Speed 46.25 samples/sec   Loss 0.0121   LearningRate 0.000953   Epoch: 9   Global Step: 13360   Fp16 Grad Scale: 1048576   Required: 217 hours
Training: 2025-04-17 04:01:16,193-Speed 45.98 samples/sec   Loss 0.0058   LearningRate 0.000953   Epoch: 9   Global Step: 13370   Fp16 Grad Scale: 1048576   Required: 217 hours
Training: 2025-04-17 04:01:44,155-Speed 45.78 samples/sec   Loss 0.0076   LearningRate 0.000953   Epoch: 9   Global Step: 13380   Fp16 Grad Scale: 1048576   Required: 217 hours
Training: 2025-04-17 04:02:11,804-Speed 46.30 samples/sec   Loss 0.0058   LearningRate 0.000953   Epoch: 9   Global Step: 13390   Fp16 Grad Scale: 1048576   Required: 217 hours
Training: 2025-04-17 04:02:39,665-Speed 45.94 samples/sec   Loss 0.0057   LearningRate 0.000953   Epoch: 9   Global Step: 13400   Fp16 Grad Scale: 1048576   Required: 217 hours
Training: 2025-04-17 04:03:07,419-Speed 46.12 samples/sec   Loss 0.0100   LearningRate 0.000953   Epoch: 9   Global Step: 13410   Fp16 Grad Scale: 1048576   Required: 217 hours
Training: 2025-04-17 04:03:35,003-Speed 46.41 samples/sec   Loss 0.0133   LearningRate 0.000953   Epoch: 9   Global Step: 13420   Fp16 Grad Scale: 1048576   Required: 217 hours
Training: 2025-04-17 04:04:02,734-Speed 46.16 samples/sec   Loss 0.0149   LearningRate 0.000953   Epoch: 9   Global Step: 13430   Fp16 Grad Scale: 1048576   Required: 217 hours
Training: 2025-04-17 04:04:32,409-Speed 43.14 samples/sec   Loss 0.0091   LearningRate 0.000953   Epoch: 9   Global Step: 13440   Fp16 Grad Scale: 1048576   Required: 217 hours
Training: 2025-04-17 04:05:00,018-Speed 46.36 samples/sec   Loss 0.0092   LearningRate 0.000953   Epoch: 9   Global Step: 13450   Fp16 Grad Scale: 1048576   Required: 217 hours
Training: 2025-04-17 04:05:27,609-Speed 46.39 samples/sec   Loss 0.0171   LearningRate 0.000953   Epoch: 9   Global Step: 13460   Fp16 Grad Scale: 1048576   Required: 217 hours
Training: 2025-04-17 04:05:55,190-Speed 46.41 samples/sec   Loss 0.0047   LearningRate 0.000953   Epoch: 9   Global Step: 13470   Fp16 Grad Scale: 1048576   Required: 217 hours
Training: 2025-04-17 04:06:22,897-Speed 46.20 samples/sec   Loss 0.0087   LearningRate 0.000953   Epoch: 9   Global Step: 13480   Fp16 Grad Scale: 1048576   Required: 217 hours
Training: 2025-04-17 04:06:50,465-Speed 46.43 samples/sec   Loss 0.0086   LearningRate 0.000953   Epoch: 9   Global Step: 13490   Fp16 Grad Scale: 1048576   Required: 217 hours
Training: 2025-04-17 04:07:18,075-Speed 46.36 samples/sec   Loss 0.0058   LearningRate 0.000953   Epoch: 9   Global Step: 13500   Fp16 Grad Scale: 1048576   Required: 217 hours
Training: 2025-04-17 04:07:45,638-Speed 46.44 samples/sec   Loss 0.0089   LearningRate 0.000953   Epoch: 9   Global Step: 13510   Fp16 Grad Scale: 1048576   Required: 217 hours
Training: 2025-04-17 04:08:13,386-Speed 46.13 samples/sec   Loss 0.0088   LearningRate 0.000953   Epoch: 9   Global Step: 13520   Fp16 Grad Scale: 1048576   Required: 217 hours
Training: 2025-04-17 04:08:41,501-Speed 45.53 samples/sec   Loss 0.0024   LearningRate 0.000953   Epoch: 9   Global Step: 13530   Fp16 Grad Scale: 2097152   Required: 217 hours
Training: 2025-04-17 04:09:09,589-Speed 45.57 samples/sec   Loss 0.0075   LearningRate 0.000953   Epoch: 9   Global Step: 13540   Fp16 Grad Scale: 2097152   Required: 217 hours
Training: 2025-04-17 04:09:38,980-Speed 43.55 samples/sec   Loss 0.0139   LearningRate 0.000952   Epoch: 9   Global Step: 13550   Fp16 Grad Scale: 524288   Required: 217 hours
Training: 2025-04-17 04:10:06,575-Speed 46.39 samples/sec   Loss 0.0047   LearningRate 0.000952   Epoch: 9   Global Step: 13560   Fp16 Grad Scale: 524288   Required: 217 hours
Training: 2025-04-17 04:10:34,445-Speed 45.93 samples/sec   Loss 0.0031   LearningRate 0.000952   Epoch: 9   Global Step: 13570   Fp16 Grad Scale: 524288   Required: 217 hours
Training: 2025-04-17 04:11:02,165-Speed 46.18 samples/sec   Loss 0.0066   LearningRate 0.000952   Epoch: 9   Global Step: 13580   Fp16 Grad Scale: 524288   Required: 217 hours
Training: 2025-04-17 04:11:29,809-Speed 46.30 samples/sec   Loss 0.0080   LearningRate 0.000952   Epoch: 9   Global Step: 13590   Fp16 Grad Scale: 524288   Required: 217 hours
Training: 2025-04-17 04:11:57,298-Speed 46.57 samples/sec   Loss 0.0063   LearningRate 0.000952   Epoch: 9   Global Step: 13600   Fp16 Grad Scale: 524288   Required: 217 hours
Training: 2025-04-17 04:12:24,999-Speed 46.21 samples/sec   Loss 0.0113   LearningRate 0.000952   Epoch: 9   Global Step: 13610   Fp16 Grad Scale: 524288   Required: 217 hours
Training: 2025-04-17 04:12:52,778-Speed 46.08 samples/sec   Loss 0.0044   LearningRate 0.000952   Epoch: 9   Global Step: 13620   Fp16 Grad Scale: 524288   Required: 217 hours
Training: 2025-04-17 04:13:20,436-Speed 46.28 samples/sec   Loss 0.0084   LearningRate 0.000952   Epoch: 9   Global Step: 13630   Fp16 Grad Scale: 524288   Required: 217 hours
Training: 2025-04-17 04:13:47,957-Speed 46.51 samples/sec   Loss 0.0054   LearningRate 0.000952   Epoch: 9   Global Step: 13640   Fp16 Grad Scale: 524288   Required: 217 hours
Training: 2025-04-17 04:14:15,495-Speed 46.48 samples/sec   Loss 0.0044   LearningRate 0.000952   Epoch: 9   Global Step: 13650   Fp16 Grad Scale: 1048576   Required: 217 hours
Training: 2025-04-17 04:14:44,953-Speed 43.45 samples/sec   Loss 0.0031   LearningRate 0.000952   Epoch: 9   Global Step: 13660   Fp16 Grad Scale: 1048576   Required: 217 hours
Training: 2025-04-17 04:15:12,595-Speed 46.31 samples/sec   Loss 0.0058   LearningRate 0.000952   Epoch: 9   Global Step: 13670   Fp16 Grad Scale: 1048576   Required: 217 hours
Training: 2025-04-17 04:15:40,233-Speed 46.32 samples/sec   Loss 0.0082   LearningRate 0.000952   Epoch: 9   Global Step: 13680   Fp16 Grad Scale: 1048576   Required: 217 hours
Training: 2025-04-17 04:16:07,707-Speed 46.59 samples/sec   Loss 0.0162   LearningRate 0.000952   Epoch: 9   Global Step: 13690   Fp16 Grad Scale: 1048576   Required: 217 hours
Training: 2025-04-17 04:16:35,253-Speed 46.47 samples/sec   Loss 0.0119   LearningRate 0.000952   Epoch: 9   Global Step: 13700   Fp16 Grad Scale: 1048576   Required: 217 hours
Training: 2025-04-17 04:17:02,832-Speed 46.41 samples/sec   Loss 0.0122   LearningRate 0.000952   Epoch: 9   Global Step: 13710   Fp16 Grad Scale: 1048576   Required: 217 hours
Training: 2025-04-17 04:17:30,453-Speed 46.34 samples/sec   Loss 0.0099   LearningRate 0.000952   Epoch: 9   Global Step: 13720   Fp16 Grad Scale: 1048576   Required: 217 hours
Training: 2025-04-17 04:17:57,986-Speed 46.49 samples/sec   Loss 0.0779   LearningRate 0.000952   Epoch: 9   Global Step: 13730   Fp16 Grad Scale: 1048576   Required: 217 hours
Training: 2025-04-17 04:18:25,619-Speed 46.32 samples/sec   Loss 0.0034   LearningRate 0.000952   Epoch: 9   Global Step: 13740   Fp16 Grad Scale: 1048576   Required: 217 hours
Training: 2025-04-17 04:18:53,339-Speed 46.18 samples/sec   Loss 0.0126   LearningRate 0.000952   Epoch: 9   Global Step: 13750   Fp16 Grad Scale: 2097152   Required: 217 hours
Training: 2025-04-17 04:19:20,982-Speed 46.31 samples/sec   Loss 0.0091   LearningRate 0.000952   Epoch: 9   Global Step: 13760   Fp16 Grad Scale: 2097152   Required: 217 hours
Training: 2025-04-17 04:19:50,608-Speed 43.21 samples/sec   Loss 0.0081   LearningRate 0.000952   Epoch: 9   Global Step: 13770   Fp16 Grad Scale: 2097152   Required: 217 hours
Training: 2025-04-17 04:20:18,254-Speed 46.30 samples/sec   Loss 0.0178   LearningRate 0.000952   Epoch: 9   Global Step: 13780   Fp16 Grad Scale: 2097152   Required: 217 hours
Training: 2025-04-17 04:20:45,673-Speed 46.69 samples/sec   Loss 0.0092   LearningRate 0.000952   Epoch: 9   Global Step: 13790   Fp16 Grad Scale: 1048576   Required: 217 hours
Training: 2025-04-17 04:21:13,226-Speed 46.46 samples/sec   Loss 0.0098   LearningRate 0.000952   Epoch: 9   Global Step: 13800   Fp16 Grad Scale: 1048576   Required: 217 hours
Training: 2025-04-17 04:21:40,887-Speed 46.28 samples/sec   Loss 0.0040   LearningRate 0.000952   Epoch: 9   Global Step: 13810   Fp16 Grad Scale: 1048576   Required: 217 hours
Training: 2025-04-17 04:22:08,584-Speed 46.21 samples/sec   Loss 0.0073   LearningRate 0.000952   Epoch: 9   Global Step: 13820   Fp16 Grad Scale: 1048576   Required: 217 hours
Training: 2025-04-17 04:22:36,153-Speed 46.43 samples/sec   Loss 0.0095   LearningRate 0.000952   Epoch: 9   Global Step: 13830   Fp16 Grad Scale: 1048576   Required: 217 hours
Training: 2025-04-17 04:23:03,780-Speed 46.33 samples/sec   Loss 0.0128   LearningRate 0.000951   Epoch: 9   Global Step: 13840   Fp16 Grad Scale: 1048576   Required: 217 hours
Training: 2025-04-17 04:23:31,346-Speed 46.44 samples/sec   Loss 0.0107   LearningRate 0.000951   Epoch: 9   Global Step: 13850   Fp16 Grad Scale: 1048576   Required: 217 hours
Training: 2025-04-17 04:23:59,007-Speed 46.28 samples/sec   Loss 0.0046   LearningRate 0.000951   Epoch: 9   Global Step: 13860   Fp16 Grad Scale: 1048576   Required: 217 hours
Training: 2025-04-17 04:24:26,805-Speed 46.05 samples/sec   Loss 0.0113   LearningRate 0.000951   Epoch: 9   Global Step: 13870   Fp16 Grad Scale: 1048576   Required: 217 hours
Training: 2025-04-17 04:24:56,281-Speed 43.43 samples/sec   Loss 0.0070   LearningRate 0.000951   Epoch: 9   Global Step: 13880   Fp16 Grad Scale: 1048576   Required: 217 hours
Training: 2025-04-17 04:25:23,902-Speed 46.34 samples/sec   Loss 0.0222   LearningRate 0.000951   Epoch: 9   Global Step: 13890   Fp16 Grad Scale: 2097152   Required: 217 hours
Training: 2025-04-17 04:25:51,530-Speed 46.33 samples/sec   Loss 0.0220   LearningRate 0.000951   Epoch: 9   Global Step: 13900   Fp16 Grad Scale: 2097152   Required: 217 hours
Training: 2025-04-17 04:26:19,864-Speed 45.18 samples/sec   Loss 0.0109   LearningRate 0.000951   Epoch: 9   Global Step: 13910   Fp16 Grad Scale: 2097152   Required: 217 hours
Training: 2025-04-17 04:26:50,036-Speed 42.43 samples/sec   Loss 0.0079   LearningRate 0.000951   Epoch: 9   Global Step: 13920   Fp16 Grad Scale: 2097152   Required: 217 hours
Training: 2025-04-17 04:27:18,191-Speed 45.46 samples/sec   Loss 0.0104   LearningRate 0.000951   Epoch: 9   Global Step: 13930   Fp16 Grad Scale: 2097152   Required: 217 hours
Training: 2025-04-17 04:27:45,857-Speed 46.27 samples/sec   Loss 0.0512   LearningRate 0.000951   Epoch: 9   Global Step: 13940   Fp16 Grad Scale: 2097152   Required: 217 hours
Training: 2025-04-17 04:28:13,555-Speed 46.21 samples/sec   Loss 0.0289   LearningRate 0.000951   Epoch: 9   Global Step: 13950   Fp16 Grad Scale: 2097152   Required: 217 hours
Training: 2025-04-17 04:28:41,190-Speed 46.32 samples/sec   Loss 0.0116   LearningRate 0.000951   Epoch: 9   Global Step: 13960   Fp16 Grad Scale: 2097152   Required: 217 hours
Training: 2025-04-17 04:29:08,853-Speed 46.27 samples/sec   Loss 0.0450   LearningRate 0.000951   Epoch: 9   Global Step: 13970   Fp16 Grad Scale: 1048576   Required: 217 hours
Training: 2025-04-17 04:29:36,423-Speed 46.43 samples/sec   Loss 0.0566   LearningRate 0.000951   Epoch: 9   Global Step: 13980   Fp16 Grad Scale: 1048576   Required: 217 hours
Training: 2025-04-17 04:30:06,035-Speed 43.23 samples/sec   Loss 0.0259   LearningRate 0.000951   Epoch: 9   Global Step: 13990   Fp16 Grad Scale: 1048576   Required: 217 hours
Training: 2025-04-17 04:30:33,734-Speed 46.21 samples/sec   Loss 0.0164   LearningRate 0.000951   Epoch: 9   Global Step: 14000   Fp16 Grad Scale: 1048576   Required: 217 hours
Training: 2025-04-17 04:31:52,992-[val][Global step: 14000] d prime: 6.913774013519287
Early stopping triggered. Stopping training to prevent overfitting.
Training: 2025-04-18 21:16:37,741-rank_id: 0
/afs/crc.nd.edu/user/j/jporubci/Private/ArcIris2/.venv/lib64/python3.9/site-packages/torch/optim/lr_scheduler.py:62: UserWarning: The verbose parameter is deprecated. Please use get_last_lr() to access the learning rate.
  warnings.warn(
