Training: 2025-04-17 04:32:53,205-rank_id: 0
/afs/crc.nd.edu/user/j/jporubci/Private/ArcIris2/.venv/lib64/python3.9/site-packages/torch/optim/lr_scheduler.py:62: UserWarning: The verbose parameter is deprecated. Please use get_last_lr() to access the learning rate.
  warnings.warn(
Training: 2025-04-17 04:36:47,585-: margin_list              (1.0, 0.5, 0.0)
Training: 2025-04-17 04:36:47,585-: network                  r200
Training: 2025-04-17 04:36:47,585-: resume                   False
Training: 2025-04-17 04:36:47,585-: save_all_states          True
Training: 2025-04-17 04:36:47,585-: output                   work_dirs/r200_noise
Training: 2025-04-17 04:36:47,585-: embedding_size           512
Training: 2025-04-17 04:36:47,585-: sample_rate              1.0
Training: 2025-04-17 04:36:47,585-: interclass_filtering_threshold0
Training: 2025-04-17 04:36:47,585-: fp16                     True
Training: 2025-04-17 04:36:47,585-: batch_size               128
Training: 2025-04-17 04:36:47,585-: optimizer                adamw
Training: 2025-04-17 04:36:47,585-: lr                       0.001
Training: 2025-04-17 04:36:47,585-: weight_decay             0.01
Training: 2025-04-17 04:36:47,585-: verbose                  2000
Training: 2025-04-17 04:36:47,585-: frequent                 10
Training: 2025-04-17 04:36:47,585-: dali                     False
Training: 2025-04-17 04:36:47,585-: dali_aug                 False
Training: 2025-04-17 04:36:47,585-: gradient_acc             1
Training: 2025-04-17 04:36:47,585-: seed                     2048
Training: 2025-04-17 04:36:47,585-: num_workers              2
Training: 2025-04-17 04:36:47,585-: wandb_key                XXXXXXXXXXXXXXXXXXXXXXXXXXXXXXXXXXXXXXXX
Training: 2025-04-17 04:36:47,586-: suffix_run_name          None
Training: 2025-04-17 04:36:47,586-: using_wandb              False
Training: 2025-04-17 04:36:47,586-: wandb_entity             entity
Training: 2025-04-17 04:36:47,586-: wandb_project            project
Training: 2025-04-17 04:36:47,586-: wandb_log_all            True
Training: 2025-04-17 04:36:47,586-: save_artifacts           False
Training: 2025-04-17 04:36:47,586-: wandb_resume             False
Training: 2025-04-17 04:36:47,586-: train_dir                /project01/cvrl/jporubci/ArcIris Dataset/train
Training: 2025-04-17 04:36:47,586-: val_dir                  /project01/cvrl/jporubci/ArcIris Dataset/val
Training: 2025-04-17 04:36:47,586-: test_dir                 /project01/cvrl/jporubci/ArcIris Dataset/test
Training: 2025-04-17 04:36:47,586-: num_classes              2071
Training: 2025-04-17 04:36:47,586-: num_image                182644
Training: 2025-04-17 04:36:47,586-: num_epoch                200
Training: 2025-04-17 04:36:47,586-: warmup_epoch             0
Training: 2025-04-17 04:36:47,586-: val_target               val.bin
Training: 2025-04-17 04:36:47,586-: debug                    True
Training: 2025-04-17 04:36:47,586-: strategy                 noise
Training: 2025-04-17 04:36:47,586-: total_batch_size         128
Training: 2025-04-17 04:36:47,586-: warmup_step              0
Training: 2025-04-17 04:36:47,586-: total_step               285200
image_pairs_tensor.shape: torch.Size([8192, 3, 64, 512])
image_0.shape: torch.Size([3, 64, 512])
image_0.min(): -0.6705882549285889
image_0.max(): 1.0
image_1.shape: torch.Size([3, 64, 512])
image_1.min(): -0.9764705896377563
image_1.max(): 0.21568632125854492
issame[0]: True
Before augmentation:
images.device: cuda:0
images.shape: torch.Size([128, 1, 64, 512])
image_tensor.device: cuda:0
image_tensor.shape: torch.Size([1, 64, 512])
image_tensor.shape: torch.Size([1, 64, 512])
image_tensor.min(): 0.1725490242242813
image_tensor.max(): 1.0
After augmentation:
images.device: cuda:0
images.shape: torch.Size([128, 1, 64, 512])
image_tensor.device: cuda:0
image_tensor.shape: torch.Size([1, 64, 512])
image_tensor.shape: torch.Size([1, 64, 512])
image_tensor.min(): 1.8263584934175014e-05
image_tensor.max(): 1.0
After normalization:
images.device: cuda:0
images.shape: torch.Size([128, 3, 64, 512])
image_tensor.device: cuda:0
image_tensor.shape: torch.Size([3, 64, 512])
image_tensor.shape: torch.Size([3, 64, 512])
image_tensor.min(): -0.9999634623527527
image_tensor.max(): 1.0
Training: 2025-04-17 04:38:52,194-Speed 23.53 samples/sec   Loss 42.4917   LearningRate 0.001000   Epoch: 0   Global Step: 20   Fp16 Grad Scale: 65536   Required: 441 hours
Training: 2025-04-17 04:40:13,081-Speed 15.82 samples/sec   Loss 41.6467   LearningRate 0.001000   Epoch: 0   Global Step: 30   Fp16 Grad Scale: 65536   Required: 506 hours
Training: 2025-04-17 04:41:06,900-Speed 23.78 samples/sec   Loss 41.7073   LearningRate 0.001000   Epoch: 0   Global Step: 40   Fp16 Grad Scale: 65536   Required: 487 hours
Training: 2025-04-17 04:42:01,016-Speed 23.65 samples/sec   Loss 41.9359   LearningRate 0.001000   Epoch: 0   Global Step: 50   Fp16 Grad Scale: 65536   Required: 475 hours
Training: 2025-04-17 04:42:54,091-Speed 24.12 samples/sec   Loss 41.3923   LearningRate 0.001000   Epoch: 0   Global Step: 60   Fp16 Grad Scale: 65536   Required: 466 hours
Training: 2025-04-17 04:43:49,332-Speed 23.17 samples/sec   Loss 40.7475   LearningRate 0.001000   Epoch: 0   Global Step: 70   Fp16 Grad Scale: 65536   Required: 462 hours
Training: 2025-04-17 04:44:43,273-Speed 23.73 samples/sec   Loss 40.2918   LearningRate 0.001000   Epoch: 0   Global Step: 80   Fp16 Grad Scale: 65536   Required: 458 hours
Training: 2025-04-17 04:45:36,494-Speed 24.05 samples/sec   Loss 39.7919   LearningRate 0.001000   Epoch: 0   Global Step: 90   Fp16 Grad Scale: 65536   Required: 453 hours
Training: 2025-04-17 04:46:29,176-Speed 24.30 samples/sec   Loss 38.9060   LearningRate 0.001000   Epoch: 0   Global Step: 100   Fp16 Grad Scale: 131072   Required: 450 hours
Training: 2025-04-17 04:47:23,220-Speed 23.68 samples/sec   Loss 37.6580   LearningRate 0.001000   Epoch: 0   Global Step: 110   Fp16 Grad Scale: 131072   Required: 448 hours
Training: 2025-04-17 04:48:16,008-Speed 24.25 samples/sec   Loss 35.8988   LearningRate 0.001000   Epoch: 0   Global Step: 120   Fp16 Grad Scale: 131072   Required: 446 hours
Training: 2025-04-17 04:49:08,794-Speed 24.25 samples/sec   Loss 34.2164   LearningRate 0.001000   Epoch: 0   Global Step: 130   Fp16 Grad Scale: 131072   Required: 443 hours
Training: 2025-04-17 04:50:01,736-Speed 24.18 samples/sec   Loss 31.4954   LearningRate 0.001000   Epoch: 0   Global Step: 140   Fp16 Grad Scale: 131072   Required: 441 hours
Training: 2025-04-17 04:50:54,630-Speed 24.20 samples/sec   Loss 28.5184   LearningRate 0.000999   Epoch: 0   Global Step: 150   Fp16 Grad Scale: 131072   Required: 440 hours
Training: 2025-04-17 04:51:46,682-Speed 24.59 samples/sec   Loss 26.7797   LearningRate 0.000999   Epoch: 0   Global Step: 160   Fp16 Grad Scale: 131072   Required: 438 hours
Training: 2025-04-17 04:52:40,574-Speed 23.75 samples/sec   Loss 23.9018   LearningRate 0.000999   Epoch: 0   Global Step: 170   Fp16 Grad Scale: 131072   Required: 438 hours
Training: 2025-04-17 04:53:32,684-Speed 24.56 samples/sec   Loss 21.7746   LearningRate 0.000999   Epoch: 0   Global Step: 180   Fp16 Grad Scale: 131072   Required: 436 hours
Training: 2025-04-17 04:54:25,588-Speed 24.19 samples/sec   Loss 19.8687   LearningRate 0.000999   Epoch: 0   Global Step: 190   Fp16 Grad Scale: 131072   Required: 435 hours
Training: 2025-04-17 04:55:18,424-Speed 24.23 samples/sec   Loss 17.7701   LearningRate 0.000999   Epoch: 0   Global Step: 200   Fp16 Grad Scale: 262144   Required: 434 hours
Training: 2025-04-17 04:56:10,888-Speed 24.40 samples/sec   Loss 16.2722   LearningRate 0.000999   Epoch: 0   Global Step: 210   Fp16 Grad Scale: 262144   Required: 434 hours
Training: 2025-04-17 04:57:05,837-Speed 23.29 samples/sec   Loss 14.4960   LearningRate 0.000999   Epoch: 0   Global Step: 220   Fp16 Grad Scale: 262144   Required: 433 hours
Training: 2025-04-17 04:57:58,420-Speed 24.34 samples/sec   Loss 13.2041   LearningRate 0.000999   Epoch: 0   Global Step: 230   Fp16 Grad Scale: 262144   Required: 433 hours
Training: 2025-04-17 04:58:50,674-Speed 24.50 samples/sec   Loss 11.8865   LearningRate 0.000999   Epoch: 0   Global Step: 240   Fp16 Grad Scale: 262144   Required: 432 hours
Training: 2025-04-17 04:59:43,190-Speed 24.37 samples/sec   Loss 10.8772   LearningRate 0.000999   Epoch: 0   Global Step: 250   Fp16 Grad Scale: 262144   Required: 431 hours
Training: 2025-04-17 05:00:36,177-Speed 24.16 samples/sec   Loss 10.1091   LearningRate 0.000999   Epoch: 0   Global Step: 260   Fp16 Grad Scale: 262144   Required: 431 hours
Training: 2025-04-17 05:01:28,600-Speed 24.42 samples/sec   Loss 8.3839   LearningRate 0.000999   Epoch: 0   Global Step: 270   Fp16 Grad Scale: 262144   Required: 430 hours
Training: 2025-04-17 05:02:21,685-Speed 24.11 samples/sec   Loss 8.0619   LearningRate 0.000999   Epoch: 0   Global Step: 280   Fp16 Grad Scale: 262144   Required: 430 hours
Training: 2025-04-17 05:03:13,432-Speed 24.74 samples/sec   Loss 7.6224   LearningRate 0.000999   Epoch: 0   Global Step: 290   Fp16 Grad Scale: 262144   Required: 429 hours
Training: 2025-04-17 05:04:05,706-Speed 24.49 samples/sec   Loss 7.1700   LearningRate 0.000999   Epoch: 0   Global Step: 300   Fp16 Grad Scale: 524288   Required: 429 hours
Training: 2025-04-17 05:04:58,024-Speed 24.47 samples/sec   Loss 6.6242   LearningRate 0.000999   Epoch: 0   Global Step: 310   Fp16 Grad Scale: 262144   Required: 428 hours
Training: 2025-04-17 05:05:51,459-Speed 23.95 samples/sec   Loss 6.6324   LearningRate 0.000999   Epoch: 0   Global Step: 320   Fp16 Grad Scale: 262144   Required: 428 hours
Training: 2025-04-17 05:06:43,514-Speed 24.59 samples/sec   Loss 5.9397   LearningRate 0.000999   Epoch: 0   Global Step: 330   Fp16 Grad Scale: 262144   Required: 427 hours
Training: 2025-04-17 05:07:38,218-Speed 23.40 samples/sec   Loss 5.4360   LearningRate 0.000999   Epoch: 0   Global Step: 340   Fp16 Grad Scale: 262144   Required: 428 hours
Training: 2025-04-17 05:08:30,684-Speed 24.40 samples/sec   Loss 5.5802   LearningRate 0.000999   Epoch: 0   Global Step: 350   Fp16 Grad Scale: 262144   Required: 427 hours
Training: 2025-04-17 05:09:23,175-Speed 24.39 samples/sec   Loss 5.1734   LearningRate 0.000999   Epoch: 0   Global Step: 360   Fp16 Grad Scale: 262144   Required: 427 hours
Training: 2025-04-17 05:10:15,704-Speed 24.37 samples/sec   Loss 4.6455   LearningRate 0.000999   Epoch: 0   Global Step: 370   Fp16 Grad Scale: 262144   Required: 427 hours
Training: 2025-04-17 05:11:09,595-Speed 23.75 samples/sec   Loss 4.5353   LearningRate 0.000999   Epoch: 0   Global Step: 380   Fp16 Grad Scale: 262144   Required: 427 hours
Training: 2025-04-17 05:12:02,212-Speed 24.33 samples/sec   Loss 4.4100   LearningRate 0.000999   Epoch: 0   Global Step: 390   Fp16 Grad Scale: 262144   Required: 426 hours
Training: 2025-04-17 05:12:55,809-Speed 23.88 samples/sec   Loss 4.3559   LearningRate 0.000999   Epoch: 0   Global Step: 400   Fp16 Grad Scale: 262144   Required: 426 hours
Training: 2025-04-17 05:13:48,186-Speed 24.44 samples/sec   Loss 4.1143   LearningRate 0.000999   Epoch: 0   Global Step: 410   Fp16 Grad Scale: 524288   Required: 426 hours
Training: 2025-04-17 05:14:42,460-Speed 23.58 samples/sec   Loss 3.7705   LearningRate 0.000999   Epoch: 0   Global Step: 420   Fp16 Grad Scale: 524288   Required: 426 hours
Training: 2025-04-17 05:15:34,940-Speed 24.39 samples/sec   Loss 3.6731   LearningRate 0.000998   Epoch: 0   Global Step: 430   Fp16 Grad Scale: 524288   Required: 426 hours
Training: 2025-04-17 05:16:27,062-Speed 24.56 samples/sec   Loss 3.8563   LearningRate 0.000998   Epoch: 0   Global Step: 440   Fp16 Grad Scale: 524288   Required: 425 hours
Training: 2025-04-17 05:17:20,587-Speed 23.91 samples/sec   Loss 3.8454   LearningRate 0.000998   Epoch: 0   Global Step: 450   Fp16 Grad Scale: 524288   Required: 425 hours
Training: 2025-04-17 05:18:12,332-Speed 24.74 samples/sec   Loss 3.4371   LearningRate 0.000998   Epoch: 0   Global Step: 460   Fp16 Grad Scale: 524288   Required: 425 hours
Training: 2025-04-17 05:19:04,839-Speed 24.38 samples/sec   Loss 3.5042   LearningRate 0.000998   Epoch: 0   Global Step: 470   Fp16 Grad Scale: 524288   Required: 425 hours
Training: 2025-04-17 05:19:57,300-Speed 24.40 samples/sec   Loss 3.0263   LearningRate 0.000998   Epoch: 0   Global Step: 480   Fp16 Grad Scale: 524288   Required: 425 hours
Training: 2025-04-17 05:20:49,843-Speed 24.36 samples/sec   Loss 3.1893   LearningRate 0.000998   Epoch: 0   Global Step: 490   Fp16 Grad Scale: 524288   Required: 424 hours
Training: 2025-04-17 05:21:42,942-Speed 24.11 samples/sec   Loss 2.6121   LearningRate 0.000998   Epoch: 0   Global Step: 500   Fp16 Grad Scale: 524288   Required: 424 hours
Training: 2025-04-17 05:22:35,867-Speed 24.19 samples/sec   Loss 2.9610   LearningRate 0.000998   Epoch: 0   Global Step: 510   Fp16 Grad Scale: 1048576   Required: 424 hours
Training: 2025-04-17 05:23:27,769-Speed 24.66 samples/sec   Loss 2.8367   LearningRate 0.000998   Epoch: 0   Global Step: 520   Fp16 Grad Scale: 524288   Required: 424 hours
Training: 2025-04-17 05:24:20,448-Speed 24.30 samples/sec   Loss 3.0437   LearningRate 0.000998   Epoch: 0   Global Step: 530   Fp16 Grad Scale: 524288   Required: 424 hours
Training: 2025-04-17 05:25:12,446-Speed 24.62 samples/sec   Loss 2.8275   LearningRate 0.000998   Epoch: 0   Global Step: 540   Fp16 Grad Scale: 524288   Required: 423 hours
Training: 2025-04-17 05:26:04,286-Speed 24.69 samples/sec   Loss 2.4974   LearningRate 0.000998   Epoch: 0   Global Step: 550   Fp16 Grad Scale: 524288   Required: 423 hours
Training: 2025-04-17 05:26:57,878-Speed 23.88 samples/sec   Loss 2.2087   LearningRate 0.000998   Epoch: 0   Global Step: 560   Fp16 Grad Scale: 524288   Required: 423 hours
Training: 2025-04-17 05:27:51,068-Speed 24.06 samples/sec   Loss 2.2886   LearningRate 0.000998   Epoch: 0   Global Step: 570   Fp16 Grad Scale: 524288   Required: 423 hours
Training: 2025-04-17 05:28:42,181-Speed 25.04 samples/sec   Loss 2.3567   LearningRate 0.000998   Epoch: 0   Global Step: 580   Fp16 Grad Scale: 524288   Required: 423 hours
Training: 2025-04-17 05:29:34,271-Speed 24.57 samples/sec   Loss 2.3808   LearningRate 0.000998   Epoch: 0   Global Step: 590   Fp16 Grad Scale: 524288   Required: 423 hours
Training: 2025-04-17 05:30:26,087-Speed 24.70 samples/sec   Loss 2.5720   LearningRate 0.000998   Epoch: 0   Global Step: 600   Fp16 Grad Scale: 524288   Required: 422 hours
Training: 2025-04-17 05:31:18,380-Speed 24.48 samples/sec   Loss 2.3176   LearningRate 0.000998   Epoch: 0   Global Step: 610   Fp16 Grad Scale: 524288   Required: 422 hours
Training: 2025-04-17 05:32:11,325-Speed 24.18 samples/sec   Loss 2.9171   LearningRate 0.000998   Epoch: 0   Global Step: 620   Fp16 Grad Scale: 1048576   Required: 422 hours
Training: 2025-04-17 05:33:04,395-Speed 24.12 samples/sec   Loss 2.0423   LearningRate 0.000998   Epoch: 0   Global Step: 630   Fp16 Grad Scale: 1048576   Required: 422 hours
Training: 2025-04-17 05:33:56,282-Speed 24.68 samples/sec   Loss 2.3192   LearningRate 0.000998   Epoch: 0   Global Step: 640   Fp16 Grad Scale: 262144   Required: 422 hours
Training: 2025-04-17 05:34:48,332-Speed 24.60 samples/sec   Loss 1.8466   LearningRate 0.000998   Epoch: 0   Global Step: 650   Fp16 Grad Scale: 262144   Required: 422 hours
Training: 2025-04-17 05:35:40,286-Speed 24.64 samples/sec   Loss 1.9849   LearningRate 0.000998   Epoch: 0   Global Step: 660   Fp16 Grad Scale: 262144   Required: 421 hours
Training: 2025-04-17 05:36:32,260-Speed 24.63 samples/sec   Loss 2.1791   LearningRate 0.000998   Epoch: 0   Global Step: 670   Fp16 Grad Scale: 262144   Required: 421 hours
Training: 2025-04-17 05:37:24,467-Speed 24.52 samples/sec   Loss 2.0078   LearningRate 0.000998   Epoch: 0   Global Step: 680   Fp16 Grad Scale: 262144   Required: 421 hours
Training: 2025-04-17 05:38:17,391-Speed 24.19 samples/sec   Loss 1.9274   LearningRate 0.000998   Epoch: 0   Global Step: 690   Fp16 Grad Scale: 262144   Required: 421 hours
Training: 2025-04-17 05:39:10,085-Speed 24.29 samples/sec   Loss 1.9238   LearningRate 0.000998   Epoch: 0   Global Step: 700   Fp16 Grad Scale: 262144   Required: 421 hours
Training: 2025-04-17 05:40:02,286-Speed 24.52 samples/sec   Loss 1.7771   LearningRate 0.000998   Epoch: 0   Global Step: 710   Fp16 Grad Scale: 262144   Required: 421 hours
Training: 2025-04-17 05:40:54,372-Speed 24.58 samples/sec   Loss 1.6149   LearningRate 0.000997   Epoch: 0   Global Step: 720   Fp16 Grad Scale: 262144   Required: 421 hours
Training: 2025-04-17 05:41:46,945-Speed 24.35 samples/sec   Loss 1.6763   LearningRate 0.000997   Epoch: 0   Global Step: 730   Fp16 Grad Scale: 262144   Required: 421 hours
Training: 2025-04-17 05:42:41,201-Speed 23.59 samples/sec   Loss 1.6091   LearningRate 0.000997   Epoch: 0   Global Step: 740   Fp16 Grad Scale: 524288   Required: 421 hours
Training: 2025-04-17 05:43:32,989-Speed 24.72 samples/sec   Loss 1.7351   LearningRate 0.000997   Epoch: 0   Global Step: 750   Fp16 Grad Scale: 524288   Required: 421 hours
Training: 2025-04-17 05:44:25,171-Speed 24.53 samples/sec   Loss 1.6843   LearningRate 0.000997   Epoch: 0   Global Step: 760   Fp16 Grad Scale: 524288   Required: 420 hours
Training: 2025-04-17 05:45:17,208-Speed 24.60 samples/sec   Loss 1.3476   LearningRate 0.000997   Epoch: 0   Global Step: 770   Fp16 Grad Scale: 524288   Required: 420 hours
Training: 2025-04-17 05:46:09,087-Speed 24.67 samples/sec   Loss 1.8586   LearningRate 0.000997   Epoch: 0   Global Step: 780   Fp16 Grad Scale: 524288   Required: 420 hours
Training: 2025-04-17 05:47:01,045-Speed 24.64 samples/sec   Loss 1.4373   LearningRate 0.000997   Epoch: 0   Global Step: 790   Fp16 Grad Scale: 524288   Required: 420 hours
Training: 2025-04-17 05:47:54,334-Speed 24.02 samples/sec   Loss 1.6171   LearningRate 0.000997   Epoch: 0   Global Step: 800   Fp16 Grad Scale: 524288   Required: 420 hours
Training: 2025-04-17 05:48:46,451-Speed 24.56 samples/sec   Loss 1.7048   LearningRate 0.000997   Epoch: 0   Global Step: 810   Fp16 Grad Scale: 524288   Required: 420 hours
Training: 2025-04-17 05:49:38,533-Speed 24.58 samples/sec   Loss 1.5820   LearningRate 0.000997   Epoch: 0   Global Step: 820   Fp16 Grad Scale: 524288   Required: 420 hours
Training: 2025-04-17 05:50:30,110-Speed 24.82 samples/sec   Loss 1.3786   LearningRate 0.000997   Epoch: 0   Global Step: 830   Fp16 Grad Scale: 524288   Required: 420 hours
Training: 2025-04-17 05:51:21,957-Speed 24.69 samples/sec   Loss 1.4261   LearningRate 0.000997   Epoch: 0   Global Step: 840   Fp16 Grad Scale: 1048576   Required: 420 hours
Training: 2025-04-17 05:52:13,789-Speed 24.70 samples/sec   Loss 1.5743   LearningRate 0.000997   Epoch: 0   Global Step: 850   Fp16 Grad Scale: 1048576   Required: 419 hours
Training: 2025-04-17 05:53:08,111-Speed 23.56 samples/sec   Loss 1.2819   LearningRate 0.000997   Epoch: 0   Global Step: 860   Fp16 Grad Scale: 1048576   Required: 420 hours
Training: 2025-04-17 05:54:00,073-Speed 24.64 samples/sec   Loss 1.6831   LearningRate 0.000997   Epoch: 0   Global Step: 870   Fp16 Grad Scale: 1048576   Required: 419 hours
Training: 2025-04-17 05:54:52,669-Speed 24.54 samples/sec   Loss 1.7231   LearningRate 0.000997   Epoch: 0   Global Step: 880   Fp16 Grad Scale: 1048576   Required: 419 hours
Training: 2025-04-17 05:55:44,691-Speed 24.61 samples/sec   Loss 1.5883   LearningRate 0.000997   Epoch: 0   Global Step: 890   Fp16 Grad Scale: 1048576   Required: 419 hours
Training: 2025-04-17 05:56:36,376-Speed 24.77 samples/sec   Loss 1.4048   LearningRate 0.000997   Epoch: 0   Global Step: 900   Fp16 Grad Scale: 1048576   Required: 419 hours
Training: 2025-04-17 05:57:28,661-Speed 24.48 samples/sec   Loss 1.4576   LearningRate 0.000997   Epoch: 0   Global Step: 910   Fp16 Grad Scale: 524288   Required: 419 hours
Training: 2025-04-17 05:58:22,570-Speed 23.74 samples/sec   Loss 1.3387   LearningRate 0.000997   Epoch: 0   Global Step: 920   Fp16 Grad Scale: 524288   Required: 419 hours
Training: 2025-04-17 05:59:15,131-Speed 24.35 samples/sec   Loss 1.6028   LearningRate 0.000997   Epoch: 0   Global Step: 930   Fp16 Grad Scale: 524288   Required: 419 hours
Training: 2025-04-17 06:00:06,867-Speed 24.74 samples/sec   Loss 1.3389   LearningRate 0.000997   Epoch: 0   Global Step: 940   Fp16 Grad Scale: 524288   Required: 419 hours
Training: 2025-04-17 06:01:01,880-Speed 23.27 samples/sec   Loss 1.1669   LearningRate 0.000997   Epoch: 0   Global Step: 950   Fp16 Grad Scale: 524288   Required: 419 hours
Training: 2025-04-17 06:01:55,511-Speed 23.87 samples/sec   Loss 1.2237   LearningRate 0.000997   Epoch: 0   Global Step: 960   Fp16 Grad Scale: 524288   Required: 419 hours
Training: 2025-04-17 06:02:50,258-Speed 23.38 samples/sec   Loss 1.4525   LearningRate 0.000997   Epoch: 0   Global Step: 970   Fp16 Grad Scale: 524288   Required: 419 hours
Training: 2025-04-17 06:03:43,491-Speed 24.05 samples/sec   Loss 1.3520   LearningRate 0.000997   Epoch: 0   Global Step: 980   Fp16 Grad Scale: 524288   Required: 419 hours
Training: 2025-04-17 06:04:38,444-Speed 23.29 samples/sec   Loss 1.1465   LearningRate 0.000997   Epoch: 0   Global Step: 990   Fp16 Grad Scale: 524288   Required: 419 hours
Training: 2025-04-17 06:05:30,252-Speed 24.71 samples/sec   Loss 1.1667   LearningRate 0.000996   Epoch: 0   Global Step: 1000   Fp16 Grad Scale: 524288   Required: 419 hours
Training: 2025-04-17 06:06:22,069-Speed 24.70 samples/sec   Loss 1.0088   LearningRate 0.000996   Epoch: 0   Global Step: 1010   Fp16 Grad Scale: 524288   Required: 419 hours
Training: 2025-04-17 06:07:14,150-Speed 24.58 samples/sec   Loss 1.2704   LearningRate 0.000996   Epoch: 0   Global Step: 1020   Fp16 Grad Scale: 524288   Required: 419 hours
Training: 2025-04-17 06:08:06,561-Speed 24.42 samples/sec   Loss 1.2997   LearningRate 0.000996   Epoch: 0   Global Step: 1030   Fp16 Grad Scale: 524288   Required: 419 hours
Training: 2025-04-17 06:08:59,705-Speed 24.09 samples/sec   Loss 1.3559   LearningRate 0.000996   Epoch: 0   Global Step: 1040   Fp16 Grad Scale: 524288   Required: 419 hours
Training: 2025-04-17 06:09:51,826-Speed 24.56 samples/sec   Loss 1.0423   LearningRate 0.000996   Epoch: 0   Global Step: 1050   Fp16 Grad Scale: 524288   Required: 419 hours
Training: 2025-04-17 06:10:43,139-Speed 24.94 samples/sec   Loss 1.1982   LearningRate 0.000996   Epoch: 0   Global Step: 1060   Fp16 Grad Scale: 524288   Required: 419 hours
Training: 2025-04-17 06:11:34,712-Speed 24.82 samples/sec   Loss 1.1254   LearningRate 0.000996   Epoch: 0   Global Step: 1070   Fp16 Grad Scale: 524288   Required: 418 hours
Training: 2025-04-17 06:12:26,746-Speed 24.60 samples/sec   Loss 1.1827   LearningRate 0.000996   Epoch: 0   Global Step: 1080   Fp16 Grad Scale: 524288   Required: 418 hours
Training: 2025-04-17 06:13:20,461-Speed 23.83 samples/sec   Loss 1.1449   LearningRate 0.000996   Epoch: 0   Global Step: 1090   Fp16 Grad Scale: 524288   Required: 418 hours
Training: 2025-04-17 06:14:14,671-Speed 23.61 samples/sec   Loss 0.9935   LearningRate 0.000996   Epoch: 0   Global Step: 1100   Fp16 Grad Scale: 524288   Required: 419 hours
Training: 2025-04-17 06:15:07,771-Speed 24.11 samples/sec   Loss 1.0017   LearningRate 0.000996   Epoch: 0   Global Step: 1110   Fp16 Grad Scale: 1048576   Required: 419 hours
Training: 2025-04-17 06:15:59,885-Speed 24.56 samples/sec   Loss 1.0700   LearningRate 0.000996   Epoch: 0   Global Step: 1120   Fp16 Grad Scale: 1048576   Required: 418 hours
Training: 2025-04-17 06:16:51,996-Speed 24.56 samples/sec   Loss 1.0326   LearningRate 0.000996   Epoch: 0   Global Step: 1130   Fp16 Grad Scale: 1048576   Required: 418 hours
Training: 2025-04-17 06:17:44,115-Speed 24.56 samples/sec   Loss 0.9450   LearningRate 0.000996   Epoch: 0   Global Step: 1140   Fp16 Grad Scale: 1048576   Required: 418 hours
Training: 2025-04-17 06:18:37,135-Speed 24.14 samples/sec   Loss 1.0285   LearningRate 0.000996   Epoch: 0   Global Step: 1150   Fp16 Grad Scale: 1048576   Required: 418 hours
Training: 2025-04-17 06:19:29,103-Speed 24.63 samples/sec   Loss 1.0048   LearningRate 0.000996   Epoch: 0   Global Step: 1160   Fp16 Grad Scale: 1048576   Required: 418 hours
Training: 2025-04-17 06:20:21,089-Speed 24.62 samples/sec   Loss 1.0776   LearningRate 0.000996   Epoch: 0   Global Step: 1170   Fp16 Grad Scale: 1048576   Required: 418 hours
Training: 2025-04-17 06:21:12,795-Speed 24.76 samples/sec   Loss 1.0609   LearningRate 0.000996   Epoch: 0   Global Step: 1180   Fp16 Grad Scale: 1048576   Required: 418 hours
Training: 2025-04-17 06:22:04,122-Speed 24.94 samples/sec   Loss 1.1474   LearningRate 0.000996   Epoch: 0   Global Step: 1190   Fp16 Grad Scale: 1048576   Required: 418 hours
Training: 2025-04-17 06:22:57,464-Speed 24.00 samples/sec   Loss 0.9193   LearningRate 0.000996   Epoch: 0   Global Step: 1200   Fp16 Grad Scale: 1048576   Required: 418 hours
Training: 2025-04-17 06:23:49,401-Speed 24.65 samples/sec   Loss 1.0966   LearningRate 0.000996   Epoch: 0   Global Step: 1210   Fp16 Grad Scale: 2097152   Required: 418 hours
Training: 2025-04-17 06:24:42,066-Speed 24.30 samples/sec   Loss 0.7324   LearningRate 0.000996   Epoch: 0   Global Step: 1220   Fp16 Grad Scale: 2097152   Required: 418 hours
Training: 2025-04-17 06:25:34,229-Speed 24.54 samples/sec   Loss 1.1091   LearningRate 0.000996   Epoch: 0   Global Step: 1230   Fp16 Grad Scale: 2097152   Required: 418 hours
Training: 2025-04-17 06:26:26,672-Speed 24.41 samples/sec   Loss 0.9298   LearningRate 0.000996   Epoch: 0   Global Step: 1240   Fp16 Grad Scale: 1048576   Required: 418 hours
Training: 2025-04-17 06:27:20,518-Speed 23.77 samples/sec   Loss 0.8116   LearningRate 0.000996   Epoch: 0   Global Step: 1250   Fp16 Grad Scale: 1048576   Required: 418 hours
Training: 2025-04-17 06:28:13,600-Speed 24.11 samples/sec   Loss 1.0411   LearningRate 0.000996   Epoch: 0   Global Step: 1260   Fp16 Grad Scale: 1048576   Required: 418 hours
Training: 2025-04-17 06:29:05,365-Speed 24.73 samples/sec   Loss 0.9558   LearningRate 0.000996   Epoch: 0   Global Step: 1270   Fp16 Grad Scale: 1048576   Required: 418 hours
Training: 2025-04-17 06:29:57,308-Speed 24.64 samples/sec   Loss 0.8431   LearningRate 0.000996   Epoch: 0   Global Step: 1280   Fp16 Grad Scale: 1048576   Required: 418 hours
Training: 2025-04-17 06:30:48,753-Speed 24.88 samples/sec   Loss 0.9084   LearningRate 0.000995   Epoch: 0   Global Step: 1290   Fp16 Grad Scale: 1048576   Required: 417 hours
Training: 2025-04-17 06:31:40,147-Speed 24.91 samples/sec   Loss 1.0201   LearningRate 0.000995   Epoch: 0   Global Step: 1300   Fp16 Grad Scale: 1048576   Required: 417 hours
Training: 2025-04-17 06:32:31,908-Speed 24.73 samples/sec   Loss 0.8345   LearningRate 0.000995   Epoch: 0   Global Step: 1310   Fp16 Grad Scale: 1048576   Required: 417 hours
Training: 2025-04-17 06:33:25,487-Speed 23.89 samples/sec   Loss 0.7509   LearningRate 0.000995   Epoch: 0   Global Step: 1320   Fp16 Grad Scale: 1048576   Required: 417 hours
Training: 2025-04-17 06:34:17,540-Speed 24.59 samples/sec   Loss 0.9533   LearningRate 0.000995   Epoch: 0   Global Step: 1330   Fp16 Grad Scale: 1048576   Required: 417 hours
Training: 2025-04-17 06:35:09,295-Speed 24.73 samples/sec   Loss 0.7648   LearningRate 0.000995   Epoch: 0   Global Step: 1340   Fp16 Grad Scale: 524288   Required: 417 hours
Training: 2025-04-17 06:36:00,950-Speed 24.78 samples/sec   Loss 1.0462   LearningRate 0.000995   Epoch: 0   Global Step: 1350   Fp16 Grad Scale: 524288   Required: 417 hours
Training: 2025-04-17 06:36:52,813-Speed 24.68 samples/sec   Loss 0.9301   LearningRate 0.000995   Epoch: 0   Global Step: 1360   Fp16 Grad Scale: 524288   Required: 417 hours
Training: 2025-04-17 06:37:44,918-Speed 24.57 samples/sec   Loss 0.8958   LearningRate 0.000995   Epoch: 0   Global Step: 1370   Fp16 Grad Scale: 524288   Required: 417 hours
Training: 2025-04-17 06:38:38,907-Speed 23.71 samples/sec   Loss 0.8409   LearningRate 0.000995   Epoch: 0   Global Step: 1380   Fp16 Grad Scale: 524288   Required: 417 hours
Training: 2025-04-17 06:39:30,339-Speed 24.89 samples/sec   Loss 0.8720   LearningRate 0.000995   Epoch: 0   Global Step: 1390   Fp16 Grad Scale: 524288   Required: 417 hours
Training: 2025-04-17 06:40:22,618-Speed 24.48 samples/sec   Loss 0.7834   LearningRate 0.000995   Epoch: 0   Global Step: 1400   Fp16 Grad Scale: 524288   Required: 417 hours
Training: 2025-04-17 06:41:15,356-Speed 24.27 samples/sec   Loss 0.7029   LearningRate 0.000995   Epoch: 0   Global Step: 1410   Fp16 Grad Scale: 524288   Required: 417 hours
Training: 2025-04-17 06:42:07,288-Speed 24.65 samples/sec   Loss 0.9173   LearningRate 0.000995   Epoch: 0   Global Step: 1420   Fp16 Grad Scale: 524288   Required: 417 hours
Training: 2025-04-17 06:43:15,237-Speed 18.84 samples/sec   Loss 0.7785   LearningRate 0.000995   Epoch: 1   Global Step: 1430   Fp16 Grad Scale: 524288   Required: 418 hours
Training: 2025-04-17 06:43:42,642-Speed 46.71 samples/sec   Loss 0.6764   LearningRate 0.000995   Epoch: 1   Global Step: 1440   Fp16 Grad Scale: 1048576   Required: 416 hours
Training: 2025-04-17 06:44:09,755-Speed 47.21 samples/sec   Loss 0.5649   LearningRate 0.000995   Epoch: 1   Global Step: 1450   Fp16 Grad Scale: 1048576   Required: 415 hours
Training: 2025-04-17 06:44:36,927-Speed 47.11 samples/sec   Loss 0.6101   LearningRate 0.000995   Epoch: 1   Global Step: 1460   Fp16 Grad Scale: 1048576   Required: 413 hours
Training: 2025-04-17 06:45:04,146-Speed 47.03 samples/sec   Loss 0.6193   LearningRate 0.000995   Epoch: 1   Global Step: 1470   Fp16 Grad Scale: 1048576   Required: 412 hours
Training: 2025-04-17 06:45:31,447-Speed 46.89 samples/sec   Loss 0.5727   LearningRate 0.000995   Epoch: 1   Global Step: 1480   Fp16 Grad Scale: 1048576   Required: 411 hours
Training: 2025-04-17 06:45:58,835-Speed 46.74 samples/sec   Loss 0.5695   LearningRate 0.000995   Epoch: 1   Global Step: 1490   Fp16 Grad Scale: 1048576   Required: 409 hours
Training: 2025-04-17 06:46:26,055-Speed 47.03 samples/sec   Loss 0.4438   LearningRate 0.000995   Epoch: 1   Global Step: 1500   Fp16 Grad Scale: 1048576   Required: 408 hours
Training: 2025-04-17 06:46:53,347-Speed 46.90 samples/sec   Loss 0.5194   LearningRate 0.000995   Epoch: 1   Global Step: 1510   Fp16 Grad Scale: 1048576   Required: 407 hours
Training: 2025-04-17 06:47:20,609-Speed 46.95 samples/sec   Loss 0.5761   LearningRate 0.000995   Epoch: 1   Global Step: 1520   Fp16 Grad Scale: 1048576   Required: 405 hours
Training: 2025-04-17 06:47:47,828-Speed 47.03 samples/sec   Loss 0.5690   LearningRate 0.000995   Epoch: 1   Global Step: 1530   Fp16 Grad Scale: 1048576   Required: 404 hours
Training: 2025-04-17 06:48:17,212-Speed 43.56 samples/sec   Loss 0.7398   LearningRate 0.000995   Epoch: 1   Global Step: 1540   Fp16 Grad Scale: 2097152   Required: 403 hours
Training: 2025-04-17 06:48:44,518-Speed 46.88 samples/sec   Loss 0.5682   LearningRate 0.000995   Epoch: 1   Global Step: 1550   Fp16 Grad Scale: 2097152   Required: 402 hours
Training: 2025-04-17 06:49:11,756-Speed 46.99 samples/sec   Loss 0.5343   LearningRate 0.000995   Epoch: 1   Global Step: 1560   Fp16 Grad Scale: 1048576   Required: 401 hours
Training: 2025-04-17 06:49:39,014-Speed 46.96 samples/sec   Loss 0.4584   LearningRate 0.000994   Epoch: 1   Global Step: 1570   Fp16 Grad Scale: 1048576   Required: 399 hours
Training: 2025-04-17 06:50:06,283-Speed 46.94 samples/sec   Loss 0.6315   LearningRate 0.000994   Epoch: 1   Global Step: 1580   Fp16 Grad Scale: 1048576   Required: 398 hours
Training: 2025-04-17 06:50:33,683-Speed 46.72 samples/sec   Loss 0.6332   LearningRate 0.000994   Epoch: 1   Global Step: 1590   Fp16 Grad Scale: 1048576   Required: 397 hours
Training: 2025-04-17 06:51:00,928-Speed 46.98 samples/sec   Loss 0.4739   LearningRate 0.000994   Epoch: 1   Global Step: 1600   Fp16 Grad Scale: 1048576   Required: 396 hours
Training: 2025-04-17 06:51:28,187-Speed 46.96 samples/sec   Loss 0.5204   LearningRate 0.000994   Epoch: 1   Global Step: 1610   Fp16 Grad Scale: 1048576   Required: 395 hours
Training: 2025-04-17 06:51:55,423-Speed 47.00 samples/sec   Loss 0.6248   LearningRate 0.000994   Epoch: 1   Global Step: 1620   Fp16 Grad Scale: 1048576   Required: 394 hours
Training: 2025-04-17 06:52:22,728-Speed 46.88 samples/sec   Loss 0.6966   LearningRate 0.000994   Epoch: 1   Global Step: 1630   Fp16 Grad Scale: 1048576   Required: 392 hours
Training: 2025-04-17 06:52:50,086-Speed 46.79 samples/sec   Loss 0.5699   LearningRate 0.000994   Epoch: 1   Global Step: 1640   Fp16 Grad Scale: 1048576   Required: 391 hours
Training: 2025-04-17 06:53:19,437-Speed 43.61 samples/sec   Loss 0.4851   LearningRate 0.000994   Epoch: 1   Global Step: 1650   Fp16 Grad Scale: 1048576   Required: 390 hours
Training: 2025-04-17 06:53:46,740-Speed 46.88 samples/sec   Loss 0.6168   LearningRate 0.000994   Epoch: 1   Global Step: 1660   Fp16 Grad Scale: 2097152   Required: 389 hours
Training: 2025-04-17 06:54:14,101-Speed 46.78 samples/sec   Loss 0.5729   LearningRate 0.000994   Epoch: 1   Global Step: 1670   Fp16 Grad Scale: 2097152   Required: 388 hours
Training: 2025-04-17 06:54:41,498-Speed 46.72 samples/sec   Loss 0.4952   LearningRate 0.000994   Epoch: 1   Global Step: 1680   Fp16 Grad Scale: 2097152   Required: 387 hours
Training: 2025-04-17 06:55:08,811-Speed 46.86 samples/sec   Loss 0.6123   LearningRate 0.000994   Epoch: 1   Global Step: 1690   Fp16 Grad Scale: 2097152   Required: 386 hours
Training: 2025-04-17 06:55:36,123-Speed 46.87 samples/sec   Loss 0.4416   LearningRate 0.000994   Epoch: 1   Global Step: 1700   Fp16 Grad Scale: 2097152   Required: 385 hours
Training: 2025-04-17 06:56:03,434-Speed 46.87 samples/sec   Loss 0.5236   LearningRate 0.000994   Epoch: 1   Global Step: 1710   Fp16 Grad Scale: 2097152   Required: 384 hours
Training: 2025-04-17 06:56:31,548-Speed 45.53 samples/sec   Loss 0.5694   LearningRate 0.000994   Epoch: 1   Global Step: 1720   Fp16 Grad Scale: 2097152   Required: 383 hours
Training: 2025-04-17 06:56:59,930-Speed 45.10 samples/sec   Loss 0.5562   LearningRate 0.000994   Epoch: 1   Global Step: 1730   Fp16 Grad Scale: 2097152   Required: 382 hours
Training: 2025-04-17 06:57:27,482-Speed 46.46 samples/sec   Loss 0.5854   LearningRate 0.000994   Epoch: 1   Global Step: 1740   Fp16 Grad Scale: 2097152   Required: 381 hours
Training: 2025-04-17 06:57:54,818-Speed 46.83 samples/sec   Loss 0.4393   LearningRate 0.000994   Epoch: 1   Global Step: 1750   Fp16 Grad Scale: 2097152   Required: 380 hours
Training: 2025-04-17 06:58:24,120-Speed 43.68 samples/sec   Loss 0.5051   LearningRate 0.000994   Epoch: 1   Global Step: 1760   Fp16 Grad Scale: 524288   Required: 380 hours
Training: 2025-04-17 06:58:51,339-Speed 47.03 samples/sec   Loss 0.6007   LearningRate 0.000994   Epoch: 1   Global Step: 1770   Fp16 Grad Scale: 524288   Required: 379 hours
Training: 2025-04-17 06:59:18,694-Speed 46.79 samples/sec   Loss 0.4080   LearningRate 0.000994   Epoch: 1   Global Step: 1780   Fp16 Grad Scale: 524288   Required: 378 hours
Training: 2025-04-17 06:59:46,137-Speed 46.64 samples/sec   Loss 0.4677   LearningRate 0.000994   Epoch: 1   Global Step: 1790   Fp16 Grad Scale: 524288   Required: 377 hours
Training: 2025-04-17 07:00:13,393-Speed 46.96 samples/sec   Loss 0.4847   LearningRate 0.000994   Epoch: 1   Global Step: 1800   Fp16 Grad Scale: 524288   Required: 376 hours
Training: 2025-04-17 07:00:40,703-Speed 46.87 samples/sec   Loss 0.4046   LearningRate 0.000994   Epoch: 1   Global Step: 1810   Fp16 Grad Scale: 524288   Required: 375 hours
Training: 2025-04-17 07:01:07,976-Speed 46.93 samples/sec   Loss 0.5814   LearningRate 0.000994   Epoch: 1   Global Step: 1820   Fp16 Grad Scale: 524288   Required: 374 hours
Training: 2025-04-17 07:01:35,278-Speed 46.88 samples/sec   Loss 0.4772   LearningRate 0.000994   Epoch: 1   Global Step: 1830   Fp16 Grad Scale: 524288   Required: 373 hours
Training: 2025-04-17 07:02:02,626-Speed 46.80 samples/sec   Loss 0.3797   LearningRate 0.000994   Epoch: 1   Global Step: 1840   Fp16 Grad Scale: 524288   Required: 372 hours
Training: 2025-04-17 07:02:29,791-Speed 47.12 samples/sec   Loss 0.5652   LearningRate 0.000994   Epoch: 1   Global Step: 1850   Fp16 Grad Scale: 262144   Required: 371 hours
Training: 2025-04-17 07:02:57,080-Speed 46.91 samples/sec   Loss 0.5712   LearningRate 0.000993   Epoch: 1   Global Step: 1860   Fp16 Grad Scale: 262144   Required: 371 hours
Training: 2025-04-17 07:03:26,328-Speed 43.76 samples/sec   Loss 0.4171   LearningRate 0.000993   Epoch: 1   Global Step: 1870   Fp16 Grad Scale: 262144   Required: 370 hours
Training: 2025-04-17 07:03:53,640-Speed 46.87 samples/sec   Loss 0.5056   LearningRate 0.000993   Epoch: 1   Global Step: 1880   Fp16 Grad Scale: 262144   Required: 369 hours
Training: 2025-04-17 07:04:22,205-Speed 44.81 samples/sec   Loss 0.5078   LearningRate 0.000993   Epoch: 1   Global Step: 1890   Fp16 Grad Scale: 262144   Required: 368 hours
Training: 2025-04-17 07:04:49,477-Speed 46.94 samples/sec   Loss 0.6975   LearningRate 0.000993   Epoch: 1   Global Step: 1900   Fp16 Grad Scale: 262144   Required: 367 hours
Training: 2025-04-17 07:05:16,774-Speed 46.89 samples/sec   Loss 0.5000   LearningRate 0.000993   Epoch: 1   Global Step: 1910   Fp16 Grad Scale: 262144   Required: 367 hours
Training: 2025-04-17 07:05:44,079-Speed 46.88 samples/sec   Loss 0.5021   LearningRate 0.000993   Epoch: 1   Global Step: 1920   Fp16 Grad Scale: 262144   Required: 366 hours
Training: 2025-04-17 07:06:11,428-Speed 46.80 samples/sec   Loss 0.6035   LearningRate 0.000993   Epoch: 1   Global Step: 1930   Fp16 Grad Scale: 262144   Required: 365 hours
Training: 2025-04-17 07:06:38,812-Speed 46.74 samples/sec   Loss 0.6976   LearningRate 0.000993   Epoch: 1   Global Step: 1940   Fp16 Grad Scale: 262144   Required: 364 hours
Training: 2025-04-17 07:07:06,015-Speed 47.05 samples/sec   Loss 0.6135   LearningRate 0.000993   Epoch: 1   Global Step: 1950   Fp16 Grad Scale: 524288   Required: 363 hours
Training: 2025-04-17 07:07:33,296-Speed 46.92 samples/sec   Loss 0.4882   LearningRate 0.000993   Epoch: 1   Global Step: 1960   Fp16 Grad Scale: 524288   Required: 363 hours
Training: 2025-04-17 07:08:00,547-Speed 46.97 samples/sec   Loss 0.5657   LearningRate 0.000993   Epoch: 1   Global Step: 1970   Fp16 Grad Scale: 524288   Required: 362 hours
Training: 2025-04-17 07:08:29,697-Speed 43.91 samples/sec   Loss 0.4803   LearningRate 0.000993   Epoch: 1   Global Step: 1980   Fp16 Grad Scale: 524288   Required: 361 hours
Training: 2025-04-17 07:08:57,082-Speed 46.74 samples/sec   Loss 0.5692   LearningRate 0.000993   Epoch: 1   Global Step: 1990   Fp16 Grad Scale: 524288   Required: 360 hours
Training: 2025-04-17 07:09:24,383-Speed 46.89 samples/sec   Loss 0.5498   LearningRate 0.000993   Epoch: 1   Global Step: 2000   Fp16 Grad Scale: 524288   Required: 360 hours
Training: 2025-04-17 07:10:44,557-[val][Global step: 2000] d prime: 5.537568092346191
Model saved with d prime score: 5.537568092346191
Training: 2025-04-17 07:11:15,384-Speed 11.53 samples/sec   Loss 0.5481   LearningRate 0.000993   Epoch: 1   Global Step: 2010   Fp16 Grad Scale: 524288   Required: 362 hours
Training: 2025-04-17 07:11:42,674-Speed 46.90 samples/sec   Loss 0.4353   LearningRate 0.000993   Epoch: 1   Global Step: 2020   Fp16 Grad Scale: 524288   Required: 361 hours
Training: 2025-04-17 07:12:09,897-Speed 47.02 samples/sec   Loss 0.4175   LearningRate 0.000993   Epoch: 1   Global Step: 2030   Fp16 Grad Scale: 524288   Required: 361 hours
Training: 2025-04-17 07:12:37,267-Speed 46.77 samples/sec   Loss 0.6141   LearningRate 0.000993   Epoch: 1   Global Step: 2040   Fp16 Grad Scale: 524288   Required: 360 hours
Training: 2025-04-17 07:13:04,704-Speed 46.65 samples/sec   Loss 0.6238   LearningRate 0.000993   Epoch: 1   Global Step: 2050   Fp16 Grad Scale: 1048576   Required: 359 hours
Training: 2025-04-17 07:13:34,137-Speed 43.49 samples/sec   Loss 0.3158   LearningRate 0.000993   Epoch: 1   Global Step: 2060   Fp16 Grad Scale: 1048576   Required: 359 hours
Training: 2025-04-17 07:14:01,421-Speed 46.91 samples/sec   Loss 0.4311   LearningRate 0.000993   Epoch: 1   Global Step: 2070   Fp16 Grad Scale: 1048576   Required: 358 hours
Training: 2025-04-17 07:14:30,170-Speed 44.52 samples/sec   Loss 0.5628   LearningRate 0.000993   Epoch: 1   Global Step: 2080   Fp16 Grad Scale: 1048576   Required: 357 hours
Training: 2025-04-17 07:14:57,530-Speed 46.79 samples/sec   Loss 0.4218   LearningRate 0.000993   Epoch: 1   Global Step: 2090   Fp16 Grad Scale: 1048576   Required: 357 hours
Training: 2025-04-17 07:15:24,905-Speed 46.76 samples/sec   Loss 0.5347   LearningRate 0.000993   Epoch: 1   Global Step: 2100   Fp16 Grad Scale: 1048576   Required: 356 hours
Training: 2025-04-17 07:15:52,209-Speed 46.88 samples/sec   Loss 0.4064   LearningRate 0.000993   Epoch: 1   Global Step: 2110   Fp16 Grad Scale: 1048576   Required: 355 hours
Training: 2025-04-17 07:16:19,543-Speed 46.83 samples/sec   Loss 0.5242   LearningRate 0.000993   Epoch: 1   Global Step: 2120   Fp16 Grad Scale: 1048576   Required: 355 hours
Training: 2025-04-17 07:16:46,898-Speed 46.79 samples/sec   Loss 0.6737   LearningRate 0.000993   Epoch: 1   Global Step: 2130   Fp16 Grad Scale: 1048576   Required: 354 hours
Training: 2025-04-17 07:17:14,201-Speed 46.88 samples/sec   Loss 0.4593   LearningRate 0.000992   Epoch: 1   Global Step: 2140   Fp16 Grad Scale: 1048576   Required: 353 hours
Training: 2025-04-17 07:17:41,570-Speed 46.77 samples/sec   Loss 0.4302   LearningRate 0.000992   Epoch: 1   Global Step: 2150   Fp16 Grad Scale: 2097152   Required: 353 hours
Training: 2025-04-17 07:18:08,916-Speed 46.81 samples/sec   Loss 0.4551   LearningRate 0.000992   Epoch: 1   Global Step: 2160   Fp16 Grad Scale: 2097152   Required: 352 hours
Training: 2025-04-17 07:18:38,320-Speed 43.53 samples/sec   Loss 0.4934   LearningRate 0.000992   Epoch: 1   Global Step: 2170   Fp16 Grad Scale: 2097152   Required: 351 hours
Training: 2025-04-17 07:19:05,761-Speed 46.65 samples/sec   Loss 0.5045   LearningRate 0.000992   Epoch: 1   Global Step: 2180   Fp16 Grad Scale: 1048576   Required: 351 hours
Training: 2025-04-17 07:19:33,036-Speed 46.93 samples/sec   Loss 0.3926   LearningRate 0.000992   Epoch: 1   Global Step: 2190   Fp16 Grad Scale: 1048576   Required: 350 hours
Training: 2025-04-17 07:20:00,384-Speed 46.81 samples/sec   Loss 0.3889   LearningRate 0.000992   Epoch: 1   Global Step: 2200   Fp16 Grad Scale: 1048576   Required: 349 hours
Training: 2025-04-17 07:20:27,713-Speed 46.84 samples/sec   Loss 0.6435   LearningRate 0.000992   Epoch: 1   Global Step: 2210   Fp16 Grad Scale: 1048576   Required: 349 hours
Training: 2025-04-17 07:20:54,974-Speed 46.95 samples/sec   Loss 0.3126   LearningRate 0.000992   Epoch: 1   Global Step: 2220   Fp16 Grad Scale: 1048576   Required: 348 hours
Training: 2025-04-17 07:21:22,241-Speed 46.94 samples/sec   Loss 0.3756   LearningRate 0.000992   Epoch: 1   Global Step: 2230   Fp16 Grad Scale: 1048576   Required: 348 hours
Training: 2025-04-17 07:21:49,538-Speed 46.89 samples/sec   Loss 0.3874   LearningRate 0.000992   Epoch: 1   Global Step: 2240   Fp16 Grad Scale: 1048576   Required: 347 hours
Training: 2025-04-17 07:22:16,912-Speed 46.76 samples/sec   Loss 0.4681   LearningRate 0.000992   Epoch: 1   Global Step: 2250   Fp16 Grad Scale: 1048576   Required: 346 hours
Training: 2025-04-17 07:22:44,316-Speed 46.71 samples/sec   Loss 0.4509   LearningRate 0.000992   Epoch: 1   Global Step: 2260   Fp16 Grad Scale: 1048576   Required: 346 hours
Training: 2025-04-17 07:23:11,578-Speed 46.95 samples/sec   Loss 0.4592   LearningRate 0.000992   Epoch: 1   Global Step: 2270   Fp16 Grad Scale: 1048576   Required: 345 hours
Training: 2025-04-17 07:23:40,607-Speed 44.10 samples/sec   Loss 0.4338   LearningRate 0.000992   Epoch: 1   Global Step: 2280   Fp16 Grad Scale: 2097152   Required: 345 hours
Training: 2025-04-17 07:24:08,409-Speed 46.04 samples/sec   Loss 0.3470   LearningRate 0.000992   Epoch: 1   Global Step: 2290   Fp16 Grad Scale: 2097152   Required: 344 hours
Training: 2025-04-17 07:24:35,752-Speed 46.81 samples/sec   Loss 0.4204   LearningRate 0.000992   Epoch: 1   Global Step: 2300   Fp16 Grad Scale: 2097152   Required: 344 hours
Training: 2025-04-17 07:25:02,954-Speed 47.06 samples/sec   Loss 0.3147   LearningRate 0.000992   Epoch: 1   Global Step: 2310   Fp16 Grad Scale: 2097152   Required: 343 hours
Training: 2025-04-17 07:25:30,226-Speed 46.94 samples/sec   Loss 0.3636   LearningRate 0.000992   Epoch: 1   Global Step: 2320   Fp16 Grad Scale: 2097152   Required: 342 hours
Training: 2025-04-17 07:25:57,487-Speed 46.95 samples/sec   Loss 0.4551   LearningRate 0.000992   Epoch: 1   Global Step: 2330   Fp16 Grad Scale: 2097152   Required: 342 hours
Training: 2025-04-17 07:26:25,153-Speed 46.27 samples/sec   Loss 0.4418   LearningRate 0.000992   Epoch: 1   Global Step: 2340   Fp16 Grad Scale: 2097152   Required: 341 hours
Training: 2025-04-17 07:26:53,496-Speed 45.16 samples/sec   Loss 0.4275   LearningRate 0.000992   Epoch: 1   Global Step: 2350   Fp16 Grad Scale: 2097152   Required: 341 hours
Training: 2025-04-17 07:27:21,150-Speed 46.29 samples/sec   Loss 0.5181   LearningRate 0.000992   Epoch: 1   Global Step: 2360   Fp16 Grad Scale: 2097152   Required: 340 hours
Training: 2025-04-17 07:27:48,441-Speed 46.90 samples/sec   Loss 0.4989   LearningRate 0.000992   Epoch: 1   Global Step: 2370   Fp16 Grad Scale: 2097152   Required: 340 hours
Training: 2025-04-17 07:28:15,737-Speed 46.89 samples/sec   Loss 0.4105   LearningRate 0.000992   Epoch: 1   Global Step: 2380   Fp16 Grad Scale: 2097152   Required: 339 hours
Training: 2025-04-17 07:28:44,637-Speed 44.29 samples/sec   Loss 0.4661   LearningRate 0.000992   Epoch: 1   Global Step: 2390   Fp16 Grad Scale: 2097152   Required: 339 hours
Training: 2025-04-17 07:29:11,943-Speed 46.88 samples/sec   Loss 0.4954   LearningRate 0.000992   Epoch: 1   Global Step: 2400   Fp16 Grad Scale: 2097152   Required: 338 hours
Training: 2025-04-17 07:29:39,400-Speed 46.62 samples/sec   Loss 0.6512   LearningRate 0.000992   Epoch: 1   Global Step: 2410   Fp16 Grad Scale: 2097152   Required: 338 hours
Training: 2025-04-17 07:30:06,682-Speed 46.92 samples/sec   Loss 0.4967   LearningRate 0.000992   Epoch: 1   Global Step: 2420   Fp16 Grad Scale: 2097152   Required: 337 hours
Training: 2025-04-17 07:30:33,925-Speed 46.99 samples/sec   Loss 0.3681   LearningRate 0.000991   Epoch: 1   Global Step: 2430   Fp16 Grad Scale: 2097152   Required: 337 hours
Training: 2025-04-17 07:31:01,201-Speed 46.93 samples/sec   Loss 0.4733   LearningRate 0.000991   Epoch: 1   Global Step: 2440   Fp16 Grad Scale: 2097152   Required: 336 hours
Training: 2025-04-17 07:31:28,496-Speed 46.90 samples/sec   Loss 0.4177   LearningRate 0.000991   Epoch: 1   Global Step: 2450   Fp16 Grad Scale: 2097152   Required: 336 hours
Training: 2025-04-17 07:31:56,024-Speed 46.50 samples/sec   Loss 0.3861   LearningRate 0.000991   Epoch: 1   Global Step: 2460   Fp16 Grad Scale: 2097152   Required: 335 hours
Training: 2025-04-17 07:32:23,266-Speed 47.01 samples/sec   Loss 0.4735   LearningRate 0.000991   Epoch: 1   Global Step: 2470   Fp16 Grad Scale: 2097152   Required: 335 hours
Training: 2025-04-17 07:32:50,737-Speed 46.92 samples/sec   Loss 0.2980   LearningRate 0.000991   Epoch: 1   Global Step: 2480   Fp16 Grad Scale: 4194304   Required: 334 hours
Training: 2025-04-17 07:33:18,085-Speed 46.81 samples/sec   Loss 0.4209   LearningRate 0.000991   Epoch: 1   Global Step: 2490   Fp16 Grad Scale: 2097152   Required: 334 hours
Training: 2025-04-17 07:33:46,505-Speed 45.04 samples/sec   Loss 0.4359   LearningRate 0.000991   Epoch: 1   Global Step: 2500   Fp16 Grad Scale: 2097152   Required: 333 hours
Training: 2025-04-17 07:34:14,643-Speed 45.49 samples/sec   Loss 0.5207   LearningRate 0.000991   Epoch: 1   Global Step: 2510   Fp16 Grad Scale: 2097152   Required: 333 hours
Training: 2025-04-17 07:34:43,739-Speed 43.99 samples/sec   Loss 0.3764   LearningRate 0.000991   Epoch: 1   Global Step: 2520   Fp16 Grad Scale: 2097152   Required: 332 hours
Training: 2025-04-17 07:35:11,103-Speed 46.78 samples/sec   Loss 0.4989   LearningRate 0.000991   Epoch: 1   Global Step: 2530   Fp16 Grad Scale: 2097152   Required: 332 hours
Training: 2025-04-17 07:35:38,360-Speed 46.96 samples/sec   Loss 0.4302   LearningRate 0.000991   Epoch: 1   Global Step: 2540   Fp16 Grad Scale: 2097152   Required: 331 hours
Training: 2025-04-17 07:36:05,642-Speed 46.92 samples/sec   Loss 0.5590   LearningRate 0.000991   Epoch: 1   Global Step: 2550   Fp16 Grad Scale: 2097152   Required: 331 hours
Training: 2025-04-17 07:36:32,980-Speed 46.82 samples/sec   Loss 0.3976   LearningRate 0.000991   Epoch: 1   Global Step: 2560   Fp16 Grad Scale: 2097152   Required: 330 hours
Training: 2025-04-17 07:37:00,263-Speed 46.92 samples/sec   Loss 0.3352   LearningRate 0.000991   Epoch: 1   Global Step: 2570   Fp16 Grad Scale: 2097152   Required: 330 hours
Training: 2025-04-17 07:37:27,497-Speed 47.00 samples/sec   Loss 0.3712   LearningRate 0.000991   Epoch: 1   Global Step: 2580   Fp16 Grad Scale: 2097152   Required: 329 hours
Training: 2025-04-17 07:37:54,763-Speed 46.95 samples/sec   Loss 0.2832   LearningRate 0.000991   Epoch: 1   Global Step: 2590   Fp16 Grad Scale: 2097152   Required: 329 hours
Training: 2025-04-17 07:38:22,055-Speed 46.90 samples/sec   Loss 0.3887   LearningRate 0.000991   Epoch: 1   Global Step: 2600   Fp16 Grad Scale: 2097152   Required: 329 hours
Training: 2025-04-17 07:38:50,600-Speed 44.84 samples/sec   Loss 0.3825   LearningRate 0.000991   Epoch: 1   Global Step: 2610   Fp16 Grad Scale: 2097152   Required: 328 hours
Training: 2025-04-17 07:39:18,724-Speed 45.51 samples/sec   Loss 0.3968   LearningRate 0.000991   Epoch: 1   Global Step: 2620   Fp16 Grad Scale: 2097152   Required: 328 hours
Training: 2025-04-17 07:39:46,044-Speed 46.85 samples/sec   Loss 0.4639   LearningRate 0.000991   Epoch: 1   Global Step: 2630   Fp16 Grad Scale: 2097152   Required: 327 hours
Training: 2025-04-17 07:40:13,297-Speed 46.97 samples/sec   Loss 0.3472   LearningRate 0.000991   Epoch: 1   Global Step: 2640   Fp16 Grad Scale: 2097152   Required: 327 hours
Training: 2025-04-17 07:40:40,754-Speed 46.62 samples/sec   Loss 0.4163   LearningRate 0.000991   Epoch: 1   Global Step: 2650   Fp16 Grad Scale: 2097152   Required: 326 hours
Training: 2025-04-17 07:41:08,184-Speed 46.67 samples/sec   Loss 0.3370   LearningRate 0.000991   Epoch: 1   Global Step: 2660   Fp16 Grad Scale: 2097152   Required: 326 hours
Training: 2025-04-17 07:41:35,498-Speed 46.86 samples/sec   Loss 0.4869   LearningRate 0.000991   Epoch: 1   Global Step: 2670   Fp16 Grad Scale: 1048576   Required: 326 hours
Training: 2025-04-17 07:42:02,758-Speed 46.96 samples/sec   Loss 0.3967   LearningRate 0.000991   Epoch: 1   Global Step: 2680   Fp16 Grad Scale: 1048576   Required: 325 hours
Training: 2025-04-17 07:42:30,147-Speed 46.73 samples/sec   Loss 0.5370   LearningRate 0.000991   Epoch: 1   Global Step: 2690   Fp16 Grad Scale: 1048576   Required: 325 hours
Training: 2025-04-17 07:42:57,414-Speed 46.94 samples/sec   Loss 0.3309   LearningRate 0.000991   Epoch: 1   Global Step: 2700   Fp16 Grad Scale: 1048576   Required: 324 hours
Training: 2025-04-17 07:43:24,879-Speed 46.61 samples/sec   Loss 0.3846   LearningRate 0.000990   Epoch: 1   Global Step: 2710   Fp16 Grad Scale: 1048576   Required: 324 hours
Training: 2025-04-17 07:43:52,141-Speed 46.95 samples/sec   Loss 0.3117   LearningRate 0.000990   Epoch: 1   Global Step: 2720   Fp16 Grad Scale: 1048576   Required: 323 hours
Training: 2025-04-17 07:44:21,413-Speed 43.73 samples/sec   Loss 0.3408   LearningRate 0.000990   Epoch: 1   Global Step: 2730   Fp16 Grad Scale: 1048576   Required: 323 hours
Training: 2025-04-17 07:44:48,654-Speed 46.99 samples/sec   Loss 0.3966   LearningRate 0.000990   Epoch: 1   Global Step: 2740   Fp16 Grad Scale: 1048576   Required: 323 hours
Training: 2025-04-17 07:45:15,953-Speed 46.89 samples/sec   Loss 0.4024   LearningRate 0.000990   Epoch: 1   Global Step: 2750   Fp16 Grad Scale: 1048576   Required: 322 hours
Training: 2025-04-17 07:45:43,408-Speed 46.62 samples/sec   Loss 0.3644   LearningRate 0.000990   Epoch: 1   Global Step: 2760   Fp16 Grad Scale: 1048576   Required: 322 hours
Training: 2025-04-17 07:46:10,752-Speed 46.81 samples/sec   Loss 0.4080   LearningRate 0.000990   Epoch: 1   Global Step: 2770   Fp16 Grad Scale: 2097152   Required: 321 hours
Training: 2025-04-17 07:46:38,012-Speed 46.96 samples/sec   Loss 0.3832   LearningRate 0.000990   Epoch: 1   Global Step: 2780   Fp16 Grad Scale: 2097152   Required: 321 hours
Training: 2025-04-17 07:47:05,145-Speed 47.18 samples/sec   Loss 0.4396   LearningRate 0.000990   Epoch: 1   Global Step: 2790   Fp16 Grad Scale: 2097152   Required: 321 hours
Training: 2025-04-17 07:47:32,415-Speed 46.94 samples/sec   Loss 0.4023   LearningRate 0.000990   Epoch: 1   Global Step: 2800   Fp16 Grad Scale: 2097152   Required: 320 hours
Training: 2025-04-17 07:47:59,926-Speed 46.53 samples/sec   Loss 0.4071   LearningRate 0.000990   Epoch: 1   Global Step: 2810   Fp16 Grad Scale: 2097152   Required: 320 hours
Training: 2025-04-17 07:48:27,240-Speed 46.86 samples/sec   Loss 0.4030   LearningRate 0.000990   Epoch: 1   Global Step: 2820   Fp16 Grad Scale: 2097152   Required: 320 hours
Training: 2025-04-17 07:48:54,543-Speed 46.88 samples/sec   Loss 0.5208   LearningRate 0.000990   Epoch: 1   Global Step: 2830   Fp16 Grad Scale: 2097152   Required: 319 hours
Training: 2025-04-17 07:49:23,752-Speed 43.82 samples/sec   Loss 0.4060   LearningRate 0.000990   Epoch: 1   Global Step: 2840   Fp16 Grad Scale: 2097152   Required: 319 hours
Training: 2025-04-17 07:49:51,083-Speed 46.83 samples/sec   Loss 0.5023   LearningRate 0.000990   Epoch: 1   Global Step: 2850   Fp16 Grad Scale: 2097152   Required: 318 hours
Training: 2025-04-17 07:50:33,566-Speed 30.13 samples/sec   Loss 0.3356   LearningRate 0.000990   Epoch: 2   Global Step: 2860   Fp16 Grad Scale: 524288   Required: 318 hours
Training: 2025-04-17 07:51:00,807-Speed 46.99 samples/sec   Loss 0.2417   LearningRate 0.000990   Epoch: 2   Global Step: 2870   Fp16 Grad Scale: 524288   Required: 318 hours
Training: 2025-04-17 07:51:28,047-Speed 46.99 samples/sec   Loss 0.1875   LearningRate 0.000990   Epoch: 2   Global Step: 2880   Fp16 Grad Scale: 524288   Required: 318 hours
Training: 2025-04-17 07:51:55,241-Speed 47.07 samples/sec   Loss 0.2409   LearningRate 0.000990   Epoch: 2   Global Step: 2890   Fp16 Grad Scale: 524288   Required: 317 hours
Training: 2025-04-17 07:52:22,627-Speed 46.74 samples/sec   Loss 0.2473   LearningRate 0.000990   Epoch: 2   Global Step: 2900   Fp16 Grad Scale: 524288   Required: 317 hours
Training: 2025-04-17 07:52:50,016-Speed 46.74 samples/sec   Loss 0.1808   LearningRate 0.000990   Epoch: 2   Global Step: 2910   Fp16 Grad Scale: 524288   Required: 317 hours
Training: 2025-04-17 07:53:17,276-Speed 46.96 samples/sec   Loss 0.1611   LearningRate 0.000990   Epoch: 2   Global Step: 2920   Fp16 Grad Scale: 524288   Required: 316 hours
Training: 2025-04-17 07:53:44,561-Speed 46.91 samples/sec   Loss 0.1489   LearningRate 0.000990   Epoch: 2   Global Step: 2930   Fp16 Grad Scale: 524288   Required: 316 hours
Training: 2025-04-17 07:54:13,903-Speed 43.62 samples/sec   Loss 0.1950   LearningRate 0.000990   Epoch: 2   Global Step: 2940   Fp16 Grad Scale: 524288   Required: 316 hours
Training: 2025-04-17 07:54:42,573-Speed 44.65 samples/sec   Loss 0.1543   LearningRate 0.000990   Epoch: 2   Global Step: 2950   Fp16 Grad Scale: 524288   Required: 315 hours
Training: 2025-04-17 07:55:09,922-Speed 46.80 samples/sec   Loss 0.1543   LearningRate 0.000990   Epoch: 2   Global Step: 2960   Fp16 Grad Scale: 1048576   Required: 315 hours
Training: 2025-04-17 07:55:37,101-Speed 47.10 samples/sec   Loss 0.1827   LearningRate 0.000990   Epoch: 2   Global Step: 2970   Fp16 Grad Scale: 1048576   Required: 315 hours
Training: 2025-04-17 07:56:04,423-Speed 46.85 samples/sec   Loss 0.1630   LearningRate 0.000990   Epoch: 2   Global Step: 2980   Fp16 Grad Scale: 1048576   Required: 314 hours
Training: 2025-04-17 07:56:32,191-Speed 46.10 samples/sec   Loss 0.1446   LearningRate 0.000990   Epoch: 2   Global Step: 2990   Fp16 Grad Scale: 1048576   Required: 314 hours
Training: 2025-04-17 07:57:00,477-Speed 45.25 samples/sec   Loss 0.2189   LearningRate 0.000989   Epoch: 2   Global Step: 3000   Fp16 Grad Scale: 1048576   Required: 314 hours
Training: 2025-04-17 07:57:28,080-Speed 46.37 samples/sec   Loss 0.2280   LearningRate 0.000989   Epoch: 2   Global Step: 3010   Fp16 Grad Scale: 1048576   Required: 313 hours
Training: 2025-04-17 07:57:55,463-Speed 46.75 samples/sec   Loss 0.2472   LearningRate 0.000989   Epoch: 2   Global Step: 3020   Fp16 Grad Scale: 1048576   Required: 313 hours
Training: 2025-04-17 07:58:22,693-Speed 47.01 samples/sec   Loss 0.1530   LearningRate 0.000989   Epoch: 2   Global Step: 3030   Fp16 Grad Scale: 1048576   Required: 313 hours
Training: 2025-04-17 07:58:49,930-Speed 47.00 samples/sec   Loss 0.1989   LearningRate 0.000989   Epoch: 2   Global Step: 3040   Fp16 Grad Scale: 1048576   Required: 312 hours
Training: 2025-04-17 07:59:19,118-Speed 43.85 samples/sec   Loss 0.1123   LearningRate 0.000989   Epoch: 2   Global Step: 3050   Fp16 Grad Scale: 1048576   Required: 312 hours
Training: 2025-04-17 07:59:46,527-Speed 46.70 samples/sec   Loss 0.2324   LearningRate 0.000989   Epoch: 2   Global Step: 3060   Fp16 Grad Scale: 2097152   Required: 312 hours
Training: 2025-04-17 08:00:13,893-Speed 46.77 samples/sec   Loss 0.2346   LearningRate 0.000989   Epoch: 2   Global Step: 3070   Fp16 Grad Scale: 2097152   Required: 311 hours
Training: 2025-04-17 08:00:41,253-Speed 46.79 samples/sec   Loss 0.2033   LearningRate 0.000989   Epoch: 2   Global Step: 3080   Fp16 Grad Scale: 2097152   Required: 311 hours
Training: 2025-04-17 08:01:08,527-Speed 46.93 samples/sec   Loss 0.1799   LearningRate 0.000989   Epoch: 2   Global Step: 3090   Fp16 Grad Scale: 2097152   Required: 311 hours
Training: 2025-04-17 08:01:35,805-Speed 46.92 samples/sec   Loss 0.1351   LearningRate 0.000989   Epoch: 2   Global Step: 3100   Fp16 Grad Scale: 2097152   Required: 310 hours
Training: 2025-04-17 08:02:03,210-Speed 46.71 samples/sec   Loss 0.1796   LearningRate 0.000989   Epoch: 2   Global Step: 3110   Fp16 Grad Scale: 2097152   Required: 310 hours
Training: 2025-04-17 08:02:30,518-Speed 46.87 samples/sec   Loss 0.1357   LearningRate 0.000989   Epoch: 2   Global Step: 3120   Fp16 Grad Scale: 2097152   Required: 310 hours
Training: 2025-04-17 08:02:57,772-Speed 46.97 samples/sec   Loss 0.1468   LearningRate 0.000989   Epoch: 2   Global Step: 3130   Fp16 Grad Scale: 2097152   Required: 309 hours
Training: 2025-04-17 08:03:25,149-Speed 46.76 samples/sec   Loss 0.1975   LearningRate 0.000989   Epoch: 2   Global Step: 3140   Fp16 Grad Scale: 2097152   Required: 309 hours
Training: 2025-04-17 08:03:52,498-Speed 46.80 samples/sec   Loss 0.1515   LearningRate 0.000989   Epoch: 2   Global Step: 3150   Fp16 Grad Scale: 2097152   Required: 309 hours
Training: 2025-04-17 08:04:21,927-Speed 43.50 samples/sec   Loss 0.2807   LearningRate 0.000989   Epoch: 2   Global Step: 3160   Fp16 Grad Scale: 4194304   Required: 308 hours
Training: 2025-04-17 08:04:50,524-Speed 44.76 samples/sec   Loss 0.2038   LearningRate 0.000989   Epoch: 2   Global Step: 3170   Fp16 Grad Scale: 4194304   Required: 308 hours
Training: 2025-04-17 08:05:17,853-Speed 46.84 samples/sec   Loss 0.1886   LearningRate 0.000989   Epoch: 2   Global Step: 3180   Fp16 Grad Scale: 2097152   Required: 308 hours
Training: 2025-04-17 08:05:45,135-Speed 46.92 samples/sec   Loss 0.1687   LearningRate 0.000989   Epoch: 2   Global Step: 3190   Fp16 Grad Scale: 2097152   Required: 308 hours
Training: 2025-04-17 08:06:12,522-Speed 46.74 samples/sec   Loss 0.1901   LearningRate 0.000989   Epoch: 2   Global Step: 3200   Fp16 Grad Scale: 2097152   Required: 307 hours
Training: 2025-04-17 08:06:39,983-Speed 46.61 samples/sec   Loss 0.1309   LearningRate 0.000989   Epoch: 2   Global Step: 3210   Fp16 Grad Scale: 2097152   Required: 307 hours
Training: 2025-04-17 08:07:07,278-Speed 46.90 samples/sec   Loss 0.2240   LearningRate 0.000989   Epoch: 2   Global Step: 3220   Fp16 Grad Scale: 2097152   Required: 307 hours
Training: 2025-04-17 08:07:34,542-Speed 46.95 samples/sec   Loss 0.2397   LearningRate 0.000989   Epoch: 2   Global Step: 3230   Fp16 Grad Scale: 2097152   Required: 306 hours
Training: 2025-04-17 08:08:01,859-Speed 46.86 samples/sec   Loss 0.2496   LearningRate 0.000989   Epoch: 2   Global Step: 3240   Fp16 Grad Scale: 2097152   Required: 306 hours
Training: 2025-04-17 08:08:29,166-Speed 46.88 samples/sec   Loss 0.2777   LearningRate 0.000989   Epoch: 2   Global Step: 3250   Fp16 Grad Scale: 2097152   Required: 306 hours
Training: 2025-04-17 08:08:56,575-Speed 46.70 samples/sec   Loss 0.1740   LearningRate 0.000989   Epoch: 2   Global Step: 3260   Fp16 Grad Scale: 2097152   Required: 306 hours
Training: 2025-04-17 08:09:25,892-Speed 43.66 samples/sec   Loss 0.2850   LearningRate 0.000989   Epoch: 2   Global Step: 3270   Fp16 Grad Scale: 2097152   Required: 305 hours
Training: 2025-04-17 08:09:53,186-Speed 46.90 samples/sec   Loss 0.2399   LearningRate 0.000988   Epoch: 2   Global Step: 3280   Fp16 Grad Scale: 4194304   Required: 305 hours
Training: 2025-04-17 08:10:20,434-Speed 46.98 samples/sec   Loss 0.2339   LearningRate 0.000988   Epoch: 2   Global Step: 3290   Fp16 Grad Scale: 4194304   Required: 305 hours
Training: 2025-04-17 08:10:47,696-Speed 46.95 samples/sec   Loss 0.2169   LearningRate 0.000988   Epoch: 2   Global Step: 3300   Fp16 Grad Scale: 4194304   Required: 304 hours
Training: 2025-04-17 08:11:15,171-Speed 46.59 samples/sec   Loss 0.3504   LearningRate 0.000988   Epoch: 2   Global Step: 3310   Fp16 Grad Scale: 4194304   Required: 304 hours
Training: 2025-04-17 08:11:42,375-Speed 47.05 samples/sec   Loss 0.2236   LearningRate 0.000988   Epoch: 2   Global Step: 3320   Fp16 Grad Scale: 2097152   Required: 304 hours
Training: 2025-04-17 08:12:09,698-Speed 46.85 samples/sec   Loss 0.1678   LearningRate 0.000988   Epoch: 2   Global Step: 3330   Fp16 Grad Scale: 2097152   Required: 304 hours
Training: 2025-04-17 08:12:37,023-Speed 46.85 samples/sec   Loss 0.2234   LearningRate 0.000988   Epoch: 2   Global Step: 3340   Fp16 Grad Scale: 2097152   Required: 303 hours
Training: 2025-04-17 08:13:04,283-Speed 46.96 samples/sec   Loss 0.1752   LearningRate 0.000988   Epoch: 2   Global Step: 3350   Fp16 Grad Scale: 2097152   Required: 303 hours
Training: 2025-04-17 08:13:31,794-Speed 46.53 samples/sec   Loss 0.2520   LearningRate 0.000988   Epoch: 2   Global Step: 3360   Fp16 Grad Scale: 2097152   Required: 303 hours
Training: 2025-04-17 08:13:59,122-Speed 46.84 samples/sec   Loss 0.2035   LearningRate 0.000988   Epoch: 2   Global Step: 3370   Fp16 Grad Scale: 2097152   Required: 302 hours
Training: 2025-04-17 08:14:28,382-Speed 43.75 samples/sec   Loss 0.2269   LearningRate 0.000988   Epoch: 2   Global Step: 3380   Fp16 Grad Scale: 2097152   Required: 302 hours
Training: 2025-04-17 08:14:55,740-Speed 46.79 samples/sec   Loss 0.2226   LearningRate 0.000988   Epoch: 2   Global Step: 3390   Fp16 Grad Scale: 2097152   Required: 302 hours
Training: 2025-04-17 08:15:23,054-Speed 46.86 samples/sec   Loss 0.2450   LearningRate 0.000988   Epoch: 2   Global Step: 3400   Fp16 Grad Scale: 2097152   Required: 302 hours
Training: 2025-04-17 08:15:50,470-Speed 46.69 samples/sec   Loss 0.2341   LearningRate 0.000988   Epoch: 2   Global Step: 3410   Fp16 Grad Scale: 2097152   Required: 301 hours
Training: 2025-04-17 08:16:17,713-Speed 46.99 samples/sec   Loss 0.2206   LearningRate 0.000988   Epoch: 2   Global Step: 3420   Fp16 Grad Scale: 4194304   Required: 301 hours
Training: 2025-04-17 08:16:45,033-Speed 46.85 samples/sec   Loss 0.1552   LearningRate 0.000988   Epoch: 2   Global Step: 3430   Fp16 Grad Scale: 4194304   Required: 301 hours
Training: 2025-04-17 08:17:12,292-Speed 46.96 samples/sec   Loss 0.1691   LearningRate 0.000988   Epoch: 2   Global Step: 3440   Fp16 Grad Scale: 4194304   Required: 301 hours
Training: 2025-04-17 08:17:39,664-Speed 46.76 samples/sec   Loss 0.3014   LearningRate 0.000988   Epoch: 2   Global Step: 3450   Fp16 Grad Scale: 2097152   Required: 300 hours
Training: 2025-04-17 08:18:06,946-Speed 46.92 samples/sec   Loss 0.1737   LearningRate 0.000988   Epoch: 2   Global Step: 3460   Fp16 Grad Scale: 2097152   Required: 300 hours
Training: 2025-04-17 08:18:34,214-Speed 46.94 samples/sec   Loss 0.2406   LearningRate 0.000988   Epoch: 2   Global Step: 3470   Fp16 Grad Scale: 2097152   Required: 300 hours
Training: 2025-04-17 08:19:01,538-Speed 46.85 samples/sec   Loss 0.2691   LearningRate 0.000988   Epoch: 2   Global Step: 3480   Fp16 Grad Scale: 2097152   Required: 300 hours
Training: 2025-04-17 08:19:30,776-Speed 43.78 samples/sec   Loss 0.3373   LearningRate 0.000988   Epoch: 2   Global Step: 3490   Fp16 Grad Scale: 2097152   Required: 299 hours
Training: 2025-04-17 08:19:58,101-Speed 46.84 samples/sec   Loss 0.2101   LearningRate 0.000988   Epoch: 2   Global Step: 3500   Fp16 Grad Scale: 2097152   Required: 299 hours
Training: 2025-04-17 08:20:25,557-Speed 46.62 samples/sec   Loss 0.2825   LearningRate 0.000988   Epoch: 2   Global Step: 3510   Fp16 Grad Scale: 2097152   Required: 299 hours
Training: 2025-04-17 08:20:52,847-Speed 46.91 samples/sec   Loss 0.2895   LearningRate 0.000988   Epoch: 2   Global Step: 3520   Fp16 Grad Scale: 2097152   Required: 299 hours
Training: 2025-04-17 08:21:20,147-Speed 46.89 samples/sec   Loss 0.2895   LearningRate 0.000988   Epoch: 2   Global Step: 3530   Fp16 Grad Scale: 2097152   Required: 298 hours
Training: 2025-04-17 08:21:47,395-Speed 46.98 samples/sec   Loss 0.1816   LearningRate 0.000988   Epoch: 2   Global Step: 3540   Fp16 Grad Scale: 2097152   Required: 298 hours
Training: 2025-04-17 08:22:14,820-Speed 46.67 samples/sec   Loss 0.2784   LearningRate 0.000988   Epoch: 2   Global Step: 3550   Fp16 Grad Scale: 4194304   Required: 298 hours
Training: 2025-04-17 08:22:42,232-Speed 46.70 samples/sec   Loss 0.2828   LearningRate 0.000988   Epoch: 2   Global Step: 3560   Fp16 Grad Scale: 4194304   Required: 298 hours
Training: 2025-04-17 08:23:09,443-Speed 47.04 samples/sec   Loss 0.2690   LearningRate 0.000987   Epoch: 2   Global Step: 3570   Fp16 Grad Scale: 2097152   Required: 297 hours
Training: 2025-04-17 08:23:36,768-Speed 46.84 samples/sec   Loss 0.2036   LearningRate 0.000987   Epoch: 2   Global Step: 3580   Fp16 Grad Scale: 2097152   Required: 297 hours
Training: 2025-04-17 08:24:04,022-Speed 46.97 samples/sec   Loss 0.2319   LearningRate 0.000987   Epoch: 2   Global Step: 3590   Fp16 Grad Scale: 2097152   Required: 297 hours
Training: 2025-04-17 08:24:33,283-Speed 43.76 samples/sec   Loss 0.2854   LearningRate 0.000987   Epoch: 2   Global Step: 3600   Fp16 Grad Scale: 1048576   Required: 297 hours
Training: 2025-04-17 08:25:01,020-Speed 46.68 samples/sec   Loss 0.1890   LearningRate 0.000987   Epoch: 2   Global Step: 3610   Fp16 Grad Scale: 1048576   Required: 296 hours
Training: 2025-04-17 08:25:28,281-Speed 46.95 samples/sec   Loss 0.2428   LearningRate 0.000987   Epoch: 2   Global Step: 3620   Fp16 Grad Scale: 1048576   Required: 296 hours
Training: 2025-04-17 08:25:55,795-Speed 46.52 samples/sec   Loss 0.1948   LearningRate 0.000987   Epoch: 2   Global Step: 3630   Fp16 Grad Scale: 1048576   Required: 296 hours
Training: 2025-04-17 08:26:23,401-Speed 46.37 samples/sec   Loss 0.2329   LearningRate 0.000987   Epoch: 2   Global Step: 3640   Fp16 Grad Scale: 1048576   Required: 296 hours
Training: 2025-04-17 08:26:51,612-Speed 45.37 samples/sec   Loss 0.2274   LearningRate 0.000987   Epoch: 2   Global Step: 3650   Fp16 Grad Scale: 1048576   Required: 296 hours
Training: 2025-04-17 08:27:19,293-Speed 46.24 samples/sec   Loss 0.2801   LearningRate 0.000987   Epoch: 2   Global Step: 3660   Fp16 Grad Scale: 1048576   Required: 295 hours
Training: 2025-04-17 08:27:46,570-Speed 46.93 samples/sec   Loss 0.1971   LearningRate 0.000987   Epoch: 2   Global Step: 3670   Fp16 Grad Scale: 1048576   Required: 295 hours
Training: 2025-04-17 08:28:13,846-Speed 46.93 samples/sec   Loss 0.3660   LearningRate 0.000987   Epoch: 2   Global Step: 3680   Fp16 Grad Scale: 1048576   Required: 295 hours
Training: 2025-04-17 08:28:41,097-Speed 46.97 samples/sec   Loss 0.2048   LearningRate 0.000987   Epoch: 2   Global Step: 3690   Fp16 Grad Scale: 1048576   Required: 295 hours
Training: 2025-04-17 08:29:08,368-Speed 46.94 samples/sec   Loss 0.2645   LearningRate 0.000987   Epoch: 2   Global Step: 3700   Fp16 Grad Scale: 2097152   Required: 294 hours
Training: 2025-04-17 08:29:37,664-Speed 43.69 samples/sec   Loss 0.2363   LearningRate 0.000987   Epoch: 2   Global Step: 3710   Fp16 Grad Scale: 2097152   Required: 294 hours
Training: 2025-04-17 08:30:04,863-Speed 47.06 samples/sec   Loss 0.1430   LearningRate 0.000987   Epoch: 2   Global Step: 3720   Fp16 Grad Scale: 2097152   Required: 294 hours
Training: 2025-04-17 08:30:32,090-Speed 47.01 samples/sec   Loss 0.2155   LearningRate 0.000987   Epoch: 2   Global Step: 3730   Fp16 Grad Scale: 2097152   Required: 294 hours
Training: 2025-04-17 08:30:59,305-Speed 47.04 samples/sec   Loss 0.2431   LearningRate 0.000987   Epoch: 2   Global Step: 3740   Fp16 Grad Scale: 2097152   Required: 294 hours
Training: 2025-04-17 08:31:26,478-Speed 47.11 samples/sec   Loss 0.2355   LearningRate 0.000987   Epoch: 2   Global Step: 3750   Fp16 Grad Scale: 2097152   Required: 293 hours
Training: 2025-04-17 08:31:53,800-Speed 46.85 samples/sec   Loss 0.1490   LearningRate 0.000987   Epoch: 2   Global Step: 3760   Fp16 Grad Scale: 2097152   Required: 293 hours
Training: 2025-04-17 08:32:21,035-Speed 47.00 samples/sec   Loss 0.1226   LearningRate 0.000987   Epoch: 2   Global Step: 3770   Fp16 Grad Scale: 2097152   Required: 293 hours
Training: 2025-04-17 08:32:48,362-Speed 46.84 samples/sec   Loss 0.3216   LearningRate 0.000987   Epoch: 2   Global Step: 3780   Fp16 Grad Scale: 2097152   Required: 293 hours
Training: 2025-04-17 08:33:15,775-Speed 46.69 samples/sec   Loss 0.3327   LearningRate 0.000987   Epoch: 2   Global Step: 3790   Fp16 Grad Scale: 2097152   Required: 292 hours
Training: 2025-04-17 08:33:42,997-Speed 47.02 samples/sec   Loss 0.2638   LearningRate 0.000987   Epoch: 2   Global Step: 3800   Fp16 Grad Scale: 2097152   Required: 292 hours
Training: 2025-04-17 08:34:10,285-Speed 46.91 samples/sec   Loss 0.2490   LearningRate 0.000987   Epoch: 2   Global Step: 3810   Fp16 Grad Scale: 2097152   Required: 292 hours
Training: 2025-04-17 08:34:40,708-Speed 42.07 samples/sec   Loss 0.2700   LearningRate 0.000987   Epoch: 2   Global Step: 3820   Fp16 Grad Scale: 2097152   Required: 292 hours
Training: 2025-04-17 08:35:08,125-Speed 46.69 samples/sec   Loss 0.1632   LearningRate 0.000987   Epoch: 2   Global Step: 3830   Fp16 Grad Scale: 2097152   Required: 292 hours
Training: 2025-04-17 08:35:35,591-Speed 46.61 samples/sec   Loss 0.2405   LearningRate 0.000987   Epoch: 2   Global Step: 3840   Fp16 Grad Scale: 2097152   Required: 291 hours
Training: 2025-04-17 08:36:03,105-Speed 46.52 samples/sec   Loss 0.1167   LearningRate 0.000987   Epoch: 2   Global Step: 3850   Fp16 Grad Scale: 2097152   Required: 291 hours
Training: 2025-04-17 08:36:30,892-Speed 46.07 samples/sec   Loss 0.2055   LearningRate 0.000986   Epoch: 2   Global Step: 3860   Fp16 Grad Scale: 2097152   Required: 291 hours
Training: 2025-04-17 08:36:58,659-Speed 46.10 samples/sec   Loss 0.2109   LearningRate 0.000986   Epoch: 2   Global Step: 3870   Fp16 Grad Scale: 2097152   Required: 291 hours
Training: 2025-04-17 08:37:26,422-Speed 46.11 samples/sec   Loss 0.2732   LearningRate 0.000986   Epoch: 2   Global Step: 3880   Fp16 Grad Scale: 2097152   Required: 291 hours
Training: 2025-04-17 08:37:54,191-Speed 46.09 samples/sec   Loss 0.1880   LearningRate 0.000986   Epoch: 2   Global Step: 3890   Fp16 Grad Scale: 2097152   Required: 290 hours
Training: 2025-04-17 08:38:21,962-Speed 46.09 samples/sec   Loss 0.2335   LearningRate 0.000986   Epoch: 2   Global Step: 3900   Fp16 Grad Scale: 4194304   Required: 290 hours
Training: 2025-04-17 08:38:49,861-Speed 45.88 samples/sec   Loss 0.2205   LearningRate 0.000986   Epoch: 2   Global Step: 3910   Fp16 Grad Scale: 4194304   Required: 290 hours
Training: 2025-04-17 08:39:17,635-Speed 46.09 samples/sec   Loss 0.2930   LearningRate 0.000986   Epoch: 2   Global Step: 3920   Fp16 Grad Scale: 2097152   Required: 290 hours
Training: 2025-04-17 08:39:47,460-Speed 42.92 samples/sec   Loss 0.2340   LearningRate 0.000986   Epoch: 2   Global Step: 3930   Fp16 Grad Scale: 2097152   Required: 290 hours
Training: 2025-04-17 08:40:15,263-Speed 46.04 samples/sec   Loss 0.2545   LearningRate 0.000986   Epoch: 2   Global Step: 3940   Fp16 Grad Scale: 2097152   Required: 289 hours
Training: 2025-04-17 08:40:43,145-Speed 45.91 samples/sec   Loss 0.1778   LearningRate 0.000986   Epoch: 2   Global Step: 3950   Fp16 Grad Scale: 2097152   Required: 289 hours
Training: 2025-04-17 08:41:10,981-Speed 45.98 samples/sec   Loss 0.1752   LearningRate 0.000986   Epoch: 2   Global Step: 3960   Fp16 Grad Scale: 2097152   Required: 289 hours
Training: 2025-04-17 08:41:38,795-Speed 46.02 samples/sec   Loss 0.2188   LearningRate 0.000986   Epoch: 2   Global Step: 3970   Fp16 Grad Scale: 2097152   Required: 289 hours
Training: 2025-04-17 08:42:06,475-Speed 46.24 samples/sec   Loss 0.3008   LearningRate 0.000986   Epoch: 2   Global Step: 3980   Fp16 Grad Scale: 2097152   Required: 289 hours
Training: 2025-04-17 08:42:34,285-Speed 46.03 samples/sec   Loss 0.2233   LearningRate 0.000986   Epoch: 2   Global Step: 3990   Fp16 Grad Scale: 2097152   Required: 288 hours
Training: 2025-04-17 08:43:02,081-Speed 46.05 samples/sec   Loss 0.2953   LearningRate 0.000986   Epoch: 2   Global Step: 4000   Fp16 Grad Scale: 2097152   Required: 288 hours
Training: 2025-04-17 08:44:21,679-[val][Global step: 4000] d prime: 6.057000160217285
Model saved with d prime score: 6.057000160217285
Training: 2025-04-17 08:44:57,704-Speed 11.07 samples/sec   Loss 0.2328   LearningRate 0.000986   Epoch: 2   Global Step: 4010   Fp16 Grad Scale: 2097152   Required: 290 hours
Training: 2025-04-17 08:45:25,669-Speed 45.77 samples/sec   Loss 0.2178   LearningRate 0.000986   Epoch: 2   Global Step: 4020   Fp16 Grad Scale: 4194304   Required: 290 hours
Training: 2025-04-17 08:45:53,616-Speed 45.80 samples/sec   Loss 0.2739   LearningRate 0.000986   Epoch: 2   Global Step: 4030   Fp16 Grad Scale: 4194304   Required: 289 hours
Training: 2025-04-17 08:46:21,466-Speed 45.96 samples/sec   Loss 0.2380   LearningRate 0.000986   Epoch: 2   Global Step: 4040   Fp16 Grad Scale: 4194304   Required: 289 hours
Training: 2025-04-17 08:46:49,275-Speed 46.03 samples/sec   Loss 0.2164   LearningRate 0.000986   Epoch: 2   Global Step: 4050   Fp16 Grad Scale: 4194304   Required: 289 hours
Training: 2025-04-17 08:47:17,169-Speed 45.89 samples/sec   Loss 0.3055   LearningRate 0.000986   Epoch: 2   Global Step: 4060   Fp16 Grad Scale: 4194304   Required: 289 hours
Training: 2025-04-17 08:47:45,086-Speed 45.85 samples/sec   Loss 0.2318   LearningRate 0.000986   Epoch: 2   Global Step: 4070   Fp16 Grad Scale: 2097152   Required: 289 hours
Training: 2025-04-17 08:48:13,049-Speed 45.78 samples/sec   Loss 0.1962   LearningRate 0.000986   Epoch: 2   Global Step: 4080   Fp16 Grad Scale: 2097152   Required: 289 hours
Training: 2025-04-17 08:48:41,007-Speed 45.78 samples/sec   Loss 0.2521   LearningRate 0.000986   Epoch: 2   Global Step: 4090   Fp16 Grad Scale: 2097152   Required: 288 hours
Training: 2025-04-17 08:49:08,793-Speed 46.07 samples/sec   Loss 0.1748   LearningRate 0.000986   Epoch: 2   Global Step: 4100   Fp16 Grad Scale: 2097152   Required: 288 hours
Training: 2025-04-17 08:49:36,750-Speed 45.79 samples/sec   Loss 0.2534   LearningRate 0.000986   Epoch: 2   Global Step: 4110   Fp16 Grad Scale: 2097152   Required: 288 hours
Training: 2025-04-17 08:50:06,730-Speed 42.70 samples/sec   Loss 0.2431   LearningRate 0.000986   Epoch: 2   Global Step: 4120   Fp16 Grad Scale: 2097152   Required: 288 hours
Training: 2025-04-17 08:50:34,631-Speed 45.88 samples/sec   Loss 0.2595   LearningRate 0.000986   Epoch: 2   Global Step: 4130   Fp16 Grad Scale: 2097152   Required: 288 hours
Training: 2025-04-17 08:51:02,553-Speed 45.84 samples/sec   Loss 0.2068   LearningRate 0.000985   Epoch: 2   Global Step: 4140   Fp16 Grad Scale: 2097152   Required: 287 hours
Training: 2025-04-17 08:51:30,385-Speed 45.99 samples/sec   Loss 0.2461   LearningRate 0.000985   Epoch: 2   Global Step: 4150   Fp16 Grad Scale: 2097152   Required: 287 hours
Training: 2025-04-17 08:51:58,418-Speed 45.66 samples/sec   Loss 0.1726   LearningRate 0.000985   Epoch: 2   Global Step: 4160   Fp16 Grad Scale: 2097152   Required: 287 hours
Training: 2025-04-17 08:52:26,385-Speed 45.77 samples/sec   Loss 0.2874   LearningRate 0.000985   Epoch: 2   Global Step: 4170   Fp16 Grad Scale: 1048576   Required: 287 hours
Training: 2025-04-17 08:52:54,156-Speed 46.09 samples/sec   Loss 0.2491   LearningRate 0.000985   Epoch: 2   Global Step: 4180   Fp16 Grad Scale: 1048576   Required: 287 hours
Training: 2025-04-17 08:53:21,996-Speed 45.98 samples/sec   Loss 0.2816   LearningRate 0.000985   Epoch: 2   Global Step: 4190   Fp16 Grad Scale: 1048576   Required: 287 hours
Training: 2025-04-17 08:53:49,899-Speed 45.87 samples/sec   Loss 0.1667   LearningRate 0.000985   Epoch: 2   Global Step: 4200   Fp16 Grad Scale: 1048576   Required: 286 hours
Training: 2025-04-17 08:54:17,812-Speed 45.86 samples/sec   Loss 0.2369   LearningRate 0.000985   Epoch: 2   Global Step: 4210   Fp16 Grad Scale: 1048576   Required: 286 hours
Training: 2025-04-17 08:54:49,726-Speed 40.11 samples/sec   Loss 0.2794   LearningRate 0.000985   Epoch: 2   Global Step: 4220   Fp16 Grad Scale: 1048576   Required: 286 hours
Training: 2025-04-17 08:55:17,617-Speed 45.89 samples/sec   Loss 0.2176   LearningRate 0.000985   Epoch: 2   Global Step: 4230   Fp16 Grad Scale: 1048576   Required: 286 hours
Training: 2025-04-17 08:55:45,472-Speed 45.95 samples/sec   Loss 0.2606   LearningRate 0.000985   Epoch: 2   Global Step: 4240   Fp16 Grad Scale: 1048576   Required: 286 hours
Training: 2025-04-17 08:56:13,307-Speed 45.99 samples/sec   Loss 0.2500   LearningRate 0.000985   Epoch: 2   Global Step: 4250   Fp16 Grad Scale: 1048576   Required: 286 hours
Training: 2025-04-17 08:56:42,355-Speed 44.07 samples/sec   Loss 0.3411   LearningRate 0.000985   Epoch: 2   Global Step: 4260   Fp16 Grad Scale: 1048576   Required: 285 hours
Training: 2025-04-17 08:57:11,005-Speed 44.68 samples/sec   Loss 0.3983   LearningRate 0.000985   Epoch: 2   Global Step: 4270   Fp16 Grad Scale: 2097152   Required: 285 hours
Training: 2025-04-17 08:57:39,024-Speed 45.68 samples/sec   Loss 0.1594   LearningRate 0.000985   Epoch: 2   Global Step: 4280   Fp16 Grad Scale: 2097152   Required: 285 hours
Training: 2025-04-17 08:58:20,537-Speed 30.83 samples/sec   Loss 0.1121   LearningRate 0.000985   Epoch: 3   Global Step: 4290   Fp16 Grad Scale: 2097152   Required: 285 hours
Training: 2025-04-17 08:58:48,277-Speed 46.14 samples/sec   Loss 0.1565   LearningRate 0.000985   Epoch: 3   Global Step: 4300   Fp16 Grad Scale: 2097152   Required: 285 hours
Training: 2025-04-17 08:59:15,952-Speed 46.25 samples/sec   Loss 0.1499   LearningRate 0.000985   Epoch: 3   Global Step: 4310   Fp16 Grad Scale: 2097152   Required: 285 hours
Training: 2025-04-17 08:59:43,793-Speed 45.98 samples/sec   Loss 0.1118   LearningRate 0.000985   Epoch: 3   Global Step: 4320   Fp16 Grad Scale: 2097152   Required: 285 hours
Training: 2025-04-17 09:00:13,281-Speed 43.41 samples/sec   Loss 0.0878   LearningRate 0.000985   Epoch: 3   Global Step: 4330   Fp16 Grad Scale: 1048576   Required: 285 hours
Training: 2025-04-17 09:00:41,223-Speed 45.81 samples/sec   Loss 0.1013   LearningRate 0.000985   Epoch: 3   Global Step: 4340   Fp16 Grad Scale: 1048576   Required: 284 hours
Training: 2025-04-17 09:01:08,987-Speed 46.10 samples/sec   Loss 0.2014   LearningRate 0.000985   Epoch: 3   Global Step: 4350   Fp16 Grad Scale: 1048576   Required: 284 hours
Training: 2025-04-17 09:01:36,788-Speed 46.04 samples/sec   Loss 0.1055   LearningRate 0.000985   Epoch: 3   Global Step: 4360   Fp16 Grad Scale: 1048576   Required: 284 hours
Training: 2025-04-17 09:02:04,589-Speed 46.04 samples/sec   Loss 0.1557   LearningRate 0.000985   Epoch: 3   Global Step: 4370   Fp16 Grad Scale: 1048576   Required: 284 hours
Training: 2025-04-17 09:02:32,363-Speed 46.09 samples/sec   Loss 0.1191   LearningRate 0.000985   Epoch: 3   Global Step: 4380   Fp16 Grad Scale: 524288   Required: 284 hours
Training: 2025-04-17 09:03:02,223-Speed 46.07 samples/sec   Loss 0.1719   LearningRate 0.000985   Epoch: 3   Global Step: 4390   Fp16 Grad Scale: 524288   Required: 284 hours
Training: 2025-04-17 09:03:30,041-Speed 46.01 samples/sec   Loss 0.1266   LearningRate 0.000985   Epoch: 3   Global Step: 4400   Fp16 Grad Scale: 524288   Required: 283 hours
Training: 2025-04-17 09:03:57,857-Speed 46.02 samples/sec   Loss 0.0857   LearningRate 0.000985   Epoch: 3   Global Step: 4410   Fp16 Grad Scale: 524288   Required: 283 hours
Training: 2025-04-17 09:04:25,612-Speed 46.12 samples/sec   Loss 0.1218   LearningRate 0.000985   Epoch: 3   Global Step: 4420   Fp16 Grad Scale: 524288   Required: 283 hours
Training: 2025-04-17 09:04:57,339-Speed 40.35 samples/sec   Loss 0.1168   LearningRate 0.000984   Epoch: 3   Global Step: 4430   Fp16 Grad Scale: 524288   Required: 283 hours
Training: 2025-04-17 09:05:25,162-Speed 46.01 samples/sec   Loss 0.1189   LearningRate 0.000984   Epoch: 3   Global Step: 4440   Fp16 Grad Scale: 524288   Required: 283 hours
Training: 2025-04-17 09:05:52,960-Speed 46.05 samples/sec   Loss 0.0909   LearningRate 0.000984   Epoch: 3   Global Step: 4450   Fp16 Grad Scale: 524288   Required: 283 hours
Training: 2025-04-17 09:06:20,900-Speed 45.81 samples/sec   Loss 0.0646   LearningRate 0.000984   Epoch: 3   Global Step: 4460   Fp16 Grad Scale: 524288   Required: 283 hours
Training: 2025-04-17 09:06:48,751-Speed 45.96 samples/sec   Loss 0.1008   LearningRate 0.000984   Epoch: 3   Global Step: 4470   Fp16 Grad Scale: 524288   Required: 282 hours
Training: 2025-04-17 09:07:16,537-Speed 46.07 samples/sec   Loss 0.1343   LearningRate 0.000984   Epoch: 3   Global Step: 4480   Fp16 Grad Scale: 1048576   Required: 282 hours
Training: 2025-04-17 09:07:44,420-Speed 45.91 samples/sec   Loss 0.0699   LearningRate 0.000984   Epoch: 3   Global Step: 4490   Fp16 Grad Scale: 1048576   Required: 282 hours
Training: 2025-04-17 09:08:12,282-Speed 45.94 samples/sec   Loss 0.1391   LearningRate 0.000984   Epoch: 3   Global Step: 4500   Fp16 Grad Scale: 1048576   Required: 282 hours
Training: 2025-04-17 09:08:40,327-Speed 45.64 samples/sec   Loss 0.0788   LearningRate 0.000984   Epoch: 3   Global Step: 4510   Fp16 Grad Scale: 1048576   Required: 282 hours
Training: 2025-04-17 09:09:08,221-Speed 45.89 samples/sec   Loss 0.0735   LearningRate 0.000984   Epoch: 3   Global Step: 4520   Fp16 Grad Scale: 1048576   Required: 282 hours
Training: 2025-04-17 09:09:36,006-Speed 46.07 samples/sec   Loss 0.1124   LearningRate 0.000984   Epoch: 3   Global Step: 4530   Fp16 Grad Scale: 1048576   Required: 282 hours
Training: 2025-04-17 09:10:05,864-Speed 42.87 samples/sec   Loss 0.1198   LearningRate 0.000984   Epoch: 3   Global Step: 4540   Fp16 Grad Scale: 1048576   Required: 281 hours
Training: 2025-04-17 09:10:33,716-Speed 45.96 samples/sec   Loss 0.1356   LearningRate 0.000984   Epoch: 3   Global Step: 4550   Fp16 Grad Scale: 1048576   Required: 281 hours
Training: 2025-04-17 09:11:01,726-Speed 45.70 samples/sec   Loss 0.1446   LearningRate 0.000984   Epoch: 3   Global Step: 4560   Fp16 Grad Scale: 1048576   Required: 281 hours
Training: 2025-04-17 09:11:29,586-Speed 45.94 samples/sec   Loss 0.1112   LearningRate 0.000984   Epoch: 3   Global Step: 4570   Fp16 Grad Scale: 1048576   Required: 281 hours
Training: 2025-04-17 09:11:57,362-Speed 46.08 samples/sec   Loss 0.1033   LearningRate 0.000984   Epoch: 3   Global Step: 4580   Fp16 Grad Scale: 2097152   Required: 281 hours
Training: 2025-04-17 09:12:25,154-Speed 46.06 samples/sec   Loss 0.0961   LearningRate 0.000984   Epoch: 3   Global Step: 4590   Fp16 Grad Scale: 2097152   Required: 281 hours
Training: 2025-04-17 09:12:53,163-Speed 45.70 samples/sec   Loss 0.1257   LearningRate 0.000984   Epoch: 3   Global Step: 4600   Fp16 Grad Scale: 2097152   Required: 281 hours
Training: 2025-04-17 09:13:21,126-Speed 45.78 samples/sec   Loss 0.1016   LearningRate 0.000984   Epoch: 3   Global Step: 4610   Fp16 Grad Scale: 2097152   Required: 280 hours
Training: 2025-04-17 09:13:48,908-Speed 46.08 samples/sec   Loss 0.1419   LearningRate 0.000984   Epoch: 3   Global Step: 4620   Fp16 Grad Scale: 2097152   Required: 280 hours
Training: 2025-04-17 09:14:16,799-Speed 45.89 samples/sec   Loss 0.1261   LearningRate 0.000984   Epoch: 3   Global Step: 4630   Fp16 Grad Scale: 2097152   Required: 280 hours
Training: 2025-04-17 09:14:46,327-Speed 43.35 samples/sec   Loss 0.0748   LearningRate 0.000984   Epoch: 3   Global Step: 4640   Fp16 Grad Scale: 2097152   Required: 280 hours
Training: 2025-04-17 09:15:16,333-Speed 42.66 samples/sec   Loss 0.0951   LearningRate 0.000984   Epoch: 3   Global Step: 4650   Fp16 Grad Scale: 2097152   Required: 280 hours
Training: 2025-04-17 09:15:44,317-Speed 45.74 samples/sec   Loss 0.1213   LearningRate 0.000984   Epoch: 3   Global Step: 4660   Fp16 Grad Scale: 2097152   Required: 280 hours
Training: 2025-04-17 09:16:12,188-Speed 45.93 samples/sec   Loss 0.1261   LearningRate 0.000984   Epoch: 3   Global Step: 4670   Fp16 Grad Scale: 2097152   Required: 280 hours
Training: 2025-04-17 09:16:39,955-Speed 46.10 samples/sec   Loss 0.1507   LearningRate 0.000984   Epoch: 3   Global Step: 4680   Fp16 Grad Scale: 2097152   Required: 279 hours
Training: 2025-04-17 09:17:07,824-Speed 45.93 samples/sec   Loss 0.1456   LearningRate 0.000984   Epoch: 3   Global Step: 4690   Fp16 Grad Scale: 2097152   Required: 279 hours
Training: 2025-04-17 09:17:35,604-Speed 46.08 samples/sec   Loss 0.0595   LearningRate 0.000984   Epoch: 3   Global Step: 4700   Fp16 Grad Scale: 2097152   Required: 279 hours
Training: 2025-04-17 09:18:03,542-Speed 45.82 samples/sec   Loss 0.0978   LearningRate 0.000983   Epoch: 3   Global Step: 4710   Fp16 Grad Scale: 2097152   Required: 279 hours
Training: 2025-04-17 09:18:31,366-Speed 46.00 samples/sec   Loss 0.0827   LearningRate 0.000983   Epoch: 3   Global Step: 4720   Fp16 Grad Scale: 2097152   Required: 279 hours
Training: 2025-04-17 09:18:59,310-Speed 45.81 samples/sec   Loss 0.0825   LearningRate 0.000983   Epoch: 3   Global Step: 4730   Fp16 Grad Scale: 2097152   Required: 279 hours
Training: 2025-04-17 09:19:27,190-Speed 45.91 samples/sec   Loss 0.1161   LearningRate 0.000983   Epoch: 3   Global Step: 4740   Fp16 Grad Scale: 2097152   Required: 279 hours
Training: 2025-04-17 09:19:55,077-Speed 45.90 samples/sec   Loss 0.1132   LearningRate 0.000983   Epoch: 3   Global Step: 4750   Fp16 Grad Scale: 2097152   Required: 278 hours
Training: 2025-04-17 09:20:25,097-Speed 42.64 samples/sec   Loss 0.0972   LearningRate 0.000983   Epoch: 3   Global Step: 4760   Fp16 Grad Scale: 2097152   Required: 278 hours
Training: 2025-04-17 09:20:52,926-Speed 46.00 samples/sec   Loss 0.1404   LearningRate 0.000983   Epoch: 3   Global Step: 4770   Fp16 Grad Scale: 2097152   Required: 278 hours
Training: 2025-04-17 09:21:20,794-Speed 45.93 samples/sec   Loss 0.1333   LearningRate 0.000983   Epoch: 3   Global Step: 4780   Fp16 Grad Scale: 4194304   Required: 278 hours
Training: 2025-04-17 09:21:48,624-Speed 45.99 samples/sec   Loss 0.1816   LearningRate 0.000983   Epoch: 3   Global Step: 4790   Fp16 Grad Scale: 4194304   Required: 278 hours
Training: 2025-04-17 09:22:16,548-Speed 45.84 samples/sec   Loss 0.0958   LearningRate 0.000983   Epoch: 3   Global Step: 4800   Fp16 Grad Scale: 4194304   Required: 278 hours
Training: 2025-04-17 09:22:44,782-Speed 45.34 samples/sec   Loss 0.0832   LearningRate 0.000983   Epoch: 3   Global Step: 4810   Fp16 Grad Scale: 4194304   Required: 278 hours
Training: 2025-04-17 09:23:12,679-Speed 45.88 samples/sec   Loss 0.1093   LearningRate 0.000983   Epoch: 3   Global Step: 4820   Fp16 Grad Scale: 4194304   Required: 277 hours
Training: 2025-04-17 09:23:40,591-Speed 45.86 samples/sec   Loss 0.1547   LearningRate 0.000983   Epoch: 3   Global Step: 4830   Fp16 Grad Scale: 4194304   Required: 277 hours
Training: 2025-04-17 09:24:08,482-Speed 45.89 samples/sec   Loss 0.1397   LearningRate 0.000983   Epoch: 3   Global Step: 4840   Fp16 Grad Scale: 2097152   Required: 277 hours
Training: 2025-04-17 09:24:36,465-Speed 45.74 samples/sec   Loss 0.0975   LearningRate 0.000983   Epoch: 3   Global Step: 4850   Fp16 Grad Scale: 2097152   Required: 277 hours
Training: 2025-04-17 09:25:06,410-Speed 42.75 samples/sec   Loss 0.1552   LearningRate 0.000983   Epoch: 3   Global Step: 4860   Fp16 Grad Scale: 2097152   Required: 277 hours
Training: 2025-04-17 09:25:35,082-Speed 44.64 samples/sec   Loss 0.1073   LearningRate 0.000983   Epoch: 3   Global Step: 4870   Fp16 Grad Scale: 2097152   Required: 277 hours
Training: 2025-04-17 09:26:02,992-Speed 45.86 samples/sec   Loss 0.0945   LearningRate 0.000983   Epoch: 3   Global Step: 4880   Fp16 Grad Scale: 2097152   Required: 277 hours
Training: 2025-04-17 09:26:31,417-Speed 45.03 samples/sec   Loss 0.1464   LearningRate 0.000983   Epoch: 3   Global Step: 4890   Fp16 Grad Scale: 2097152   Required: 277 hours
Training: 2025-04-17 09:27:00,163-Speed 44.53 samples/sec   Loss 0.1210   LearningRate 0.000983   Epoch: 3   Global Step: 4900   Fp16 Grad Scale: 2097152   Required: 277 hours
Training: 2025-04-17 09:27:28,301-Speed 45.49 samples/sec   Loss 0.1195   LearningRate 0.000983   Epoch: 3   Global Step: 4910   Fp16 Grad Scale: 2097152   Required: 276 hours
Training: 2025-04-17 09:27:56,191-Speed 45.90 samples/sec   Loss 0.0792   LearningRate 0.000983   Epoch: 3   Global Step: 4920   Fp16 Grad Scale: 2097152   Required: 276 hours
Training: 2025-04-17 09:28:24,115-Speed 45.84 samples/sec   Loss 0.1507   LearningRate 0.000983   Epoch: 3   Global Step: 4930   Fp16 Grad Scale: 2097152   Required: 276 hours
Training: 2025-04-17 09:28:51,997-Speed 45.91 samples/sec   Loss 0.1438   LearningRate 0.000983   Epoch: 3   Global Step: 4940   Fp16 Grad Scale: 4194304   Required: 276 hours
Training: 2025-04-17 09:29:20,036-Speed 45.65 samples/sec   Loss 0.1739   LearningRate 0.000983   Epoch: 3   Global Step: 4950   Fp16 Grad Scale: 4194304   Required: 276 hours
Training: 2025-04-17 09:29:48,121-Speed 45.58 samples/sec   Loss 0.1277   LearningRate 0.000983   Epoch: 3   Global Step: 4960   Fp16 Grad Scale: 4194304   Required: 276 hours
Training: 2025-04-17 09:30:18,192-Speed 42.57 samples/sec   Loss 0.1033   LearningRate 0.000983   Epoch: 3   Global Step: 4970   Fp16 Grad Scale: 4194304   Required: 276 hours
Training: 2025-04-17 09:30:46,247-Speed 45.62 samples/sec   Loss 0.0879   LearningRate 0.000983   Epoch: 3   Global Step: 4980   Fp16 Grad Scale: 4194304   Required: 276 hours
Training: 2025-04-17 09:31:14,134-Speed 45.90 samples/sec   Loss 0.2411   LearningRate 0.000983   Epoch: 3   Global Step: 4990   Fp16 Grad Scale: 4194304   Required: 275 hours
Training: 2025-04-17 09:31:42,271-Speed 45.49 samples/sec   Loss 0.0833   LearningRate 0.000982   Epoch: 3   Global Step: 5000   Fp16 Grad Scale: 4194304   Required: 275 hours
Training: 2025-04-17 09:32:10,294-Speed 45.68 samples/sec   Loss 0.1277   LearningRate 0.000982   Epoch: 3   Global Step: 5010   Fp16 Grad Scale: 4194304   Required: 275 hours
Training: 2025-04-17 09:32:38,251-Speed 45.78 samples/sec   Loss 0.1028   LearningRate 0.000982   Epoch: 3   Global Step: 5020   Fp16 Grad Scale: 4194304   Required: 275 hours
Training: 2025-04-17 09:33:06,130-Speed 45.91 samples/sec   Loss 0.1269   LearningRate 0.000982   Epoch: 3   Global Step: 5030   Fp16 Grad Scale: 4194304   Required: 275 hours
Training: 2025-04-17 09:33:33,966-Speed 45.99 samples/sec   Loss 0.0700   LearningRate 0.000982   Epoch: 3   Global Step: 5040   Fp16 Grad Scale: 2097152   Required: 275 hours
Training: 2025-04-17 09:34:02,123-Speed 45.46 samples/sec   Loss 0.1128   LearningRate 0.000982   Epoch: 3   Global Step: 5050   Fp16 Grad Scale: 2097152   Required: 275 hours
Training: 2025-04-17 09:34:30,211-Speed 45.57 samples/sec   Loss 0.1248   LearningRate 0.000982   Epoch: 3   Global Step: 5060   Fp16 Grad Scale: 2097152   Required: 275 hours
Training: 2025-04-17 09:34:59,520-Speed 43.67 samples/sec   Loss 0.0693   LearningRate 0.000982   Epoch: 3   Global Step: 5070   Fp16 Grad Scale: 2097152   Required: 274 hours
Training: 2025-04-17 09:35:29,234-Speed 43.08 samples/sec   Loss 0.1349   LearningRate 0.000982   Epoch: 3   Global Step: 5080   Fp16 Grad Scale: 2097152   Required: 274 hours
Training: 2025-04-17 09:35:57,129-Speed 45.89 samples/sec   Loss 0.1307   LearningRate 0.000982   Epoch: 3   Global Step: 5090   Fp16 Grad Scale: 2097152   Required: 274 hours
Training: 2025-04-17 09:36:25,128-Speed 45.72 samples/sec   Loss 0.2069   LearningRate 0.000982   Epoch: 3   Global Step: 5100   Fp16 Grad Scale: 2097152   Required: 274 hours
Training: 2025-04-17 09:36:53,125-Speed 45.72 samples/sec   Loss 0.1279   LearningRate 0.000982   Epoch: 3   Global Step: 5110   Fp16 Grad Scale: 2097152   Required: 274 hours
Training: 2025-04-17 09:37:21,048-Speed 45.84 samples/sec   Loss 0.1359   LearningRate 0.000982   Epoch: 3   Global Step: 5120   Fp16 Grad Scale: 2097152   Required: 274 hours
Training: 2025-04-17 09:37:48,995-Speed 45.80 samples/sec   Loss 0.1431   LearningRate 0.000982   Epoch: 3   Global Step: 5130   Fp16 Grad Scale: 2097152   Required: 274 hours
Training: 2025-04-17 09:38:16,935-Speed 45.81 samples/sec   Loss 0.1158   LearningRate 0.000982   Epoch: 3   Global Step: 5140   Fp16 Grad Scale: 4194304   Required: 274 hours
Training: 2025-04-17 09:38:44,996-Speed 45.62 samples/sec   Loss 0.0748   LearningRate 0.000982   Epoch: 3   Global Step: 5150   Fp16 Grad Scale: 4194304   Required: 274 hours
Training: 2025-04-17 09:39:12,963-Speed 45.77 samples/sec   Loss 0.0727   LearningRate 0.000982   Epoch: 3   Global Step: 5160   Fp16 Grad Scale: 4194304   Required: 273 hours
Training: 2025-04-17 09:39:41,032-Speed 45.60 samples/sec   Loss 0.0797   LearningRate 0.000982   Epoch: 3   Global Step: 5170   Fp16 Grad Scale: 4194304   Required: 273 hours
Training: 2025-04-17 09:40:09,020-Speed 45.73 samples/sec   Loss 0.1380   LearningRate 0.000982   Epoch: 3   Global Step: 5180   Fp16 Grad Scale: 4194304   Required: 273 hours
Training: 2025-04-17 09:40:39,052-Speed 42.62 samples/sec   Loss 0.0915   LearningRate 0.000982   Epoch: 3   Global Step: 5190   Fp16 Grad Scale: 4194304   Required: 273 hours
Training: 2025-04-17 09:41:07,067-Speed 45.69 samples/sec   Loss 0.1140   LearningRate 0.000982   Epoch: 3   Global Step: 5200   Fp16 Grad Scale: 4194304   Required: 273 hours
Training: 2025-04-17 09:41:35,138-Speed 45.60 samples/sec   Loss 0.0987   LearningRate 0.000982   Epoch: 3   Global Step: 5210   Fp16 Grad Scale: 4194304   Required: 273 hours
Training: 2025-04-17 09:42:03,109-Speed 45.76 samples/sec   Loss 0.1208   LearningRate 0.000982   Epoch: 3   Global Step: 5220   Fp16 Grad Scale: 4194304   Required: 273 hours
Training: 2025-04-17 09:42:31,033-Speed 45.84 samples/sec   Loss 0.1231   LearningRate 0.000982   Epoch: 3   Global Step: 5230   Fp16 Grad Scale: 2097152   Required: 273 hours
Training: 2025-04-17 09:42:58,968-Speed 45.82 samples/sec   Loss 0.1046   LearningRate 0.000982   Epoch: 3   Global Step: 5240   Fp16 Grad Scale: 2097152   Required: 272 hours
Training: 2025-04-17 09:43:27,055-Speed 45.57 samples/sec   Loss 0.1373   LearningRate 0.000982   Epoch: 3   Global Step: 5250   Fp16 Grad Scale: 2097152   Required: 272 hours
Training: 2025-04-17 09:43:55,178-Speed 45.51 samples/sec   Loss 0.1354   LearningRate 0.000982   Epoch: 3   Global Step: 5260   Fp16 Grad Scale: 2097152   Required: 272 hours
Training: 2025-04-17 09:44:23,091-Speed 45.86 samples/sec   Loss 0.1553   LearningRate 0.000982   Epoch: 3   Global Step: 5270   Fp16 Grad Scale: 2097152   Required: 272 hours
Training: 2025-04-17 09:44:51,064-Speed 45.76 samples/sec   Loss 0.1044   LearningRate 0.000981   Epoch: 3   Global Step: 5280   Fp16 Grad Scale: 2097152   Required: 272 hours
Training: 2025-04-17 09:45:19,173-Speed 45.54 samples/sec   Loss 0.0860   LearningRate 0.000981   Epoch: 3   Global Step: 5290   Fp16 Grad Scale: 2097152   Required: 272 hours
Training: 2025-04-17 09:45:49,301-Speed 42.49 samples/sec   Loss 0.1244   LearningRate 0.000981   Epoch: 3   Global Step: 5300   Fp16 Grad Scale: 1048576   Required: 272 hours
Training: 2025-04-17 09:46:17,308-Speed 45.70 samples/sec   Loss 0.1025   LearningRate 0.000981   Epoch: 3   Global Step: 5310   Fp16 Grad Scale: 1048576   Required: 272 hours
Training: 2025-04-17 09:46:45,351-Speed 45.65 samples/sec   Loss 0.1787   LearningRate 0.000981   Epoch: 3   Global Step: 5320   Fp16 Grad Scale: 1048576   Required: 272 hours
Training: 2025-04-17 09:47:13,383-Speed 45.66 samples/sec   Loss 0.1365   LearningRate 0.000981   Epoch: 3   Global Step: 5330   Fp16 Grad Scale: 1048576   Required: 272 hours
Training: 2025-04-17 09:47:41,846-Speed 44.97 samples/sec   Loss 0.0949   LearningRate 0.000981   Epoch: 3   Global Step: 5340   Fp16 Grad Scale: 1048576   Required: 271 hours
Training: 2025-04-17 09:48:10,058-Speed 45.37 samples/sec   Loss 0.1638   LearningRate 0.000981   Epoch: 3   Global Step: 5350   Fp16 Grad Scale: 1048576   Required: 271 hours
Training: 2025-04-17 09:48:38,182-Speed 45.51 samples/sec   Loss 0.1915   LearningRate 0.000981   Epoch: 3   Global Step: 5360   Fp16 Grad Scale: 1048576   Required: 271 hours
Training: 2025-04-17 09:49:06,447-Speed 45.29 samples/sec   Loss 0.1658   LearningRate 0.000981   Epoch: 3   Global Step: 5370   Fp16 Grad Scale: 1048576   Required: 271 hours
Training: 2025-04-17 09:49:34,470-Speed 45.68 samples/sec   Loss 0.1201   LearningRate 0.000981   Epoch: 3   Global Step: 5380   Fp16 Grad Scale: 1048576   Required: 271 hours
Training: 2025-04-17 09:50:02,483-Speed 45.69 samples/sec   Loss 0.0997   LearningRate 0.000981   Epoch: 3   Global Step: 5390   Fp16 Grad Scale: 1048576   Required: 271 hours
Training: 2025-04-17 09:50:32,582-Speed 42.53 samples/sec   Loss 0.1080   LearningRate 0.000981   Epoch: 3   Global Step: 5400   Fp16 Grad Scale: 2097152   Required: 271 hours
Training: 2025-04-17 09:51:00,723-Speed 45.49 samples/sec   Loss 0.1810   LearningRate 0.000981   Epoch: 3   Global Step: 5410   Fp16 Grad Scale: 2097152   Required: 271 hours
Training: 2025-04-17 09:51:28,810-Speed 45.57 samples/sec   Loss 0.0888   LearningRate 0.000981   Epoch: 3   Global Step: 5420   Fp16 Grad Scale: 2097152   Required: 271 hours
Training: 2025-04-17 09:51:56,824-Speed 45.69 samples/sec   Loss 0.2558   LearningRate 0.000981   Epoch: 3   Global Step: 5430   Fp16 Grad Scale: 2097152   Required: 270 hours
Training: 2025-04-17 09:52:24,906-Speed 45.58 samples/sec   Loss 0.0786   LearningRate 0.000981   Epoch: 3   Global Step: 5440   Fp16 Grad Scale: 2097152   Required: 270 hours
Training: 2025-04-17 09:52:52,983-Speed 45.59 samples/sec   Loss 0.0879   LearningRate 0.000981   Epoch: 3   Global Step: 5450   Fp16 Grad Scale: 2097152   Required: 270 hours
Training: 2025-04-17 09:53:21,096-Speed 45.53 samples/sec   Loss 0.1364   LearningRate 0.000981   Epoch: 3   Global Step: 5460   Fp16 Grad Scale: 2097152   Required: 270 hours
Training: 2025-04-17 09:53:48,904-Speed 46.03 samples/sec   Loss 0.1118   LearningRate 0.000981   Epoch: 3   Global Step: 5470   Fp16 Grad Scale: 2097152   Required: 270 hours
Training: 2025-04-17 09:54:17,006-Speed 45.55 samples/sec   Loss 0.1078   LearningRate 0.000981   Epoch: 3   Global Step: 5480   Fp16 Grad Scale: 2097152   Required: 270 hours
Training: 2025-04-17 09:54:45,121-Speed 45.53 samples/sec   Loss 0.2049   LearningRate 0.000981   Epoch: 3   Global Step: 5490   Fp16 Grad Scale: 2097152   Required: 270 hours
Training: 2025-04-17 09:55:13,263-Speed 45.48 samples/sec   Loss 0.2083   LearningRate 0.000981   Epoch: 3   Global Step: 5500   Fp16 Grad Scale: 4194304   Required: 270 hours
Training: 2025-04-17 09:55:43,382-Speed 42.50 samples/sec   Loss 0.1510   LearningRate 0.000981   Epoch: 3   Global Step: 5510   Fp16 Grad Scale: 4194304   Required: 270 hours
Training: 2025-04-17 09:56:11,426-Speed 45.64 samples/sec   Loss 0.1161   LearningRate 0.000981   Epoch: 3   Global Step: 5520   Fp16 Grad Scale: 4194304   Required: 270 hours
Training: 2025-04-17 09:56:40,203-Speed 44.48 samples/sec   Loss 0.1251   LearningRate 0.000981   Epoch: 3   Global Step: 5530   Fp16 Grad Scale: 4194304   Required: 269 hours
Training: 2025-04-17 09:57:09,313-Speed 43.97 samples/sec   Loss 0.2018   LearningRate 0.000981   Epoch: 3   Global Step: 5540   Fp16 Grad Scale: 4194304   Required: 269 hours
Training: 2025-04-17 09:57:37,970-Speed 44.67 samples/sec   Loss 0.1293   LearningRate 0.000981   Epoch: 3   Global Step: 5550   Fp16 Grad Scale: 4194304   Required: 269 hours
Training: 2025-04-17 09:58:06,119-Speed 45.47 samples/sec   Loss 0.1971   LearningRate 0.000981   Epoch: 3   Global Step: 5560   Fp16 Grad Scale: 4194304   Required: 269 hours
Training: 2025-04-17 09:58:34,287-Speed 45.44 samples/sec   Loss 0.1457   LearningRate 0.000980   Epoch: 3   Global Step: 5570   Fp16 Grad Scale: 4194304   Required: 269 hours
Training: 2025-04-17 09:59:02,296-Speed 45.70 samples/sec   Loss 0.1322   LearningRate 0.000980   Epoch: 3   Global Step: 5580   Fp16 Grad Scale: 4194304   Required: 269 hours
Training: 2025-04-17 09:59:30,384-Speed 45.57 samples/sec   Loss 0.1965   LearningRate 0.000980   Epoch: 3   Global Step: 5590   Fp16 Grad Scale: 4194304   Required: 269 hours
Training: 2025-04-17 09:59:58,654-Speed 45.28 samples/sec   Loss 0.1575   LearningRate 0.000980   Epoch: 3   Global Step: 5600   Fp16 Grad Scale: 8388608   Required: 269 hours
Training: 2025-04-17 10:00:26,718-Speed 45.61 samples/sec   Loss 0.1705   LearningRate 0.000980   Epoch: 3   Global Step: 5610   Fp16 Grad Scale: 4194304   Required: 269 hours
Training: 2025-04-17 10:00:56,786-Speed 42.57 samples/sec   Loss 0.1225   LearningRate 0.000980   Epoch: 3   Global Step: 5620   Fp16 Grad Scale: 4194304   Required: 269 hours
Training: 2025-04-17 10:01:24,835-Speed 45.64 samples/sec   Loss 0.2155   LearningRate 0.000980   Epoch: 3   Global Step: 5630   Fp16 Grad Scale: 2097152   Required: 269 hours
Training: 2025-04-17 10:01:52,972-Speed 45.49 samples/sec   Loss 0.1218   LearningRate 0.000980   Epoch: 3   Global Step: 5640   Fp16 Grad Scale: 2097152   Required: 268 hours
Training: 2025-04-17 10:02:21,143-Speed 45.44 samples/sec   Loss 0.1665   LearningRate 0.000980   Epoch: 3   Global Step: 5650   Fp16 Grad Scale: 2097152   Required: 268 hours
Training: 2025-04-17 10:02:49,176-Speed 45.66 samples/sec   Loss 0.2438   LearningRate 0.000980   Epoch: 3   Global Step: 5660   Fp16 Grad Scale: 2097152   Required: 268 hours
Training: 2025-04-17 10:03:17,319-Speed 45.48 samples/sec   Loss 0.1352   LearningRate 0.000980   Epoch: 3   Global Step: 5670   Fp16 Grad Scale: 2097152   Required: 268 hours
Training: 2025-04-17 10:03:45,352-Speed 45.66 samples/sec   Loss 0.1989   LearningRate 0.000980   Epoch: 3   Global Step: 5680   Fp16 Grad Scale: 1048576   Required: 268 hours
Training: 2025-04-17 10:04:13,464-Speed 45.53 samples/sec   Loss 0.1180   LearningRate 0.000980   Epoch: 3   Global Step: 5690   Fp16 Grad Scale: 1048576   Required: 268 hours
Training: 2025-04-17 10:04:41,625-Speed 45.45 samples/sec   Loss 0.2592   LearningRate 0.000980   Epoch: 3   Global Step: 5700   Fp16 Grad Scale: 1048576   Required: 268 hours
Training: 2025-04-17 10:05:24,921-Speed 29.56 samples/sec   Loss 0.1030   LearningRate 0.000980   Epoch: 4   Global Step: 5710   Fp16 Grad Scale: 1048576   Required: 268 hours
Training: 2025-04-17 10:05:54,654-Speed 43.05 samples/sec   Loss 0.1879   LearningRate 0.000980   Epoch: 4   Global Step: 5720   Fp16 Grad Scale: 1048576   Required: 268 hours
Training: 2025-04-17 10:06:22,176-Speed 46.51 samples/sec   Loss 0.0449   LearningRate 0.000980   Epoch: 4   Global Step: 5730   Fp16 Grad Scale: 1048576   Required: 268 hours
Training: 2025-04-17 10:06:49,743-Speed 46.43 samples/sec   Loss 0.0620   LearningRate 0.000980   Epoch: 4   Global Step: 5740   Fp16 Grad Scale: 1048576   Required: 268 hours
Training: 2025-04-17 10:07:17,144-Speed 46.71 samples/sec   Loss 0.0760   LearningRate 0.000980   Epoch: 4   Global Step: 5750   Fp16 Grad Scale: 1048576   Required: 268 hours
Training: 2025-04-17 10:07:44,622-Speed 46.58 samples/sec   Loss 0.0590   LearningRate 0.000980   Epoch: 4   Global Step: 5760   Fp16 Grad Scale: 1048576   Required: 267 hours
Training: 2025-04-17 10:08:12,033-Speed 46.70 samples/sec   Loss 0.0820   LearningRate 0.000980   Epoch: 4   Global Step: 5770   Fp16 Grad Scale: 1048576   Required: 267 hours
Training: 2025-04-17 10:08:39,542-Speed 46.53 samples/sec   Loss 0.0671   LearningRate 0.000980   Epoch: 4   Global Step: 5780   Fp16 Grad Scale: 2097152   Required: 267 hours
Training: 2025-04-17 10:09:07,137-Speed 46.39 samples/sec   Loss 0.0386   LearningRate 0.000980   Epoch: 4   Global Step: 5790   Fp16 Grad Scale: 2097152   Required: 267 hours
Training: 2025-04-17 10:09:34,665-Speed 46.50 samples/sec   Loss 0.0508   LearningRate 0.000980   Epoch: 4   Global Step: 5800   Fp16 Grad Scale: 2097152   Required: 267 hours
Training: 2025-04-17 10:10:02,050-Speed 46.74 samples/sec   Loss 0.0436   LearningRate 0.000980   Epoch: 4   Global Step: 5810   Fp16 Grad Scale: 2097152   Required: 267 hours
Training: 2025-04-17 10:10:29,540-Speed 46.56 samples/sec   Loss 0.0414   LearningRate 0.000980   Epoch: 4   Global Step: 5820   Fp16 Grad Scale: 2097152   Required: 267 hours
Training: 2025-04-17 10:10:58,921-Speed 43.57 samples/sec   Loss 0.0743   LearningRate 0.000980   Epoch: 4   Global Step: 5830   Fp16 Grad Scale: 2097152   Required: 267 hours
Training: 2025-04-17 10:11:26,501-Speed 46.41 samples/sec   Loss 0.0625   LearningRate 0.000980   Epoch: 4   Global Step: 5840   Fp16 Grad Scale: 2097152   Required: 267 hours
Training: 2025-04-17 10:11:53,991-Speed 46.56 samples/sec   Loss 0.0646   LearningRate 0.000979   Epoch: 4   Global Step: 5850   Fp16 Grad Scale: 2097152   Required: 267 hours
Training: 2025-04-17 10:12:21,421-Speed 46.66 samples/sec   Loss 0.0552   LearningRate 0.000979   Epoch: 4   Global Step: 5860   Fp16 Grad Scale: 2097152   Required: 266 hours
Training: 2025-04-17 10:12:48,919-Speed 46.55 samples/sec   Loss 0.0417   LearningRate 0.000979   Epoch: 4   Global Step: 5870   Fp16 Grad Scale: 2097152   Required: 266 hours
Training: 2025-04-17 10:13:16,432-Speed 46.52 samples/sec   Loss 0.0418   LearningRate 0.000979   Epoch: 4   Global Step: 5880   Fp16 Grad Scale: 4194304   Required: 266 hours
Training: 2025-04-17 10:13:43,933-Speed 46.54 samples/sec   Loss 0.0461   LearningRate 0.000979   Epoch: 4   Global Step: 5890   Fp16 Grad Scale: 4194304   Required: 266 hours
Training: 2025-04-17 10:14:11,386-Speed 46.63 samples/sec   Loss 0.0535   LearningRate 0.000979   Epoch: 4   Global Step: 5900   Fp16 Grad Scale: 4194304   Required: 266 hours
Training: 2025-04-17 10:14:38,880-Speed 46.56 samples/sec   Loss 0.0694   LearningRate 0.000979   Epoch: 4   Global Step: 5910   Fp16 Grad Scale: 4194304   Required: 266 hours
Training: 2025-04-17 10:15:07,122-Speed 45.32 samples/sec   Loss 0.0749   LearningRate 0.000979   Epoch: 4   Global Step: 5920   Fp16 Grad Scale: 4194304   Required: 266 hours
Training: 2025-04-17 10:15:34,713-Speed 46.39 samples/sec   Loss 0.0598   LearningRate 0.000979   Epoch: 4   Global Step: 5930   Fp16 Grad Scale: 4194304   Required: 266 hours
Training: 2025-04-17 10:16:04,376-Speed 43.15 samples/sec   Loss 0.0604   LearningRate 0.000979   Epoch: 4   Global Step: 5940   Fp16 Grad Scale: 4194304   Required: 266 hours
Training: 2025-04-17 10:16:31,847-Speed 46.60 samples/sec   Loss 0.0397   LearningRate 0.000979   Epoch: 4   Global Step: 5950   Fp16 Grad Scale: 4194304   Required: 266 hours
Training: 2025-04-17 10:16:59,268-Speed 46.68 samples/sec   Loss 0.0494   LearningRate 0.000979   Epoch: 4   Global Step: 5960   Fp16 Grad Scale: 2097152   Required: 266 hours
Training: 2025-04-17 10:17:26,786-Speed 46.52 samples/sec   Loss 0.0271   LearningRate 0.000979   Epoch: 4   Global Step: 5970   Fp16 Grad Scale: 2097152   Required: 265 hours
Training: 2025-04-17 10:17:54,360-Speed 46.42 samples/sec   Loss 0.0991   LearningRate 0.000979   Epoch: 4   Global Step: 5980   Fp16 Grad Scale: 2097152   Required: 265 hours
Training: 2025-04-17 10:18:22,036-Speed 46.25 samples/sec   Loss 0.0394   LearningRate 0.000979   Epoch: 4   Global Step: 5990   Fp16 Grad Scale: 2097152   Required: 265 hours
Training: 2025-04-17 10:18:49,477-Speed 46.65 samples/sec   Loss 0.1381   LearningRate 0.000979   Epoch: 4   Global Step: 6000   Fp16 Grad Scale: 524288   Required: 265 hours
Training: 2025-04-17 10:20:08,910-[val][Global step: 6000] d prime: 6.410705089569092
Model saved with d prime score: 6.410705089569092
Training: 2025-04-17 10:20:42,308-Speed 11.34 samples/sec   Loss 0.0666   LearningRate 0.000979   Epoch: 4   Global Step: 6010   Fp16 Grad Scale: 524288   Required: 266 hours
Training: 2025-04-17 10:21:11,682-Speed 43.58 samples/sec   Loss 0.1092   LearningRate 0.000979   Epoch: 4   Global Step: 6020   Fp16 Grad Scale: 524288   Required: 266 hours
Training: 2025-04-17 10:21:39,163-Speed 46.58 samples/sec   Loss 0.0756   LearningRate 0.000979   Epoch: 4   Global Step: 6030   Fp16 Grad Scale: 524288   Required: 266 hours
Training: 2025-04-17 10:22:06,749-Speed 46.40 samples/sec   Loss 0.0502   LearningRate 0.000979   Epoch: 4   Global Step: 6040   Fp16 Grad Scale: 524288   Required: 266 hours
Training: 2025-04-17 10:22:34,261-Speed 46.53 samples/sec   Loss 0.0574   LearningRate 0.000979   Epoch: 4   Global Step: 6050   Fp16 Grad Scale: 524288   Required: 266 hours
Training: 2025-04-17 10:23:01,796-Speed 46.49 samples/sec   Loss 0.0586   LearningRate 0.000979   Epoch: 4   Global Step: 6060   Fp16 Grad Scale: 524288   Required: 266 hours
Training: 2025-04-17 10:23:29,419-Speed 46.34 samples/sec   Loss 0.0745   LearningRate 0.000979   Epoch: 4   Global Step: 6070   Fp16 Grad Scale: 524288   Required: 266 hours
Training: 2025-04-17 10:23:57,006-Speed 46.40 samples/sec   Loss 0.0453   LearningRate 0.000979   Epoch: 4   Global Step: 6080   Fp16 Grad Scale: 524288   Required: 265 hours
Training: 2025-04-17 10:24:24,551-Speed 46.47 samples/sec   Loss 0.0440   LearningRate 0.000979   Epoch: 4   Global Step: 6090   Fp16 Grad Scale: 524288   Required: 265 hours
Training: 2025-04-17 10:24:52,130-Speed 46.41 samples/sec   Loss 0.0692   LearningRate 0.000979   Epoch: 4   Global Step: 6100   Fp16 Grad Scale: 1048576   Required: 265 hours
Training: 2025-04-17 10:25:19,844-Speed 46.19 samples/sec   Loss 0.0598   LearningRate 0.000979   Epoch: 4   Global Step: 6110   Fp16 Grad Scale: 1048576   Required: 265 hours
Training: 2025-04-17 10:25:47,530-Speed 46.23 samples/sec   Loss 0.0278   LearningRate 0.000979   Epoch: 4   Global Step: 6120   Fp16 Grad Scale: 1048576   Required: 265 hours
Training: 2025-04-17 10:26:17,410-Speed 42.84 samples/sec   Loss 0.0362   LearningRate 0.000979   Epoch: 4   Global Step: 6130   Fp16 Grad Scale: 1048576   Required: 265 hours
Training: 2025-04-17 10:26:46,101-Speed 44.61 samples/sec   Loss 0.0817   LearningRate 0.000978   Epoch: 4   Global Step: 6140   Fp16 Grad Scale: 1048576   Required: 265 hours
Training: 2025-04-17 10:27:14,234-Speed 45.50 samples/sec   Loss 0.0431   LearningRate 0.000978   Epoch: 4   Global Step: 6150   Fp16 Grad Scale: 1048576   Required: 265 hours
Training: 2025-04-17 10:27:41,968-Speed 46.16 samples/sec   Loss 0.0620   LearningRate 0.000978   Epoch: 4   Global Step: 6160   Fp16 Grad Scale: 1048576   Required: 265 hours
Training: 2025-04-17 10:28:09,574-Speed 46.37 samples/sec   Loss 0.0600   LearningRate 0.000978   Epoch: 4   Global Step: 6170   Fp16 Grad Scale: 1048576   Required: 265 hours
Training: 2025-04-17 10:28:37,154-Speed 46.41 samples/sec   Loss 0.0538   LearningRate 0.000978   Epoch: 4   Global Step: 6180   Fp16 Grad Scale: 1048576   Required: 265 hours
Training: 2025-04-17 10:29:04,727-Speed 46.42 samples/sec   Loss 0.0315   LearningRate 0.000978   Epoch: 4   Global Step: 6190   Fp16 Grad Scale: 1048576   Required: 265 hours
Training: 2025-04-17 10:29:32,386-Speed 46.28 samples/sec   Loss 0.0437   LearningRate 0.000978   Epoch: 4   Global Step: 6200   Fp16 Grad Scale: 2097152   Required: 264 hours
Training: 2025-04-17 10:29:59,965-Speed 46.41 samples/sec   Loss 0.0368   LearningRate 0.000978   Epoch: 4   Global Step: 6210   Fp16 Grad Scale: 2097152   Required: 264 hours
Training: 2025-04-17 10:30:27,535-Speed 46.43 samples/sec   Loss 0.0436   LearningRate 0.000978   Epoch: 4   Global Step: 6220   Fp16 Grad Scale: 2097152   Required: 264 hours
Training: 2025-04-17 10:30:57,064-Speed 43.35 samples/sec   Loss 0.0431   LearningRate 0.000978   Epoch: 4   Global Step: 6230   Fp16 Grad Scale: 2097152   Required: 264 hours
Training: 2025-04-17 10:31:24,667-Speed 46.37 samples/sec   Loss 0.0333   LearningRate 0.000978   Epoch: 4   Global Step: 6240   Fp16 Grad Scale: 2097152   Required: 264 hours
Training: 2025-04-17 10:31:52,427-Speed 46.11 samples/sec   Loss 0.0611   LearningRate 0.000978   Epoch: 4   Global Step: 6250   Fp16 Grad Scale: 2097152   Required: 264 hours
Training: 2025-04-17 10:32:20,056-Speed 46.33 samples/sec   Loss 0.0431   LearningRate 0.000978   Epoch: 4   Global Step: 6260   Fp16 Grad Scale: 2097152   Required: 264 hours
Training: 2025-04-17 10:32:47,648-Speed 46.39 samples/sec   Loss 0.0968   LearningRate 0.000978   Epoch: 4   Global Step: 6270   Fp16 Grad Scale: 2097152   Required: 264 hours
Training: 2025-04-17 10:33:15,235-Speed 46.40 samples/sec   Loss 0.0612   LearningRate 0.000978   Epoch: 4   Global Step: 6280   Fp16 Grad Scale: 2097152   Required: 264 hours
Training: 2025-04-17 10:33:42,764-Speed 46.50 samples/sec   Loss 0.0933   LearningRate 0.000978   Epoch: 4   Global Step: 6290   Fp16 Grad Scale: 2097152   Required: 264 hours
Training: 2025-04-17 10:34:10,426-Speed 46.27 samples/sec   Loss 0.0469   LearningRate 0.000978   Epoch: 4   Global Step: 6300   Fp16 Grad Scale: 4194304   Required: 264 hours
Training: 2025-04-17 10:34:38,149-Speed 46.17 samples/sec   Loss 0.0602   LearningRate 0.000978   Epoch: 4   Global Step: 6310   Fp16 Grad Scale: 4194304   Required: 263 hours
Training: 2025-04-17 10:35:05,770-Speed 46.34 samples/sec   Loss 0.0429   LearningRate 0.000978   Epoch: 4   Global Step: 6320   Fp16 Grad Scale: 4194304   Required: 263 hours
Training: 2025-04-17 10:35:33,443-Speed 46.26 samples/sec   Loss 0.1143   LearningRate 0.000978   Epoch: 4   Global Step: 6330   Fp16 Grad Scale: 4194304   Required: 263 hours
Training: 2025-04-17 10:36:03,235-Speed 42.97 samples/sec   Loss 0.0516   LearningRate 0.000978   Epoch: 4   Global Step: 6340   Fp16 Grad Scale: 4194304   Required: 263 hours
Training: 2025-04-17 10:36:30,850-Speed 46.35 samples/sec   Loss 0.0634   LearningRate 0.000978   Epoch: 4   Global Step: 6350   Fp16 Grad Scale: 4194304   Required: 263 hours
Training: 2025-04-17 10:36:58,586-Speed 46.15 samples/sec   Loss 0.0292   LearningRate 0.000978   Epoch: 4   Global Step: 6360   Fp16 Grad Scale: 4194304   Required: 263 hours
Training: 2025-04-17 10:37:26,250-Speed 46.27 samples/sec   Loss 0.0516   LearningRate 0.000978   Epoch: 4   Global Step: 6370   Fp16 Grad Scale: 4194304   Required: 263 hours
Training: 2025-04-17 10:37:53,891-Speed 46.31 samples/sec   Loss 0.0362   LearningRate 0.000978   Epoch: 4   Global Step: 6380   Fp16 Grad Scale: 4194304   Required: 263 hours
Training: 2025-04-17 10:38:21,491-Speed 46.38 samples/sec   Loss 0.0692   LearningRate 0.000978   Epoch: 4   Global Step: 6390   Fp16 Grad Scale: 4194304   Required: 263 hours
Training: 2025-04-17 10:38:49,155-Speed 46.27 samples/sec   Loss 0.0426   LearningRate 0.000978   Epoch: 4   Global Step: 6400   Fp16 Grad Scale: 8388608   Required: 263 hours
Training: 2025-04-17 10:39:16,785-Speed 46.33 samples/sec   Loss 0.0603   LearningRate 0.000978   Epoch: 4   Global Step: 6410   Fp16 Grad Scale: 4194304   Required: 263 hours
Training: 2025-04-17 10:39:44,340-Speed 46.45 samples/sec   Loss 0.1042   LearningRate 0.000977   Epoch: 4   Global Step: 6420   Fp16 Grad Scale: 4194304   Required: 263 hours
Training: 2025-04-17 10:40:11,985-Speed 46.30 samples/sec   Loss 0.0683   LearningRate 0.000977   Epoch: 4   Global Step: 6430   Fp16 Grad Scale: 4194304   Required: 262 hours
Training: 2025-04-17 10:40:39,604-Speed 46.35 samples/sec   Loss 0.0738   LearningRate 0.000977   Epoch: 4   Global Step: 6440   Fp16 Grad Scale: 4194304   Required: 262 hours
Training: 2025-04-17 10:41:09,423-Speed 42.93 samples/sec   Loss 0.0432   LearningRate 0.000977   Epoch: 4   Global Step: 6450   Fp16 Grad Scale: 4194304   Required: 262 hours
Training: 2025-04-17 10:41:37,067-Speed 46.30 samples/sec   Loss 0.0691   LearningRate 0.000977   Epoch: 4   Global Step: 6460   Fp16 Grad Scale: 4194304   Required: 262 hours
Training: 2025-04-17 10:42:04,722-Speed 46.29 samples/sec   Loss 0.1012   LearningRate 0.000977   Epoch: 4   Global Step: 6470   Fp16 Grad Scale: 4194304   Required: 262 hours
Training: 2025-04-17 10:42:32,303-Speed 46.41 samples/sec   Loss 0.0625   LearningRate 0.000977   Epoch: 4   Global Step: 6480   Fp16 Grad Scale: 4194304   Required: 262 hours
Training: 2025-04-17 10:42:59,940-Speed 46.32 samples/sec   Loss 0.0691   LearningRate 0.000977   Epoch: 4   Global Step: 6490   Fp16 Grad Scale: 4194304   Required: 262 hours
Training: 2025-04-17 10:43:27,575-Speed 46.32 samples/sec   Loss 0.1466   LearningRate 0.000977   Epoch: 4   Global Step: 6500   Fp16 Grad Scale: 4194304   Required: 262 hours
Training: 2025-04-17 10:43:55,223-Speed 46.30 samples/sec   Loss 0.0515   LearningRate 0.000977   Epoch: 4   Global Step: 6510   Fp16 Grad Scale: 8388608   Required: 262 hours
Training: 2025-04-17 10:44:23,024-Speed 46.04 samples/sec   Loss 0.0711   LearningRate 0.000977   Epoch: 4   Global Step: 6520   Fp16 Grad Scale: 4194304   Required: 262 hours
Training: 2025-04-17 10:44:50,660-Speed 46.32 samples/sec   Loss 0.0608   LearningRate 0.000977   Epoch: 4   Global Step: 6530   Fp16 Grad Scale: 4194304   Required: 262 hours
Training: 2025-04-17 10:45:19,441-Speed 44.47 samples/sec   Loss 0.0402   LearningRate 0.000977   Epoch: 4   Global Step: 6540   Fp16 Grad Scale: 4194304   Required: 262 hours
Training: 2025-04-17 10:45:47,234-Speed 46.06 samples/sec   Loss 0.0738   LearningRate 0.000977   Epoch: 4   Global Step: 6550   Fp16 Grad Scale: 4194304   Required: 261 hours
Training: 2025-04-17 10:46:17,049-Speed 42.93 samples/sec   Loss 0.1129   LearningRate 0.000977   Epoch: 4   Global Step: 6560   Fp16 Grad Scale: 4194304   Required: 261 hours
Training: 2025-04-17 10:46:44,740-Speed 46.23 samples/sec   Loss 0.0754   LearningRate 0.000977   Epoch: 4   Global Step: 6570   Fp16 Grad Scale: 4194304   Required: 261 hours
Training: 2025-04-17 10:47:12,514-Speed 46.09 samples/sec   Loss 0.0459   LearningRate 0.000977   Epoch: 4   Global Step: 6580   Fp16 Grad Scale: 4194304   Required: 261 hours
Training: 2025-04-17 10:47:40,158-Speed 46.31 samples/sec   Loss 0.0284   LearningRate 0.000977   Epoch: 4   Global Step: 6590   Fp16 Grad Scale: 4194304   Required: 261 hours
Training: 2025-04-17 10:48:07,858-Speed 46.21 samples/sec   Loss 0.0708   LearningRate 0.000977   Epoch: 4   Global Step: 6600   Fp16 Grad Scale: 4194304   Required: 261 hours
Training: 2025-04-17 10:48:37,801-Speed 46.27 samples/sec   Loss 0.0875   LearningRate 0.000977   Epoch: 4   Global Step: 6610   Fp16 Grad Scale: 4194304   Required: 261 hours
Training: 2025-04-17 10:49:05,392-Speed 46.39 samples/sec   Loss 0.0653   LearningRate 0.000977   Epoch: 4   Global Step: 6620   Fp16 Grad Scale: 4194304   Required: 261 hours
Training: 2025-04-17 10:49:33,008-Speed 46.35 samples/sec   Loss 0.0935   LearningRate 0.000977   Epoch: 4   Global Step: 6630   Fp16 Grad Scale: 2097152   Required: 261 hours
Training: 2025-04-17 10:50:00,617-Speed 46.36 samples/sec   Loss 0.0643   LearningRate 0.000977   Epoch: 4   Global Step: 6640   Fp16 Grad Scale: 2097152   Required: 261 hours
Training: 2025-04-17 10:50:28,344-Speed 46.17 samples/sec   Loss 0.0830   LearningRate 0.000977   Epoch: 4   Global Step: 6650   Fp16 Grad Scale: 2097152   Required: 261 hours
Training: 2025-04-17 10:50:56,039-Speed 46.22 samples/sec   Loss 0.1441   LearningRate 0.000977   Epoch: 4   Global Step: 6660   Fp16 Grad Scale: 2097152   Required: 261 hours
Training: 2025-04-17 10:51:25,771-Speed 43.05 samples/sec   Loss 0.0794   LearningRate 0.000977   Epoch: 4   Global Step: 6670   Fp16 Grad Scale: 2097152   Required: 261 hours
Training: 2025-04-17 10:51:53,523-Speed 46.13 samples/sec   Loss 0.0431   LearningRate 0.000977   Epoch: 4   Global Step: 6680   Fp16 Grad Scale: 2097152   Required: 261 hours
Training: 2025-04-17 10:52:21,219-Speed 46.22 samples/sec   Loss 0.0591   LearningRate 0.000977   Epoch: 4   Global Step: 6690   Fp16 Grad Scale: 2097152   Required: 260 hours
Training: 2025-04-17 10:52:49,040-Speed 46.01 samples/sec   Loss 0.0873   LearningRate 0.000977   Epoch: 4   Global Step: 6700   Fp16 Grad Scale: 2097152   Required: 260 hours
Training: 2025-04-17 10:53:16,729-Speed 46.23 samples/sec   Loss 0.0589   LearningRate 0.000976   Epoch: 4   Global Step: 6710   Fp16 Grad Scale: 2097152   Required: 260 hours
Training: 2025-04-17 10:53:44,530-Speed 46.04 samples/sec   Loss 0.1122   LearningRate 0.000976   Epoch: 4   Global Step: 6720   Fp16 Grad Scale: 2097152   Required: 260 hours
Training: 2025-04-17 10:54:12,269-Speed 46.15 samples/sec   Loss 0.1218   LearningRate 0.000976   Epoch: 4   Global Step: 6730   Fp16 Grad Scale: 4194304   Required: 260 hours
Training: 2025-04-17 10:54:40,030-Speed 46.11 samples/sec   Loss 0.0781   LearningRate 0.000976   Epoch: 4   Global Step: 6740   Fp16 Grad Scale: 4194304   Required: 260 hours
Training: 2025-04-17 10:55:07,787-Speed 46.12 samples/sec   Loss 0.0455   LearningRate 0.000976   Epoch: 4   Global Step: 6750   Fp16 Grad Scale: 4194304   Required: 260 hours
Training: 2025-04-17 10:55:35,498-Speed 46.19 samples/sec   Loss 0.0899   LearningRate 0.000976   Epoch: 4   Global Step: 6760   Fp16 Grad Scale: 4194304   Required: 260 hours
Training: 2025-04-17 10:56:03,234-Speed 46.15 samples/sec   Loss 0.1223   LearningRate 0.000976   Epoch: 4   Global Step: 6770   Fp16 Grad Scale: 4194304   Required: 260 hours
Training: 2025-04-17 10:56:33,382-Speed 42.46 samples/sec   Loss 0.0619   LearningRate 0.000976   Epoch: 4   Global Step: 6780   Fp16 Grad Scale: 4194304   Required: 260 hours
Training: 2025-04-17 10:57:02,153-Speed 44.49 samples/sec   Loss 0.1482   LearningRate 0.000976   Epoch: 4   Global Step: 6790   Fp16 Grad Scale: 4194304   Required: 260 hours
Training: 2025-04-17 10:57:30,209-Speed 45.62 samples/sec   Loss 0.0946   LearningRate 0.000976   Epoch: 4   Global Step: 6800   Fp16 Grad Scale: 4194304   Required: 260 hours
Training: 2025-04-17 10:57:57,873-Speed 46.27 samples/sec   Loss 0.0739   LearningRate 0.000976   Epoch: 4   Global Step: 6810   Fp16 Grad Scale: 4194304   Required: 260 hours
Training: 2025-04-17 10:58:25,541-Speed 46.26 samples/sec   Loss 0.0678   LearningRate 0.000976   Epoch: 4   Global Step: 6820   Fp16 Grad Scale: 4194304   Required: 259 hours
Training: 2025-04-17 10:58:53,186-Speed 46.30 samples/sec   Loss 0.0557   LearningRate 0.000976   Epoch: 4   Global Step: 6830   Fp16 Grad Scale: 8388608   Required: 259 hours
Training: 2025-04-17 10:59:20,930-Speed 46.14 samples/sec   Loss 0.0685   LearningRate 0.000976   Epoch: 4   Global Step: 6840   Fp16 Grad Scale: 8388608   Required: 259 hours
Training: 2025-04-17 10:59:48,676-Speed 46.13 samples/sec   Loss 0.1035   LearningRate 0.000976   Epoch: 4   Global Step: 6850   Fp16 Grad Scale: 4194304   Required: 259 hours
Training: 2025-04-17 11:00:16,497-Speed 46.01 samples/sec   Loss 0.0470   LearningRate 0.000976   Epoch: 4   Global Step: 6860   Fp16 Grad Scale: 4194304   Required: 259 hours
Training: 2025-04-17 11:00:44,188-Speed 46.23 samples/sec   Loss 0.0574   LearningRate 0.000976   Epoch: 4   Global Step: 6870   Fp16 Grad Scale: 4194304   Required: 259 hours
Training: 2025-04-17 11:01:11,837-Speed 46.30 samples/sec   Loss 0.0884   LearningRate 0.000976   Epoch: 4   Global Step: 6880   Fp16 Grad Scale: 4194304   Required: 259 hours
Training: 2025-04-17 11:01:41,562-Speed 43.06 samples/sec   Loss 0.0546   LearningRate 0.000976   Epoch: 4   Global Step: 6890   Fp16 Grad Scale: 4194304   Required: 259 hours
Training: 2025-04-17 11:02:09,290-Speed 46.16 samples/sec   Loss 0.1310   LearningRate 0.000976   Epoch: 4   Global Step: 6900   Fp16 Grad Scale: 4194304   Required: 259 hours
Training: 2025-04-17 11:02:36,933-Speed 46.31 samples/sec   Loss 0.1323   LearningRate 0.000976   Epoch: 4   Global Step: 6910   Fp16 Grad Scale: 2097152   Required: 259 hours
Training: 2025-04-17 11:03:04,557-Speed 46.34 samples/sec   Loss 0.1178   LearningRate 0.000976   Epoch: 4   Global Step: 6920   Fp16 Grad Scale: 2097152   Required: 259 hours
Training: 2025-04-17 11:03:32,335-Speed 46.08 samples/sec   Loss 0.0975   LearningRate 0.000976   Epoch: 4   Global Step: 6930   Fp16 Grad Scale: 2097152   Required: 259 hours
Training: 2025-04-17 11:04:00,055-Speed 46.18 samples/sec   Loss 0.0663   LearningRate 0.000976   Epoch: 4   Global Step: 6940   Fp16 Grad Scale: 2097152   Required: 259 hours
Training: 2025-04-17 11:04:27,980-Speed 45.84 samples/sec   Loss 0.0832   LearningRate 0.000976   Epoch: 4   Global Step: 6950   Fp16 Grad Scale: 2097152   Required: 259 hours
Training: 2025-04-17 11:04:55,758-Speed 46.08 samples/sec   Loss 0.1181   LearningRate 0.000976   Epoch: 4   Global Step: 6960   Fp16 Grad Scale: 2097152   Required: 258 hours
Training: 2025-04-17 11:05:23,512-Speed 46.12 samples/sec   Loss 0.1458   LearningRate 0.000976   Epoch: 4   Global Step: 6970   Fp16 Grad Scale: 2097152   Required: 258 hours
Training: 2025-04-17 11:05:51,195-Speed 46.24 samples/sec   Loss 0.1079   LearningRate 0.000976   Epoch: 4   Global Step: 6980   Fp16 Grad Scale: 2097152   Required: 258 hours
Training: 2025-04-17 11:06:20,909-Speed 43.08 samples/sec   Loss 0.1366   LearningRate 0.000975   Epoch: 4   Global Step: 6990   Fp16 Grad Scale: 2097152   Required: 258 hours
Training: 2025-04-17 11:06:48,618-Speed 46.20 samples/sec   Loss 0.1047   LearningRate 0.000975   Epoch: 4   Global Step: 7000   Fp16 Grad Scale: 2097152   Required: 258 hours
Training: 2025-04-17 11:07:16,390-Speed 46.09 samples/sec   Loss 0.0921   LearningRate 0.000975   Epoch: 4   Global Step: 7010   Fp16 Grad Scale: 4194304   Required: 258 hours
Training: 2025-04-17 11:07:44,026-Speed 46.32 samples/sec   Loss 0.1765   LearningRate 0.000975   Epoch: 4   Global Step: 7020   Fp16 Grad Scale: 4194304   Required: 258 hours
Training: 2025-04-17 11:08:11,695-Speed 46.26 samples/sec   Loss 0.0768   LearningRate 0.000975   Epoch: 4   Global Step: 7030   Fp16 Grad Scale: 4194304   Required: 258 hours
Training: 2025-04-17 11:08:39,413-Speed 46.18 samples/sec   Loss 0.0739   LearningRate 0.000975   Epoch: 4   Global Step: 7040   Fp16 Grad Scale: 4194304   Required: 258 hours
Training: 2025-04-17 11:09:07,146-Speed 46.16 samples/sec   Loss 0.0948   LearningRate 0.000975   Epoch: 4   Global Step: 7050   Fp16 Grad Scale: 4194304   Required: 258 hours
Training: 2025-04-17 11:09:34,850-Speed 46.20 samples/sec   Loss 0.0908   LearningRate 0.000975   Epoch: 4   Global Step: 7060   Fp16 Grad Scale: 4194304   Required: 258 hours
Training: 2025-04-17 11:10:02,567-Speed 46.18 samples/sec   Loss 0.1067   LearningRate 0.000975   Epoch: 4   Global Step: 7070   Fp16 Grad Scale: 4194304   Required: 258 hours
Training: 2025-04-17 11:10:30,289-Speed 46.17 samples/sec   Loss 0.1213   LearningRate 0.000975   Epoch: 4   Global Step: 7080   Fp16 Grad Scale: 4194304   Required: 258 hours
Training: 2025-04-17 11:10:57,845-Speed 46.45 samples/sec   Loss 0.1669   LearningRate 0.000975   Epoch: 4   Global Step: 7090   Fp16 Grad Scale: 4194304   Required: 258 hours
Training: 2025-04-17 11:11:27,635-Speed 42.97 samples/sec   Loss 0.0841   LearningRate 0.000975   Epoch: 4   Global Step: 7100   Fp16 Grad Scale: 2097152   Required: 258 hours
Training: 2025-04-17 11:11:55,325-Speed 46.23 samples/sec   Loss 0.0451   LearningRate 0.000975   Epoch: 4   Global Step: 7110   Fp16 Grad Scale: 2097152   Required: 257 hours
Training: 2025-04-17 11:12:23,025-Speed 46.21 samples/sec   Loss 0.0890   LearningRate 0.000975   Epoch: 4   Global Step: 7120   Fp16 Grad Scale: 2097152   Required: 257 hours
Training: 2025-04-17 11:12:50,766-Speed 46.14 samples/sec   Loss 0.0845   LearningRate 0.000975   Epoch: 4   Global Step: 7130   Fp16 Grad Scale: 2097152   Required: 257 hours
Training: 2025-04-17 11:13:39,395-Speed 26.32 samples/sec   Loss 0.0702   LearningRate 0.000975   Epoch: 5   Global Step: 7140   Fp16 Grad Scale: 2097152   Required: 257 hours
Training: 2025-04-17 11:14:06,873-Speed 46.58 samples/sec   Loss 0.1010   LearningRate 0.000975   Epoch: 5   Global Step: 7150   Fp16 Grad Scale: 2097152   Required: 257 hours
Training: 2025-04-17 11:14:34,254-Speed 46.75 samples/sec   Loss 0.0426   LearningRate 0.000975   Epoch: 5   Global Step: 7160   Fp16 Grad Scale: 2097152   Required: 257 hours
Training: 2025-04-17 11:15:01,605-Speed 46.80 samples/sec   Loss 0.0396   LearningRate 0.000975   Epoch: 5   Global Step: 7170   Fp16 Grad Scale: 2097152   Required: 257 hours
Training: 2025-04-17 11:15:30,599-Speed 44.15 samples/sec   Loss 0.0208   LearningRate 0.000975   Epoch: 5   Global Step: 7180   Fp16 Grad Scale: 2097152   Required: 257 hours
Training: 2025-04-17 11:15:58,082-Speed 46.57 samples/sec   Loss 0.0229   LearningRate 0.000975   Epoch: 5   Global Step: 7190   Fp16 Grad Scale: 2097152   Required: 257 hours
Training: 2025-04-17 11:16:27,481-Speed 43.54 samples/sec   Loss 0.0274   LearningRate 0.000975   Epoch: 5   Global Step: 7200   Fp16 Grad Scale: 4194304   Required: 257 hours
Training: 2025-04-17 11:16:54,896-Speed 46.69 samples/sec   Loss 0.0304   LearningRate 0.000975   Epoch: 5   Global Step: 7210   Fp16 Grad Scale: 4194304   Required: 257 hours
Training: 2025-04-17 11:17:22,361-Speed 46.61 samples/sec   Loss 0.0248   LearningRate 0.000975   Epoch: 5   Global Step: 7220   Fp16 Grad Scale: 4194304   Required: 257 hours
Training: 2025-04-17 11:17:49,787-Speed 46.67 samples/sec   Loss 0.0202   LearningRate 0.000975   Epoch: 5   Global Step: 7230   Fp16 Grad Scale: 4194304   Required: 257 hours
Training: 2025-04-17 11:18:17,221-Speed 46.66 samples/sec   Loss 0.0246   LearningRate 0.000975   Epoch: 5   Global Step: 7240   Fp16 Grad Scale: 4194304   Required: 257 hours
Training: 2025-04-17 11:18:44,625-Speed 46.71 samples/sec   Loss 0.0415   LearningRate 0.000975   Epoch: 5   Global Step: 7250   Fp16 Grad Scale: 4194304   Required: 257 hours
Training: 2025-04-17 11:19:12,084-Speed 46.62 samples/sec   Loss 0.0280   LearningRate 0.000975   Epoch: 5   Global Step: 7260   Fp16 Grad Scale: 4194304   Required: 257 hours
Training: 2025-04-17 11:19:39,537-Speed 46.63 samples/sec   Loss 0.0160   LearningRate 0.000975   Epoch: 5   Global Step: 7270   Fp16 Grad Scale: 4194304   Required: 257 hours
Training: 2025-04-17 11:20:06,947-Speed 46.70 samples/sec   Loss 0.0182   LearningRate 0.000974   Epoch: 5   Global Step: 7280   Fp16 Grad Scale: 4194304   Required: 257 hours
Training: 2025-04-17 11:20:34,442-Speed 46.56 samples/sec   Loss 0.0286   LearningRate 0.000974   Epoch: 5   Global Step: 7290   Fp16 Grad Scale: 4194304   Required: 256 hours
Training: 2025-04-17 11:21:01,873-Speed 46.66 samples/sec   Loss 0.0367   LearningRate 0.000974   Epoch: 5   Global Step: 7300   Fp16 Grad Scale: 8388608   Required: 256 hours
Training: 2025-04-17 11:21:31,402-Speed 43.35 samples/sec   Loss 0.0374   LearningRate 0.000974   Epoch: 5   Global Step: 7310   Fp16 Grad Scale: 8388608   Required: 256 hours
Training: 2025-04-17 11:21:58,865-Speed 46.61 samples/sec   Loss 0.0193   LearningRate 0.000974   Epoch: 5   Global Step: 7320   Fp16 Grad Scale: 8388608   Required: 256 hours
Training: 2025-04-17 11:22:26,271-Speed 46.71 samples/sec   Loss 0.0254   LearningRate 0.000974   Epoch: 5   Global Step: 7330   Fp16 Grad Scale: 4194304   Required: 256 hours
Training: 2025-04-17 11:22:53,875-Speed 46.37 samples/sec   Loss 0.0257   LearningRate 0.000974   Epoch: 5   Global Step: 7340   Fp16 Grad Scale: 4194304   Required: 256 hours
Training: 2025-04-17 11:23:21,305-Speed 46.67 samples/sec   Loss 0.0510   LearningRate 0.000974   Epoch: 5   Global Step: 7350   Fp16 Grad Scale: 4194304   Required: 256 hours
Training: 2025-04-17 11:23:48,668-Speed 46.78 samples/sec   Loss 0.0274   LearningRate 0.000974   Epoch: 5   Global Step: 7360   Fp16 Grad Scale: 4194304   Required: 256 hours
Training: 2025-04-17 11:24:16,073-Speed 46.71 samples/sec   Loss 0.0442   LearningRate 0.000974   Epoch: 5   Global Step: 7370   Fp16 Grad Scale: 2097152   Required: 256 hours
Training: 2025-04-17 11:24:43,498-Speed 46.67 samples/sec   Loss 0.0611   LearningRate 0.000974   Epoch: 5   Global Step: 7380   Fp16 Grad Scale: 2097152   Required: 256 hours
Training: 2025-04-17 11:25:10,983-Speed 46.57 samples/sec   Loss 0.0618   LearningRate 0.000974   Epoch: 5   Global Step: 7390   Fp16 Grad Scale: 2097152   Required: 256 hours
Training: 2025-04-17 11:25:38,633-Speed 46.29 samples/sec   Loss 0.0212   LearningRate 0.000974   Epoch: 5   Global Step: 7400   Fp16 Grad Scale: 2097152   Required: 256 hours
Training: 2025-04-17 11:26:06,053-Speed 46.68 samples/sec   Loss 0.0223   LearningRate 0.000974   Epoch: 5   Global Step: 7410   Fp16 Grad Scale: 2097152   Required: 256 hours
Training: 2025-04-17 11:26:36,470-Speed 42.08 samples/sec   Loss 0.0175   LearningRate 0.000974   Epoch: 5   Global Step: 7420   Fp16 Grad Scale: 2097152   Required: 256 hours
Training: 2025-04-17 11:27:04,888-Speed 45.04 samples/sec   Loss 0.0293   LearningRate 0.000974   Epoch: 5   Global Step: 7430   Fp16 Grad Scale: 2097152   Required: 256 hours
Training: 2025-04-17 11:27:32,346-Speed 46.62 samples/sec   Loss 0.0211   LearningRate 0.000974   Epoch: 5   Global Step: 7440   Fp16 Grad Scale: 2097152   Required: 255 hours
Training: 2025-04-17 11:27:59,760-Speed 46.69 samples/sec   Loss 0.0208   LearningRate 0.000974   Epoch: 5   Global Step: 7450   Fp16 Grad Scale: 2097152   Required: 255 hours
Training: 2025-04-17 11:28:27,139-Speed 46.75 samples/sec   Loss 0.0391   LearningRate 0.000974   Epoch: 5   Global Step: 7460   Fp16 Grad Scale: 2097152   Required: 255 hours
Training: 2025-04-17 11:29:02,307-Speed 46.35 samples/sec   Loss 0.0140   LearningRate 0.000974   Epoch: 5   Global Step: 7470   Fp16 Grad Scale: 4194304   Required: 255 hours
Training: 2025-04-17 11:29:29,847-Speed 46.48 samples/sec   Loss 0.0374   LearningRate 0.000974   Epoch: 5   Global Step: 7480   Fp16 Grad Scale: 4194304   Required: 255 hours
Training: 2025-04-17 11:29:57,372-Speed 46.50 samples/sec   Loss 0.0277   LearningRate 0.000974   Epoch: 5   Global Step: 7490   Fp16 Grad Scale: 4194304   Required: 255 hours
Training: 2025-04-17 11:30:24,771-Speed 46.72 samples/sec   Loss 0.0261   LearningRate 0.000974   Epoch: 5   Global Step: 7500   Fp16 Grad Scale: 4194304   Required: 255 hours
Training: 2025-04-17 11:30:52,183-Speed 46.70 samples/sec   Loss 0.0409   LearningRate 0.000974   Epoch: 5   Global Step: 7510   Fp16 Grad Scale: 4194304   Required: 255 hours
Training: 2025-04-17 11:31:19,525-Speed 46.81 samples/sec   Loss 0.0292   LearningRate 0.000974   Epoch: 5   Global Step: 7520   Fp16 Grad Scale: 4194304   Required: 255 hours
Training: 2025-04-17 11:31:48,727-Speed 43.83 samples/sec   Loss 0.0830   LearningRate 0.000974   Epoch: 5   Global Step: 7530   Fp16 Grad Scale: 4194304   Required: 255 hours
Training: 2025-04-17 11:32:16,249-Speed 46.51 samples/sec   Loss 0.0309   LearningRate 0.000974   Epoch: 5   Global Step: 7540   Fp16 Grad Scale: 4194304   Required: 255 hours
Training: 2025-04-17 11:32:43,701-Speed 46.63 samples/sec   Loss 0.0333   LearningRate 0.000974   Epoch: 5   Global Step: 7550   Fp16 Grad Scale: 4194304   Required: 255 hours
Training: 2025-04-17 11:33:11,167-Speed 46.60 samples/sec   Loss 0.0321   LearningRate 0.000973   Epoch: 5   Global Step: 7560   Fp16 Grad Scale: 4194304   Required: 255 hours
Training: 2025-04-17 11:33:38,582-Speed 46.69 samples/sec   Loss 0.0307   LearningRate 0.000973   Epoch: 5   Global Step: 7570   Fp16 Grad Scale: 8388608   Required: 255 hours
Training: 2025-04-17 11:34:07,302-Speed 46.71 samples/sec   Loss 0.0329   LearningRate 0.000973   Epoch: 5   Global Step: 7580   Fp16 Grad Scale: 8388608   Required: 255 hours
Training: 2025-04-17 11:34:34,689-Speed 46.74 samples/sec   Loss 0.0173   LearningRate 0.000973   Epoch: 5   Global Step: 7590   Fp16 Grad Scale: 8388608   Required: 255 hours
Training: 2025-04-17 11:35:02,100-Speed 46.70 samples/sec   Loss 0.0233   LearningRate 0.000973   Epoch: 5   Global Step: 7600   Fp16 Grad Scale: 8388608   Required: 255 hours
Training: 2025-04-17 11:35:31,664-Speed 43.30 samples/sec   Loss 0.0376   LearningRate 0.000973   Epoch: 5   Global Step: 7610   Fp16 Grad Scale: 4194304   Required: 254 hours
Training: 2025-04-17 11:35:59,096-Speed 46.66 samples/sec   Loss 0.0175   LearningRate 0.000973   Epoch: 5   Global Step: 7620   Fp16 Grad Scale: 4194304   Required: 254 hours
Training: 2025-04-17 11:36:26,526-Speed 46.67 samples/sec   Loss 0.0206   LearningRate 0.000973   Epoch: 5   Global Step: 7630   Fp16 Grad Scale: 2097152   Required: 254 hours
Training: 2025-04-17 11:36:55,967-Speed 43.48 samples/sec   Loss 0.0225   LearningRate 0.000973   Epoch: 5   Global Step: 7640   Fp16 Grad Scale: 2097152   Required: 254 hours
Training: 2025-04-17 11:37:23,240-Speed 46.94 samples/sec   Loss 0.0078   LearningRate 0.000973   Epoch: 5   Global Step: 7650   Fp16 Grad Scale: 2097152   Required: 254 hours
Training: 2025-04-17 11:37:50,652-Speed 46.70 samples/sec   Loss 0.0172   LearningRate 0.000973   Epoch: 5   Global Step: 7660   Fp16 Grad Scale: 2097152   Required: 254 hours
Training: 2025-04-17 11:38:18,144-Speed 46.56 samples/sec   Loss 0.0264   LearningRate 0.000973   Epoch: 5   Global Step: 7670   Fp16 Grad Scale: 2097152   Required: 254 hours
Training: 2025-04-17 11:38:45,586-Speed 46.64 samples/sec   Loss 0.0320   LearningRate 0.000973   Epoch: 5   Global Step: 7680   Fp16 Grad Scale: 2097152   Required: 254 hours
Training: 2025-04-17 11:39:13,082-Speed 46.55 samples/sec   Loss 0.0316   LearningRate 0.000973   Epoch: 5   Global Step: 7690   Fp16 Grad Scale: 2097152   Required: 254 hours
Training: 2025-04-17 11:39:40,498-Speed 46.69 samples/sec   Loss 0.0478   LearningRate 0.000973   Epoch: 5   Global Step: 7700   Fp16 Grad Scale: 1048576   Required: 254 hours
Training: 2025-04-17 11:40:07,977-Speed 46.58 samples/sec   Loss 0.0216   LearningRate 0.000973   Epoch: 5   Global Step: 7710   Fp16 Grad Scale: 1048576   Required: 254 hours
Training: 2025-04-17 11:40:35,353-Speed 46.76 samples/sec   Loss 0.0302   LearningRate 0.000973   Epoch: 5   Global Step: 7720   Fp16 Grad Scale: 1048576   Required: 254 hours
Training: 2025-04-17 11:41:02,767-Speed 46.69 samples/sec   Loss 0.0185   LearningRate 0.000973   Epoch: 5   Global Step: 7730   Fp16 Grad Scale: 1048576   Required: 254 hours
Training: 2025-04-17 11:41:30,413-Speed 46.30 samples/sec   Loss 0.0386   LearningRate 0.000973   Epoch: 5   Global Step: 7740   Fp16 Grad Scale: 1048576   Required: 254 hours
Training: 2025-04-17 11:41:59,467-Speed 44.06 samples/sec   Loss 0.0190   LearningRate 0.000973   Epoch: 5   Global Step: 7750   Fp16 Grad Scale: 1048576   Required: 254 hours
Training: 2025-04-17 11:42:26,828-Speed 46.78 samples/sec   Loss 0.0178   LearningRate 0.000973   Epoch: 5   Global Step: 7760   Fp16 Grad Scale: 1048576   Required: 254 hours
Training: 2025-04-17 11:42:54,112-Speed 46.92 samples/sec   Loss 0.0133   LearningRate 0.000973   Epoch: 5   Global Step: 7770   Fp16 Grad Scale: 1048576   Required: 253 hours
Training: 2025-04-17 11:43:21,542-Speed 46.67 samples/sec   Loss 0.0152   LearningRate 0.000973   Epoch: 5   Global Step: 7780   Fp16 Grad Scale: 1048576   Required: 253 hours
Training: 2025-04-17 11:43:49,004-Speed 46.61 samples/sec   Loss 0.0824   LearningRate 0.000973   Epoch: 5   Global Step: 7790   Fp16 Grad Scale: 1048576   Required: 253 hours
Training: 2025-04-17 11:44:22,204-Speed 46.90 samples/sec   Loss 0.0994   LearningRate 0.000973   Epoch: 5   Global Step: 7800   Fp16 Grad Scale: 2097152   Required: 253 hours
Training: 2025-04-17 11:44:49,585-Speed 46.75 samples/sec   Loss 0.0352   LearningRate 0.000973   Epoch: 5   Global Step: 7810   Fp16 Grad Scale: 2097152   Required: 253 hours
Training: 2025-04-17 11:45:17,004-Speed 46.71 samples/sec   Loss 0.0229   LearningRate 0.000973   Epoch: 5   Global Step: 7820   Fp16 Grad Scale: 2097152   Required: 253 hours
Training: 2025-04-17 11:45:44,807-Speed 46.61 samples/sec   Loss 0.0177   LearningRate 0.000973   Epoch: 5   Global Step: 7830   Fp16 Grad Scale: 2097152   Required: 253 hours
Training: 2025-04-17 11:46:12,183-Speed 46.76 samples/sec   Loss 0.0714   LearningRate 0.000973   Epoch: 5   Global Step: 7840   Fp16 Grad Scale: 2097152   Required: 253 hours
Training: 2025-04-17 11:46:39,600-Speed 46.69 samples/sec   Loss 0.0383   LearningRate 0.000972   Epoch: 5   Global Step: 7850   Fp16 Grad Scale: 2097152   Required: 253 hours
Training: 2025-04-17 11:47:08,831-Speed 43.79 samples/sec   Loss 0.0514   LearningRate 0.000972   Epoch: 5   Global Step: 7860   Fp16 Grad Scale: 2097152   Required: 253 hours
Training: 2025-04-17 11:47:36,175-Speed 46.81 samples/sec   Loss 0.0231   LearningRate 0.000972   Epoch: 5   Global Step: 7870   Fp16 Grad Scale: 2097152   Required: 253 hours
Training: 2025-04-17 11:48:03,648-Speed 46.59 samples/sec   Loss 0.0417   LearningRate 0.000972   Epoch: 5   Global Step: 7880   Fp16 Grad Scale: 2097152   Required: 253 hours
Training: 2025-04-17 11:48:31,022-Speed 46.76 samples/sec   Loss 0.0386   LearningRate 0.000972   Epoch: 5   Global Step: 7890   Fp16 Grad Scale: 2097152   Required: 253 hours
Training: 2025-04-17 11:48:58,574-Speed 46.46 samples/sec   Loss 0.0393   LearningRate 0.000972   Epoch: 5   Global Step: 7900   Fp16 Grad Scale: 4194304   Required: 253 hours
Training: 2025-04-17 11:49:30,981-Speed 46.86 samples/sec   Loss 0.0213   LearningRate 0.000972   Epoch: 5   Global Step: 7910   Fp16 Grad Scale: 4194304   Required: 253 hours
Training: 2025-04-17 11:49:58,312-Speed 46.83 samples/sec   Loss 0.0479   LearningRate 0.000972   Epoch: 5   Global Step: 7920   Fp16 Grad Scale: 4194304   Required: 253 hours
Training: 2025-04-17 11:50:25,718-Speed 46.71 samples/sec   Loss 0.0583   LearningRate 0.000972   Epoch: 5   Global Step: 7930   Fp16 Grad Scale: 2097152   Required: 253 hours
Training: 2025-04-17 11:50:53,052-Speed 46.83 samples/sec   Loss 0.0705   LearningRate 0.000972   Epoch: 5   Global Step: 7940   Fp16 Grad Scale: 2097152   Required: 253 hours
Training: 2025-04-17 11:51:20,466-Speed 46.69 samples/sec   Loss 0.1005   LearningRate 0.000972   Epoch: 5   Global Step: 7950   Fp16 Grad Scale: 2097152   Required: 252 hours
Training: 2025-04-17 11:51:47,742-Speed 46.93 samples/sec   Loss 0.0413   LearningRate 0.000972   Epoch: 5   Global Step: 7960   Fp16 Grad Scale: 2097152   Required: 252 hours
Training: 2025-04-17 11:52:16,988-Speed 43.77 samples/sec   Loss 0.0352   LearningRate 0.000972   Epoch: 5   Global Step: 7970   Fp16 Grad Scale: 2097152   Required: 252 hours
Training: 2025-04-17 11:52:44,578-Speed 46.40 samples/sec   Loss 0.0254   LearningRate 0.000972   Epoch: 5   Global Step: 7980   Fp16 Grad Scale: 1048576   Required: 252 hours
Training: 2025-04-17 11:53:11,894-Speed 46.86 samples/sec   Loss 0.0285   LearningRate 0.000972   Epoch: 5   Global Step: 7990   Fp16 Grad Scale: 1048576   Required: 252 hours
Training: 2025-04-17 11:53:39,249-Speed 46.79 samples/sec   Loss 0.0350   LearningRate 0.000972   Epoch: 5   Global Step: 8000   Fp16 Grad Scale: 1048576   Required: 252 hours
Training: 2025-04-17 11:54:58,847-[val][Global step: 8000] d prime: 6.621656894683838
Model saved with d prime score: 6.621656894683838
Training: 2025-04-17 11:55:30,418-Speed 11.51 samples/sec   Loss 0.0452   LearningRate 0.000972   Epoch: 5   Global Step: 8010   Fp16 Grad Scale: 1048576   Required: 253 hours
Training: 2025-04-17 11:55:57,722-Speed 46.88 samples/sec   Loss 0.0367   LearningRate 0.000972   Epoch: 5   Global Step: 8020   Fp16 Grad Scale: 1048576   Required: 253 hours
Training: 2025-04-17 11:56:25,398-Speed 46.25 samples/sec   Loss 0.0396   LearningRate 0.000972   Epoch: 5   Global Step: 8030   Fp16 Grad Scale: 1048576   Required: 253 hours
Training: 2025-04-17 11:56:53,883-Speed 44.94 samples/sec   Loss 0.0450   LearningRate 0.000972   Epoch: 5   Global Step: 8040   Fp16 Grad Scale: 1048576   Required: 253 hours
Training: 2025-04-17 11:57:23,681-Speed 42.96 samples/sec   Loss 0.0425   LearningRate 0.000972   Epoch: 5   Global Step: 8050   Fp16 Grad Scale: 1048576   Required: 253 hours
Training: 2025-04-17 11:57:51,036-Speed 46.79 samples/sec   Loss 0.0357   LearningRate 0.000972   Epoch: 5   Global Step: 8060   Fp16 Grad Scale: 1048576   Required: 253 hours
Training: 2025-04-17 11:58:18,395-Speed 46.79 samples/sec   Loss 0.0264   LearningRate 0.000972   Epoch: 5   Global Step: 8070   Fp16 Grad Scale: 1048576   Required: 253 hours
Training: 2025-04-17 11:58:45,751-Speed 46.79 samples/sec   Loss 0.0251   LearningRate 0.000972   Epoch: 5   Global Step: 8080   Fp16 Grad Scale: 2097152   Required: 253 hours
Training: 2025-04-17 11:59:13,101-Speed 46.80 samples/sec   Loss 0.0364   LearningRate 0.000972   Epoch: 5   Global Step: 8090   Fp16 Grad Scale: 2097152   Required: 252 hours
Training: 2025-04-17 11:59:41,557-Speed 46.55 samples/sec   Loss 0.0854   LearningRate 0.000972   Epoch: 5   Global Step: 8100   Fp16 Grad Scale: 2097152   Required: 252 hours
Training: 2025-04-17 12:00:08,814-Speed 46.96 samples/sec   Loss 0.0482   LearningRate 0.000972   Epoch: 5   Global Step: 8110   Fp16 Grad Scale: 2097152   Required: 252 hours
Training: 2025-04-17 12:00:36,118-Speed 46.88 samples/sec   Loss 0.0426   LearningRate 0.000972   Epoch: 5   Global Step: 8120   Fp16 Grad Scale: 2097152   Required: 252 hours
Training: 2025-04-17 12:01:03,399-Speed 46.92 samples/sec   Loss 0.0416   LearningRate 0.000971   Epoch: 5   Global Step: 8130   Fp16 Grad Scale: 2097152   Required: 252 hours
Training: 2025-04-17 12:01:30,692-Speed 46.90 samples/sec   Loss 0.0271   LearningRate 0.000971   Epoch: 5   Global Step: 8140   Fp16 Grad Scale: 2097152   Required: 252 hours
Training: 2025-04-17 12:01:58,180-Speed 46.57 samples/sec   Loss 0.0153   LearningRate 0.000971   Epoch: 5   Global Step: 8150   Fp16 Grad Scale: 2097152   Required: 252 hours
Training: 2025-04-17 12:02:27,511-Speed 43.64 samples/sec   Loss 0.0702   LearningRate 0.000971   Epoch: 5   Global Step: 8160   Fp16 Grad Scale: 2097152   Required: 252 hours
Training: 2025-04-17 12:02:54,785-Speed 46.93 samples/sec   Loss 0.0229   LearningRate 0.000971   Epoch: 5   Global Step: 8170   Fp16 Grad Scale: 2097152   Required: 252 hours
Training: 2025-04-17 12:03:22,123-Speed 46.82 samples/sec   Loss 0.0242   LearningRate 0.000971   Epoch: 5   Global Step: 8180   Fp16 Grad Scale: 4194304   Required: 252 hours
Training: 2025-04-17 12:03:49,455-Speed 46.83 samples/sec   Loss 0.0735   LearningRate 0.000971   Epoch: 5   Global Step: 8190   Fp16 Grad Scale: 2097152   Required: 252 hours
Training: 2025-04-17 12:04:16,934-Speed 46.58 samples/sec   Loss 0.0915   LearningRate 0.000971   Epoch: 5   Global Step: 8200   Fp16 Grad Scale: 2097152   Required: 252 hours
Training: 2025-04-17 12:04:44,192-Speed 46.96 samples/sec   Loss 0.0750   LearningRate 0.000971   Epoch: 5   Global Step: 8210   Fp16 Grad Scale: 2097152   Required: 252 hours
Training: 2025-04-17 12:05:11,565-Speed 46.76 samples/sec   Loss 0.1205   LearningRate 0.000971   Epoch: 5   Global Step: 8220   Fp16 Grad Scale: 2097152   Required: 252 hours
Training: 2025-04-17 12:05:38,905-Speed 46.82 samples/sec   Loss 0.0631   LearningRate 0.000971   Epoch: 5   Global Step: 8230   Fp16 Grad Scale: 2097152   Required: 252 hours
Training: 2025-04-17 12:06:06,228-Speed 46.85 samples/sec   Loss 0.0428   LearningRate 0.000971   Epoch: 5   Global Step: 8240   Fp16 Grad Scale: 2097152   Required: 252 hours
Training: 2025-04-17 12:06:33,658-Speed 46.66 samples/sec   Loss 0.0274   LearningRate 0.000971   Epoch: 5   Global Step: 8250   Fp16 Grad Scale: 2097152   Required: 252 hours
Training: 2025-04-17 12:07:00,897-Speed 46.99 samples/sec   Loss 0.0522   LearningRate 0.000971   Epoch: 5   Global Step: 8260   Fp16 Grad Scale: 2097152   Required: 251 hours
Training: 2025-04-17 12:07:30,425-Speed 43.35 samples/sec   Loss 0.0548   LearningRate 0.000971   Epoch: 5   Global Step: 8270   Fp16 Grad Scale: 2097152   Required: 251 hours
Training: 2025-04-17 12:07:57,686-Speed 46.95 samples/sec   Loss 0.0332   LearningRate 0.000971   Epoch: 5   Global Step: 8280   Fp16 Grad Scale: 2097152   Required: 251 hours
Training: 2025-04-17 12:08:25,040-Speed 46.79 samples/sec   Loss 0.0399   LearningRate 0.000971   Epoch: 5   Global Step: 8290   Fp16 Grad Scale: 4194304   Required: 251 hours
Training: 2025-04-17 12:08:52,456-Speed 46.69 samples/sec   Loss 0.0637   LearningRate 0.000971   Epoch: 5   Global Step: 8300   Fp16 Grad Scale: 4194304   Required: 251 hours
Training: 2025-04-17 12:09:19,785-Speed 46.84 samples/sec   Loss 0.0749   LearningRate 0.000971   Epoch: 5   Global Step: 8310   Fp16 Grad Scale: 4194304   Required: 251 hours
Training: 2025-04-17 12:09:47,121-Speed 46.83 samples/sec   Loss 0.0408   LearningRate 0.000971   Epoch: 5   Global Step: 8320   Fp16 Grad Scale: 4194304   Required: 251 hours
Training: 2025-04-17 12:10:14,322-Speed 47.06 samples/sec   Loss 0.1010   LearningRate 0.000971   Epoch: 5   Global Step: 8330   Fp16 Grad Scale: 4194304   Required: 251 hours
Training: 2025-04-17 12:10:41,642-Speed 46.85 samples/sec   Loss 0.0807   LearningRate 0.000971   Epoch: 5   Global Step: 8340   Fp16 Grad Scale: 4194304   Required: 251 hours
Training: 2025-04-17 12:11:08,994-Speed 46.80 samples/sec   Loss 0.0815   LearningRate 0.000971   Epoch: 5   Global Step: 8350   Fp16 Grad Scale: 4194304   Required: 251 hours
Training: 2025-04-17 12:11:36,316-Speed 46.85 samples/sec   Loss 0.0679   LearningRate 0.000971   Epoch: 5   Global Step: 8360   Fp16 Grad Scale: 4194304   Required: 251 hours
Training: 2025-04-17 12:12:03,596-Speed 46.92 samples/sec   Loss 0.0706   LearningRate 0.000971   Epoch: 5   Global Step: 8370   Fp16 Grad Scale: 4194304   Required: 251 hours
Training: 2025-04-17 12:12:32,944-Speed 43.62 samples/sec   Loss 0.0527   LearningRate 0.000971   Epoch: 5   Global Step: 8380   Fp16 Grad Scale: 4194304   Required: 251 hours
Training: 2025-04-17 12:13:00,255-Speed 46.87 samples/sec   Loss 0.0349   LearningRate 0.000971   Epoch: 5   Global Step: 8390   Fp16 Grad Scale: 8388608   Required: 251 hours
Training: 2025-04-17 12:13:27,617-Speed 46.78 samples/sec   Loss 0.0560   LearningRate 0.000971   Epoch: 5   Global Step: 8400   Fp16 Grad Scale: 8388608   Required: 251 hours
Training: 2025-04-17 12:13:54,897-Speed 46.92 samples/sec   Loss 0.0414   LearningRate 0.000971   Epoch: 5   Global Step: 8410   Fp16 Grad Scale: 8388608   Required: 251 hours
Training: 2025-04-17 12:14:22,261-Speed 46.78 samples/sec   Loss 0.0428   LearningRate 0.000970   Epoch: 5   Global Step: 8420   Fp16 Grad Scale: 4194304   Required: 251 hours
Training: 2025-04-17 12:14:49,692-Speed 46.66 samples/sec   Loss 0.0478   LearningRate 0.000970   Epoch: 5   Global Step: 8430   Fp16 Grad Scale: 4194304   Required: 251 hours
Training: 2025-04-17 12:15:17,101-Speed 46.70 samples/sec   Loss 0.0341   LearningRate 0.000970   Epoch: 5   Global Step: 8440   Fp16 Grad Scale: 4194304   Required: 250 hours
Training: 2025-04-17 12:15:46,413-Speed 43.67 samples/sec   Loss 0.0579   LearningRate 0.000970   Epoch: 5   Global Step: 8450   Fp16 Grad Scale: 4194304   Required: 250 hours
Training: 2025-04-17 12:16:13,742-Speed 46.84 samples/sec   Loss 0.0518   LearningRate 0.000970   Epoch: 5   Global Step: 8460   Fp16 Grad Scale: 4194304   Required: 250 hours
Training: 2025-04-17 12:16:41,088-Speed 46.81 samples/sec   Loss 0.0673   LearningRate 0.000970   Epoch: 5   Global Step: 8470   Fp16 Grad Scale: 4194304   Required: 250 hours
Training: 2025-04-17 12:17:08,396-Speed 46.88 samples/sec   Loss 0.1245   LearningRate 0.000970   Epoch: 5   Global Step: 8480   Fp16 Grad Scale: 4194304   Required: 250 hours
Training: 2025-04-17 12:17:37,968-Speed 43.28 samples/sec   Loss 0.0901   LearningRate 0.000970   Epoch: 5   Global Step: 8490   Fp16 Grad Scale: 4194304   Required: 250 hours
Training: 2025-04-17 12:18:05,466-Speed 46.55 samples/sec   Loss 0.1004   LearningRate 0.000970   Epoch: 5   Global Step: 8500   Fp16 Grad Scale: 4194304   Required: 250 hours
Training: 2025-04-17 12:18:33,130-Speed 46.27 samples/sec   Loss 0.1166   LearningRate 0.000970   Epoch: 5   Global Step: 8510   Fp16 Grad Scale: 4194304   Required: 250 hours
Training: 2025-04-17 12:19:00,490-Speed 46.78 samples/sec   Loss 0.0407   LearningRate 0.000970   Epoch: 5   Global Step: 8520   Fp16 Grad Scale: 8388608   Required: 250 hours
Training: 2025-04-17 12:19:27,812-Speed 46.85 samples/sec   Loss 0.0807   LearningRate 0.000970   Epoch: 5   Global Step: 8530   Fp16 Grad Scale: 8388608   Required: 250 hours
Training: 2025-04-17 12:19:55,179-Speed 46.77 samples/sec   Loss 0.0446   LearningRate 0.000970   Epoch: 5   Global Step: 8540   Fp16 Grad Scale: 8388608   Required: 250 hours
Training: 2025-04-17 12:20:22,870-Speed 46.22 samples/sec   Loss 0.1262   LearningRate 0.000970   Epoch: 5   Global Step: 8550   Fp16 Grad Scale: 8388608   Required: 250 hours
Training: 2025-04-17 12:20:50,260-Speed 46.73 samples/sec   Loss 0.1143   LearningRate 0.000970   Epoch: 5   Global Step: 8560   Fp16 Grad Scale: 8388608   Required: 250 hours
Training: 2025-04-17 12:21:33,510-Speed 29.60 samples/sec   Loss 0.0514   LearningRate 0.000970   Epoch: 6   Global Step: 8570   Fp16 Grad Scale: 8388608   Required: 250 hours
Training: 2025-04-17 12:22:00,850-Speed 46.82 samples/sec   Loss 0.0738   LearningRate 0.000970   Epoch: 6   Global Step: 8580   Fp16 Grad Scale: 8388608   Required: 250 hours
Training: 2025-04-17 12:22:30,076-Speed 43.80 samples/sec   Loss 0.0636   LearningRate 0.000970   Epoch: 6   Global Step: 8590   Fp16 Grad Scale: 4194304   Required: 250 hours
Training: 2025-04-17 12:22:57,305-Speed 47.01 samples/sec   Loss 0.0447   LearningRate 0.000970   Epoch: 6   Global Step: 8600   Fp16 Grad Scale: 4194304   Required: 250 hours
Training: 2025-04-17 12:23:24,480-Speed 47.10 samples/sec   Loss 0.0290   LearningRate 0.000970   Epoch: 6   Global Step: 8610   Fp16 Grad Scale: 4194304   Required: 250 hours
Training: 2025-04-17 12:23:51,665-Speed 47.09 samples/sec   Loss 0.0142   LearningRate 0.000970   Epoch: 6   Global Step: 8620   Fp16 Grad Scale: 4194304   Required: 250 hours
Training: 2025-04-17 12:24:18,908-Speed 46.98 samples/sec   Loss 0.0160   LearningRate 0.000970   Epoch: 6   Global Step: 8630   Fp16 Grad Scale: 4194304   Required: 250 hours
Training: 2025-04-17 12:24:46,206-Speed 46.89 samples/sec   Loss 0.0217   LearningRate 0.000970   Epoch: 6   Global Step: 8640   Fp16 Grad Scale: 4194304   Required: 250 hours
Training: 2025-04-17 12:25:13,503-Speed 46.89 samples/sec   Loss 0.0079   LearningRate 0.000970   Epoch: 6   Global Step: 8650   Fp16 Grad Scale: 4194304   Required: 250 hours
Training: 2025-04-17 12:25:40,931-Speed 46.67 samples/sec   Loss 0.0162   LearningRate 0.000970   Epoch: 6   Global Step: 8660   Fp16 Grad Scale: 4194304   Required: 249 hours
Training: 2025-04-17 12:26:08,199-Speed 46.94 samples/sec   Loss 0.0305   LearningRate 0.000970   Epoch: 6   Global Step: 8670   Fp16 Grad Scale: 4194304   Required: 249 hours
Training: 2025-04-17 12:26:36,192-Speed 45.73 samples/sec   Loss 0.0219   LearningRate 0.000970   Epoch: 6   Global Step: 8680   Fp16 Grad Scale: 4194304   Required: 249 hours
Training: 2025-04-17 12:27:04,506-Speed 45.21 samples/sec   Loss 0.0090   LearningRate 0.000970   Epoch: 6   Global Step: 8690   Fp16 Grad Scale: 8388608   Required: 249 hours
Training: 2025-04-17 12:27:34,112-Speed 43.24 samples/sec   Loss 0.0224   LearningRate 0.000969   Epoch: 6   Global Step: 8700   Fp16 Grad Scale: 8388608   Required: 249 hours
Training: 2025-04-17 12:28:01,402-Speed 46.91 samples/sec   Loss 0.0635   LearningRate 0.000969   Epoch: 6   Global Step: 8710   Fp16 Grad Scale: 8388608   Required: 249 hours
Training: 2025-04-17 12:28:28,635-Speed 47.00 samples/sec   Loss 0.0156   LearningRate 0.000969   Epoch: 6   Global Step: 8720   Fp16 Grad Scale: 8388608   Required: 249 hours
Training: 2025-04-17 12:28:55,877-Speed 46.99 samples/sec   Loss 0.0140   LearningRate 0.000969   Epoch: 6   Global Step: 8730   Fp16 Grad Scale: 8388608   Required: 249 hours
Training: 2025-04-17 12:29:23,174-Speed 46.89 samples/sec   Loss 0.0231   LearningRate 0.000969   Epoch: 6   Global Step: 8740   Fp16 Grad Scale: 8388608   Required: 249 hours
Training: 2025-04-17 12:29:50,412-Speed 46.99 samples/sec   Loss 0.0514   LearningRate 0.000969   Epoch: 6   Global Step: 8750   Fp16 Grad Scale: 8388608   Required: 249 hours
Training: 2025-04-17 12:30:17,677-Speed 46.95 samples/sec   Loss 0.0237   LearningRate 0.000969   Epoch: 6   Global Step: 8760   Fp16 Grad Scale: 8388608   Required: 249 hours
Training: 2025-04-17 12:30:44,896-Speed 47.03 samples/sec   Loss 0.0114   LearningRate 0.000969   Epoch: 6   Global Step: 8770   Fp16 Grad Scale: 8388608   Required: 249 hours
Training: 2025-04-17 12:31:12,096-Speed 47.06 samples/sec   Loss 0.0267   LearningRate 0.000969   Epoch: 6   Global Step: 8780   Fp16 Grad Scale: 4194304   Required: 249 hours
Training: 2025-04-17 12:31:39,381-Speed 46.91 samples/sec   Loss 0.0421   LearningRate 0.000969   Epoch: 6   Global Step: 8790   Fp16 Grad Scale: 4194304   Required: 249 hours
Training: 2025-04-17 12:32:06,769-Speed 46.74 samples/sec   Loss 0.0246   LearningRate 0.000969   Epoch: 6   Global Step: 8800   Fp16 Grad Scale: 4194304   Required: 249 hours
Training: 2025-04-17 12:32:36,011-Speed 43.77 samples/sec   Loss 0.0081   LearningRate 0.000969   Epoch: 6   Global Step: 8810   Fp16 Grad Scale: 4194304   Required: 249 hours
Training: 2025-04-17 12:33:03,228-Speed 47.03 samples/sec   Loss 0.0110   LearningRate 0.000969   Epoch: 6   Global Step: 8820   Fp16 Grad Scale: 4194304   Required: 249 hours
Training: 2025-04-17 12:33:30,515-Speed 46.91 samples/sec   Loss 0.0209   LearningRate 0.000969   Epoch: 6   Global Step: 8830   Fp16 Grad Scale: 4194304   Required: 249 hours
Training: 2025-04-17 12:33:57,858-Speed 46.81 samples/sec   Loss 0.0220   LearningRate 0.000969   Epoch: 6   Global Step: 8840   Fp16 Grad Scale: 4194304   Required: 249 hours
Training: 2025-04-17 12:34:25,143-Speed 46.92 samples/sec   Loss 0.0119   LearningRate 0.000969   Epoch: 6   Global Step: 8850   Fp16 Grad Scale: 4194304   Required: 248 hours
Training: 2025-04-17 12:34:52,303-Speed 47.13 samples/sec   Loss 0.0085   LearningRate 0.000969   Epoch: 6   Global Step: 8860   Fp16 Grad Scale: 4194304   Required: 248 hours
Training: 2025-04-17 12:35:19,469-Speed 47.12 samples/sec   Loss 0.0049   LearningRate 0.000969   Epoch: 6   Global Step: 8870   Fp16 Grad Scale: 4194304   Required: 248 hours
Training: 2025-04-17 12:35:46,753-Speed 46.92 samples/sec   Loss 0.0110   LearningRate 0.000969   Epoch: 6   Global Step: 8880   Fp16 Grad Scale: 8388608   Required: 248 hours
Training: 2025-04-17 12:36:14,077-Speed 46.85 samples/sec   Loss 0.0536   LearningRate 0.000969   Epoch: 6   Global Step: 8890   Fp16 Grad Scale: 4194304   Required: 248 hours
Training: 2025-04-17 12:36:41,570-Speed 46.60 samples/sec   Loss 0.0191   LearningRate 0.000969   Epoch: 6   Global Step: 8900   Fp16 Grad Scale: 4194304   Required: 248 hours
Training: 2025-04-17 12:37:08,794-Speed 47.02 samples/sec   Loss 0.0221   LearningRate 0.000969   Epoch: 6   Global Step: 8910   Fp16 Grad Scale: 4194304   Required: 248 hours
Training: 2025-04-17 12:37:38,149-Speed 43.61 samples/sec   Loss 0.0137   LearningRate 0.000969   Epoch: 6   Global Step: 8920   Fp16 Grad Scale: 4194304   Required: 248 hours
Training: 2025-04-17 12:38:05,380-Speed 47.01 samples/sec   Loss 0.0083   LearningRate 0.000969   Epoch: 6   Global Step: 8930   Fp16 Grad Scale: 4194304   Required: 248 hours
Training: 2025-04-17 12:38:32,716-Speed 46.83 samples/sec   Loss 0.0094   LearningRate 0.000969   Epoch: 6   Global Step: 8940   Fp16 Grad Scale: 4194304   Required: 248 hours
Training: 2025-04-17 12:39:00,089-Speed 46.76 samples/sec   Loss 0.0091   LearningRate 0.000969   Epoch: 6   Global Step: 8950   Fp16 Grad Scale: 4194304   Required: 248 hours
Training: 2025-04-17 12:39:27,392-Speed 46.88 samples/sec   Loss 0.0040   LearningRate 0.000969   Epoch: 6   Global Step: 8960   Fp16 Grad Scale: 4194304   Required: 248 hours
Training: 2025-04-17 12:39:54,655-Speed 46.95 samples/sec   Loss 0.0079   LearningRate 0.000969   Epoch: 6   Global Step: 8970   Fp16 Grad Scale: 4194304   Required: 248 hours
Training: 2025-04-17 12:40:21,942-Speed 46.91 samples/sec   Loss 0.0187   LearningRate 0.000969   Epoch: 6   Global Step: 8980   Fp16 Grad Scale: 4194304   Required: 248 hours
Training: 2025-04-17 12:40:49,191-Speed 46.98 samples/sec   Loss 0.0462   LearningRate 0.000968   Epoch: 6   Global Step: 8990   Fp16 Grad Scale: 8388608   Required: 248 hours
Training: 2025-04-17 12:41:16,568-Speed 46.76 samples/sec   Loss 0.0099   LearningRate 0.000968   Epoch: 6   Global Step: 9000   Fp16 Grad Scale: 8388608   Required: 248 hours
Training: 2025-04-17 12:41:43,847-Speed 46.92 samples/sec   Loss 0.0539   LearningRate 0.000968   Epoch: 6   Global Step: 9010   Fp16 Grad Scale: 8388608   Required: 248 hours
Training: 2025-04-17 12:42:11,355-Speed 46.53 samples/sec   Loss 0.0116   LearningRate 0.000968   Epoch: 6   Global Step: 9020   Fp16 Grad Scale: 8388608   Required: 248 hours
Training: 2025-04-17 12:42:40,871-Speed 43.37 samples/sec   Loss 0.0181   LearningRate 0.000968   Epoch: 6   Global Step: 9030   Fp16 Grad Scale: 8388608   Required: 248 hours
Training: 2025-04-17 12:43:08,252-Speed 46.75 samples/sec   Loss 0.0164   LearningRate 0.000968   Epoch: 6   Global Step: 9040   Fp16 Grad Scale: 8388608   Required: 248 hours
Training: 2025-04-17 12:43:35,728-Speed 46.59 samples/sec   Loss 0.0122   LearningRate 0.000968   Epoch: 6   Global Step: 9050   Fp16 Grad Scale: 8388608   Required: 247 hours
Training: 2025-04-17 12:44:04,372-Speed 44.69 samples/sec   Loss 0.0066   LearningRate 0.000968   Epoch: 6   Global Step: 9060   Fp16 Grad Scale: 8388608   Required: 247 hours
Training: 2025-04-17 12:44:32,098-Speed 46.17 samples/sec   Loss 0.0092   LearningRate 0.000968   Epoch: 6   Global Step: 9070   Fp16 Grad Scale: 8388608   Required: 247 hours
Training: 2025-04-17 12:45:03,986-Speed 46.23 samples/sec   Loss 0.0131   LearningRate 0.000968   Epoch: 6   Global Step: 9080   Fp16 Grad Scale: 8388608   Required: 247 hours
Training: 2025-04-17 12:45:34,479-Speed 41.98 samples/sec   Loss 0.0224   LearningRate 0.000968   Epoch: 6   Global Step: 9090   Fp16 Grad Scale: 16777216   Required: 247 hours
Training: 2025-04-17 12:46:02,454-Speed 45.76 samples/sec   Loss 0.0224   LearningRate 0.000968   Epoch: 6   Global Step: 9100   Fp16 Grad Scale: 8388608   Required: 247 hours
Training: 2025-04-17 12:46:29,964-Speed 46.53 samples/sec   Loss 0.0088   LearningRate 0.000968   Epoch: 6   Global Step: 9110   Fp16 Grad Scale: 8388608   Required: 247 hours
Training: 2025-04-17 12:46:57,513-Speed 46.47 samples/sec   Loss 0.0186   LearningRate 0.000968   Epoch: 6   Global Step: 9120   Fp16 Grad Scale: 8388608   Required: 247 hours
Training: 2025-04-17 12:47:24,968-Speed 46.62 samples/sec   Loss 0.0050   LearningRate 0.000968   Epoch: 6   Global Step: 9130   Fp16 Grad Scale: 8388608   Required: 247 hours
Training: 2025-04-17 12:47:54,280-Speed 43.67 samples/sec   Loss 0.0745   LearningRate 0.000968   Epoch: 6   Global Step: 9140   Fp16 Grad Scale: 4194304   Required: 247 hours
Training: 2025-04-17 12:48:22,086-Speed 46.03 samples/sec   Loss 0.0087   LearningRate 0.000968   Epoch: 6   Global Step: 9150   Fp16 Grad Scale: 4194304   Required: 247 hours
Training: 2025-04-17 12:48:49,487-Speed 46.71 samples/sec   Loss 0.0141   LearningRate 0.000968   Epoch: 6   Global Step: 9160   Fp16 Grad Scale: 4194304   Required: 247 hours
Training: 2025-04-17 12:49:16,819-Speed 46.83 samples/sec   Loss 0.0469   LearningRate 0.000968   Epoch: 6   Global Step: 9170   Fp16 Grad Scale: 4194304   Required: 247 hours
Training: 2025-04-17 12:49:44,219-Speed 46.72 samples/sec   Loss 0.0226   LearningRate 0.000968   Epoch: 6   Global Step: 9180   Fp16 Grad Scale: 4194304   Required: 247 hours
Training: 2025-04-17 12:50:11,608-Speed 46.74 samples/sec   Loss 0.0257   LearningRate 0.000968   Epoch: 6   Global Step: 9190   Fp16 Grad Scale: 4194304   Required: 247 hours
Training: 2025-04-17 12:50:38,945-Speed 46.82 samples/sec   Loss 0.0196   LearningRate 0.000968   Epoch: 6   Global Step: 9200   Fp16 Grad Scale: 4194304   Required: 247 hours
Training: 2025-04-17 12:51:06,306-Speed 46.78 samples/sec   Loss 0.0238   LearningRate 0.000968   Epoch: 6   Global Step: 9210   Fp16 Grad Scale: 4194304   Required: 247 hours
Training: 2025-04-17 12:51:33,648-Speed 46.82 samples/sec   Loss 0.0131   LearningRate 0.000968   Epoch: 6   Global Step: 9220   Fp16 Grad Scale: 4194304   Required: 247 hours
Training: 2025-04-17 12:52:01,014-Speed 46.78 samples/sec   Loss 0.0152   LearningRate 0.000968   Epoch: 6   Global Step: 9230   Fp16 Grad Scale: 4194304   Required: 247 hours
Training: 2025-04-17 12:52:28,424-Speed 46.70 samples/sec   Loss 0.0159   LearningRate 0.000968   Epoch: 6   Global Step: 9240   Fp16 Grad Scale: 8388608   Required: 247 hours
Training: 2025-04-17 12:52:58,682-Speed 42.30 samples/sec   Loss 0.0125   LearningRate 0.000968   Epoch: 6   Global Step: 9250   Fp16 Grad Scale: 8388608   Required: 247 hours
Training: 2025-04-17 12:53:26,053-Speed 46.77 samples/sec   Loss 0.0153   LearningRate 0.000968   Epoch: 6   Global Step: 9260   Fp16 Grad Scale: 8388608   Required: 247 hours
Training: 2025-04-17 12:53:53,363-Speed 46.87 samples/sec   Loss 0.0101   LearningRate 0.000967   Epoch: 6   Global Step: 9270   Fp16 Grad Scale: 8388608   Required: 247 hours
Training: 2025-04-17 12:54:20,720-Speed 46.79 samples/sec   Loss 0.0627   LearningRate 0.000967   Epoch: 6   Global Step: 9280   Fp16 Grad Scale: 8388608   Required: 246 hours
Training: 2025-04-17 12:54:48,024-Speed 46.88 samples/sec   Loss 0.0222   LearningRate 0.000967   Epoch: 6   Global Step: 9290   Fp16 Grad Scale: 8388608   Required: 246 hours
Training: 2025-04-17 12:55:15,378-Speed 46.79 samples/sec   Loss 0.0218   LearningRate 0.000967   Epoch: 6   Global Step: 9300   Fp16 Grad Scale: 8388608   Required: 246 hours
Training: 2025-04-17 12:55:42,781-Speed 46.71 samples/sec   Loss 0.0312   LearningRate 0.000967   Epoch: 6   Global Step: 9310   Fp16 Grad Scale: 8388608   Required: 246 hours
Training: 2025-04-17 12:56:10,072-Speed 46.90 samples/sec   Loss 0.0393   LearningRate 0.000967   Epoch: 6   Global Step: 9320   Fp16 Grad Scale: 8388608   Required: 246 hours
Training: 2025-04-17 12:56:38,399-Speed 45.19 samples/sec   Loss 0.0781   LearningRate 0.000967   Epoch: 6   Global Step: 9330   Fp16 Grad Scale: 4194304   Required: 246 hours
Training: 2025-04-17 12:57:06,912-Speed 44.89 samples/sec   Loss 0.0198   LearningRate 0.000967   Epoch: 6   Global Step: 9340   Fp16 Grad Scale: 4194304   Required: 246 hours
Training: 2025-04-17 12:57:37,513-Speed 41.83 samples/sec   Loss 0.0996   LearningRate 0.000967   Epoch: 6   Global Step: 9350   Fp16 Grad Scale: 4194304   Required: 246 hours
Training: 2025-04-17 12:58:04,887-Speed 46.76 samples/sec   Loss 0.0306   LearningRate 0.000967   Epoch: 6   Global Step: 9360   Fp16 Grad Scale: 4194304   Required: 246 hours
Training: 2025-04-17 12:58:32,219-Speed 46.83 samples/sec   Loss 0.0334   LearningRate 0.000967   Epoch: 6   Global Step: 9370   Fp16 Grad Scale: 4194304   Required: 246 hours
Training: 2025-04-17 12:58:59,596-Speed 46.76 samples/sec   Loss 0.0399   LearningRate 0.000967   Epoch: 6   Global Step: 9380   Fp16 Grad Scale: 4194304   Required: 246 hours
Training: 2025-04-17 12:59:26,948-Speed 46.80 samples/sec   Loss 0.0568   LearningRate 0.000967   Epoch: 6   Global Step: 9390   Fp16 Grad Scale: 4194304   Required: 246 hours
Training: 2025-04-17 12:59:54,358-Speed 46.70 samples/sec   Loss 0.0194   LearningRate 0.000967   Epoch: 6   Global Step: 9400   Fp16 Grad Scale: 4194304   Required: 246 hours
Training: 2025-04-17 13:00:21,765-Speed 46.71 samples/sec   Loss 0.0382   LearningRate 0.000967   Epoch: 6   Global Step: 9410   Fp16 Grad Scale: 4194304   Required: 246 hours
Training: 2025-04-17 13:00:49,173-Speed 46.70 samples/sec   Loss 0.0257   LearningRate 0.000967   Epoch: 6   Global Step: 9420   Fp16 Grad Scale: 4194304   Required: 246 hours
Training: 2025-04-17 13:01:16,539-Speed 46.78 samples/sec   Loss 0.0219   LearningRate 0.000967   Epoch: 6   Global Step: 9430   Fp16 Grad Scale: 8388608   Required: 246 hours
Training: 2025-04-17 13:01:44,021-Speed 46.58 samples/sec   Loss 0.0383   LearningRate 0.000967   Epoch: 6   Global Step: 9440   Fp16 Grad Scale: 8388608   Required: 246 hours
Training: 2025-04-17 13:02:11,444-Speed 46.68 samples/sec   Loss 0.0190   LearningRate 0.000967   Epoch: 6   Global Step: 9450   Fp16 Grad Scale: 8388608   Required: 246 hours
Training: 2025-04-17 13:02:42,051-Speed 41.82 samples/sec   Loss 0.0265   LearningRate 0.000967   Epoch: 6   Global Step: 9460   Fp16 Grad Scale: 8388608   Required: 246 hours
Training: 2025-04-17 13:03:09,390-Speed 46.82 samples/sec   Loss 0.0291   LearningRate 0.000967   Epoch: 6   Global Step: 9470   Fp16 Grad Scale: 8388608   Required: 246 hours
Training: 2025-04-17 13:03:36,721-Speed 46.83 samples/sec   Loss 0.0630   LearningRate 0.000967   Epoch: 6   Global Step: 9480   Fp16 Grad Scale: 4194304   Required: 246 hours
Training: 2025-04-17 13:04:04,137-Speed 46.69 samples/sec   Loss 0.0271   LearningRate 0.000967   Epoch: 6   Global Step: 9490   Fp16 Grad Scale: 4194304   Required: 246 hours
Training: 2025-04-17 13:04:31,536-Speed 46.72 samples/sec   Loss 0.0179   LearningRate 0.000967   Epoch: 6   Global Step: 9500   Fp16 Grad Scale: 4194304   Required: 245 hours
Training: 2025-04-17 13:04:58,906-Speed 46.77 samples/sec   Loss 0.0307   LearningRate 0.000967   Epoch: 6   Global Step: 9510   Fp16 Grad Scale: 4194304   Required: 245 hours
Training: 2025-04-17 13:05:26,387-Speed 46.58 samples/sec   Loss 0.0416   LearningRate 0.000967   Epoch: 6   Global Step: 9520   Fp16 Grad Scale: 4194304   Required: 245 hours
Training: 2025-04-17 13:05:53,825-Speed 46.65 samples/sec   Loss 0.0753   LearningRate 0.000967   Epoch: 6   Global Step: 9530   Fp16 Grad Scale: 4194304   Required: 245 hours
Training: 2025-04-17 13:06:21,328-Speed 46.54 samples/sec   Loss 0.0290   LearningRate 0.000967   Epoch: 6   Global Step: 9540   Fp16 Grad Scale: 4194304   Required: 245 hours
Training: 2025-04-17 13:06:48,678-Speed 46.80 samples/sec   Loss 0.0350   LearningRate 0.000967   Epoch: 6   Global Step: 9550   Fp16 Grad Scale: 4194304   Required: 245 hours
Training: 2025-04-17 13:07:16,056-Speed 46.75 samples/sec   Loss 0.0188   LearningRate 0.000966   Epoch: 6   Global Step: 9560   Fp16 Grad Scale: 4194304   Required: 245 hours
Training: 2025-04-17 13:07:46,506-Speed 42.04 samples/sec   Loss 0.0330   LearningRate 0.000966   Epoch: 6   Global Step: 9570   Fp16 Grad Scale: 4194304   Required: 245 hours
Training: 2025-04-17 13:08:13,953-Speed 46.64 samples/sec   Loss 0.0444   LearningRate 0.000966   Epoch: 6   Global Step: 9580   Fp16 Grad Scale: 8388608   Required: 245 hours
Training: 2025-04-17 13:08:41,447-Speed 46.56 samples/sec   Loss 0.0287   LearningRate 0.000966   Epoch: 6   Global Step: 9590   Fp16 Grad Scale: 8388608   Required: 245 hours
Training: 2025-04-17 13:09:08,886-Speed 46.65 samples/sec   Loss 0.0348   LearningRate 0.000966   Epoch: 6   Global Step: 9600   Fp16 Grad Scale: 4194304   Required: 245 hours
Training: 2025-04-17 13:09:36,354-Speed 46.60 samples/sec   Loss 0.0228   LearningRate 0.000966   Epoch: 6   Global Step: 9610   Fp16 Grad Scale: 4194304   Required: 245 hours
Training: 2025-04-17 13:10:03,820-Speed 46.60 samples/sec   Loss 0.0289   LearningRate 0.000966   Epoch: 6   Global Step: 9620   Fp16 Grad Scale: 4194304   Required: 245 hours
Training: 2025-04-17 13:10:31,269-Speed 46.63 samples/sec   Loss 0.0410   LearningRate 0.000966   Epoch: 6   Global Step: 9630   Fp16 Grad Scale: 4194304   Required: 245 hours
Training: 2025-04-17 13:10:58,820-Speed 46.46 samples/sec   Loss 0.0244   LearningRate 0.000966   Epoch: 6   Global Step: 9640   Fp16 Grad Scale: 4194304   Required: 245 hours
Training: 2025-04-17 13:11:26,219-Speed 46.72 samples/sec   Loss 0.0282   LearningRate 0.000966   Epoch: 6   Global Step: 9650   Fp16 Grad Scale: 4194304   Required: 245 hours
Training: 2025-04-17 13:11:53,643-Speed 46.68 samples/sec   Loss 0.0248   LearningRate 0.000966   Epoch: 6   Global Step: 9660   Fp16 Grad Scale: 4194304   Required: 245 hours
Training: 2025-04-17 13:12:21,071-Speed 46.67 samples/sec   Loss 0.0473   LearningRate 0.000966   Epoch: 6   Global Step: 9670   Fp16 Grad Scale: 2097152   Required: 245 hours
Training: 2025-04-17 13:12:51,758-Speed 41.71 samples/sec   Loss 0.0368   LearningRate 0.000966   Epoch: 6   Global Step: 9680   Fp16 Grad Scale: 2097152   Required: 245 hours
Training: 2025-04-17 13:13:19,426-Speed 46.26 samples/sec   Loss 0.0413   LearningRate 0.000966   Epoch: 6   Global Step: 9690   Fp16 Grad Scale: 2097152   Required: 245 hours
Training: 2025-04-17 13:13:46,863-Speed 46.65 samples/sec   Loss 0.0872   LearningRate 0.000966   Epoch: 6   Global Step: 9700   Fp16 Grad Scale: 2097152   Required: 245 hours
Training: 2025-04-17 13:14:14,369-Speed 46.54 samples/sec   Loss 0.0328   LearningRate 0.000966   Epoch: 6   Global Step: 9710   Fp16 Grad Scale: 2097152   Required: 245 hours
Training: 2025-04-17 13:14:41,937-Speed 46.43 samples/sec   Loss 0.0378   LearningRate 0.000966   Epoch: 6   Global Step: 9720   Fp16 Grad Scale: 2097152   Required: 245 hours
Training: 2025-04-17 13:15:09,391-Speed 46.62 samples/sec   Loss 0.0415   LearningRate 0.000966   Epoch: 6   Global Step: 9730   Fp16 Grad Scale: 2097152   Required: 245 hours
Training: 2025-04-17 13:15:36,916-Speed 46.52 samples/sec   Loss 0.0484   LearningRate 0.000966   Epoch: 6   Global Step: 9740   Fp16 Grad Scale: 2097152   Required: 244 hours
Training: 2025-04-17 13:16:05,849-Speed 46.66 samples/sec   Loss 0.1200   LearningRate 0.000966   Epoch: 6   Global Step: 9750   Fp16 Grad Scale: 2097152   Required: 244 hours
Training: 2025-04-17 13:16:33,290-Speed 46.65 samples/sec   Loss 0.0679   LearningRate 0.000966   Epoch: 6   Global Step: 9760   Fp16 Grad Scale: 2097152   Required: 244 hours
Training: 2025-04-17 13:17:00,771-Speed 46.58 samples/sec   Loss 0.0495   LearningRate 0.000966   Epoch: 6   Global Step: 9770   Fp16 Grad Scale: 4194304   Required: 244 hours
Training: 2025-04-17 13:17:28,256-Speed 46.57 samples/sec   Loss 0.0656   LearningRate 0.000966   Epoch: 6   Global Step: 9780   Fp16 Grad Scale: 4194304   Required: 244 hours
Training: 2025-04-17 13:17:58,940-Speed 41.72 samples/sec   Loss 0.0368   LearningRate 0.000966   Epoch: 6   Global Step: 9790   Fp16 Grad Scale: 4194304   Required: 244 hours
Training: 2025-04-17 13:18:26,489-Speed 46.46 samples/sec   Loss 0.0692   LearningRate 0.000966   Epoch: 6   Global Step: 9800   Fp16 Grad Scale: 4194304   Required: 244 hours
Training: 2025-04-17 13:18:54,000-Speed 46.53 samples/sec   Loss 0.0539   LearningRate 0.000966   Epoch: 6   Global Step: 9810   Fp16 Grad Scale: 4194304   Required: 244 hours
Training: 2025-04-17 13:19:21,439-Speed 46.65 samples/sec   Loss 0.0976   LearningRate 0.000966   Epoch: 6   Global Step: 9820   Fp16 Grad Scale: 4194304   Required: 244 hours
Training: 2025-04-17 13:19:48,948-Speed 46.53 samples/sec   Loss 0.0972   LearningRate 0.000966   Epoch: 6   Global Step: 9830   Fp16 Grad Scale: 4194304   Required: 244 hours
Training: 2025-04-17 13:20:16,506-Speed 46.45 samples/sec   Loss 0.0552   LearningRate 0.000965   Epoch: 6   Global Step: 9840   Fp16 Grad Scale: 4194304   Required: 244 hours
Training: 2025-04-17 13:20:44,138-Speed 46.32 samples/sec   Loss 0.0702   LearningRate 0.000965   Epoch: 6   Global Step: 9850   Fp16 Grad Scale: 4194304   Required: 244 hours
Training: 2025-04-17 13:21:11,693-Speed 46.45 samples/sec   Loss 0.0518   LearningRate 0.000965   Epoch: 6   Global Step: 9860   Fp16 Grad Scale: 4194304   Required: 244 hours
Training: 2025-04-17 13:21:39,069-Speed 46.76 samples/sec   Loss 0.0523   LearningRate 0.000965   Epoch: 6   Global Step: 9870   Fp16 Grad Scale: 8388608   Required: 244 hours
Training: 2025-04-17 13:22:06,516-Speed 46.64 samples/sec   Loss 0.0558   LearningRate 0.000965   Epoch: 6   Global Step: 9880   Fp16 Grad Scale: 4194304   Required: 244 hours
Training: 2025-04-17 13:22:37,207-Speed 41.71 samples/sec   Loss 0.0676   LearningRate 0.000965   Epoch: 6   Global Step: 9890   Fp16 Grad Scale: 4194304   Required: 244 hours
Training: 2025-04-17 13:23:04,777-Speed 46.43 samples/sec   Loss 0.0360   LearningRate 0.000965   Epoch: 6   Global Step: 9900   Fp16 Grad Scale: 2097152   Required: 244 hours
Training: 2025-04-17 13:23:32,253-Speed 46.59 samples/sec   Loss 0.0594   LearningRate 0.000965   Epoch: 6   Global Step: 9910   Fp16 Grad Scale: 2097152   Required: 244 hours
Training: 2025-04-17 13:23:59,849-Speed 46.38 samples/sec   Loss 0.0395   LearningRate 0.000965   Epoch: 6   Global Step: 9920   Fp16 Grad Scale: 2097152   Required: 244 hours
Training: 2025-04-17 13:24:27,462-Speed 46.36 samples/sec   Loss 0.0591   LearningRate 0.000965   Epoch: 6   Global Step: 9930   Fp16 Grad Scale: 2097152   Required: 244 hours
Training: 2025-04-17 13:24:55,189-Speed 46.17 samples/sec   Loss 0.0392   LearningRate 0.000965   Epoch: 6   Global Step: 9940   Fp16 Grad Scale: 2097152   Required: 244 hours
Training: 2025-04-17 13:25:22,922-Speed 46.16 samples/sec   Loss 0.0461   LearningRate 0.000965   Epoch: 6   Global Step: 9950   Fp16 Grad Scale: 2097152   Required: 244 hours
Training: 2025-04-17 13:25:52,056-Speed 43.94 samples/sec   Loss 0.0406   LearningRate 0.000965   Epoch: 6   Global Step: 9960   Fp16 Grad Scale: 2097152   Required: 244 hours
Training: 2025-04-17 13:26:19,834-Speed 46.08 samples/sec   Loss 0.0401   LearningRate 0.000965   Epoch: 6   Global Step: 9970   Fp16 Grad Scale: 2097152   Required: 244 hours
Training: 2025-04-17 13:26:48,270-Speed 45.01 samples/sec   Loss 0.0596   LearningRate 0.000965   Epoch: 6   Global Step: 9980   Fp16 Grad Scale: 2097152   Required: 244 hours
Training: 2025-04-17 13:27:32,139-Speed 29.18 samples/sec   Loss 0.0556   LearningRate 0.000965   Epoch: 7   Global Step: 9990   Fp16 Grad Scale: 2097152   Required: 244 hours
Training: 2025-04-17 13:28:02,744-Speed 41.82 samples/sec   Loss 0.0134   LearningRate 0.000965   Epoch: 7   Global Step: 10000   Fp16 Grad Scale: 4194304   Required: 244 hours
Training: 2025-04-17 13:29:21,943-[val][Global step: 10000] d prime: 6.2223405838012695
Training: 2025-04-17 13:29:49,243-Speed 12.02 samples/sec   Loss 0.0162   LearningRate 0.000965   Epoch: 7   Global Step: 10010   Fp16 Grad Scale: 4194304   Required: 244 hours
Training: 2025-04-17 13:30:16,635-Speed 46.73 samples/sec   Loss 0.0168   LearningRate 0.000965   Epoch: 7   Global Step: 10020   Fp16 Grad Scale: 4194304   Required: 244 hours
Training: 2025-04-17 13:30:44,020-Speed 46.74 samples/sec   Loss 0.0358   LearningRate 0.000965   Epoch: 7   Global Step: 10030   Fp16 Grad Scale: 4194304   Required: 244 hours
Training: 2025-04-17 13:31:11,492-Speed 46.59 samples/sec   Loss 0.0727   LearningRate 0.000965   Epoch: 7   Global Step: 10040   Fp16 Grad Scale: 4194304   Required: 244 hours
Training: 2025-04-17 13:31:39,273-Speed 46.08 samples/sec   Loss 0.0359   LearningRate 0.000965   Epoch: 7   Global Step: 10050   Fp16 Grad Scale: 4194304   Required: 244 hours
Training: 2025-04-17 13:32:06,888-Speed 46.35 samples/sec   Loss 0.0353   LearningRate 0.000965   Epoch: 7   Global Step: 10060   Fp16 Grad Scale: 4194304   Required: 244 hours
Training: 2025-04-17 13:32:37,536-Speed 41.77 samples/sec   Loss 0.0435   LearningRate 0.000965   Epoch: 7   Global Step: 10070   Fp16 Grad Scale: 4194304   Required: 244 hours
Training: 2025-04-17 13:33:05,044-Speed 46.53 samples/sec   Loss 0.0208   LearningRate 0.000965   Epoch: 7   Global Step: 10080   Fp16 Grad Scale: 4194304   Required: 244 hours
Training: 2025-04-17 13:33:32,635-Speed 46.39 samples/sec   Loss 0.0203   LearningRate 0.000965   Epoch: 7   Global Step: 10090   Fp16 Grad Scale: 4194304   Required: 244 hours
Training: 2025-04-17 13:34:00,215-Speed 46.41 samples/sec   Loss 0.0208   LearningRate 0.000965   Epoch: 7   Global Step: 10100   Fp16 Grad Scale: 8388608   Required: 244 hours
Training: 2025-04-17 13:34:27,793-Speed 46.42 samples/sec   Loss 0.0131   LearningRate 0.000965   Epoch: 7   Global Step: 10110   Fp16 Grad Scale: 8388608   Required: 244 hours
Training: 2025-04-17 13:34:55,259-Speed 46.60 samples/sec   Loss 0.0252   LearningRate 0.000965   Epoch: 7   Global Step: 10120   Fp16 Grad Scale: 4194304   Required: 244 hours
Training: 2025-04-17 13:35:22,667-Speed 46.70 samples/sec   Loss 0.0162   LearningRate 0.000964   Epoch: 7   Global Step: 10130   Fp16 Grad Scale: 4194304   Required: 244 hours
Training: 2025-04-17 13:35:51,385-Speed 44.57 samples/sec   Loss 0.0242   LearningRate 0.000964   Epoch: 7   Global Step: 10140   Fp16 Grad Scale: 2097152   Required: 244 hours
Training: 2025-04-17 13:36:18,843-Speed 46.62 samples/sec   Loss 0.0163   LearningRate 0.000964   Epoch: 7   Global Step: 10150   Fp16 Grad Scale: 2097152   Required: 244 hours
Training: 2025-04-17 13:36:46,377-Speed 46.49 samples/sec   Loss 0.0096   LearningRate 0.000964   Epoch: 7   Global Step: 10160   Fp16 Grad Scale: 2097152   Required: 244 hours
Training: 2025-04-17 13:37:13,833-Speed 46.62 samples/sec   Loss 0.0437   LearningRate 0.000964   Epoch: 7   Global Step: 10170   Fp16 Grad Scale: 2097152   Required: 243 hours
Training: 2025-04-17 13:37:44,270-Speed 42.05 samples/sec   Loss 0.0687   LearningRate 0.000964   Epoch: 7   Global Step: 10180   Fp16 Grad Scale: 2097152   Required: 243 hours
Training: 2025-04-17 13:38:11,780-Speed 46.53 samples/sec   Loss 0.0886   LearningRate 0.000964   Epoch: 7   Global Step: 10190   Fp16 Grad Scale: 2097152   Required: 243 hours
Training: 2025-04-17 13:38:39,327-Speed 46.47 samples/sec   Loss 0.0328   LearningRate 0.000964   Epoch: 7   Global Step: 10200   Fp16 Grad Scale: 2097152   Required: 243 hours
Training: 2025-04-17 13:39:07,098-Speed 46.09 samples/sec   Loss 0.0262   LearningRate 0.000964   Epoch: 7   Global Step: 10210   Fp16 Grad Scale: 2097152   Required: 243 hours
Training: 2025-04-17 13:39:34,669-Speed 46.43 samples/sec   Loss 0.0143   LearningRate 0.000964   Epoch: 7   Global Step: 10220   Fp16 Grad Scale: 2097152   Required: 243 hours
Training: 2025-04-17 13:40:02,303-Speed 46.32 samples/sec   Loss 0.0255   LearningRate 0.000964   Epoch: 7   Global Step: 10230   Fp16 Grad Scale: 2097152   Required: 243 hours
Training: 2025-04-17 13:40:29,873-Speed 46.43 samples/sec   Loss 0.0808   LearningRate 0.000964   Epoch: 7   Global Step: 10240   Fp16 Grad Scale: 4194304   Required: 243 hours
Training: 2025-04-17 13:40:57,482-Speed 46.36 samples/sec   Loss 0.0238   LearningRate 0.000964   Epoch: 7   Global Step: 10250   Fp16 Grad Scale: 4194304   Required: 243 hours
Training: 2025-04-17 13:41:25,104-Speed 46.34 samples/sec   Loss 0.0201   LearningRate 0.000964   Epoch: 7   Global Step: 10260   Fp16 Grad Scale: 4194304   Required: 243 hours
Training: 2025-04-17 13:41:52,646-Speed 46.48 samples/sec   Loss 0.0253   LearningRate 0.000964   Epoch: 7   Global Step: 10270   Fp16 Grad Scale: 4194304   Required: 243 hours
Training: 2025-04-17 13:42:20,174-Speed 46.50 samples/sec   Loss 0.0379   LearningRate 0.000964   Epoch: 7   Global Step: 10280   Fp16 Grad Scale: 4194304   Required: 243 hours
Training: 2025-04-17 13:42:50,827-Speed 41.76 samples/sec   Loss 0.0186   LearningRate 0.000964   Epoch: 7   Global Step: 10290   Fp16 Grad Scale: 4194304   Required: 243 hours
Training: 2025-04-17 13:43:18,492-Speed 46.27 samples/sec   Loss 0.0158   LearningRate 0.000964   Epoch: 7   Global Step: 10300   Fp16 Grad Scale: 4194304   Required: 243 hours
Training: 2025-04-17 13:43:46,235-Speed 46.14 samples/sec   Loss 0.0499   LearningRate 0.000964   Epoch: 7   Global Step: 10310   Fp16 Grad Scale: 4194304   Required: 243 hours
Training: 2025-04-17 13:44:13,873-Speed 46.31 samples/sec   Loss 0.0103   LearningRate 0.000964   Epoch: 7   Global Step: 10320   Fp16 Grad Scale: 4194304   Required: 243 hours
Training: 2025-04-17 13:44:41,416-Speed 46.47 samples/sec   Loss 0.0174   LearningRate 0.000964   Epoch: 7   Global Step: 10330   Fp16 Grad Scale: 4194304   Required: 243 hours
Training: 2025-04-17 13:45:08,972-Speed 46.45 samples/sec   Loss 0.0132   LearningRate 0.000964   Epoch: 7   Global Step: 10340   Fp16 Grad Scale: 8388608   Required: 243 hours
Training: 2025-04-17 13:45:36,630-Speed 46.28 samples/sec   Loss 0.0205   LearningRate 0.000964   Epoch: 7   Global Step: 10350   Fp16 Grad Scale: 8388608   Required: 243 hours
Training: 2025-04-17 13:46:04,504-Speed 45.92 samples/sec   Loss 0.0355   LearningRate 0.000964   Epoch: 7   Global Step: 10360   Fp16 Grad Scale: 8388608   Required: 243 hours
Training: 2025-04-17 13:46:32,114-Speed 46.36 samples/sec   Loss 0.0160   LearningRate 0.000964   Epoch: 7   Global Step: 10370   Fp16 Grad Scale: 8388608   Required: 243 hours
Training: 2025-04-17 13:46:59,764-Speed 46.29 samples/sec   Loss 0.0136   LearningRate 0.000964   Epoch: 7   Global Step: 10380   Fp16 Grad Scale: 8388608   Required: 243 hours
Training: 2025-04-17 13:47:27,440-Speed 46.25 samples/sec   Loss 0.0617   LearningRate 0.000964   Epoch: 7   Global Step: 10390   Fp16 Grad Scale: 8388608   Required: 243 hours
Training: 2025-04-17 13:47:58,421-Speed 41.32 samples/sec   Loss 0.0240   LearningRate 0.000964   Epoch: 7   Global Step: 10400   Fp16 Grad Scale: 8388608   Required: 243 hours
Training: 2025-04-17 13:48:26,060-Speed 46.31 samples/sec   Loss 0.0179   LearningRate 0.000963   Epoch: 7   Global Step: 10410   Fp16 Grad Scale: 8388608   Required: 243 hours
Training: 2025-04-17 13:48:53,671-Speed 46.36 samples/sec   Loss 0.0077   LearningRate 0.000963   Epoch: 7   Global Step: 10420   Fp16 Grad Scale: 8388608   Required: 243 hours
Training: 2025-04-17 13:49:21,206-Speed 46.49 samples/sec   Loss 0.0218   LearningRate 0.000963   Epoch: 7   Global Step: 10430   Fp16 Grad Scale: 8388608   Required: 243 hours
Training: 2025-04-17 13:49:48,894-Speed 46.23 samples/sec   Loss 0.0143   LearningRate 0.000963   Epoch: 7   Global Step: 10440   Fp16 Grad Scale: 16777216   Required: 242 hours
Training: 2025-04-17 13:50:16,644-Speed 46.13 samples/sec   Loss 0.0999   LearningRate 0.000963   Epoch: 7   Global Step: 10450   Fp16 Grad Scale: 16777216   Required: 242 hours
Training: 2025-04-17 13:50:44,330-Speed 46.23 samples/sec   Loss 0.0257   LearningRate 0.000963   Epoch: 7   Global Step: 10460   Fp16 Grad Scale: 4194304   Required: 242 hours
Training: 2025-04-17 13:51:12,073-Speed 46.14 samples/sec   Loss 0.0159   LearningRate 0.000963   Epoch: 7   Global Step: 10470   Fp16 Grad Scale: 4194304   Required: 242 hours
Training: 2025-04-17 13:51:39,772-Speed 46.21 samples/sec   Loss 0.0165   LearningRate 0.000963   Epoch: 7   Global Step: 10480   Fp16 Grad Scale: 4194304   Required: 242 hours
Training: 2025-04-17 13:52:07,587-Speed 46.02 samples/sec   Loss 0.0216   LearningRate 0.000963   Epoch: 7   Global Step: 10490   Fp16 Grad Scale: 4194304   Required: 242 hours
Training: 2025-04-17 13:52:36,999-Speed 43.52 samples/sec   Loss 0.0140   LearningRate 0.000963   Epoch: 7   Global Step: 10500   Fp16 Grad Scale: 4194304   Required: 242 hours
Training: 2025-04-17 13:53:06,154-Speed 43.90 samples/sec   Loss 0.0120   LearningRate 0.000963   Epoch: 7   Global Step: 10510   Fp16 Grad Scale: 4194304   Required: 242 hours
Training: 2025-04-17 13:53:33,858-Speed 46.20 samples/sec   Loss 0.0156   LearningRate 0.000963   Epoch: 7   Global Step: 10520   Fp16 Grad Scale: 4194304   Required: 242 hours
Training: 2025-04-17 13:54:01,444-Speed 46.40 samples/sec   Loss 0.0134   LearningRate 0.000963   Epoch: 7   Global Step: 10530   Fp16 Grad Scale: 4194304   Required: 242 hours
Training: 2025-04-17 13:54:29,191-Speed 46.13 samples/sec   Loss 0.0123   LearningRate 0.000963   Epoch: 7   Global Step: 10540   Fp16 Grad Scale: 4194304   Required: 242 hours
Training: 2025-04-17 13:54:56,940-Speed 46.13 samples/sec   Loss 0.0238   LearningRate 0.000963   Epoch: 7   Global Step: 10550   Fp16 Grad Scale: 4194304   Required: 242 hours
Training: 2025-04-17 13:55:24,521-Speed 46.41 samples/sec   Loss 0.0125   LearningRate 0.000963   Epoch: 7   Global Step: 10560   Fp16 Grad Scale: 8388608   Required: 242 hours
Training: 2025-04-17 13:55:52,928-Speed 45.06 samples/sec   Loss 0.0566   LearningRate 0.000963   Epoch: 7   Global Step: 10570   Fp16 Grad Scale: 8388608   Required: 242 hours
Training: 2025-04-17 13:56:20,777-Speed 45.96 samples/sec   Loss 0.0240   LearningRate 0.000963   Epoch: 7   Global Step: 10580   Fp16 Grad Scale: 8388608   Required: 242 hours
Training: 2025-04-17 13:56:49,365-Speed 44.77 samples/sec   Loss 0.0142   LearningRate 0.000963   Epoch: 7   Global Step: 10590   Fp16 Grad Scale: 8388608   Required: 242 hours
Training: 2025-04-17 13:57:17,959-Speed 44.77 samples/sec   Loss 0.0100   LearningRate 0.000963   Epoch: 7   Global Step: 10600   Fp16 Grad Scale: 8388608   Required: 242 hours
Training: 2025-04-17 13:57:48,749-Speed 41.57 samples/sec   Loss 0.0307   LearningRate 0.000963   Epoch: 7   Global Step: 10610   Fp16 Grad Scale: 8388608   Required: 242 hours
Training: 2025-04-17 13:58:16,409-Speed 46.28 samples/sec   Loss 0.0209   LearningRate 0.000963   Epoch: 7   Global Step: 10620   Fp16 Grad Scale: 8388608   Required: 242 hours
Training: 2025-04-17 13:58:44,116-Speed 46.20 samples/sec   Loss 0.0441   LearningRate 0.000963   Epoch: 7   Global Step: 10630   Fp16 Grad Scale: 8388608   Required: 242 hours
Training: 2025-04-17 13:59:11,775-Speed 46.28 samples/sec   Loss 0.0171   LearningRate 0.000963   Epoch: 7   Global Step: 10640   Fp16 Grad Scale: 8388608   Required: 242 hours
Training: 2025-04-17 13:59:39,648-Speed 45.92 samples/sec   Loss 0.0267   LearningRate 0.000963   Epoch: 7   Global Step: 10650   Fp16 Grad Scale: 4194304   Required: 242 hours
Training: 2025-04-17 14:00:07,643-Speed 45.72 samples/sec   Loss 0.0388   LearningRate 0.000963   Epoch: 7   Global Step: 10660   Fp16 Grad Scale: 4194304   Required: 242 hours
Training: 2025-04-17 14:00:35,323-Speed 46.24 samples/sec   Loss 0.0219   LearningRate 0.000963   Epoch: 7   Global Step: 10670   Fp16 Grad Scale: 4194304   Required: 242 hours
Training: 2025-04-17 14:01:03,080-Speed 46.12 samples/sec   Loss 0.0103   LearningRate 0.000963   Epoch: 7   Global Step: 10680   Fp16 Grad Scale: 4194304   Required: 242 hours
Training: 2025-04-17 14:01:30,798-Speed 46.18 samples/sec   Loss 0.0104   LearningRate 0.000963   Epoch: 7   Global Step: 10690   Fp16 Grad Scale: 4194304   Required: 242 hours
Training: 2025-04-17 14:01:58,643-Speed 45.97 samples/sec   Loss 0.0087   LearningRate 0.000962   Epoch: 7   Global Step: 10700   Fp16 Grad Scale: 4194304   Required: 242 hours
Training: 2025-04-17 14:02:26,407-Speed 46.10 samples/sec   Loss 0.0237   LearningRate 0.000962   Epoch: 7   Global Step: 10710   Fp16 Grad Scale: 4194304   Required: 242 hours
Training: 2025-04-17 14:02:57,288-Speed 41.45 samples/sec   Loss 0.0307   LearningRate 0.000962   Epoch: 7   Global Step: 10720   Fp16 Grad Scale: 4194304   Required: 242 hours
Training: 2025-04-17 14:03:25,055-Speed 46.10 samples/sec   Loss 0.0181   LearningRate 0.000962   Epoch: 7   Global Step: 10730   Fp16 Grad Scale: 4194304   Required: 241 hours
Training: 2025-04-17 14:03:52,833-Speed 46.08 samples/sec   Loss 0.0156   LearningRate 0.000962   Epoch: 7   Global Step: 10740   Fp16 Grad Scale: 4194304   Required: 241 hours
Training: 2025-04-17 14:04:20,615-Speed 46.07 samples/sec   Loss 0.0385   LearningRate 0.000962   Epoch: 7   Global Step: 10750   Fp16 Grad Scale: 8388608   Required: 241 hours
Training: 2025-04-17 14:04:48,489-Speed 45.92 samples/sec   Loss 0.0248   LearningRate 0.000962   Epoch: 7   Global Step: 10760   Fp16 Grad Scale: 8388608   Required: 241 hours
Training: 2025-04-17 14:05:16,263-Speed 46.09 samples/sec   Loss 0.0315   LearningRate 0.000962   Epoch: 7   Global Step: 10770   Fp16 Grad Scale: 4194304   Required: 241 hours
Training: 2025-04-17 14:05:44,089-Speed 46.00 samples/sec   Loss 0.0210   LearningRate 0.000962   Epoch: 7   Global Step: 10780   Fp16 Grad Scale: 4194304   Required: 241 hours
Training: 2025-04-17 14:06:11,862-Speed 46.09 samples/sec   Loss 0.0739   LearningRate 0.000962   Epoch: 7   Global Step: 10790   Fp16 Grad Scale: 4194304   Required: 241 hours
Training: 2025-04-17 14:06:39,733-Speed 45.93 samples/sec   Loss 0.0182   LearningRate 0.000962   Epoch: 7   Global Step: 10800   Fp16 Grad Scale: 4194304   Required: 241 hours
Training: 2025-04-17 14:07:07,513-Speed 46.08 samples/sec   Loss 0.0381   LearningRate 0.000962   Epoch: 7   Global Step: 10810   Fp16 Grad Scale: 4194304   Required: 241 hours
Training: 2025-04-17 14:07:36,826-Speed 43.67 samples/sec   Loss 0.0422   LearningRate 0.000962   Epoch: 7   Global Step: 10820   Fp16 Grad Scale: 4194304   Required: 241 hours
Training: 2025-04-17 14:08:06,252-Speed 43.50 samples/sec   Loss 0.0266   LearningRate 0.000962   Epoch: 7   Global Step: 10830   Fp16 Grad Scale: 4194304   Required: 241 hours
Training: 2025-04-17 14:08:34,124-Speed 45.93 samples/sec   Loss 0.0198   LearningRate 0.000962   Epoch: 7   Global Step: 10840   Fp16 Grad Scale: 4194304   Required: 241 hours
Training: 2025-04-17 14:09:02,035-Speed 45.86 samples/sec   Loss 0.0250   LearningRate 0.000962   Epoch: 7   Global Step: 10850   Fp16 Grad Scale: 4194304   Required: 241 hours
Training: 2025-04-17 14:09:29,827-Speed 46.06 samples/sec   Loss 0.0408   LearningRate 0.000962   Epoch: 7   Global Step: 10860   Fp16 Grad Scale: 4194304   Required: 241 hours
Training: 2025-04-17 14:09:57,532-Speed 46.20 samples/sec   Loss 0.0515   LearningRate 0.000962   Epoch: 7   Global Step: 10870   Fp16 Grad Scale: 8388608   Required: 241 hours
Training: 2025-04-17 14:10:25,309-Speed 46.08 samples/sec   Loss 0.0527   LearningRate 0.000962   Epoch: 7   Global Step: 10880   Fp16 Grad Scale: 4194304   Required: 241 hours
Training: 2025-04-17 14:10:55,419-Speed 45.81 samples/sec   Loss 0.0169   LearningRate 0.000962   Epoch: 7   Global Step: 10890   Fp16 Grad Scale: 4194304   Required: 241 hours
Training: 2025-04-17 14:11:23,171-Speed 46.13 samples/sec   Loss 0.0128   LearningRate 0.000962   Epoch: 7   Global Step: 10900   Fp16 Grad Scale: 4194304   Required: 241 hours
Training: 2025-04-17 14:11:50,923-Speed 46.12 samples/sec   Loss 0.0275   LearningRate 0.000962   Epoch: 7   Global Step: 10910   Fp16 Grad Scale: 4194304   Required: 241 hours
Training: 2025-04-17 14:12:18,994-Speed 45.60 samples/sec   Loss 0.0249   LearningRate 0.000962   Epoch: 7   Global Step: 10920   Fp16 Grad Scale: 4194304   Required: 241 hours
Training: 2025-04-17 14:12:50,174-Speed 41.05 samples/sec   Loss 0.0272   LearningRate 0.000962   Epoch: 7   Global Step: 10930   Fp16 Grad Scale: 4194304   Required: 241 hours
Training: 2025-04-17 14:13:18,106-Speed 45.83 samples/sec   Loss 0.0182   LearningRate 0.000962   Epoch: 7   Global Step: 10940   Fp16 Grad Scale: 4194304   Required: 241 hours
Training: 2025-04-17 14:13:45,938-Speed 45.99 samples/sec   Loss 0.0449   LearningRate 0.000962   Epoch: 7   Global Step: 10950   Fp16 Grad Scale: 4194304   Required: 241 hours
Training: 2025-04-17 14:14:13,738-Speed 46.04 samples/sec   Loss 0.0226   LearningRate 0.000962   Epoch: 7   Global Step: 10960   Fp16 Grad Scale: 4194304   Required: 241 hours
Training: 2025-04-17 14:14:41,585-Speed 45.97 samples/sec   Loss 0.0320   LearningRate 0.000962   Epoch: 7   Global Step: 10970   Fp16 Grad Scale: 4194304   Required: 241 hours
Training: 2025-04-17 14:15:09,643-Speed 45.62 samples/sec   Loss 0.0272   LearningRate 0.000962   Epoch: 7   Global Step: 10980   Fp16 Grad Scale: 8388608   Required: 241 hours
Training: 2025-04-17 14:15:37,425-Speed 46.07 samples/sec   Loss 0.0168   LearningRate 0.000961   Epoch: 7   Global Step: 10990   Fp16 Grad Scale: 8388608   Required: 241 hours
Training: 2025-04-17 14:16:05,286-Speed 45.94 samples/sec   Loss 0.0155   LearningRate 0.000961   Epoch: 7   Global Step: 11000   Fp16 Grad Scale: 8388608   Required: 241 hours
Training: 2025-04-17 14:16:33,122-Speed 45.99 samples/sec   Loss 0.0157   LearningRate 0.000961   Epoch: 7   Global Step: 11010   Fp16 Grad Scale: 4194304   Required: 241 hours
Training: 2025-04-17 14:17:00,961-Speed 45.98 samples/sec   Loss 0.0549   LearningRate 0.000961   Epoch: 7   Global Step: 11020   Fp16 Grad Scale: 4194304   Required: 241 hours
Training: 2025-04-17 14:17:28,817-Speed 45.95 samples/sec   Loss 0.0243   LearningRate 0.000961   Epoch: 7   Global Step: 11030   Fp16 Grad Scale: 4194304   Required: 240 hours
Training: 2025-04-17 14:17:59,853-Speed 41.24 samples/sec   Loss 0.0739   LearningRate 0.000961   Epoch: 7   Global Step: 11040   Fp16 Grad Scale: 4194304   Required: 240 hours
Training: 2025-04-17 14:18:27,665-Speed 46.02 samples/sec   Loss 0.0238   LearningRate 0.000961   Epoch: 7   Global Step: 11050   Fp16 Grad Scale: 4194304   Required: 240 hours
Training: 2025-04-17 14:18:55,539-Speed 45.92 samples/sec   Loss 0.0795   LearningRate 0.000961   Epoch: 7   Global Step: 11060   Fp16 Grad Scale: 4194304   Required: 240 hours
Training: 2025-04-17 14:19:23,415-Speed 45.92 samples/sec   Loss 0.0269   LearningRate 0.000961   Epoch: 7   Global Step: 11070   Fp16 Grad Scale: 4194304   Required: 240 hours
Training: 2025-04-17 14:19:51,377-Speed 45.78 samples/sec   Loss 0.0263   LearningRate 0.000961   Epoch: 7   Global Step: 11080   Fp16 Grad Scale: 4194304   Required: 240 hours
Training: 2025-04-17 14:20:19,393-Speed 45.69 samples/sec   Loss 0.0196   LearningRate 0.000961   Epoch: 7   Global Step: 11090   Fp16 Grad Scale: 4194304   Required: 240 hours
Training: 2025-04-17 14:20:47,293-Speed 45.88 samples/sec   Loss 0.0268   LearningRate 0.000961   Epoch: 7   Global Step: 11100   Fp16 Grad Scale: 4194304   Required: 240 hours
Training: 2025-04-17 14:21:15,071-Speed 46.08 samples/sec   Loss 0.0438   LearningRate 0.000961   Epoch: 7   Global Step: 11110   Fp16 Grad Scale: 4194304   Required: 240 hours
Training: 2025-04-17 14:21:42,913-Speed 45.98 samples/sec   Loss 0.0333   LearningRate 0.000961   Epoch: 7   Global Step: 11120   Fp16 Grad Scale: 4194304   Required: 240 hours
Training: 2025-04-17 14:22:10,781-Speed 45.93 samples/sec   Loss 0.0220   LearningRate 0.000961   Epoch: 7   Global Step: 11130   Fp16 Grad Scale: 4194304   Required: 240 hours
Training: 2025-04-17 14:22:41,560-Speed 41.59 samples/sec   Loss 0.0168   LearningRate 0.000961   Epoch: 7   Global Step: 11140   Fp16 Grad Scale: 4194304   Required: 240 hours
Training: 2025-04-17 14:23:09,373-Speed 46.02 samples/sec   Loss 0.0209   LearningRate 0.000961   Epoch: 7   Global Step: 11150   Fp16 Grad Scale: 4194304   Required: 240 hours
Training: 2025-04-17 14:23:37,362-Speed 45.73 samples/sec   Loss 0.0266   LearningRate 0.000961   Epoch: 7   Global Step: 11160   Fp16 Grad Scale: 4194304   Required: 240 hours
Training: 2025-04-17 14:24:05,350-Speed 45.73 samples/sec   Loss 0.0144   LearningRate 0.000961   Epoch: 7   Global Step: 11170   Fp16 Grad Scale: 4194304   Required: 240 hours
Training: 2025-04-17 14:24:33,261-Speed 45.86 samples/sec   Loss 0.0284   LearningRate 0.000961   Epoch: 7   Global Step: 11180   Fp16 Grad Scale: 4194304   Required: 240 hours
Training: 2025-04-17 14:25:01,232-Speed 45.76 samples/sec   Loss 0.0199   LearningRate 0.000961   Epoch: 7   Global Step: 11190   Fp16 Grad Scale: 2097152   Required: 240 hours
Training: 2025-04-17 14:25:29,156-Speed 45.84 samples/sec   Loss 0.0218   LearningRate 0.000961   Epoch: 7   Global Step: 11200   Fp16 Grad Scale: 2097152   Required: 240 hours
Training: 2025-04-17 14:25:58,356-Speed 43.84 samples/sec   Loss 0.0296   LearningRate 0.000961   Epoch: 7   Global Step: 11210   Fp16 Grad Scale: 2097152   Required: 240 hours
Training: 2025-04-17 14:26:27,070-Speed 44.58 samples/sec   Loss 0.0205   LearningRate 0.000961   Epoch: 7   Global Step: 11220   Fp16 Grad Scale: 2097152   Required: 240 hours
Training: 2025-04-17 14:26:56,140-Speed 44.03 samples/sec   Loss 0.0729   LearningRate 0.000961   Epoch: 7   Global Step: 11230   Fp16 Grad Scale: 2097152   Required: 240 hours
Training: 2025-04-17 14:27:24,315-Speed 45.43 samples/sec   Loss 0.0230   LearningRate 0.000961   Epoch: 7   Global Step: 11240   Fp16 Grad Scale: 2097152   Required: 240 hours
Training: 2025-04-17 14:27:55,299-Speed 41.31 samples/sec   Loss 0.0135   LearningRate 0.000961   Epoch: 7   Global Step: 11250   Fp16 Grad Scale: 2097152   Required: 240 hours
Training: 2025-04-17 14:28:23,130-Speed 45.99 samples/sec   Loss 0.0565   LearningRate 0.000961   Epoch: 7   Global Step: 11260   Fp16 Grad Scale: 2097152   Required: 240 hours
Training: 2025-04-17 14:28:51,034-Speed 45.87 samples/sec   Loss 0.0360   LearningRate 0.000960   Epoch: 7   Global Step: 11270   Fp16 Grad Scale: 2097152   Required: 240 hours
Training: 2025-04-17 14:29:18,878-Speed 45.97 samples/sec   Loss 0.0750   LearningRate 0.000960   Epoch: 7   Global Step: 11280   Fp16 Grad Scale: 2097152   Required: 240 hours
Training: 2025-04-17 14:29:47,053-Speed 45.43 samples/sec   Loss 0.0301   LearningRate 0.000960   Epoch: 7   Global Step: 11290   Fp16 Grad Scale: 4194304   Required: 240 hours
Training: 2025-04-17 14:30:14,750-Speed 46.22 samples/sec   Loss 0.0529   LearningRate 0.000960   Epoch: 7   Global Step: 11300   Fp16 Grad Scale: 4194304   Required: 240 hours
Training: 2025-04-17 14:30:42,560-Speed 46.03 samples/sec   Loss 0.0248   LearningRate 0.000960   Epoch: 7   Global Step: 11310   Fp16 Grad Scale: 4194304   Required: 240 hours
Training: 2025-04-17 14:31:10,428-Speed 45.93 samples/sec   Loss 0.0313   LearningRate 0.000960   Epoch: 7   Global Step: 11320   Fp16 Grad Scale: 4194304   Required: 240 hours
Training: 2025-04-17 14:31:38,325-Speed 45.88 samples/sec   Loss 0.0383   LearningRate 0.000960   Epoch: 7   Global Step: 11330   Fp16 Grad Scale: 4194304   Required: 240 hours
Training: 2025-04-17 14:32:06,271-Speed 45.80 samples/sec   Loss 0.0437   LearningRate 0.000960   Epoch: 7   Global Step: 11340   Fp16 Grad Scale: 4194304   Required: 240 hours
Training: 2025-04-17 14:32:35,076-Speed 44.44 samples/sec   Loss 0.0314   LearningRate 0.000960   Epoch: 7   Global Step: 11350   Fp16 Grad Scale: 4194304   Required: 240 hours
Training: 2025-04-17 14:33:06,724-Speed 40.45 samples/sec   Loss 0.0280   LearningRate 0.000960   Epoch: 7   Global Step: 11360   Fp16 Grad Scale: 4194304   Required: 240 hours
Training: 2025-04-17 14:33:35,101-Speed 45.11 samples/sec   Loss 0.0431   LearningRate 0.000960   Epoch: 7   Global Step: 11370   Fp16 Grad Scale: 4194304   Required: 239 hours
Training: 2025-04-17 14:34:03,139-Speed 45.65 samples/sec   Loss 0.0418   LearningRate 0.000960   Epoch: 7   Global Step: 11380   Fp16 Grad Scale: 4194304   Required: 239 hours
Training: 2025-04-17 14:34:30,964-Speed 46.00 samples/sec   Loss 0.0556   LearningRate 0.000960   Epoch: 7   Global Step: 11390   Fp16 Grad Scale: 8388608   Required: 239 hours
Training: 2025-04-17 14:34:59,033-Speed 45.60 samples/sec   Loss 0.0413   LearningRate 0.000960   Epoch: 7   Global Step: 11400   Fp16 Grad Scale: 4194304   Required: 239 hours
Training: 2025-04-17 14:35:26,977-Speed 45.81 samples/sec   Loss 0.0204   LearningRate 0.000960   Epoch: 7   Global Step: 11410   Fp16 Grad Scale: 4194304   Required: 239 hours
Training: 2025-04-17 14:36:20,943-Speed 23.72 samples/sec   Loss 0.0126   LearningRate 0.000960   Epoch: 8   Global Step: 11420   Fp16 Grad Scale: 4194304   Required: 239 hours
Training: 2025-04-17 14:36:48,383-Speed 46.65 samples/sec   Loss 0.0117   LearningRate 0.000960   Epoch: 8   Global Step: 11430   Fp16 Grad Scale: 4194304   Required: 239 hours
Training: 2025-04-17 14:37:16,008-Speed 46.34 samples/sec   Loss 0.0091   LearningRate 0.000960   Epoch: 8   Global Step: 11440   Fp16 Grad Scale: 4194304   Required: 239 hours
Training: 2025-04-17 14:37:47,210-Speed 41.02 samples/sec   Loss 0.0057   LearningRate 0.000960   Epoch: 8   Global Step: 11450   Fp16 Grad Scale: 4194304   Required: 239 hours
Training: 2025-04-17 14:38:14,632-Speed 46.68 samples/sec   Loss 0.0116   LearningRate 0.000960   Epoch: 8   Global Step: 11460   Fp16 Grad Scale: 4194304   Required: 239 hours
Training: 2025-04-17 14:38:42,002-Speed 46.77 samples/sec   Loss 0.0164   LearningRate 0.000960   Epoch: 8   Global Step: 11470   Fp16 Grad Scale: 4194304   Required: 239 hours
Training: 2025-04-17 14:39:09,453-Speed 46.63 samples/sec   Loss 0.0177   LearningRate 0.000960   Epoch: 8   Global Step: 11480   Fp16 Grad Scale: 4194304   Required: 239 hours
Training: 2025-04-17 14:39:36,864-Speed 46.70 samples/sec   Loss 0.0110   LearningRate 0.000960   Epoch: 8   Global Step: 11490   Fp16 Grad Scale: 4194304   Required: 239 hours
Training: 2025-04-17 14:40:04,165-Speed 46.89 samples/sec   Loss 0.0102   LearningRate 0.000960   Epoch: 8   Global Step: 11500   Fp16 Grad Scale: 8388608   Required: 239 hours
Training: 2025-04-17 14:40:31,499-Speed 46.83 samples/sec   Loss 0.0122   LearningRate 0.000960   Epoch: 8   Global Step: 11510   Fp16 Grad Scale: 8388608   Required: 239 hours
Training: 2025-04-17 14:40:59,006-Speed 46.53 samples/sec   Loss 0.0094   LearningRate 0.000960   Epoch: 8   Global Step: 11520   Fp16 Grad Scale: 8388608   Required: 239 hours
Training: 2025-04-17 14:41:26,416-Speed 46.70 samples/sec   Loss 0.0077   LearningRate 0.000960   Epoch: 8   Global Step: 11530   Fp16 Grad Scale: 8388608   Required: 239 hours
Training: 2025-04-17 14:41:53,862-Speed 46.64 samples/sec   Loss 0.0174   LearningRate 0.000960   Epoch: 8   Global Step: 11540   Fp16 Grad Scale: 8388608   Required: 239 hours
Training: 2025-04-17 14:42:21,434-Speed 46.42 samples/sec   Loss 0.0509   LearningRate 0.000960   Epoch: 8   Global Step: 11550   Fp16 Grad Scale: 8388608   Required: 239 hours
Training: 2025-04-17 14:42:52,386-Speed 41.35 samples/sec   Loss 0.0137   LearningRate 0.000959   Epoch: 8   Global Step: 11560   Fp16 Grad Scale: 8388608   Required: 239 hours
Training: 2025-04-17 14:43:20,117-Speed 46.16 samples/sec   Loss 0.0077   LearningRate 0.000959   Epoch: 8   Global Step: 11570   Fp16 Grad Scale: 8388608   Required: 239 hours
Training: 2025-04-17 14:43:47,493-Speed 46.76 samples/sec   Loss 0.0524   LearningRate 0.000959   Epoch: 8   Global Step: 11580   Fp16 Grad Scale: 8388608   Required: 239 hours
Training: 2025-04-17 14:44:14,928-Speed 46.66 samples/sec   Loss 0.0222   LearningRate 0.000959   Epoch: 8   Global Step: 11590   Fp16 Grad Scale: 8388608   Required: 239 hours
Training: 2025-04-17 14:44:42,378-Speed 46.63 samples/sec   Loss 0.0089   LearningRate 0.000959   Epoch: 8   Global Step: 11600   Fp16 Grad Scale: 16777216   Required: 239 hours
Training: 2025-04-17 14:45:09,823-Speed 46.64 samples/sec   Loss 0.0188   LearningRate 0.000959   Epoch: 8   Global Step: 11610   Fp16 Grad Scale: 16777216   Required: 239 hours
Training: 2025-04-17 14:45:37,635-Speed 46.02 samples/sec   Loss 0.0085   LearningRate 0.000959   Epoch: 8   Global Step: 11620   Fp16 Grad Scale: 16777216   Required: 239 hours
Training: 2025-04-17 14:46:05,184-Speed 46.46 samples/sec   Loss 0.0303   LearningRate 0.000959   Epoch: 8   Global Step: 11630   Fp16 Grad Scale: 8388608   Required: 239 hours
Training: 2025-04-17 14:46:32,472-Speed 46.91 samples/sec   Loss 0.0462   LearningRate 0.000959   Epoch: 8   Global Step: 11640   Fp16 Grad Scale: 8388608   Required: 239 hours
Training: 2025-04-17 14:46:59,926-Speed 46.63 samples/sec   Loss 0.0110   LearningRate 0.000959   Epoch: 8   Global Step: 11650   Fp16 Grad Scale: 8388608   Required: 239 hours
Training: 2025-04-17 14:47:27,326-Speed 46.72 samples/sec   Loss 0.0073   LearningRate 0.000959   Epoch: 8   Global Step: 11660   Fp16 Grad Scale: 8388608   Required: 239 hours
Training: 2025-04-17 14:47:57,630-Speed 42.24 samples/sec   Loss 0.0074   LearningRate 0.000959   Epoch: 8   Global Step: 11670   Fp16 Grad Scale: 8388608   Required: 239 hours
Training: 2025-04-17 14:48:25,034-Speed 46.71 samples/sec   Loss 0.0032   LearningRate 0.000959   Epoch: 8   Global Step: 11680   Fp16 Grad Scale: 8388608   Required: 239 hours
Training: 2025-04-17 14:48:52,397-Speed 46.78 samples/sec   Loss 0.0395   LearningRate 0.000959   Epoch: 8   Global Step: 11690   Fp16 Grad Scale: 8388608   Required: 239 hours
Training: 2025-04-17 14:49:19,843-Speed 46.64 samples/sec   Loss 0.0238   LearningRate 0.000959   Epoch: 8   Global Step: 11700   Fp16 Grad Scale: 8388608   Required: 239 hours
Training: 2025-04-17 14:49:47,352-Speed 46.53 samples/sec   Loss 0.0064   LearningRate 0.000959   Epoch: 8   Global Step: 11710   Fp16 Grad Scale: 8388608   Required: 239 hours
Training: 2025-04-17 14:50:14,847-Speed 46.56 samples/sec   Loss 0.0563   LearningRate 0.000959   Epoch: 8   Global Step: 11720   Fp16 Grad Scale: 8388608   Required: 239 hours
Training: 2025-04-17 14:50:42,215-Speed 46.77 samples/sec   Loss 0.0052   LearningRate 0.000959   Epoch: 8   Global Step: 11730   Fp16 Grad Scale: 16777216   Required: 238 hours
Training: 2025-04-17 14:51:09,833-Speed 46.35 samples/sec   Loss 0.0109   LearningRate 0.000959   Epoch: 8   Global Step: 11740   Fp16 Grad Scale: 16777216   Required: 238 hours
Training: 2025-04-17 14:51:37,274-Speed 46.65 samples/sec   Loss 0.0464   LearningRate 0.000959   Epoch: 8   Global Step: 11750   Fp16 Grad Scale: 8388608   Required: 238 hours
Training: 2025-04-17 14:52:04,796-Speed 46.51 samples/sec   Loss 0.0183   LearningRate 0.000959   Epoch: 8   Global Step: 11760   Fp16 Grad Scale: 4194304   Required: 238 hours
Training: 2025-04-17 14:52:32,340-Speed 46.47 samples/sec   Loss 0.0088   LearningRate 0.000959   Epoch: 8   Global Step: 11770   Fp16 Grad Scale: 4194304   Required: 238 hours
Training: 2025-04-17 14:53:02,540-Speed 42.39 samples/sec   Loss 0.0124   LearningRate 0.000959   Epoch: 8   Global Step: 11780   Fp16 Grad Scale: 4194304   Required: 238 hours
Training: 2025-04-17 14:53:30,404-Speed 45.94 samples/sec   Loss 0.0116   LearningRate 0.000959   Epoch: 8   Global Step: 11790   Fp16 Grad Scale: 4194304   Required: 238 hours
Training: 2025-04-17 14:53:57,856-Speed 46.63 samples/sec   Loss 0.0521   LearningRate 0.000959   Epoch: 8   Global Step: 11800   Fp16 Grad Scale: 4194304   Required: 238 hours
Training: 2025-04-17 14:54:25,317-Speed 46.61 samples/sec   Loss 0.0129   LearningRate 0.000959   Epoch: 8   Global Step: 11810   Fp16 Grad Scale: 4194304   Required: 238 hours
Training: 2025-04-17 14:54:52,867-Speed 46.46 samples/sec   Loss 0.0079   LearningRate 0.000959   Epoch: 8   Global Step: 11820   Fp16 Grad Scale: 4194304   Required: 238 hours
Training: 2025-04-17 14:55:20,497-Speed 46.33 samples/sec   Loss 0.0395   LearningRate 0.000959   Epoch: 8   Global Step: 11830   Fp16 Grad Scale: 4194304   Required: 238 hours
Training: 2025-04-17 14:55:47,936-Speed 46.65 samples/sec   Loss 0.0342   LearningRate 0.000958   Epoch: 8   Global Step: 11840   Fp16 Grad Scale: 2097152   Required: 238 hours
Training: 2025-04-17 14:56:15,577-Speed 46.31 samples/sec   Loss 0.0215   LearningRate 0.000958   Epoch: 8   Global Step: 11850   Fp16 Grad Scale: 2097152   Required: 238 hours
Training: 2025-04-17 14:56:44,091-Speed 44.89 samples/sec   Loss 0.0118   LearningRate 0.000958   Epoch: 8   Global Step: 11860   Fp16 Grad Scale: 2097152   Required: 238 hours
Training: 2025-04-17 14:57:12,307-Speed 45.37 samples/sec   Loss 0.0121   LearningRate 0.000958   Epoch: 8   Global Step: 11870   Fp16 Grad Scale: 2097152   Required: 238 hours
Training: 2025-04-17 14:57:43,029-Speed 41.67 samples/sec   Loss 0.0181   LearningRate 0.000958   Epoch: 8   Global Step: 11880   Fp16 Grad Scale: 2097152   Required: 238 hours
Training: 2025-04-17 14:58:10,607-Speed 46.41 samples/sec   Loss 0.0137   LearningRate 0.000958   Epoch: 8   Global Step: 11890   Fp16 Grad Scale: 2097152   Required: 238 hours
Training: 2025-04-17 14:58:38,243-Speed 46.32 samples/sec   Loss 0.0152   LearningRate 0.000958   Epoch: 8   Global Step: 11900   Fp16 Grad Scale: 2097152   Required: 238 hours
Training: 2025-04-17 14:59:05,573-Speed 46.84 samples/sec   Loss 0.0380   LearningRate 0.000958   Epoch: 8   Global Step: 11910   Fp16 Grad Scale: 2097152   Required: 238 hours
Training: 2025-04-17 14:59:33,210-Speed 46.32 samples/sec   Loss 0.0186   LearningRate 0.000958   Epoch: 8   Global Step: 11920   Fp16 Grad Scale: 2097152   Required: 238 hours
Training: 2025-04-17 15:00:00,654-Speed 46.64 samples/sec   Loss 0.0111   LearningRate 0.000958   Epoch: 8   Global Step: 11930   Fp16 Grad Scale: 2097152   Required: 238 hours
Training: 2025-04-17 15:00:28,049-Speed 46.72 samples/sec   Loss 0.0251   LearningRate 0.000958   Epoch: 8   Global Step: 11940   Fp16 Grad Scale: 4194304   Required: 238 hours
Training: 2025-04-17 15:00:55,641-Speed 46.39 samples/sec   Loss 0.0161   LearningRate 0.000958   Epoch: 8   Global Step: 11950   Fp16 Grad Scale: 4194304   Required: 238 hours
Training: 2025-04-17 15:01:23,237-Speed 46.38 samples/sec   Loss 0.0165   LearningRate 0.000958   Epoch: 8   Global Step: 11960   Fp16 Grad Scale: 4194304   Required: 238 hours
Training: 2025-04-17 15:01:50,759-Speed 46.51 samples/sec   Loss 0.0114   LearningRate 0.000958   Epoch: 8   Global Step: 11970   Fp16 Grad Scale: 4194304   Required: 238 hours
Training: 2025-04-17 15:02:18,263-Speed 46.54 samples/sec   Loss 0.0066   LearningRate 0.000958   Epoch: 8   Global Step: 11980   Fp16 Grad Scale: 4194304   Required: 238 hours
Training: 2025-04-17 15:02:49,116-Speed 41.49 samples/sec   Loss 0.0118   LearningRate 0.000958   Epoch: 8   Global Step: 11990   Fp16 Grad Scale: 4194304   Required: 238 hours
Training: 2025-04-17 15:03:16,574-Speed 46.62 samples/sec   Loss 0.0095   LearningRate 0.000958   Epoch: 8   Global Step: 12000   Fp16 Grad Scale: 4194304   Required: 238 hours
Training: 2025-04-17 15:04:36,135-[val][Global step: 12000] d prime: 6.638244152069092
Model saved with d prime score: 6.638244152069092
Training: 2025-04-17 15:05:27,950-Speed 9.74 samples/sec   Loss 0.0080   LearningRate 0.000958   Epoch: 8   Global Step: 12010   Fp16 Grad Scale: 4194304   Required: 238 hours
Training: 2025-04-17 15:05:55,385-Speed 46.66 samples/sec   Loss 0.0066   LearningRate 0.000958   Epoch: 8   Global Step: 12020   Fp16 Grad Scale: 4194304   Required: 238 hours
Training: 2025-04-17 15:06:23,555-Speed 45.44 samples/sec   Loss 0.0822   LearningRate 0.000958   Epoch: 8   Global Step: 12030   Fp16 Grad Scale: 4194304   Required: 238 hours
Training: 2025-04-17 15:06:51,016-Speed 46.61 samples/sec   Loss 0.0721   LearningRate 0.000958   Epoch: 8   Global Step: 12040   Fp16 Grad Scale: 8388608   Required: 238 hours
Training: 2025-04-17 15:07:18,416-Speed 46.72 samples/sec   Loss 0.0207   LearningRate 0.000958   Epoch: 8   Global Step: 12050   Fp16 Grad Scale: 8388608   Required: 238 hours
Training: 2025-04-17 15:07:49,074-Speed 41.75 samples/sec   Loss 0.0281   LearningRate 0.000958   Epoch: 8   Global Step: 12060   Fp16 Grad Scale: 8388608   Required: 238 hours
Training: 2025-04-17 15:08:16,600-Speed 46.50 samples/sec   Loss 0.0099   LearningRate 0.000958   Epoch: 8   Global Step: 12070   Fp16 Grad Scale: 8388608   Required: 238 hours
Training: 2025-04-17 15:08:44,218-Speed 46.35 samples/sec   Loss 0.0632   LearningRate 0.000958   Epoch: 8   Global Step: 12080   Fp16 Grad Scale: 4194304   Required: 238 hours
Training: 2025-04-17 15:09:11,672-Speed 46.62 samples/sec   Loss 0.0139   LearningRate 0.000958   Epoch: 8   Global Step: 12090   Fp16 Grad Scale: 4194304   Required: 238 hours
Training: 2025-04-17 15:09:39,093-Speed 46.68 samples/sec   Loss 0.0278   LearningRate 0.000958   Epoch: 8   Global Step: 12100   Fp16 Grad Scale: 4194304   Required: 238 hours
Training: 2025-04-17 15:10:06,596-Speed 46.54 samples/sec   Loss 0.0201   LearningRate 0.000958   Epoch: 8   Global Step: 12110   Fp16 Grad Scale: 4194304   Required: 238 hours
Training: 2025-04-17 15:10:34,131-Speed 46.49 samples/sec   Loss 0.0165   LearningRate 0.000958   Epoch: 8   Global Step: 12120   Fp16 Grad Scale: 4194304   Required: 238 hours
Training: 2025-04-17 15:11:01,865-Speed 46.15 samples/sec   Loss 0.0186   LearningRate 0.000957   Epoch: 8   Global Step: 12130   Fp16 Grad Scale: 4194304   Required: 238 hours
Training: 2025-04-17 15:11:29,337-Speed 46.59 samples/sec   Loss 0.0208   LearningRate 0.000957   Epoch: 8   Global Step: 12140   Fp16 Grad Scale: 2097152   Required: 238 hours
Training: 2025-04-17 15:11:56,804-Speed 46.60 samples/sec   Loss 0.0215   LearningRate 0.000957   Epoch: 8   Global Step: 12150   Fp16 Grad Scale: 2097152   Required: 238 hours
Training: 2025-04-17 15:12:24,336-Speed 46.49 samples/sec   Loss 0.0317   LearningRate 0.000957   Epoch: 8   Global Step: 12160   Fp16 Grad Scale: 2097152   Required: 238 hours
Training: 2025-04-17 15:12:55,206-Speed 41.46 samples/sec   Loss 0.0866   LearningRate 0.000957   Epoch: 8   Global Step: 12170   Fp16 Grad Scale: 2097152   Required: 238 hours
Training: 2025-04-17 15:13:22,905-Speed 46.21 samples/sec   Loss 0.0124   LearningRate 0.000957   Epoch: 8   Global Step: 12180   Fp16 Grad Scale: 2097152   Required: 238 hours
Training: 2025-04-17 15:13:50,500-Speed 46.39 samples/sec   Loss 0.0128   LearningRate 0.000957   Epoch: 8   Global Step: 12190   Fp16 Grad Scale: 2097152   Required: 238 hours
Training: 2025-04-17 15:14:18,071-Speed 46.43 samples/sec   Loss 0.0167   LearningRate 0.000957   Epoch: 8   Global Step: 12200   Fp16 Grad Scale: 2097152   Required: 238 hours
Training: 2025-04-17 15:14:45,642-Speed 46.43 samples/sec   Loss 0.0087   LearningRate 0.000957   Epoch: 8   Global Step: 12210   Fp16 Grad Scale: 2097152   Required: 238 hours
Training: 2025-04-17 15:15:13,113-Speed 46.59 samples/sec   Loss 0.0075   LearningRate 0.000957   Epoch: 8   Global Step: 12220   Fp16 Grad Scale: 2097152   Required: 238 hours
Training: 2025-04-17 15:15:40,754-Speed 46.31 samples/sec   Loss 0.0064   LearningRate 0.000957   Epoch: 8   Global Step: 12230   Fp16 Grad Scale: 2097152   Required: 238 hours
Training: 2025-04-17 15:16:09,112-Speed 45.14 samples/sec   Loss 0.0084   LearningRate 0.000957   Epoch: 8   Global Step: 12240   Fp16 Grad Scale: 4194304   Required: 238 hours
Training: 2025-04-17 15:16:36,620-Speed 46.53 samples/sec   Loss 0.0047   LearningRate 0.000957   Epoch: 8   Global Step: 12250   Fp16 Grad Scale: 4194304   Required: 238 hours
Training: 2025-04-17 15:17:04,116-Speed 46.55 samples/sec   Loss 0.0072   LearningRate 0.000957   Epoch: 8   Global Step: 12260   Fp16 Grad Scale: 4194304   Required: 238 hours
Training: 2025-04-17 15:17:31,663-Speed 46.47 samples/sec   Loss 0.0035   LearningRate 0.000957   Epoch: 8   Global Step: 12270   Fp16 Grad Scale: 4194304   Required: 237 hours
Training: 2025-04-17 15:18:02,713-Speed 41.22 samples/sec   Loss 0.0144   LearningRate 0.000957   Epoch: 8   Global Step: 12280   Fp16 Grad Scale: 4194304   Required: 237 hours
Training: 2025-04-17 15:18:30,255-Speed 46.48 samples/sec   Loss 0.0185   LearningRate 0.000957   Epoch: 8   Global Step: 12290   Fp16 Grad Scale: 4194304   Required: 237 hours
Training: 2025-04-17 15:18:57,759-Speed 46.54 samples/sec   Loss 0.0141   LearningRate 0.000957   Epoch: 8   Global Step: 12300   Fp16 Grad Scale: 4194304   Required: 237 hours
Training: 2025-04-17 15:19:25,258-Speed 46.55 samples/sec   Loss 0.0085   LearningRate 0.000957   Epoch: 8   Global Step: 12310   Fp16 Grad Scale: 4194304   Required: 237 hours
Training: 2025-04-17 15:19:52,840-Speed 46.41 samples/sec   Loss 0.0076   LearningRate 0.000957   Epoch: 8   Global Step: 12320   Fp16 Grad Scale: 4194304   Required: 237 hours
Training: 2025-04-17 15:20:20,460-Speed 46.34 samples/sec   Loss 0.0086   LearningRate 0.000957   Epoch: 8   Global Step: 12330   Fp16 Grad Scale: 4194304   Required: 237 hours
Training: 2025-04-17 15:20:47,999-Speed 46.48 samples/sec   Loss 0.0080   LearningRate 0.000957   Epoch: 8   Global Step: 12340   Fp16 Grad Scale: 8388608   Required: 237 hours
Training: 2025-04-17 15:21:15,595-Speed 46.38 samples/sec   Loss 0.0086   LearningRate 0.000957   Epoch: 8   Global Step: 12350   Fp16 Grad Scale: 8388608   Required: 237 hours
Training: 2025-04-17 15:21:51,621-Speed 46.48 samples/sec   Loss 0.0057   LearningRate 0.000957   Epoch: 8   Global Step: 12360   Fp16 Grad Scale: 8388608   Required: 237 hours
Training: 2025-04-17 15:22:19,335-Speed 46.19 samples/sec   Loss 0.0122   LearningRate 0.000957   Epoch: 8   Global Step: 12370   Fp16 Grad Scale: 8388608   Required: 237 hours
Training: 2025-04-17 15:22:50,393-Speed 41.21 samples/sec   Loss 0.0146   LearningRate 0.000957   Epoch: 8   Global Step: 12380   Fp16 Grad Scale: 8388608   Required: 237 hours
Training: 2025-04-17 15:23:17,928-Speed 46.49 samples/sec   Loss 0.0139   LearningRate 0.000957   Epoch: 8   Global Step: 12390   Fp16 Grad Scale: 8388608   Required: 237 hours
Training: 2025-04-17 15:23:45,416-Speed 46.57 samples/sec   Loss 0.0103   LearningRate 0.000957   Epoch: 8   Global Step: 12400   Fp16 Grad Scale: 8388608   Required: 237 hours
Training: 2025-04-17 15:24:12,972-Speed 46.45 samples/sec   Loss 0.0070   LearningRate 0.000956   Epoch: 8   Global Step: 12410   Fp16 Grad Scale: 8388608   Required: 237 hours
Training: 2025-04-17 15:24:40,612-Speed 46.31 samples/sec   Loss 0.0072   LearningRate 0.000956   Epoch: 8   Global Step: 12420   Fp16 Grad Scale: 8388608   Required: 237 hours
Training: 2025-04-17 15:25:08,137-Speed 46.50 samples/sec   Loss 0.0115   LearningRate 0.000956   Epoch: 8   Global Step: 12430   Fp16 Grad Scale: 8388608   Required: 237 hours
Training: 2025-04-17 15:25:35,644-Speed 46.54 samples/sec   Loss 0.0127   LearningRate 0.000956   Epoch: 8   Global Step: 12440   Fp16 Grad Scale: 16777216   Required: 237 hours
Training: 2025-04-17 15:26:03,153-Speed 46.53 samples/sec   Loss 0.0082   LearningRate 0.000956   Epoch: 8   Global Step: 12450   Fp16 Grad Scale: 16777216   Required: 237 hours
Training: 2025-04-17 15:26:31,228-Speed 45.59 samples/sec   Loss 0.0521   LearningRate 0.000956   Epoch: 8   Global Step: 12460   Fp16 Grad Scale: 8388608   Required: 237 hours
Training: 2025-04-17 15:27:00,157-Speed 44.25 samples/sec   Loss 0.0107   LearningRate 0.000956   Epoch: 8   Global Step: 12470   Fp16 Grad Scale: 8388608   Required: 237 hours
Training: 2025-04-17 15:27:28,219-Speed 45.61 samples/sec   Loss 0.0077   LearningRate 0.000956   Epoch: 8   Global Step: 12480   Fp16 Grad Scale: 8388608   Required: 237 hours
Training: 2025-04-17 15:27:59,109-Speed 41.44 samples/sec   Loss 0.0096   LearningRate 0.000956   Epoch: 8   Global Step: 12490   Fp16 Grad Scale: 8388608   Required: 237 hours
Training: 2025-04-17 15:28:26,595-Speed 46.57 samples/sec   Loss 0.0059   LearningRate 0.000956   Epoch: 8   Global Step: 12500   Fp16 Grad Scale: 8388608   Required: 237 hours
Training: 2025-04-17 15:28:54,241-Speed 46.30 samples/sec   Loss 0.0122   LearningRate 0.000956   Epoch: 8   Global Step: 12510   Fp16 Grad Scale: 8388608   Required: 237 hours
Training: 2025-04-17 15:29:21,848-Speed 46.37 samples/sec   Loss 0.0061   LearningRate 0.000956   Epoch: 8   Global Step: 12520   Fp16 Grad Scale: 8388608   Required: 237 hours
Training: 2025-04-17 15:29:49,497-Speed 46.30 samples/sec   Loss 0.0053   LearningRate 0.000956   Epoch: 8   Global Step: 12530   Fp16 Grad Scale: 8388608   Required: 237 hours
Training: 2025-04-17 15:30:17,111-Speed 46.35 samples/sec   Loss 0.0055   LearningRate 0.000956   Epoch: 8   Global Step: 12540   Fp16 Grad Scale: 8388608   Required: 237 hours
Training: 2025-04-17 15:30:44,891-Speed 46.08 samples/sec   Loss 0.0062   LearningRate 0.000956   Epoch: 8   Global Step: 12550   Fp16 Grad Scale: 8388608   Required: 237 hours
Training: 2025-04-17 15:31:12,438-Speed 46.47 samples/sec   Loss 0.0073   LearningRate 0.000956   Epoch: 8   Global Step: 12560   Fp16 Grad Scale: 16777216   Required: 237 hours
Training: 2025-04-17 15:31:40,116-Speed 46.25 samples/sec   Loss 0.0162   LearningRate 0.000956   Epoch: 8   Global Step: 12570   Fp16 Grad Scale: 16777216   Required: 237 hours
Training: 2025-04-17 15:32:07,677-Speed 46.44 samples/sec   Loss 0.0152   LearningRate 0.000956   Epoch: 8   Global Step: 12580   Fp16 Grad Scale: 16777216   Required: 237 hours
Training: 2025-04-17 15:32:35,225-Speed 46.47 samples/sec   Loss 0.0125   LearningRate 0.000956   Epoch: 8   Global Step: 12590   Fp16 Grad Scale: 16777216   Required: 237 hours
Training: 2025-04-17 15:33:05,307-Speed 42.55 samples/sec   Loss 0.0322   LearningRate 0.000956   Epoch: 8   Global Step: 12600   Fp16 Grad Scale: 8388608   Required: 237 hours
Training: 2025-04-17 15:33:32,836-Speed 46.50 samples/sec   Loss 0.0092   LearningRate 0.000956   Epoch: 8   Global Step: 12610   Fp16 Grad Scale: 8388608   Required: 237 hours
Training: 2025-04-17 15:34:00,498-Speed 46.27 samples/sec   Loss 0.0079   LearningRate 0.000956   Epoch: 8   Global Step: 12620   Fp16 Grad Scale: 8388608   Required: 237 hours
Training: 2025-04-17 15:34:28,169-Speed 46.26 samples/sec   Loss 0.0071   LearningRate 0.000956   Epoch: 8   Global Step: 12630   Fp16 Grad Scale: 8388608   Required: 236 hours
Training: 2025-04-17 15:34:55,788-Speed 46.35 samples/sec   Loss 0.0296   LearningRate 0.000956   Epoch: 8   Global Step: 12640   Fp16 Grad Scale: 4194304   Required: 236 hours
Training: 2025-04-17 15:35:23,593-Speed 46.04 samples/sec   Loss 0.0111   LearningRate 0.000956   Epoch: 8   Global Step: 12650   Fp16 Grad Scale: 4194304   Required: 236 hours
Training: 2025-04-17 15:35:51,243-Speed 46.29 samples/sec   Loss 0.0248   LearningRate 0.000956   Epoch: 8   Global Step: 12660   Fp16 Grad Scale: 4194304   Required: 236 hours
Training: 2025-04-17 15:36:18,935-Speed 46.22 samples/sec   Loss 0.0142   LearningRate 0.000956   Epoch: 8   Global Step: 12670   Fp16 Grad Scale: 4194304   Required: 236 hours
Training: 2025-04-17 15:36:46,459-Speed 46.51 samples/sec   Loss 0.0198   LearningRate 0.000956   Epoch: 8   Global Step: 12680   Fp16 Grad Scale: 4194304   Required: 236 hours
Training: 2025-04-17 15:37:13,908-Speed 46.63 samples/sec   Loss 0.0149   LearningRate 0.000956   Epoch: 8   Global Step: 12690   Fp16 Grad Scale: 4194304   Required: 236 hours
Training: 2025-04-17 15:37:43,002-Speed 44.00 samples/sec   Loss 0.0467   LearningRate 0.000955   Epoch: 8   Global Step: 12700   Fp16 Grad Scale: 2097152   Required: 236 hours
Training: 2025-04-17 15:38:11,429-Speed 45.03 samples/sec   Loss 0.0128   LearningRate 0.000955   Epoch: 8   Global Step: 12710   Fp16 Grad Scale: 2097152   Required: 236 hours
Training: 2025-04-17 15:38:39,000-Speed 46.43 samples/sec   Loss 0.0076   LearningRate 0.000955   Epoch: 8   Global Step: 12720   Fp16 Grad Scale: 2097152   Required: 236 hours
Training: 2025-04-17 15:39:06,524-Speed 46.51 samples/sec   Loss 0.0127   LearningRate 0.000955   Epoch: 8   Global Step: 12730   Fp16 Grad Scale: 2097152   Required: 236 hours
Training: 2025-04-17 15:39:33,959-Speed 46.66 samples/sec   Loss 0.0137   LearningRate 0.000955   Epoch: 8   Global Step: 12740   Fp16 Grad Scale: 2097152   Required: 236 hours
Training: 2025-04-17 15:40:01,458-Speed 46.55 samples/sec   Loss 0.0150   LearningRate 0.000955   Epoch: 8   Global Step: 12750   Fp16 Grad Scale: 2097152   Required: 236 hours
Training: 2025-04-17 15:40:29,019-Speed 46.44 samples/sec   Loss 0.0060   LearningRate 0.000955   Epoch: 8   Global Step: 12760   Fp16 Grad Scale: 2097152   Required: 236 hours
Training: 2025-04-17 15:40:56,718-Speed 46.21 samples/sec   Loss 0.0090   LearningRate 0.000955   Epoch: 8   Global Step: 12770   Fp16 Grad Scale: 2097152   Required: 236 hours
Training: 2025-04-17 15:41:24,523-Speed 46.04 samples/sec   Loss 0.0167   LearningRate 0.000955   Epoch: 8   Global Step: 12780   Fp16 Grad Scale: 2097152   Required: 236 hours
Training: 2025-04-17 15:41:52,099-Speed 46.42 samples/sec   Loss 0.0068   LearningRate 0.000955   Epoch: 8   Global Step: 12790   Fp16 Grad Scale: 2097152   Required: 236 hours
Training: 2025-04-17 15:42:19,633-Speed 46.49 samples/sec   Loss 0.0073   LearningRate 0.000955   Epoch: 8   Global Step: 12800   Fp16 Grad Scale: 4194304   Required: 236 hours
Training: 2025-04-17 15:42:50,088-Speed 42.03 samples/sec   Loss 0.0072   LearningRate 0.000955   Epoch: 8   Global Step: 12810   Fp16 Grad Scale: 4194304   Required: 236 hours
Training: 2025-04-17 15:43:17,855-Speed 46.10 samples/sec   Loss 0.0193   LearningRate 0.000955   Epoch: 8   Global Step: 12820   Fp16 Grad Scale: 4194304   Required: 236 hours
Training: 2025-04-17 15:43:45,304-Speed 46.63 samples/sec   Loss 0.0680   LearningRate 0.000955   Epoch: 8   Global Step: 12830   Fp16 Grad Scale: 4194304   Required: 236 hours
Training: 2025-04-17 15:44:12,846-Speed 46.47 samples/sec   Loss 0.0393   LearningRate 0.000955   Epoch: 8   Global Step: 12840   Fp16 Grad Scale: 4194304   Required: 236 hours
Training: 2025-04-17 15:44:59,143-Speed 27.65 samples/sec   Loss 0.0384   LearningRate 0.000955   Epoch: 9   Global Step: 12850   Fp16 Grad Scale: 4194304   Required: 236 hours
Training: 2025-04-17 15:45:26,615-Speed 46.59 samples/sec   Loss 0.0981   LearningRate 0.000955   Epoch: 9   Global Step: 12860   Fp16 Grad Scale: 4194304   Required: 236 hours
Training: 2025-04-17 15:45:53,831-Speed 47.03 samples/sec   Loss 0.0124   LearningRate 0.000955   Epoch: 9   Global Step: 12870   Fp16 Grad Scale: 4194304   Required: 236 hours
Training: 2025-04-17 15:46:21,223-Speed 46.73 samples/sec   Loss 0.0211   LearningRate 0.000955   Epoch: 9   Global Step: 12880   Fp16 Grad Scale: 4194304   Required: 236 hours
Training: 2025-04-17 15:46:48,556-Speed 46.83 samples/sec   Loss 0.0474   LearningRate 0.000955   Epoch: 9   Global Step: 12890   Fp16 Grad Scale: 4194304   Required: 236 hours
Training: 2025-04-17 15:47:15,641-Speed 47.26 samples/sec   Loss 0.0222   LearningRate 0.000955   Epoch: 9   Global Step: 12900   Fp16 Grad Scale: 4194304   Required: 236 hours
Training: 2025-04-17 15:47:46,053-Speed 42.09 samples/sec   Loss 0.0631   LearningRate 0.000955   Epoch: 9   Global Step: 12910   Fp16 Grad Scale: 4194304   Required: 236 hours
Training: 2025-04-17 15:48:13,523-Speed 46.60 samples/sec   Loss 0.0201   LearningRate 0.000955   Epoch: 9   Global Step: 12920   Fp16 Grad Scale: 4194304   Required: 236 hours
Training: 2025-04-17 15:48:40,869-Speed 46.81 samples/sec   Loss 0.0164   LearningRate 0.000955   Epoch: 9   Global Step: 12930   Fp16 Grad Scale: 4194304   Required: 236 hours
Training: 2025-04-17 15:49:08,186-Speed 46.86 samples/sec   Loss 0.0208   LearningRate 0.000955   Epoch: 9   Global Step: 12940   Fp16 Grad Scale: 4194304   Required: 236 hours
Training: 2025-04-17 15:49:35,537-Speed 46.80 samples/sec   Loss 0.0045   LearningRate 0.000955   Epoch: 9   Global Step: 12950   Fp16 Grad Scale: 4194304   Required: 236 hours
Training: 2025-04-17 15:50:03,141-Speed 46.37 samples/sec   Loss 0.0105   LearningRate 0.000955   Epoch: 9   Global Step: 12960   Fp16 Grad Scale: 4194304   Required: 236 hours
Training: 2025-04-17 15:50:30,592-Speed 46.63 samples/sec   Loss 0.0075   LearningRate 0.000955   Epoch: 9   Global Step: 12970   Fp16 Grad Scale: 4194304   Required: 236 hours
Training: 2025-04-17 15:50:57,726-Speed 47.17 samples/sec   Loss 0.0113   LearningRate 0.000954   Epoch: 9   Global Step: 12980   Fp16 Grad Scale: 4194304   Required: 236 hours
Training: 2025-04-17 15:51:25,123-Speed 46.72 samples/sec   Loss 0.0291   LearningRate 0.000954   Epoch: 9   Global Step: 12990   Fp16 Grad Scale: 4194304   Required: 236 hours
Training: 2025-04-17 15:51:52,544-Speed 46.68 samples/sec   Loss 0.0127   LearningRate 0.000954   Epoch: 9   Global Step: 13000   Fp16 Grad Scale: 8388608   Required: 236 hours
Training: 2025-04-17 15:52:20,072-Speed 46.50 samples/sec   Loss 0.0185   LearningRate 0.000954   Epoch: 9   Global Step: 13010   Fp16 Grad Scale: 4194304   Required: 235 hours
Training: 2025-04-17 15:52:49,694-Speed 43.21 samples/sec   Loss 0.0149   LearningRate 0.000954   Epoch: 9   Global Step: 13020   Fp16 Grad Scale: 1048576   Required: 235 hours
Training: 2025-04-17 15:53:16,982-Speed 46.91 samples/sec   Loss 0.0094   LearningRate 0.000954   Epoch: 9   Global Step: 13030   Fp16 Grad Scale: 1048576   Required: 235 hours
Training: 2025-04-17 15:53:44,400-Speed 46.69 samples/sec   Loss 0.0092   LearningRate 0.000954   Epoch: 9   Global Step: 13040   Fp16 Grad Scale: 1048576   Required: 235 hours
Training: 2025-04-17 15:54:11,788-Speed 46.74 samples/sec   Loss 0.0093   LearningRate 0.000954   Epoch: 9   Global Step: 13050   Fp16 Grad Scale: 1048576   Required: 235 hours
Training: 2025-04-17 15:54:39,459-Speed 46.26 samples/sec   Loss 0.0090   LearningRate 0.000954   Epoch: 9   Global Step: 13060   Fp16 Grad Scale: 1048576   Required: 235 hours
Training: 2025-04-17 15:55:07,052-Speed 46.39 samples/sec   Loss 0.0093   LearningRate 0.000954   Epoch: 9   Global Step: 13070   Fp16 Grad Scale: 1048576   Required: 235 hours
Training: 2025-04-17 15:55:34,445-Speed 46.73 samples/sec   Loss 0.0022   LearningRate 0.000954   Epoch: 9   Global Step: 13080   Fp16 Grad Scale: 1048576   Required: 235 hours
Training: 2025-04-17 15:56:01,796-Speed 46.80 samples/sec   Loss 0.0045   LearningRate 0.000954   Epoch: 9   Global Step: 13090   Fp16 Grad Scale: 1048576   Required: 235 hours
Training: 2025-04-17 15:56:30,560-Speed 44.50 samples/sec   Loss 0.0069   LearningRate 0.000954   Epoch: 9   Global Step: 13100   Fp16 Grad Scale: 1048576   Required: 235 hours
Training: 2025-04-17 15:56:59,256-Speed 44.61 samples/sec   Loss 0.0064   LearningRate 0.000954   Epoch: 9   Global Step: 13110   Fp16 Grad Scale: 1048576   Required: 235 hours
Training: 2025-04-17 15:57:27,090-Speed 45.99 samples/sec   Loss 0.0054   LearningRate 0.000954   Epoch: 9   Global Step: 13120   Fp16 Grad Scale: 2097152   Required: 235 hours
Training: 2025-04-17 15:57:56,182-Speed 44.00 samples/sec   Loss 0.0048   LearningRate 0.000954   Epoch: 9   Global Step: 13130   Fp16 Grad Scale: 2097152   Required: 235 hours
Training: 2025-04-17 15:58:23,601-Speed 46.68 samples/sec   Loss 0.0078   LearningRate 0.000954   Epoch: 9   Global Step: 13140   Fp16 Grad Scale: 2097152   Required: 235 hours
Training: 2025-04-17 15:58:50,922-Speed 46.85 samples/sec   Loss 0.0667   LearningRate 0.000954   Epoch: 9   Global Step: 13150   Fp16 Grad Scale: 2097152   Required: 235 hours
Training: 2025-04-17 15:59:18,345-Speed 46.68 samples/sec   Loss 0.0106   LearningRate 0.000954   Epoch: 9   Global Step: 13160   Fp16 Grad Scale: 2097152   Required: 235 hours
Training: 2025-04-17 15:59:45,891-Speed 46.47 samples/sec   Loss 0.0038   LearningRate 0.000954   Epoch: 9   Global Step: 13170   Fp16 Grad Scale: 2097152   Required: 235 hours
Training: 2025-04-17 16:00:13,229-Speed 46.82 samples/sec   Loss 0.0035   LearningRate 0.000954   Epoch: 9   Global Step: 13180   Fp16 Grad Scale: 2097152   Required: 235 hours
Training: 2025-04-17 16:00:40,585-Speed 46.79 samples/sec   Loss 0.0139   LearningRate 0.000954   Epoch: 9   Global Step: 13190   Fp16 Grad Scale: 2097152   Required: 235 hours
Training: 2025-04-17 16:01:07,880-Speed 46.90 samples/sec   Loss 0.0119   LearningRate 0.000954   Epoch: 9   Global Step: 13200   Fp16 Grad Scale: 2097152   Required: 235 hours
Training: 2025-04-17 16:01:35,509-Speed 46.33 samples/sec   Loss 0.0162   LearningRate 0.000954   Epoch: 9   Global Step: 13210   Fp16 Grad Scale: 2097152   Required: 235 hours
Training: 2025-04-17 16:02:06,114-Speed 46.06 samples/sec   Loss 0.0074   LearningRate 0.000954   Epoch: 9   Global Step: 13220   Fp16 Grad Scale: 4194304   Required: 235 hours
Training: 2025-04-17 16:02:33,618-Speed 46.54 samples/sec   Loss 0.0109   LearningRate 0.000954   Epoch: 9   Global Step: 13230   Fp16 Grad Scale: 4194304   Required: 235 hours
Training: 2025-04-17 16:03:02,798-Speed 43.87 samples/sec   Loss 0.0124   LearningRate 0.000954   Epoch: 9   Global Step: 13240   Fp16 Grad Scale: 4194304   Required: 235 hours
Training: 2025-04-17 16:03:30,154-Speed 46.79 samples/sec   Loss 0.0254   LearningRate 0.000954   Epoch: 9   Global Step: 13250   Fp16 Grad Scale: 4194304   Required: 235 hours
Training: 2025-04-17 16:03:57,614-Speed 46.61 samples/sec   Loss 0.0212   LearningRate 0.000954   Epoch: 9   Global Step: 13260   Fp16 Grad Scale: 4194304   Required: 235 hours
Training: 2025-04-17 16:04:25,297-Speed 46.24 samples/sec   Loss 0.0173   LearningRate 0.000953   Epoch: 9   Global Step: 13270   Fp16 Grad Scale: 4194304   Required: 235 hours
Training: 2025-04-17 16:04:52,675-Speed 46.75 samples/sec   Loss 0.0092   LearningRate 0.000953   Epoch: 9   Global Step: 13280   Fp16 Grad Scale: 4194304   Required: 235 hours
Training: 2025-04-17 16:05:20,015-Speed 46.82 samples/sec   Loss 0.0143   LearningRate 0.000953   Epoch: 9   Global Step: 13290   Fp16 Grad Scale: 4194304   Required: 235 hours
Training: 2025-04-17 16:05:47,409-Speed 46.73 samples/sec   Loss 0.0119   LearningRate 0.000953   Epoch: 9   Global Step: 13300   Fp16 Grad Scale: 4194304   Required: 235 hours
Training: 2025-04-17 16:06:15,117-Speed 46.20 samples/sec   Loss 0.0131   LearningRate 0.000953   Epoch: 9   Global Step: 13310   Fp16 Grad Scale: 4194304   Required: 235 hours
Training: 2025-04-17 16:06:42,576-Speed 46.62 samples/sec   Loss 0.0706   LearningRate 0.000953   Epoch: 9   Global Step: 13320   Fp16 Grad Scale: 4194304   Required: 235 hours
Training: 2025-04-17 16:07:09,958-Speed 46.75 samples/sec   Loss 0.0730   LearningRate 0.000953   Epoch: 9   Global Step: 13330   Fp16 Grad Scale: 4194304   Required: 235 hours
Training: 2025-04-17 16:07:37,339-Speed 46.75 samples/sec   Loss 0.0061   LearningRate 0.000953   Epoch: 9   Global Step: 13340   Fp16 Grad Scale: 4194304   Required: 235 hours
Training: 2025-04-17 16:08:06,484-Speed 43.92 samples/sec   Loss 0.0037   LearningRate 0.000953   Epoch: 9   Global Step: 13350   Fp16 Grad Scale: 4194304   Required: 235 hours
Training: 2025-04-17 16:08:33,897-Speed 46.69 samples/sec   Loss 0.0046   LearningRate 0.000953   Epoch: 9   Global Step: 13360   Fp16 Grad Scale: 4194304   Required: 235 hours
Training: 2025-04-17 16:09:01,481-Speed 46.41 samples/sec   Loss 0.0145   LearningRate 0.000953   Epoch: 9   Global Step: 13370   Fp16 Grad Scale: 4194304   Required: 235 hours
Training: 2025-04-17 16:09:28,924-Speed 46.64 samples/sec   Loss 0.0110   LearningRate 0.000953   Epoch: 9   Global Step: 13380   Fp16 Grad Scale: 4194304   Required: 234 hours
Training: 2025-04-17 16:09:56,424-Speed 46.55 samples/sec   Loss 0.0179   LearningRate 0.000953   Epoch: 9   Global Step: 13390   Fp16 Grad Scale: 4194304   Required: 234 hours
Training: 2025-04-17 16:10:23,855-Speed 46.66 samples/sec   Loss 0.0144   LearningRate 0.000953   Epoch: 9   Global Step: 13400   Fp16 Grad Scale: 4194304   Required: 234 hours
Training: 2025-04-17 16:10:51,418-Speed 46.44 samples/sec   Loss 0.0075   LearningRate 0.000953   Epoch: 9   Global Step: 13410   Fp16 Grad Scale: 4194304   Required: 234 hours
Training: 2025-04-17 16:11:19,120-Speed 46.21 samples/sec   Loss 0.0052   LearningRate 0.000953   Epoch: 9   Global Step: 13420   Fp16 Grad Scale: 8388608   Required: 234 hours
Training: 2025-04-17 16:11:46,543-Speed 46.68 samples/sec   Loss 0.0063   LearningRate 0.000953   Epoch: 9   Global Step: 13430   Fp16 Grad Scale: 8388608   Required: 234 hours
Training: 2025-04-17 16:12:13,955-Speed 46.70 samples/sec   Loss 0.0142   LearningRate 0.000953   Epoch: 9   Global Step: 13440   Fp16 Grad Scale: 8388608   Required: 234 hours
Training: 2025-04-17 16:12:41,359-Speed 46.71 samples/sec   Loss 0.0081   LearningRate 0.000953   Epoch: 9   Global Step: 13450   Fp16 Grad Scale: 8388608   Required: 234 hours
Training: 2025-04-17 16:13:11,158-Speed 42.96 samples/sec   Loss 0.0095   LearningRate 0.000953   Epoch: 9   Global Step: 13460   Fp16 Grad Scale: 8388608   Required: 234 hours
Training: 2025-04-17 16:13:38,767-Speed 46.36 samples/sec   Loss 0.0098   LearningRate 0.000953   Epoch: 9   Global Step: 13470   Fp16 Grad Scale: 8388608   Required: 234 hours
Training: 2025-04-17 16:14:06,178-Speed 46.70 samples/sec   Loss 0.0056   LearningRate 0.000953   Epoch: 9   Global Step: 13480   Fp16 Grad Scale: 8388608   Required: 234 hours
Training: 2025-04-17 16:14:33,659-Speed 46.58 samples/sec   Loss 0.0102   LearningRate 0.000953   Epoch: 9   Global Step: 13490   Fp16 Grad Scale: 8388608   Required: 234 hours
Training: 2025-04-17 16:15:01,061-Speed 46.71 samples/sec   Loss 0.0237   LearningRate 0.000953   Epoch: 9   Global Step: 13500   Fp16 Grad Scale: 8388608   Required: 234 hours
Training: 2025-04-17 16:15:28,621-Speed 46.44 samples/sec   Loss 0.0075   LearningRate 0.000953   Epoch: 9   Global Step: 13510   Fp16 Grad Scale: 8388608   Required: 234 hours
Training: 2025-04-17 16:15:56,193-Speed 46.43 samples/sec   Loss 0.0175   LearningRate 0.000953   Epoch: 9   Global Step: 13520   Fp16 Grad Scale: 16777216   Required: 234 hours
Training: 2025-04-17 16:16:25,248-Speed 44.06 samples/sec   Loss 0.0098   LearningRate 0.000953   Epoch: 9   Global Step: 13530   Fp16 Grad Scale: 16777216   Required: 234 hours
Training: 2025-04-17 16:16:52,616-Speed 46.77 samples/sec   Loss 0.0333   LearningRate 0.000953   Epoch: 9   Global Step: 13540   Fp16 Grad Scale: 8388608   Required: 234 hours
Training: 2025-04-17 16:17:20,183-Speed 46.43 samples/sec   Loss 0.0043   LearningRate 0.000952   Epoch: 9   Global Step: 13550   Fp16 Grad Scale: 8388608   Required: 234 hours
Training: 2025-04-17 16:17:47,796-Speed 46.36 samples/sec   Loss 0.0060   LearningRate 0.000952   Epoch: 9   Global Step: 13560   Fp16 Grad Scale: 8388608   Required: 234 hours
Training: 2025-04-17 16:18:17,487-Speed 43.11 samples/sec   Loss 0.0282   LearningRate 0.000952   Epoch: 9   Global Step: 13570   Fp16 Grad Scale: 4194304   Required: 234 hours
Training: 2025-04-17 16:18:44,852-Speed 46.78 samples/sec   Loss 0.0048   LearningRate 0.000952   Epoch: 9   Global Step: 13580   Fp16 Grad Scale: 4194304   Required: 234 hours
Training: 2025-04-17 16:19:12,268-Speed 46.69 samples/sec   Loss 0.0036   LearningRate 0.000952   Epoch: 9   Global Step: 13590   Fp16 Grad Scale: 4194304   Required: 234 hours
Training: 2025-04-17 16:19:39,621-Speed 46.80 samples/sec   Loss 0.0084   LearningRate 0.000952   Epoch: 9   Global Step: 13600   Fp16 Grad Scale: 4194304   Required: 234 hours
Training: 2025-04-17 16:20:07,188-Speed 46.43 samples/sec   Loss 0.0425   LearningRate 0.000952   Epoch: 9   Global Step: 13610   Fp16 Grad Scale: 4194304   Required: 234 hours
Training: 2025-04-17 16:20:34,728-Speed 46.48 samples/sec   Loss 0.0598   LearningRate 0.000952   Epoch: 9   Global Step: 13620   Fp16 Grad Scale: 4194304   Required: 234 hours
Training: 2025-04-17 16:21:02,159-Speed 46.66 samples/sec   Loss 0.0147   LearningRate 0.000952   Epoch: 9   Global Step: 13630   Fp16 Grad Scale: 4194304   Required: 234 hours
Training: 2025-04-17 16:21:29,635-Speed 46.59 samples/sec   Loss 0.0315   LearningRate 0.000952   Epoch: 9   Global Step: 13640   Fp16 Grad Scale: 4194304   Required: 234 hours
Training: 2025-04-17 16:21:57,049-Speed 46.69 samples/sec   Loss 0.0103   LearningRate 0.000952   Epoch: 9   Global Step: 13650   Fp16 Grad Scale: 4194304   Required: 234 hours
Training: 2025-04-17 16:22:24,522-Speed 46.59 samples/sec   Loss 0.0181   LearningRate 0.000952   Epoch: 9   Global Step: 13660   Fp16 Grad Scale: 4194304   Required: 234 hours
Training: 2025-04-17 16:22:51,957-Speed 46.66 samples/sec   Loss 0.0159   LearningRate 0.000952   Epoch: 9   Global Step: 13670   Fp16 Grad Scale: 8388608   Required: 234 hours
Training: 2025-04-17 16:23:21,587-Speed 43.20 samples/sec   Loss 0.0163   LearningRate 0.000952   Epoch: 9   Global Step: 13680   Fp16 Grad Scale: 8388608   Required: 234 hours
Training: 2025-04-17 16:23:48,975-Speed 46.74 samples/sec   Loss 0.0088   LearningRate 0.000952   Epoch: 9   Global Step: 13690   Fp16 Grad Scale: 8388608   Required: 234 hours
Training: 2025-04-17 16:24:16,610-Speed 46.32 samples/sec   Loss 0.0166   LearningRate 0.000952   Epoch: 9   Global Step: 13700   Fp16 Grad Scale: 8388608   Required: 234 hours
Training: 2025-04-17 16:24:44,159-Speed 46.46 samples/sec   Loss 0.0125   LearningRate 0.000952   Epoch: 9   Global Step: 13710   Fp16 Grad Scale: 8388608   Required: 234 hours
Training: 2025-04-17 16:25:11,656-Speed 46.55 samples/sec   Loss 0.0124   LearningRate 0.000952   Epoch: 9   Global Step: 13720   Fp16 Grad Scale: 8388608   Required: 234 hours
Training: 2025-04-17 16:25:39,088-Speed 46.66 samples/sec   Loss 0.0151   LearningRate 0.000952   Epoch: 9   Global Step: 13730   Fp16 Grad Scale: 8388608   Required: 234 hours
Training: 2025-04-17 16:26:06,537-Speed 46.63 samples/sec   Loss 0.0122   LearningRate 0.000952   Epoch: 9   Global Step: 13740   Fp16 Grad Scale: 8388608   Required: 234 hours
Training: 2025-04-17 16:26:34,749-Speed 45.37 samples/sec   Loss 0.0155   LearningRate 0.000952   Epoch: 9   Global Step: 13750   Fp16 Grad Scale: 8388608   Required: 233 hours
Training: 2025-04-17 16:27:03,138-Speed 45.09 samples/sec   Loss 0.0187   LearningRate 0.000952   Epoch: 9   Global Step: 13760   Fp16 Grad Scale: 8388608   Required: 233 hours
Training: 2025-04-17 16:27:31,173-Speed 45.66 samples/sec   Loss 0.0085   LearningRate 0.000952   Epoch: 9   Global Step: 13770   Fp16 Grad Scale: 16777216   Required: 233 hours
Training: 2025-04-17 16:27:58,585-Speed 46.70 samples/sec   Loss 0.0257   LearningRate 0.000952   Epoch: 9   Global Step: 13780   Fp16 Grad Scale: 8388608   Required: 233 hours
Training: 2025-04-17 16:28:28,034-Speed 43.46 samples/sec   Loss 0.0814   LearningRate 0.000952   Epoch: 9   Global Step: 13790   Fp16 Grad Scale: 8388608   Required: 233 hours
Training: 2025-04-17 16:28:55,444-Speed 46.70 samples/sec   Loss 0.0134   LearningRate 0.000952   Epoch: 9   Global Step: 13800   Fp16 Grad Scale: 8388608   Required: 233 hours
Training: 2025-04-17 16:29:22,972-Speed 46.50 samples/sec   Loss 0.0260   LearningRate 0.000952   Epoch: 9   Global Step: 13810   Fp16 Grad Scale: 8388608   Required: 233 hours
Training: 2025-04-17 16:29:50,511-Speed 46.48 samples/sec   Loss 0.0150   LearningRate 0.000952   Epoch: 9   Global Step: 13820   Fp16 Grad Scale: 8388608   Required: 233 hours
Training: 2025-04-17 16:30:17,899-Speed 46.74 samples/sec   Loss 0.0169   LearningRate 0.000952   Epoch: 9   Global Step: 13830   Fp16 Grad Scale: 8388608   Required: 233 hours
Training: 2025-04-17 16:30:45,329-Speed 46.67 samples/sec   Loss 0.0191   LearningRate 0.000951   Epoch: 9   Global Step: 13840   Fp16 Grad Scale: 8388608   Required: 233 hours
Training: 2025-04-17 16:31:12,816-Speed 46.57 samples/sec   Loss 0.0199   LearningRate 0.000951   Epoch: 9   Global Step: 13850   Fp16 Grad Scale: 8388608   Required: 233 hours
Training: 2025-04-17 16:31:40,321-Speed 46.54 samples/sec   Loss 0.0268   LearningRate 0.000951   Epoch: 9   Global Step: 13860   Fp16 Grad Scale: 8388608   Required: 233 hours
Training: 2025-04-17 16:32:07,805-Speed 46.57 samples/sec   Loss 0.0067   LearningRate 0.000951   Epoch: 9   Global Step: 13870   Fp16 Grad Scale: 8388608   Required: 233 hours
Training: 2025-04-17 16:32:35,215-Speed 46.70 samples/sec   Loss 0.0063   LearningRate 0.000951   Epoch: 9   Global Step: 13880   Fp16 Grad Scale: 16777216   Required: 233 hours
Training: 2025-04-17 16:33:02,547-Speed 46.83 samples/sec   Loss 0.0122   LearningRate 0.000951   Epoch: 9   Global Step: 13890   Fp16 Grad Scale: 8388608   Required: 233 hours
Training: 2025-04-17 16:33:31,982-Speed 43.49 samples/sec   Loss 0.0173   LearningRate 0.000951   Epoch: 9   Global Step: 13900   Fp16 Grad Scale: 8388608   Required: 233 hours
Training: 2025-04-17 16:33:59,498-Speed 46.52 samples/sec   Loss 0.0096   LearningRate 0.000951   Epoch: 9   Global Step: 13910   Fp16 Grad Scale: 8388608   Required: 233 hours
Training: 2025-04-17 16:34:27,041-Speed 46.47 samples/sec   Loss 0.0052   LearningRate 0.000951   Epoch: 9   Global Step: 13920   Fp16 Grad Scale: 8388608   Required: 233 hours
Training: 2025-04-17 16:34:54,459-Speed 46.69 samples/sec   Loss 0.0096   LearningRate 0.000951   Epoch: 9   Global Step: 13930   Fp16 Grad Scale: 8388608   Required: 233 hours
Training: 2025-04-17 16:35:21,858-Speed 46.72 samples/sec   Loss 0.0129   LearningRate 0.000951   Epoch: 9   Global Step: 13940   Fp16 Grad Scale: 8388608   Required: 233 hours
Training: 2025-04-17 16:35:49,287-Speed 46.67 samples/sec   Loss 0.0153   LearningRate 0.000951   Epoch: 9   Global Step: 13950   Fp16 Grad Scale: 8388608   Required: 233 hours
Training: 2025-04-17 16:36:16,763-Speed 46.61 samples/sec   Loss 0.0188   LearningRate 0.000951   Epoch: 9   Global Step: 13960   Fp16 Grad Scale: 8388608   Required: 233 hours
Training: 2025-04-17 16:36:45,381-Speed 46.46 samples/sec   Loss 0.0195   LearningRate 0.000951   Epoch: 9   Global Step: 13970   Fp16 Grad Scale: 8388608   Required: 233 hours
Training: 2025-04-17 16:37:12,762-Speed 46.78 samples/sec   Loss 0.0249   LearningRate 0.000951   Epoch: 9   Global Step: 13980   Fp16 Grad Scale: 8388608   Required: 233 hours
Training: 2025-04-17 16:37:40,178-Speed 46.69 samples/sec   Loss 0.0223   LearningRate 0.000951   Epoch: 9   Global Step: 13990   Fp16 Grad Scale: 8388608   Required: 233 hours
Training: 2025-04-17 16:38:07,749-Speed 46.43 samples/sec   Loss 0.0278   LearningRate 0.000951   Epoch: 9   Global Step: 14000   Fp16 Grad Scale: 8388608   Required: 233 hours
Training: 2025-04-17 16:39:29,409-[val][Global step: 14000] d prime: 6.504144668579102
Training: 2025-04-17 16:39:56,697-Speed 11.75 samples/sec   Loss 0.0228   LearningRate 0.000951   Epoch: 9   Global Step: 14010   Fp16 Grad Scale: 8388608   Required: 233 hours
Training: 2025-04-17 16:40:24,035-Speed 46.82 samples/sec   Loss 0.0091   LearningRate 0.000951   Epoch: 9   Global Step: 14020   Fp16 Grad Scale: 8388608   Required: 233 hours
Training: 2025-04-17 16:40:51,455-Speed 46.68 samples/sec   Loss 0.0154   LearningRate 0.000951   Epoch: 9   Global Step: 14030   Fp16 Grad Scale: 8388608   Required: 233 hours
Training: 2025-04-17 16:41:19,207-Speed 46.12 samples/sec   Loss 0.0101   LearningRate 0.000951   Epoch: 9   Global Step: 14040   Fp16 Grad Scale: 8388608   Required: 233 hours
Training: 2025-04-17 16:41:46,711-Speed 46.54 samples/sec   Loss 0.0161   LearningRate 0.000951   Epoch: 9   Global Step: 14050   Fp16 Grad Scale: 8388608   Required: 233 hours
Training: 2025-04-17 16:42:18,265-Speed 46.67 samples/sec   Loss 0.0184   LearningRate 0.000951   Epoch: 9   Global Step: 14060   Fp16 Grad Scale: 8388608   Required: 233 hours
Training: 2025-04-17 16:42:45,782-Speed 46.52 samples/sec   Loss 0.0147   LearningRate 0.000951   Epoch: 9   Global Step: 14070   Fp16 Grad Scale: 8388608   Required: 233 hours
Training: 2025-04-17 16:43:14,588-Speed 44.44 samples/sec   Loss 0.0119   LearningRate 0.000951   Epoch: 9   Global Step: 14080   Fp16 Grad Scale: 8388608   Required: 233 hours
Training: 2025-04-17 16:43:43,091-Speed 44.91 samples/sec   Loss 0.0143   LearningRate 0.000951   Epoch: 9   Global Step: 14090   Fp16 Grad Scale: 16777216   Required: 233 hours
Training: 2025-04-17 16:44:10,602-Speed 46.53 samples/sec   Loss 0.0165   LearningRate 0.000951   Epoch: 9   Global Step: 14100   Fp16 Grad Scale: 8388608   Required: 233 hours
Training: 2025-04-17 16:44:38,175-Speed 46.42 samples/sec   Loss 0.0125   LearningRate 0.000951   Epoch: 9   Global Step: 14110   Fp16 Grad Scale: 8388608   Required: 233 hours
Training: 2025-04-17 16:45:05,684-Speed 46.53 samples/sec   Loss 0.0113   LearningRate 0.000950   Epoch: 9   Global Step: 14120   Fp16 Grad Scale: 8388608   Required: 233 hours
Training: 2025-04-17 16:45:33,195-Speed 46.53 samples/sec   Loss 0.0249   LearningRate 0.000950   Epoch: 9   Global Step: 14130   Fp16 Grad Scale: 8388608   Required: 233 hours
Training: 2025-04-17 16:46:00,746-Speed 46.46 samples/sec   Loss 0.0125   LearningRate 0.000950   Epoch: 9   Global Step: 14140   Fp16 Grad Scale: 8388608   Required: 233 hours
Training: 2025-04-17 16:46:28,245-Speed 46.55 samples/sec   Loss 0.0749   LearningRate 0.000950   Epoch: 9   Global Step: 14150   Fp16 Grad Scale: 4194304   Required: 233 hours
Training: 2025-04-17 16:46:55,788-Speed 46.47 samples/sec   Loss 0.0297   LearningRate 0.000950   Epoch: 9   Global Step: 14160   Fp16 Grad Scale: 4194304   Required: 233 hours
Training: 2025-04-17 16:47:45,306-Speed 45.91 samples/sec   Loss 0.0550   LearningRate 0.000950   Epoch: 9   Global Step: 14170   Fp16 Grad Scale: 4194304   Required: 233 hours
Training: 2025-04-17 16:48:12,956-Speed 46.29 samples/sec   Loss 0.0839   LearningRate 0.000950   Epoch: 9   Global Step: 14180   Fp16 Grad Scale: 2097152   Required: 233 hours
Training: 2025-04-17 16:48:42,362-Speed 43.53 samples/sec   Loss 0.0297   LearningRate 0.000950   Epoch: 9   Global Step: 14190   Fp16 Grad Scale: 2097152   Required: 233 hours
Training: 2025-04-17 16:49:09,894-Speed 46.49 samples/sec   Loss 0.1142   LearningRate 0.000950   Epoch: 9   Global Step: 14200   Fp16 Grad Scale: 2097152   Required: 233 hours
Training: 2025-04-17 16:49:37,405-Speed 46.53 samples/sec   Loss 0.0700   LearningRate 0.000950   Epoch: 9   Global Step: 14210   Fp16 Grad Scale: 2097152   Required: 233 hours
Training: 2025-04-17 16:50:05,001-Speed 46.38 samples/sec   Loss 0.0468   LearningRate 0.000950   Epoch: 9   Global Step: 14220   Fp16 Grad Scale: 2097152   Required: 233 hours
Training: 2025-04-17 16:50:32,555-Speed 46.46 samples/sec   Loss 0.0338   LearningRate 0.000950   Epoch: 9   Global Step: 14230   Fp16 Grad Scale: 2097152   Required: 233 hours
Training: 2025-04-17 16:50:59,972-Speed 46.69 samples/sec   Loss 0.0347   LearningRate 0.000950   Epoch: 9   Global Step: 14240   Fp16 Grad Scale: 2097152   Required: 233 hours
Training: 2025-04-17 16:51:27,372-Speed 46.72 samples/sec   Loss 0.0228   LearningRate 0.000950   Epoch: 9   Global Step: 14250   Fp16 Grad Scale: 2097152   Required: 233 hours
Training: 2025-04-17 16:51:54,857-Speed 46.57 samples/sec   Loss 0.0267   LearningRate 0.000950   Epoch: 9   Global Step: 14260   Fp16 Grad Scale: 2097152   Required: 233 hours
Training: 2025-04-17 16:52:22,179-Speed 46.85 samples/sec   Loss 0.0177   LearningRate 0.000950   Epoch: 9   Global Step: 14270   Fp16 Grad Scale: 2097152   Required: 233 hours
Training: 2025-04-17 16:53:37,733-Speed 16.94 samples/sec   Loss 0.0167   LearningRate 0.000950   Epoch: 10   Global Step: 14280   Fp16 Grad Scale: 4194304   Required: 233 hours
Training: 2025-04-17 16:54:05,057-Speed 46.85 samples/sec   Loss 0.0131   LearningRate 0.000950   Epoch: 10   Global Step: 14290   Fp16 Grad Scale: 4194304   Required: 233 hours
Training: 2025-04-17 16:54:32,479-Speed 46.68 samples/sec   Loss 0.0216   LearningRate 0.000950   Epoch: 10   Global Step: 14300   Fp16 Grad Scale: 4194304   Required: 233 hours
Training: 2025-04-17 16:54:59,932-Speed 46.63 samples/sec   Loss 0.0131   LearningRate 0.000950   Epoch: 10   Global Step: 14310   Fp16 Grad Scale: 4194304   Required: 233 hours
Training: 2025-04-17 16:55:27,268-Speed 46.83 samples/sec   Loss 0.0151   LearningRate 0.000950   Epoch: 10   Global Step: 14320   Fp16 Grad Scale: 4194304   Required: 233 hours
Training: 2025-04-17 16:55:54,531-Speed 46.95 samples/sec   Loss 0.0262   LearningRate 0.000950   Epoch: 10   Global Step: 14330   Fp16 Grad Scale: 4194304   Required: 233 hours
Training: 2025-04-17 16:56:22,241-Speed 46.19 samples/sec   Loss 0.0125   LearningRate 0.000950   Epoch: 10   Global Step: 14340   Fp16 Grad Scale: 4194304   Required: 233 hours
Training: 2025-04-17 16:56:50,896-Speed 44.67 samples/sec   Loss 0.0089   LearningRate 0.000950   Epoch: 10   Global Step: 14350   Fp16 Grad Scale: 4194304   Required: 233 hours
Training: 2025-04-17 16:57:18,908-Speed 45.70 samples/sec   Loss 0.0580   LearningRate 0.000950   Epoch: 10   Global Step: 14360   Fp16 Grad Scale: 4194304   Required: 233 hours
Training: 2025-04-17 16:57:46,272-Speed 46.78 samples/sec   Loss 0.0283   LearningRate 0.000950   Epoch: 10   Global Step: 14370   Fp16 Grad Scale: 4194304   Required: 233 hours
Training: 2025-04-17 16:58:13,604-Speed 46.83 samples/sec   Loss 0.0121   LearningRate 0.000950   Epoch: 10   Global Step: 14380   Fp16 Grad Scale: 8388608   Required: 233 hours
Training: 2025-04-17 16:58:42,843-Speed 43.78 samples/sec   Loss 0.0351   LearningRate 0.000950   Epoch: 10   Global Step: 14390   Fp16 Grad Scale: 4194304   Required: 233 hours
Training: 2025-04-17 16:59:10,280-Speed 46.65 samples/sec   Loss 0.0086   LearningRate 0.000950   Epoch: 10   Global Step: 14400   Fp16 Grad Scale: 4194304   Required: 233 hours
Training: 2025-04-17 16:59:37,815-Speed 46.49 samples/sec   Loss 0.0100   LearningRate 0.000949   Epoch: 10   Global Step: 14410   Fp16 Grad Scale: 4194304   Required: 233 hours
Training: 2025-04-17 17:00:05,178-Speed 46.78 samples/sec   Loss 0.0161   LearningRate 0.000949   Epoch: 10   Global Step: 14420   Fp16 Grad Scale: 4194304   Required: 233 hours
Training: 2025-04-17 17:00:32,516-Speed 46.82 samples/sec   Loss 0.0307   LearningRate 0.000949   Epoch: 10   Global Step: 14430   Fp16 Grad Scale: 4194304   Required: 233 hours
Training: 2025-04-17 17:00:59,900-Speed 46.74 samples/sec   Loss 0.0525   LearningRate 0.000949   Epoch: 10   Global Step: 14440   Fp16 Grad Scale: 4194304   Required: 233 hours
Training: 2025-04-17 17:01:27,375-Speed 46.59 samples/sec   Loss 0.0213   LearningRate 0.000949   Epoch: 10   Global Step: 14450   Fp16 Grad Scale: 4194304   Required: 232 hours
Training: 2025-04-17 17:01:54,853-Speed 46.58 samples/sec   Loss 0.0108   LearningRate 0.000949   Epoch: 10   Global Step: 14460   Fp16 Grad Scale: 4194304   Required: 232 hours
Training: 2025-04-17 17:02:22,270-Speed 46.69 samples/sec   Loss 0.0084   LearningRate 0.000949   Epoch: 10   Global Step: 14470   Fp16 Grad Scale: 4194304   Required: 232 hours
Training: 2025-04-17 17:02:54,204-Speed 46.86 samples/sec   Loss 0.0089   LearningRate 0.000949   Epoch: 10   Global Step: 14480   Fp16 Grad Scale: 4194304   Required: 232 hours
Training: 2025-04-17 17:03:21,519-Speed 46.86 samples/sec   Loss 0.0079   LearningRate 0.000949   Epoch: 10   Global Step: 14490   Fp16 Grad Scale: 8388608   Required: 232 hours
Training: 2025-04-17 17:03:50,685-Speed 43.89 samples/sec   Loss 0.0046   LearningRate 0.000949   Epoch: 10   Global Step: 14500   Fp16 Grad Scale: 8388608   Required: 232 hours
Training: 2025-04-17 17:04:18,260-Speed 46.42 samples/sec   Loss 0.0059   LearningRate 0.000949   Epoch: 10   Global Step: 14510   Fp16 Grad Scale: 8388608   Required: 232 hours
Training: 2025-04-17 17:04:45,663-Speed 46.71 samples/sec   Loss 0.0044   LearningRate 0.000949   Epoch: 10   Global Step: 14520   Fp16 Grad Scale: 8388608   Required: 232 hours
Training: 2025-04-17 17:05:13,017-Speed 46.79 samples/sec   Loss 0.0105   LearningRate 0.000949   Epoch: 10   Global Step: 14530   Fp16 Grad Scale: 8388608   Required: 232 hours
Training: 2025-04-17 17:05:40,368-Speed 46.80 samples/sec   Loss 0.0135   LearningRate 0.000949   Epoch: 10   Global Step: 14540   Fp16 Grad Scale: 8388608   Required: 232 hours
Training: 2025-04-17 17:06:07,925-Speed 46.45 samples/sec   Loss 0.0041   LearningRate 0.000949   Epoch: 10   Global Step: 14550   Fp16 Grad Scale: 8388608   Required: 232 hours
Training: 2025-04-17 17:06:36,876-Speed 44.21 samples/sec   Loss 0.0038   LearningRate 0.000949   Epoch: 10   Global Step: 14560   Fp16 Grad Scale: 8388608   Required: 232 hours
Training: 2025-04-17 17:07:04,259-Speed 46.75 samples/sec   Loss 0.0039   LearningRate 0.000949   Epoch: 10   Global Step: 14570   Fp16 Grad Scale: 8388608   Required: 232 hours
Training: 2025-04-17 17:07:31,662-Speed 46.71 samples/sec   Loss 0.0050   LearningRate 0.000949   Epoch: 10   Global Step: 14580   Fp16 Grad Scale: 8388608   Required: 232 hours
Training: 2025-04-17 17:07:59,060-Speed 46.72 samples/sec   Loss 0.0037   LearningRate 0.000949   Epoch: 10   Global Step: 14590   Fp16 Grad Scale: 16777216   Required: 232 hours
Training: 2025-04-17 17:08:26,534-Speed 46.59 samples/sec   Loss 0.0045   LearningRate 0.000949   Epoch: 10   Global Step: 14600   Fp16 Grad Scale: 8388608   Required: 232 hours
Training: 2025-04-17 17:08:57,259-Speed 41.66 samples/sec   Loss 0.0028   LearningRate 0.000949   Epoch: 10   Global Step: 14610   Fp16 Grad Scale: 8388608   Required: 232 hours
Training: 2025-04-17 17:09:24,669-Speed 46.70 samples/sec   Loss 0.0042   LearningRate 0.000949   Epoch: 10   Global Step: 14620   Fp16 Grad Scale: 8388608   Required: 232 hours
Training: 2025-04-17 17:09:52,167-Speed 46.55 samples/sec   Loss 0.0018   LearningRate 0.000949   Epoch: 10   Global Step: 14630   Fp16 Grad Scale: 8388608   Required: 232 hours
Training: 2025-04-17 17:10:19,594-Speed 46.67 samples/sec   Loss 0.0043   LearningRate 0.000949   Epoch: 10   Global Step: 14640   Fp16 Grad Scale: 8388608   Required: 232 hours
Training: 2025-04-17 17:10:47,081-Speed 46.57 samples/sec   Loss 0.0040   LearningRate 0.000949   Epoch: 10   Global Step: 14650   Fp16 Grad Scale: 8388608   Required: 232 hours
Training: 2025-04-17 17:11:14,840-Speed 46.11 samples/sec   Loss 0.0033   LearningRate 0.000949   Epoch: 10   Global Step: 14660   Fp16 Grad Scale: 8388608   Required: 232 hours
Training: 2025-04-17 17:11:43,635-Speed 44.45 samples/sec   Loss 0.0084   LearningRate 0.000949   Epoch: 10   Global Step: 14670   Fp16 Grad Scale: 8388608   Required: 232 hours
Training: 2025-04-17 17:12:11,322-Speed 46.23 samples/sec   Loss 0.0048   LearningRate 0.000949   Epoch: 10   Global Step: 14680   Fp16 Grad Scale: 8388608   Required: 232 hours
Training: 2025-04-17 17:12:38,981-Speed 46.28 samples/sec   Loss 0.0113   LearningRate 0.000948   Epoch: 10   Global Step: 14690   Fp16 Grad Scale: 8388608   Required: 232 hours
Training: 2025-04-17 17:13:06,393-Speed 46.70 samples/sec   Loss 0.0024   LearningRate 0.000948   Epoch: 10   Global Step: 14700   Fp16 Grad Scale: 16777216   Required: 232 hours
Training: 2025-04-17 17:13:36,226-Speed 42.91 samples/sec   Loss 0.0034   LearningRate 0.000948   Epoch: 10   Global Step: 14710   Fp16 Grad Scale: 16777216   Required: 232 hours
Training: 2025-04-17 17:14:03,615-Speed 46.74 samples/sec   Loss 0.0018   LearningRate 0.000948   Epoch: 10   Global Step: 14720   Fp16 Grad Scale: 16777216   Required: 232 hours
Training: 2025-04-17 17:14:30,965-Speed 46.80 samples/sec   Loss 0.0037   LearningRate 0.000948   Epoch: 10   Global Step: 14730   Fp16 Grad Scale: 16777216   Required: 232 hours
Training: 2025-04-17 17:14:58,326-Speed 46.78 samples/sec   Loss 0.0043   LearningRate 0.000948   Epoch: 10   Global Step: 14740   Fp16 Grad Scale: 16777216   Required: 232 hours
Training: 2025-04-17 17:15:25,820-Speed 46.56 samples/sec   Loss 0.0756   LearningRate 0.000948   Epoch: 10   Global Step: 14750   Fp16 Grad Scale: 16777216   Required: 232 hours
Training: 2025-04-17 17:15:53,257-Speed 46.65 samples/sec   Loss 0.0074   LearningRate 0.000948   Epoch: 10   Global Step: 14760   Fp16 Grad Scale: 16777216   Required: 232 hours
Training: 2025-04-17 17:16:20,722-Speed 46.61 samples/sec   Loss 0.0103   LearningRate 0.000948   Epoch: 10   Global Step: 14770   Fp16 Grad Scale: 16777216   Required: 232 hours
Training: 2025-04-17 17:16:50,083-Speed 43.60 samples/sec   Loss 0.0051   LearningRate 0.000948   Epoch: 10   Global Step: 14780   Fp16 Grad Scale: 16777216   Required: 232 hours
Training: 2025-04-17 17:17:17,542-Speed 46.62 samples/sec   Loss 0.0030   LearningRate 0.000948   Epoch: 10   Global Step: 14790   Fp16 Grad Scale: 16777216   Required: 232 hours
Training: 2025-04-17 17:17:49,259-Speed 40.36 samples/sec   Loss 0.0024   LearningRate 0.000948   Epoch: 10   Global Step: 14800   Fp16 Grad Scale: 33554432   Required: 232 hours
Training: 2025-04-17 17:18:16,787-Speed 46.50 samples/sec   Loss 0.0029   LearningRate 0.000948   Epoch: 10   Global Step: 14810   Fp16 Grad Scale: 33554432   Required: 232 hours
Training: 2025-04-17 17:18:46,135-Speed 43.62 samples/sec   Loss 0.0033   LearningRate 0.000948   Epoch: 10   Global Step: 14820   Fp16 Grad Scale: 16777216   Required: 232 hours
Training: 2025-04-17 17:19:13,749-Speed 46.35 samples/sec   Loss 0.0022   LearningRate 0.000948   Epoch: 10   Global Step: 14830   Fp16 Grad Scale: 16777216   Required: 232 hours
Training: 2025-04-17 17:19:41,255-Speed 46.54 samples/sec   Loss 0.0015   LearningRate 0.000948   Epoch: 10   Global Step: 14840   Fp16 Grad Scale: 16777216   Required: 232 hours
Training: 2025-04-17 17:20:08,927-Speed 46.26 samples/sec   Loss 0.0015   LearningRate 0.000948   Epoch: 10   Global Step: 14850   Fp16 Grad Scale: 16777216   Required: 232 hours
Training: 2025-04-17 17:20:36,573-Speed 46.30 samples/sec   Loss 0.0030   LearningRate 0.000948   Epoch: 10   Global Step: 14860   Fp16 Grad Scale: 16777216   Required: 232 hours
Training: 2025-04-17 17:21:04,029-Speed 46.62 samples/sec   Loss 0.0022   LearningRate 0.000948   Epoch: 10   Global Step: 14870   Fp16 Grad Scale: 16777216   Required: 232 hours
Training: 2025-04-17 17:21:31,462-Speed 46.66 samples/sec   Loss 0.0030   LearningRate 0.000948   Epoch: 10   Global Step: 14880   Fp16 Grad Scale: 16777216   Required: 231 hours
Training: 2025-04-17 17:21:58,884-Speed 46.68 samples/sec   Loss 0.0050   LearningRate 0.000948   Epoch: 10   Global Step: 14890   Fp16 Grad Scale: 16777216   Required: 231 hours
Training: 2025-04-17 17:22:26,459-Speed 46.42 samples/sec   Loss 0.0028   LearningRate 0.000948   Epoch: 10   Global Step: 14900   Fp16 Grad Scale: 16777216   Required: 231 hours
Training: 2025-04-17 17:22:53,913-Speed 46.63 samples/sec   Loss 0.0029   LearningRate 0.000948   Epoch: 10   Global Step: 14910   Fp16 Grad Scale: 16777216   Required: 231 hours
Training: 2025-04-17 17:23:21,323-Speed 46.70 samples/sec   Loss 0.0067   LearningRate 0.000948   Epoch: 10   Global Step: 14920   Fp16 Grad Scale: 33554432   Required: 231 hours
Training: 2025-04-17 17:23:50,923-Speed 43.24 samples/sec   Loss 0.0034   LearningRate 0.000948   Epoch: 10   Global Step: 14930   Fp16 Grad Scale: 16777216   Required: 231 hours
Training: 2025-04-17 17:24:18,430-Speed 46.54 samples/sec   Loss 0.0081   LearningRate 0.000948   Epoch: 10   Global Step: 14940   Fp16 Grad Scale: 8388608   Required: 231 hours
Training: 2025-04-17 17:24:46,041-Speed 46.36 samples/sec   Loss 0.0049   LearningRate 0.000948   Epoch: 10   Global Step: 14950   Fp16 Grad Scale: 8388608   Required: 231 hours
Training: 2025-04-17 17:25:13,430-Speed 46.73 samples/sec   Loss 0.0078   LearningRate 0.000948   Epoch: 10   Global Step: 14960   Fp16 Grad Scale: 4194304   Required: 231 hours
Training: 2025-04-17 17:25:40,865-Speed 46.66 samples/sec   Loss 0.0064   LearningRate 0.000948   Epoch: 10   Global Step: 14970   Fp16 Grad Scale: 4194304   Required: 231 hours
Training: 2025-04-17 17:26:08,287-Speed 46.68 samples/sec   Loss 0.0459   LearningRate 0.000947   Epoch: 10   Global Step: 14980   Fp16 Grad Scale: 4194304   Required: 231 hours
Training: 2025-04-17 17:26:36,679-Speed 45.10 samples/sec   Loss 0.0233   LearningRate 0.000947   Epoch: 10   Global Step: 14990   Fp16 Grad Scale: 4194304   Required: 231 hours
Training: 2025-04-17 17:27:05,738-Speed 44.23 samples/sec   Loss 0.0110   LearningRate 0.000947   Epoch: 10   Global Step: 15000   Fp16 Grad Scale: 4194304   Required: 231 hours
Training: 2025-04-17 17:27:33,566-Speed 46.00 samples/sec   Loss 0.0052   LearningRate 0.000947   Epoch: 10   Global Step: 15010   Fp16 Grad Scale: 4194304   Required: 231 hours
Training: 2025-04-17 17:28:00,991-Speed 46.67 samples/sec   Loss 0.0042   LearningRate 0.000947   Epoch: 10   Global Step: 15020   Fp16 Grad Scale: 4194304   Required: 231 hours
Training: 2025-04-17 17:28:28,451-Speed 46.62 samples/sec   Loss 0.0176   LearningRate 0.000947   Epoch: 10   Global Step: 15030   Fp16 Grad Scale: 4194304   Required: 231 hours
Training: 2025-04-17 17:28:57,925-Speed 43.43 samples/sec   Loss 0.0141   LearningRate 0.000947   Epoch: 10   Global Step: 15040   Fp16 Grad Scale: 4194304   Required: 231 hours
Training: 2025-04-17 17:29:25,516-Speed 46.39 samples/sec   Loss 0.0509   LearningRate 0.000947   Epoch: 10   Global Step: 15050   Fp16 Grad Scale: 4194304   Required: 231 hours
Training: 2025-04-17 17:29:52,975-Speed 46.61 samples/sec   Loss 0.0157   LearningRate 0.000947   Epoch: 10   Global Step: 15060   Fp16 Grad Scale: 8388608   Required: 231 hours
Training: 2025-04-17 17:30:20,502-Speed 46.50 samples/sec   Loss 0.0165   LearningRate 0.000947   Epoch: 10   Global Step: 15070   Fp16 Grad Scale: 8388608   Required: 231 hours
Training: 2025-04-17 17:30:47,933-Speed 46.66 samples/sec   Loss 0.0199   LearningRate 0.000947   Epoch: 10   Global Step: 15080   Fp16 Grad Scale: 8388608   Required: 231 hours
Training: 2025-04-17 17:31:15,413-Speed 46.58 samples/sec   Loss 0.0111   LearningRate 0.000947   Epoch: 10   Global Step: 15090   Fp16 Grad Scale: 8388608   Required: 231 hours
Training: 2025-04-17 17:31:42,933-Speed 46.51 samples/sec   Loss 0.0201   LearningRate 0.000947   Epoch: 10   Global Step: 15100   Fp16 Grad Scale: 8388608   Required: 231 hours
Training: 2025-04-17 17:32:10,384-Speed 46.63 samples/sec   Loss 0.0185   LearningRate 0.000947   Epoch: 10   Global Step: 15110   Fp16 Grad Scale: 8388608   Required: 231 hours
Training: 2025-04-17 17:32:37,813-Speed 46.67 samples/sec   Loss 0.0078   LearningRate 0.000947   Epoch: 10   Global Step: 15120   Fp16 Grad Scale: 8388608   Required: 231 hours
Training: 2025-04-17 17:33:05,261-Speed 46.63 samples/sec   Loss 0.0161   LearningRate 0.000947   Epoch: 10   Global Step: 15130   Fp16 Grad Scale: 8388608   Required: 231 hours
Training: 2025-04-17 17:33:32,757-Speed 46.55 samples/sec   Loss 0.0119   LearningRate 0.000947   Epoch: 10   Global Step: 15140   Fp16 Grad Scale: 8388608   Required: 231 hours
Training: 2025-04-17 17:34:02,095-Speed 43.63 samples/sec   Loss 0.0093   LearningRate 0.000947   Epoch: 10   Global Step: 15150   Fp16 Grad Scale: 8388608   Required: 231 hours
Training: 2025-04-17 17:34:29,685-Speed 46.39 samples/sec   Loss 0.0063   LearningRate 0.000947   Epoch: 10   Global Step: 15160   Fp16 Grad Scale: 16777216   Required: 231 hours
Training: 2025-04-17 17:34:57,086-Speed 46.71 samples/sec   Loss 0.0300   LearningRate 0.000947   Epoch: 10   Global Step: 15170   Fp16 Grad Scale: 8388608   Required: 231 hours
Training: 2025-04-17 17:35:24,549-Speed 46.61 samples/sec   Loss 0.0138   LearningRate 0.000947   Epoch: 10   Global Step: 15180   Fp16 Grad Scale: 4194304   Required: 231 hours
Training: 2025-04-17 17:35:51,904-Speed 46.79 samples/sec   Loss 0.0055   LearningRate 0.000947   Epoch: 10   Global Step: 15190   Fp16 Grad Scale: 4194304   Required: 231 hours
Training: 2025-04-17 17:36:19,473-Speed 46.43 samples/sec   Loss 0.0075   LearningRate 0.000947   Epoch: 10   Global Step: 15200   Fp16 Grad Scale: 4194304   Required: 231 hours
Training: 2025-04-17 17:36:48,570-Speed 43.99 samples/sec   Loss 0.0074   LearningRate 0.000947   Epoch: 10   Global Step: 15210   Fp16 Grad Scale: 4194304   Required: 231 hours
Training: 2025-04-17 17:37:16,069-Speed 46.55 samples/sec   Loss 0.0067   LearningRate 0.000947   Epoch: 10   Global Step: 15220   Fp16 Grad Scale: 4194304   Required: 231 hours
Training: 2025-04-17 17:37:43,427-Speed 46.79 samples/sec   Loss 0.0054   LearningRate 0.000947   Epoch: 10   Global Step: 15230   Fp16 Grad Scale: 4194304   Required: 231 hours
Training: 2025-04-17 17:38:10,965-Speed 46.48 samples/sec   Loss 0.0270   LearningRate 0.000947   Epoch: 10   Global Step: 15240   Fp16 Grad Scale: 4194304   Required: 231 hours
Training: 2025-04-17 17:38:38,643-Speed 46.25 samples/sec   Loss 0.0201   LearningRate 0.000947   Epoch: 10   Global Step: 15250   Fp16 Grad Scale: 4194304   Required: 231 hours
Training: 2025-04-17 17:39:08,104-Speed 43.45 samples/sec   Loss 0.0115   LearningRate 0.000946   Epoch: 10   Global Step: 15260   Fp16 Grad Scale: 4194304   Required: 231 hours
Training: 2025-04-17 17:39:35,929-Speed 46.00 samples/sec   Loss 0.0136   LearningRate 0.000946   Epoch: 10   Global Step: 15270   Fp16 Grad Scale: 4194304   Required: 231 hours
Training: 2025-04-17 17:40:03,456-Speed 46.50 samples/sec   Loss 0.0463   LearningRate 0.000946   Epoch: 10   Global Step: 15280   Fp16 Grad Scale: 4194304   Required: 231 hours
Training: 2025-04-17 17:40:30,969-Speed 46.53 samples/sec   Loss 0.0461   LearningRate 0.000946   Epoch: 10   Global Step: 15290   Fp16 Grad Scale: 2097152   Required: 231 hours
Training: 2025-04-17 17:40:58,715-Speed 46.13 samples/sec   Loss 0.0228   LearningRate 0.000946   Epoch: 10   Global Step: 15300   Fp16 Grad Scale: 2097152   Required: 231 hours
Training: 2025-04-17 17:41:26,253-Speed 46.48 samples/sec   Loss 0.0129   LearningRate 0.000946   Epoch: 10   Global Step: 15310   Fp16 Grad Scale: 2097152   Required: 230 hours
Training: 2025-04-17 17:41:54,080-Speed 46.00 samples/sec   Loss 0.0458   LearningRate 0.000946   Epoch: 10   Global Step: 15320   Fp16 Grad Scale: 2097152   Required: 230 hours
Training: 2025-04-17 17:42:21,758-Speed 46.25 samples/sec   Loss 0.0263   LearningRate 0.000946   Epoch: 10   Global Step: 15330   Fp16 Grad Scale: 2097152   Required: 230 hours
Training: 2025-04-17 17:42:49,326-Speed 46.43 samples/sec   Loss 0.0241   LearningRate 0.000946   Epoch: 10   Global Step: 15340   Fp16 Grad Scale: 2097152   Required: 230 hours
Training: 2025-04-17 17:43:17,431-Speed 45.54 samples/sec   Loss 0.0315   LearningRate 0.000946   Epoch: 10   Global Step: 15350   Fp16 Grad Scale: 2097152   Required: 230 hours
Training: 2025-04-17 17:43:45,549-Speed 45.52 samples/sec   Loss 0.0189   LearningRate 0.000946   Epoch: 10   Global Step: 15360   Fp16 Grad Scale: 2097152   Required: 230 hours
Training: 2025-04-17 17:44:15,110-Speed 43.30 samples/sec   Loss 0.0923   LearningRate 0.000946   Epoch: 10   Global Step: 15370   Fp16 Grad Scale: 2097152   Required: 230 hours
Training: 2025-04-17 17:44:42,724-Speed 46.35 samples/sec   Loss 0.0156   LearningRate 0.000946   Epoch: 10   Global Step: 15380   Fp16 Grad Scale: 2097152   Required: 230 hours
Training: 2025-04-17 17:45:10,589-Speed 45.95 samples/sec   Loss 0.0381   LearningRate 0.000946   Epoch: 10   Global Step: 15390   Fp16 Grad Scale: 4194304   Required: 230 hours
Training: 2025-04-17 17:45:38,893-Speed 45.45 samples/sec   Loss 0.0120   LearningRate 0.000946   Epoch: 10   Global Step: 15400   Fp16 Grad Scale: 4194304   Required: 230 hours
Training: 2025-04-17 17:46:07,103-Speed 45.38 samples/sec   Loss 0.0497   LearningRate 0.000946   Epoch: 10   Global Step: 15410   Fp16 Grad Scale: 4194304   Required: 230 hours
Training: 2025-04-17 17:46:36,895-Speed 42.96 samples/sec   Loss 0.0724   LearningRate 0.000946   Epoch: 10   Global Step: 15420   Fp16 Grad Scale: 4194304   Required: 230 hours
Training: 2025-04-17 17:47:05,097-Speed 45.39 samples/sec   Loss 0.0310   LearningRate 0.000946   Epoch: 10   Global Step: 15430   Fp16 Grad Scale: 4194304   Required: 230 hours
Training: 2025-04-17 17:47:32,854-Speed 46.12 samples/sec   Loss 0.0327   LearningRate 0.000946   Epoch: 10   Global Step: 15440   Fp16 Grad Scale: 4194304   Required: 230 hours
Training: 2025-04-17 17:48:00,654-Speed 46.04 samples/sec   Loss 0.0243   LearningRate 0.000946   Epoch: 10   Global Step: 15450   Fp16 Grad Scale: 4194304   Required: 230 hours
Training: 2025-04-17 17:48:28,433-Speed 46.08 samples/sec   Loss 0.0193   LearningRate 0.000946   Epoch: 10   Global Step: 15460   Fp16 Grad Scale: 4194304   Required: 230 hours
Training: 2025-04-17 17:48:58,065-Speed 43.20 samples/sec   Loss 0.0143   LearningRate 0.000946   Epoch: 10   Global Step: 15470   Fp16 Grad Scale: 4194304   Required: 230 hours
Training: 2025-04-17 17:49:25,635-Speed 46.43 samples/sec   Loss 0.0183   LearningRate 0.000946   Epoch: 10   Global Step: 15480   Fp16 Grad Scale: 4194304   Required: 230 hours
Training: 2025-04-17 17:49:53,248-Speed 46.36 samples/sec   Loss 0.0118   LearningRate 0.000946   Epoch: 10   Global Step: 15490   Fp16 Grad Scale: 8388608   Required: 230 hours
Training: 2025-04-17 17:50:20,879-Speed 46.33 samples/sec   Loss 0.0209   LearningRate 0.000946   Epoch: 10   Global Step: 15500   Fp16 Grad Scale: 4194304   Required: 230 hours
Training: 2025-04-17 17:50:48,486-Speed 46.37 samples/sec   Loss 0.0137   LearningRate 0.000946   Epoch: 10   Global Step: 15510   Fp16 Grad Scale: 4194304   Required: 230 hours
Training: 2025-04-17 17:51:16,021-Speed 46.49 samples/sec   Loss 0.0156   LearningRate 0.000946   Epoch: 10   Global Step: 15520   Fp16 Grad Scale: 4194304   Required: 230 hours
Training: 2025-04-17 17:51:43,630-Speed 46.36 samples/sec   Loss 0.0192   LearningRate 0.000946   Epoch: 10   Global Step: 15530   Fp16 Grad Scale: 4194304   Required: 230 hours
Training: 2025-04-17 17:52:11,179-Speed 46.46 samples/sec   Loss 0.0102   LearningRate 0.000946   Epoch: 10   Global Step: 15540   Fp16 Grad Scale: 4194304   Required: 230 hours
Training: 2025-04-17 17:52:38,882-Speed 46.21 samples/sec   Loss 0.0091   LearningRate 0.000945   Epoch: 10   Global Step: 15550   Fp16 Grad Scale: 4194304   Required: 230 hours
Training: 2025-04-17 17:53:06,589-Speed 46.20 samples/sec   Loss 0.0139   LearningRate 0.000945   Epoch: 10   Global Step: 15560   Fp16 Grad Scale: 4194304   Required: 230 hours
Training: 2025-04-17 17:53:34,250-Speed 46.28 samples/sec   Loss 0.0127   LearningRate 0.000945   Epoch: 10   Global Step: 15570   Fp16 Grad Scale: 4194304   Required: 230 hours
Training: 2025-04-17 17:54:03,974-Speed 43.06 samples/sec   Loss 0.0050   LearningRate 0.000945   Epoch: 10   Global Step: 15580   Fp16 Grad Scale: 4194304   Required: 230 hours
Training: 2025-04-17 17:54:31,548-Speed 46.42 samples/sec   Loss 0.0212   LearningRate 0.000945   Epoch: 10   Global Step: 15590   Fp16 Grad Scale: 4194304   Required: 230 hours
Training: 2025-04-17 17:54:59,161-Speed 46.36 samples/sec   Loss 0.0072   LearningRate 0.000945   Epoch: 10   Global Step: 15600   Fp16 Grad Scale: 8388608   Required: 230 hours
Training: 2025-04-17 17:55:27,198-Speed 45.66 samples/sec   Loss 0.0158   LearningRate 0.000945   Epoch: 10   Global Step: 15610   Fp16 Grad Scale: 8388608   Required: 230 hours
Training: 2025-04-17 17:55:54,906-Speed 46.20 samples/sec   Loss 0.0115   LearningRate 0.000945   Epoch: 10   Global Step: 15620   Fp16 Grad Scale: 8388608   Required: 230 hours
Training: 2025-04-17 17:56:22,947-Speed 45.65 samples/sec   Loss 0.0259   LearningRate 0.000945   Epoch: 10   Global Step: 15630   Fp16 Grad Scale: 4194304   Required: 230 hours
Training: 2025-04-17 17:56:51,251-Speed 45.22 samples/sec   Loss 0.0738   LearningRate 0.000945   Epoch: 10   Global Step: 15640   Fp16 Grad Scale: 4194304   Required: 230 hours
Training: 2025-04-17 17:57:19,661-Speed 45.06 samples/sec   Loss 0.0181   LearningRate 0.000945   Epoch: 10   Global Step: 15650   Fp16 Grad Scale: 4194304   Required: 230 hours
Training: 2025-04-17 17:57:47,384-Speed 46.17 samples/sec   Loss 0.0186   LearningRate 0.000945   Epoch: 10   Global Step: 15660   Fp16 Grad Scale: 4194304   Required: 230 hours
Training: 2025-04-17 17:58:15,246-Speed 45.94 samples/sec   Loss 0.0105   LearningRate 0.000945   Epoch: 10   Global Step: 15670   Fp16 Grad Scale: 4194304   Required: 230 hours
Training: 2025-04-17 17:58:43,032-Speed 46.07 samples/sec   Loss 0.0247   LearningRate 0.000945   Epoch: 10   Global Step: 15680   Fp16 Grad Scale: 4194304   Required: 230 hours
Training: 2025-04-17 17:59:12,603-Speed 43.29 samples/sec   Loss 0.0129   LearningRate 0.000945   Epoch: 10   Global Step: 15690   Fp16 Grad Scale: 4194304   Required: 230 hours
Training: 2025-04-17 17:59:53,477-Speed 31.32 samples/sec   Loss 0.0150   LearningRate 0.000945   Epoch: 11   Global Step: 15700   Fp16 Grad Scale: 4194304   Required: 230 hours
Training: 2025-04-17 18:00:21,187-Speed 46.19 samples/sec   Loss 0.0060   LearningRate 0.000945   Epoch: 11   Global Step: 15710   Fp16 Grad Scale: 4194304   Required: 230 hours
Training: 2025-04-17 18:00:48,846-Speed 46.28 samples/sec   Loss 0.0066   LearningRate 0.000945   Epoch: 11   Global Step: 15720   Fp16 Grad Scale: 4194304   Required: 230 hours
Training: 2025-04-17 18:01:16,551-Speed 46.20 samples/sec   Loss 0.0056   LearningRate 0.000945   Epoch: 11   Global Step: 15730   Fp16 Grad Scale: 8388608   Required: 230 hours
Training: 2025-04-17 18:01:44,672-Speed 45.52 samples/sec   Loss 0.0050   LearningRate 0.000945   Epoch: 11   Global Step: 15740   Fp16 Grad Scale: 8388608   Required: 230 hours
Training: 2025-04-17 18:02:12,568-Speed 45.89 samples/sec   Loss 0.0022   LearningRate 0.000945   Epoch: 11   Global Step: 15750   Fp16 Grad Scale: 8388608   Required: 230 hours
Training: 2025-04-17 18:02:40,297-Speed 46.16 samples/sec   Loss 0.0102   LearningRate 0.000945   Epoch: 11   Global Step: 15760   Fp16 Grad Scale: 8388608   Required: 230 hours
Training: 2025-04-17 18:03:07,821-Speed 46.51 samples/sec   Loss 0.0081   LearningRate 0.000945   Epoch: 11   Global Step: 15770   Fp16 Grad Scale: 8388608   Required: 230 hours
Training: 2025-04-17 18:03:35,177-Speed 46.79 samples/sec   Loss 0.0047   LearningRate 0.000945   Epoch: 11   Global Step: 15780   Fp16 Grad Scale: 8388608   Required: 230 hours
Training: 2025-04-17 18:04:04,588-Speed 43.52 samples/sec   Loss 0.0053   LearningRate 0.000945   Epoch: 11   Global Step: 15790   Fp16 Grad Scale: 8388608   Required: 230 hours
Training: 2025-04-17 18:04:32,225-Speed 46.32 samples/sec   Loss 0.0014   LearningRate 0.000945   Epoch: 11   Global Step: 15800   Fp16 Grad Scale: 8388608   Required: 229 hours
Training: 2025-04-17 18:04:59,657-Speed 46.66 samples/sec   Loss 0.0014   LearningRate 0.000945   Epoch: 11   Global Step: 15810   Fp16 Grad Scale: 8388608   Required: 229 hours
Training: 2025-04-17 18:05:27,111-Speed 46.63 samples/sec   Loss 0.0020   LearningRate 0.000945   Epoch: 11   Global Step: 15820   Fp16 Grad Scale: 8388608   Required: 229 hours
Training: 2025-04-17 18:05:54,560-Speed 46.63 samples/sec   Loss 0.0038   LearningRate 0.000944   Epoch: 11   Global Step: 15830   Fp16 Grad Scale: 16777216   Required: 229 hours
Training: 2025-04-17 18:06:22,097-Speed 46.48 samples/sec   Loss 0.0026   LearningRate 0.000944   Epoch: 11   Global Step: 15840   Fp16 Grad Scale: 16777216   Required: 229 hours
Training: 2025-04-17 18:06:51,312-Speed 43.81 samples/sec   Loss 0.0042   LearningRate 0.000944   Epoch: 11   Global Step: 15850   Fp16 Grad Scale: 16777216   Required: 229 hours
Training: 2025-04-17 18:07:18,763-Speed 46.63 samples/sec   Loss 0.0033   LearningRate 0.000944   Epoch: 11   Global Step: 15860   Fp16 Grad Scale: 16777216   Required: 229 hours
Training: 2025-04-17 18:07:46,279-Speed 46.52 samples/sec   Loss 0.0023   LearningRate 0.000944   Epoch: 11   Global Step: 15870   Fp16 Grad Scale: 16777216   Required: 229 hours
Training: 2025-04-17 18:08:13,725-Speed 46.64 samples/sec   Loss 0.0020   LearningRate 0.000944   Epoch: 11   Global Step: 15880   Fp16 Grad Scale: 16777216   Required: 229 hours
Training: 2025-04-17 18:08:41,234-Speed 46.53 samples/sec   Loss 0.0024   LearningRate 0.000944   Epoch: 11   Global Step: 15890   Fp16 Grad Scale: 16777216   Required: 229 hours
Training: 2025-04-17 18:09:10,773-Speed 43.33 samples/sec   Loss 0.0009   LearningRate 0.000944   Epoch: 11   Global Step: 15900   Fp16 Grad Scale: 16777216   Required: 229 hours
Training: 2025-04-17 18:09:38,309-Speed 46.49 samples/sec   Loss 0.0015   LearningRate 0.000944   Epoch: 11   Global Step: 15910   Fp16 Grad Scale: 16777216   Required: 229 hours
Training: 2025-04-17 18:10:05,783-Speed 46.59 samples/sec   Loss 0.0026   LearningRate 0.000944   Epoch: 11   Global Step: 15920   Fp16 Grad Scale: 16777216   Required: 229 hours
Training: 2025-04-17 18:10:33,289-Speed 46.54 samples/sec   Loss 0.0006   LearningRate 0.000944   Epoch: 11   Global Step: 15930   Fp16 Grad Scale: 33554432   Required: 229 hours
Training: 2025-04-17 18:11:00,851-Speed 46.44 samples/sec   Loss 0.0013   LearningRate 0.000944   Epoch: 11   Global Step: 15940   Fp16 Grad Scale: 33554432   Required: 229 hours
Training: 2025-04-17 18:11:28,508-Speed 46.28 samples/sec   Loss 0.0006   LearningRate 0.000944   Epoch: 11   Global Step: 15950   Fp16 Grad Scale: 33554432   Required: 229 hours
Training: 2025-04-17 18:11:56,039-Speed 46.49 samples/sec   Loss 0.0018   LearningRate 0.000944   Epoch: 11   Global Step: 15960   Fp16 Grad Scale: 33554432   Required: 229 hours
Training: 2025-04-17 18:12:23,500-Speed 46.61 samples/sec   Loss 0.0168   LearningRate 0.000944   Epoch: 11   Global Step: 15970   Fp16 Grad Scale: 16777216   Required: 229 hours
Training: 2025-04-17 18:12:51,036-Speed 46.49 samples/sec   Loss 0.0007   LearningRate 0.000944   Epoch: 11   Global Step: 15980   Fp16 Grad Scale: 16777216   Required: 229 hours
Training: 2025-04-17 18:13:18,709-Speed 46.26 samples/sec   Loss 0.0012   LearningRate 0.000944   Epoch: 11   Global Step: 15990   Fp16 Grad Scale: 16777216   Required: 229 hours
Training: 2025-04-17 18:13:46,547-Speed 45.98 samples/sec   Loss 0.0030   LearningRate 0.000944   Epoch: 11   Global Step: 16000   Fp16 Grad Scale: 16777216   Required: 229 hours
Training: 2025-04-17 18:15:07,893-[val][Global step: 16000] d prime: 6.855138301849365
Model saved with d prime score: 6.855138301849365
Training: 2025-04-17 18:15:38,249-Speed 11.46 samples/sec   Loss 0.0150   LearningRate 0.000944   Epoch: 11   Global Step: 16010   Fp16 Grad Scale: 16777216   Required: 229 hours
Training: 2025-04-17 18:16:05,807-Speed 46.45 samples/sec   Loss 0.0040   LearningRate 0.000944   Epoch: 11   Global Step: 16020   Fp16 Grad Scale: 16777216   Required: 229 hours
Training: 2025-04-17 18:16:33,338-Speed 46.49 samples/sec   Loss 0.0012   LearningRate 0.000944   Epoch: 11   Global Step: 16030   Fp16 Grad Scale: 16777216   Required: 229 hours
Training: 2025-04-17 18:17:01,792-Speed 44.99 samples/sec   Loss 0.0040   LearningRate 0.000944   Epoch: 11   Global Step: 16040   Fp16 Grad Scale: 16777216   Required: 229 hours
Training: 2025-04-17 18:17:29,369-Speed 46.42 samples/sec   Loss 0.0006   LearningRate 0.000944   Epoch: 11   Global Step: 16050   Fp16 Grad Scale: 16777216   Required: 229 hours
Training: 2025-04-17 18:17:57,059-Speed 46.23 samples/sec   Loss 0.0095   LearningRate 0.000944   Epoch: 11   Global Step: 16060   Fp16 Grad Scale: 8388608   Required: 229 hours
Training: 2025-04-17 18:18:35,060-Speed 46.38 samples/sec   Loss 0.0013   LearningRate 0.000944   Epoch: 11   Global Step: 16070   Fp16 Grad Scale: 8388608   Required: 229 hours
Training: 2025-04-17 18:19:02,746-Speed 46.24 samples/sec   Loss 0.0028   LearningRate 0.000944   Epoch: 11   Global Step: 16080   Fp16 Grad Scale: 8388608   Required: 229 hours
Training: 2025-04-17 18:19:32,223-Speed 43.42 samples/sec   Loss 0.0013   LearningRate 0.000944   Epoch: 11   Global Step: 16090   Fp16 Grad Scale: 8388608   Required: 229 hours
Training: 2025-04-17 18:19:59,857-Speed 46.32 samples/sec   Loss 0.0059   LearningRate 0.000944   Epoch: 11   Global Step: 16100   Fp16 Grad Scale: 8388608   Required: 229 hours
Training: 2025-04-17 18:20:27,725-Speed 45.93 samples/sec   Loss 0.0010   LearningRate 0.000944   Epoch: 11   Global Step: 16110   Fp16 Grad Scale: 8388608   Required: 229 hours
Training: 2025-04-17 18:20:55,375-Speed 46.29 samples/sec   Loss 0.0010   LearningRate 0.000943   Epoch: 11   Global Step: 16120   Fp16 Grad Scale: 8388608   Required: 229 hours
Training: 2025-04-17 18:21:23,056-Speed 46.24 samples/sec   Loss 0.0531   LearningRate 0.000943   Epoch: 11   Global Step: 16130   Fp16 Grad Scale: 4194304   Required: 229 hours
Training: 2025-04-17 18:21:51,074-Speed 45.69 samples/sec   Loss 0.0191   LearningRate 0.000943   Epoch: 11   Global Step: 16140   Fp16 Grad Scale: 4194304   Required: 229 hours
Training: 2025-04-17 18:22:18,720-Speed 46.30 samples/sec   Loss 0.0046   LearningRate 0.000943   Epoch: 11   Global Step: 16150   Fp16 Grad Scale: 4194304   Required: 229 hours
Training: 2025-04-17 18:22:46,645-Speed 45.84 samples/sec   Loss 0.0324   LearningRate 0.000943   Epoch: 11   Global Step: 16160   Fp16 Grad Scale: 4194304   Required: 229 hours
Training: 2025-04-17 18:23:14,453-Speed 46.03 samples/sec   Loss 0.0172   LearningRate 0.000943   Epoch: 11   Global Step: 16170   Fp16 Grad Scale: 4194304   Required: 229 hours
Training: 2025-04-17 18:23:42,078-Speed 46.34 samples/sec   Loss 0.0734   LearningRate 0.000943   Epoch: 11   Global Step: 16180   Fp16 Grad Scale: 4194304   Required: 229 hours
Training: 2025-04-17 18:24:09,659-Speed 46.41 samples/sec   Loss 0.0146   LearningRate 0.000943   Epoch: 11   Global Step: 16190   Fp16 Grad Scale: 4194304   Required: 229 hours
Training: 2025-04-17 18:24:39,083-Speed 43.50 samples/sec   Loss 0.0134   LearningRate 0.000943   Epoch: 11   Global Step: 16200   Fp16 Grad Scale: 4194304   Required: 229 hours
Training: 2025-04-17 18:25:07,135-Speed 45.63 samples/sec   Loss 0.0142   LearningRate 0.000943   Epoch: 11   Global Step: 16210   Fp16 Grad Scale: 4194304   Required: 229 hours
Training: 2025-04-17 18:25:34,839-Speed 46.20 samples/sec   Loss 0.0094   LearningRate 0.000943   Epoch: 11   Global Step: 16220   Fp16 Grad Scale: 4194304   Required: 229 hours
Training: 2025-04-17 18:26:02,570-Speed 46.16 samples/sec   Loss 0.0230   LearningRate 0.000943   Epoch: 11   Global Step: 16230   Fp16 Grad Scale: 8388608   Required: 229 hours
Training: 2025-04-17 18:26:31,069-Speed 44.92 samples/sec   Loss 0.0176   LearningRate 0.000943   Epoch: 11   Global Step: 16240   Fp16 Grad Scale: 8388608   Required: 229 hours
Training: 2025-04-17 18:27:01,006-Speed 42.76 samples/sec   Loss 0.0081   LearningRate 0.000943   Epoch: 11   Global Step: 16250   Fp16 Grad Scale: 8388608   Required: 229 hours
Training: 2025-04-17 18:27:29,196-Speed 45.41 samples/sec   Loss 0.0058   LearningRate 0.000943   Epoch: 11   Global Step: 16260   Fp16 Grad Scale: 8388608   Required: 229 hours
Training: 2025-04-17 18:27:56,989-Speed 46.06 samples/sec   Loss 0.0063   LearningRate 0.000943   Epoch: 11   Global Step: 16270   Fp16 Grad Scale: 8388608   Required: 229 hours
Training: 2025-04-17 18:28:24,732-Speed 46.14 samples/sec   Loss 0.0018   LearningRate 0.000943   Epoch: 11   Global Step: 16280   Fp16 Grad Scale: 8388608   Required: 229 hours
Training: 2025-04-17 18:28:52,505-Speed 46.09 samples/sec   Loss 0.0026   LearningRate 0.000943   Epoch: 11   Global Step: 16290   Fp16 Grad Scale: 8388608   Required: 229 hours
Training: 2025-04-17 18:29:21,952-Speed 43.47 samples/sec   Loss 0.0069   LearningRate 0.000943   Epoch: 11   Global Step: 16300   Fp16 Grad Scale: 8388608   Required: 229 hours
Training: 2025-04-17 18:29:49,840-Speed 45.90 samples/sec   Loss 0.0025   LearningRate 0.000943   Epoch: 11   Global Step: 16310   Fp16 Grad Scale: 8388608   Required: 229 hours
Training: 2025-04-17 18:30:17,624-Speed 46.07 samples/sec   Loss 0.0091   LearningRate 0.000943   Epoch: 11   Global Step: 16320   Fp16 Grad Scale: 8388608   Required: 229 hours
Training: 2025-04-17 18:30:45,264-Speed 46.31 samples/sec   Loss 0.0131   LearningRate 0.000943   Epoch: 11   Global Step: 16330   Fp16 Grad Scale: 8388608   Required: 229 hours
Training: 2025-04-17 18:31:12,926-Speed 46.27 samples/sec   Loss 0.0048   LearningRate 0.000943   Epoch: 11   Global Step: 16340   Fp16 Grad Scale: 8388608   Required: 229 hours
Training: 2025-04-17 18:31:40,764-Speed 45.98 samples/sec   Loss 0.0055   LearningRate 0.000943   Epoch: 11   Global Step: 16350   Fp16 Grad Scale: 8388608   Required: 229 hours
Training: 2025-04-17 18:32:08,726-Speed 45.78 samples/sec   Loss 0.0140   LearningRate 0.000943   Epoch: 11   Global Step: 16360   Fp16 Grad Scale: 8388608   Required: 229 hours
Training: 2025-04-17 18:32:36,593-Speed 45.93 samples/sec   Loss 0.0038   LearningRate 0.000943   Epoch: 11   Global Step: 16370   Fp16 Grad Scale: 8388608   Required: 229 hours
Training: 2025-04-17 18:33:04,323-Speed 46.16 samples/sec   Loss 0.0041   LearningRate 0.000943   Epoch: 11   Global Step: 16380   Fp16 Grad Scale: 8388608   Required: 229 hours
Training: 2025-04-17 18:33:31,983-Speed 46.28 samples/sec   Loss 0.0053   LearningRate 0.000943   Epoch: 11   Global Step: 16390   Fp16 Grad Scale: 8388608   Required: 229 hours
Training: 2025-04-17 18:33:59,752-Speed 46.10 samples/sec   Loss 0.0063   LearningRate 0.000942   Epoch: 11   Global Step: 16400   Fp16 Grad Scale: 4194304   Required: 229 hours
Training: 2025-04-17 18:34:29,162-Speed 43.52 samples/sec   Loss 0.0062   LearningRate 0.000942   Epoch: 11   Global Step: 16410   Fp16 Grad Scale: 4194304   Required: 229 hours
Training: 2025-04-17 18:34:56,895-Speed 46.16 samples/sec   Loss 0.0045   LearningRate 0.000942   Epoch: 11   Global Step: 16420   Fp16 Grad Scale: 4194304   Required: 229 hours
Training: 2025-04-17 18:35:24,780-Speed 45.90 samples/sec   Loss 0.0012   LearningRate 0.000942   Epoch: 11   Global Step: 16430   Fp16 Grad Scale: 4194304   Required: 229 hours
Training: 2025-04-17 18:35:52,546-Speed 46.10 samples/sec   Loss 0.0060   LearningRate 0.000942   Epoch: 11   Global Step: 16440   Fp16 Grad Scale: 4194304   Required: 229 hours
Training: 2025-04-17 18:36:20,484-Speed 45.82 samples/sec   Loss 0.0030   LearningRate 0.000942   Epoch: 11   Global Step: 16450   Fp16 Grad Scale: 4194304   Required: 229 hours
Training: 2025-04-17 18:36:48,237-Speed 46.12 samples/sec   Loss 0.0089   LearningRate 0.000942   Epoch: 11   Global Step: 16460   Fp16 Grad Scale: 4194304   Required: 229 hours
Training: 2025-04-17 18:37:16,252-Speed 45.69 samples/sec   Loss 0.0036   LearningRate 0.000942   Epoch: 11   Global Step: 16470   Fp16 Grad Scale: 4194304   Required: 229 hours
Training: 2025-04-17 18:37:44,296-Speed 45.64 samples/sec   Loss 0.0022   LearningRate 0.000942   Epoch: 11   Global Step: 16480   Fp16 Grad Scale: 4194304   Required: 228 hours
Training: 2025-04-17 18:38:12,264-Speed 45.77 samples/sec   Loss 0.0022   LearningRate 0.000942   Epoch: 11   Global Step: 16490   Fp16 Grad Scale: 4194304   Required: 228 hours
Training: 2025-04-17 18:38:40,053-Speed 46.06 samples/sec   Loss 0.0073   LearningRate 0.000942   Epoch: 11   Global Step: 16500   Fp16 Grad Scale: 8388608   Required: 228 hours
Training: 2025-04-17 18:39:07,821-Speed 46.10 samples/sec   Loss 0.0016   LearningRate 0.000942   Epoch: 11   Global Step: 16510   Fp16 Grad Scale: 8388608   Required: 228 hours
Training: 2025-04-17 18:39:37,530-Speed 43.09 samples/sec   Loss 0.0043   LearningRate 0.000942   Epoch: 11   Global Step: 16520   Fp16 Grad Scale: 8388608   Required: 228 hours
Training: 2025-04-17 18:40:05,431-Speed 45.88 samples/sec   Loss 0.0068   LearningRate 0.000942   Epoch: 11   Global Step: 16530   Fp16 Grad Scale: 8388608   Required: 228 hours
Training: 2025-04-17 18:40:33,433-Speed 45.71 samples/sec   Loss 0.0211   LearningRate 0.000942   Epoch: 11   Global Step: 16540   Fp16 Grad Scale: 8388608   Required: 228 hours
Training: 2025-04-17 18:41:01,343-Speed 45.86 samples/sec   Loss 0.0060   LearningRate 0.000942   Epoch: 11   Global Step: 16550   Fp16 Grad Scale: 8388608   Required: 228 hours
Training: 2025-04-17 18:41:29,103-Speed 46.11 samples/sec   Loss 0.0123   LearningRate 0.000942   Epoch: 11   Global Step: 16560   Fp16 Grad Scale: 8388608   Required: 228 hours
Training: 2025-04-17 18:41:56,949-Speed 45.97 samples/sec   Loss 0.0053   LearningRate 0.000942   Epoch: 11   Global Step: 16570   Fp16 Grad Scale: 8388608   Required: 228 hours
Training: 2025-04-17 18:42:24,971-Speed 45.68 samples/sec   Loss 0.0040   LearningRate 0.000942   Epoch: 11   Global Step: 16580   Fp16 Grad Scale: 8388608   Required: 228 hours
Training: 2025-04-17 18:42:52,815-Speed 45.97 samples/sec   Loss 0.0049   LearningRate 0.000942   Epoch: 11   Global Step: 16590   Fp16 Grad Scale: 8388608   Required: 228 hours
Training: 2025-04-17 18:43:20,741-Speed 45.84 samples/sec   Loss 0.0022   LearningRate 0.000942   Epoch: 11   Global Step: 16600   Fp16 Grad Scale: 16777216   Required: 228 hours
Training: 2025-04-17 18:43:48,646-Speed 45.87 samples/sec   Loss 0.0033   LearningRate 0.000942   Epoch: 11   Global Step: 16610   Fp16 Grad Scale: 16777216   Required: 228 hours
Training: 2025-04-17 18:44:16,443-Speed 46.05 samples/sec   Loss 0.0056   LearningRate 0.000942   Epoch: 11   Global Step: 16620   Fp16 Grad Scale: 16777216   Required: 228 hours
Training: 2025-04-17 18:44:46,361-Speed 42.78 samples/sec   Loss 0.0065   LearningRate 0.000942   Epoch: 11   Global Step: 16630   Fp16 Grad Scale: 16777216   Required: 228 hours
Training: 2025-04-17 18:45:14,227-Speed 45.93 samples/sec   Loss 0.0032   LearningRate 0.000942   Epoch: 11   Global Step: 16640   Fp16 Grad Scale: 16777216   Required: 228 hours
Training: 2025-04-17 18:45:42,027-Speed 46.04 samples/sec   Loss 0.0046   LearningRate 0.000942   Epoch: 11   Global Step: 16650   Fp16 Grad Scale: 16777216   Required: 228 hours
Training: 2025-04-17 18:46:09,819-Speed 46.06 samples/sec   Loss 0.0129   LearningRate 0.000942   Epoch: 11   Global Step: 16660   Fp16 Grad Scale: 8388608   Required: 228 hours
Training: 2025-04-17 18:46:37,731-Speed 45.86 samples/sec   Loss 0.0040   LearningRate 0.000942   Epoch: 11   Global Step: 16670   Fp16 Grad Scale: 8388608   Required: 228 hours
Training: 2025-04-17 18:47:06,536-Speed 44.44 samples/sec   Loss 0.0021   LearningRate 0.000942   Epoch: 11   Global Step: 16680   Fp16 Grad Scale: 8388608   Required: 228 hours
Training: 2025-04-17 18:47:34,643-Speed 45.54 samples/sec   Loss 0.0045   LearningRate 0.000941   Epoch: 11   Global Step: 16690   Fp16 Grad Scale: 8388608   Required: 228 hours
Training: 2025-04-17 18:48:02,517-Speed 45.92 samples/sec   Loss 0.0023   LearningRate 0.000941   Epoch: 11   Global Step: 16700   Fp16 Grad Scale: 8388608   Required: 228 hours
Training: 2025-04-17 18:48:30,884-Speed 45.12 samples/sec   Loss 0.0026   LearningRate 0.000941   Epoch: 11   Global Step: 16710   Fp16 Grad Scale: 8388608   Required: 228 hours
Training: 2025-04-17 18:48:58,801-Speed 45.85 samples/sec   Loss 0.0044   LearningRate 0.000941   Epoch: 11   Global Step: 16720   Fp16 Grad Scale: 8388608   Required: 228 hours
Training: 2025-04-17 18:49:26,710-Speed 45.86 samples/sec   Loss 0.0495   LearningRate 0.000941   Epoch: 11   Global Step: 16730   Fp16 Grad Scale: 8388608   Required: 228 hours
Training: 2025-04-17 18:49:56,910-Speed 42.38 samples/sec   Loss 0.0023   LearningRate 0.000941   Epoch: 11   Global Step: 16740   Fp16 Grad Scale: 8388608   Required: 228 hours
Training: 2025-04-17 18:50:24,707-Speed 46.05 samples/sec   Loss 0.0105   LearningRate 0.000941   Epoch: 11   Global Step: 16750   Fp16 Grad Scale: 8388608   Required: 228 hours
Training: 2025-04-17 18:50:52,671-Speed 45.77 samples/sec   Loss 0.0096   LearningRate 0.000941   Epoch: 11   Global Step: 16760   Fp16 Grad Scale: 16777216   Required: 228 hours
Training: 2025-04-17 18:51:20,468-Speed 46.05 samples/sec   Loss 0.0042   LearningRate 0.000941   Epoch: 11   Global Step: 16770   Fp16 Grad Scale: 16777216   Required: 228 hours
Training: 2025-04-17 18:51:48,265-Speed 46.05 samples/sec   Loss 0.0016   LearningRate 0.000941   Epoch: 11   Global Step: 16780   Fp16 Grad Scale: 16777216   Required: 228 hours
Training: 2025-04-17 18:52:16,290-Speed 45.68 samples/sec   Loss 0.0027   LearningRate 0.000941   Epoch: 11   Global Step: 16790   Fp16 Grad Scale: 16777216   Required: 228 hours
Training: 2025-04-17 18:52:44,089-Speed 46.05 samples/sec   Loss 0.0043   LearningRate 0.000941   Epoch: 11   Global Step: 16800   Fp16 Grad Scale: 16777216   Required: 228 hours
Training: 2025-04-17 18:53:11,772-Speed 46.24 samples/sec   Loss 0.0056   LearningRate 0.000941   Epoch: 11   Global Step: 16810   Fp16 Grad Scale: 16777216   Required: 228 hours
Training: 2025-04-17 18:53:39,664-Speed 45.89 samples/sec   Loss 0.0038   LearningRate 0.000941   Epoch: 11   Global Step: 16820   Fp16 Grad Scale: 16777216   Required: 228 hours
Training: 2025-04-17 18:54:07,610-Speed 45.80 samples/sec   Loss 0.0055   LearningRate 0.000941   Epoch: 11   Global Step: 16830   Fp16 Grad Scale: 16777216   Required: 228 hours
Training: 2025-04-17 18:54:35,586-Speed 45.76 samples/sec   Loss 0.0030   LearningRate 0.000941   Epoch: 11   Global Step: 16840   Fp16 Grad Scale: 16777216   Required: 228 hours
Training: 2025-04-17 18:55:05,602-Speed 42.64 samples/sec   Loss 0.0133   LearningRate 0.000941   Epoch: 11   Global Step: 16850   Fp16 Grad Scale: 16777216   Required: 228 hours
Training: 2025-04-17 18:55:33,412-Speed 46.03 samples/sec   Loss 0.0098   LearningRate 0.000941   Epoch: 11   Global Step: 16860   Fp16 Grad Scale: 33554432   Required: 228 hours
Training: 2025-04-17 18:56:01,152-Speed 46.15 samples/sec   Loss 0.0038   LearningRate 0.000941   Epoch: 11   Global Step: 16870   Fp16 Grad Scale: 16777216   Required: 228 hours
Training: 2025-04-17 18:56:29,659-Speed 44.90 samples/sec   Loss 0.0087   LearningRate 0.000941   Epoch: 11   Global Step: 16880   Fp16 Grad Scale: 16777216   Required: 228 hours
Training: 2025-04-17 18:56:58,884-Speed 43.80 samples/sec   Loss 0.0069   LearningRate 0.000941   Epoch: 11   Global Step: 16890   Fp16 Grad Scale: 16777216   Required: 228 hours
Training: 2025-04-17 18:57:27,481-Speed 44.76 samples/sec   Loss 0.0028   LearningRate 0.000941   Epoch: 11   Global Step: 16900   Fp16 Grad Scale: 16777216   Required: 228 hours
Training: 2025-04-17 18:57:55,315-Speed 45.99 samples/sec   Loss 0.0032   LearningRate 0.000941   Epoch: 11   Global Step: 16910   Fp16 Grad Scale: 16777216   Required: 228 hours
Training: 2025-04-17 18:58:23,192-Speed 45.92 samples/sec   Loss 0.0089   LearningRate 0.000941   Epoch: 11   Global Step: 16920   Fp16 Grad Scale: 16777216   Required: 228 hours
Training: 2025-04-17 18:58:51,059-Speed 45.93 samples/sec   Loss 0.0279   LearningRate 0.000941   Epoch: 11   Global Step: 16930   Fp16 Grad Scale: 8388608   Required: 228 hours
Training: 2025-04-17 18:59:18,867-Speed 46.03 samples/sec   Loss 0.0034   LearningRate 0.000941   Epoch: 11   Global Step: 16940   Fp16 Grad Scale: 8388608   Required: 228 hours
Training: 2025-04-17 18:59:48,932-Speed 42.57 samples/sec   Loss 0.0101   LearningRate 0.000941   Epoch: 11   Global Step: 16950   Fp16 Grad Scale: 8388608   Required: 228 hours
Training: 2025-04-17 19:00:16,889-Speed 45.79 samples/sec   Loss 0.0050   LearningRate 0.000941   Epoch: 11   Global Step: 16960   Fp16 Grad Scale: 8388608   Required: 228 hours
Training: 2025-04-17 19:00:44,663-Speed 46.09 samples/sec   Loss 0.0046   LearningRate 0.000940   Epoch: 11   Global Step: 16970   Fp16 Grad Scale: 8388608   Required: 228 hours
Training: 2025-04-17 19:01:12,532-Speed 45.93 samples/sec   Loss 0.0030   LearningRate 0.000940   Epoch: 11   Global Step: 16980   Fp16 Grad Scale: 8388608   Required: 228 hours
Training: 2025-04-17 19:01:40,505-Speed 45.76 samples/sec   Loss 0.0019   LearningRate 0.000940   Epoch: 11   Global Step: 16990   Fp16 Grad Scale: 8388608   Required: 228 hours
Training: 2025-04-17 19:02:08,399-Speed 45.89 samples/sec   Loss 0.0256   LearningRate 0.000940   Epoch: 11   Global Step: 17000   Fp16 Grad Scale: 4194304   Required: 227 hours
Training: 2025-04-17 19:02:36,147-Speed 46.13 samples/sec   Loss 0.0328   LearningRate 0.000940   Epoch: 11   Global Step: 17010   Fp16 Grad Scale: 2097152   Required: 227 hours
Training: 2025-04-17 19:03:03,938-Speed 46.06 samples/sec   Loss 0.0256   LearningRate 0.000940   Epoch: 11   Global Step: 17020   Fp16 Grad Scale: 2097152   Required: 227 hours
Training: 2025-04-17 19:03:31,729-Speed 46.06 samples/sec   Loss 0.0182   LearningRate 0.000940   Epoch: 11   Global Step: 17030   Fp16 Grad Scale: 2097152   Required: 227 hours
Training: 2025-04-17 19:03:59,791-Speed 45.61 samples/sec   Loss 0.0163   LearningRate 0.000940   Epoch: 11   Global Step: 17040   Fp16 Grad Scale: 2097152   Required: 227 hours
Training: 2025-04-17 19:04:27,810-Speed 45.68 samples/sec   Loss 0.0113   LearningRate 0.000940   Epoch: 11   Global Step: 17050   Fp16 Grad Scale: 2097152   Required: 227 hours
Training: 2025-04-17 19:04:57,678-Speed 42.86 samples/sec   Loss 0.0137   LearningRate 0.000940   Epoch: 11   Global Step: 17060   Fp16 Grad Scale: 2097152   Required: 227 hours
Training: 2025-04-17 19:05:25,445-Speed 46.10 samples/sec   Loss 0.0054   LearningRate 0.000940   Epoch: 11   Global Step: 17070   Fp16 Grad Scale: 2097152   Required: 227 hours
Training: 2025-04-17 19:05:53,295-Speed 45.96 samples/sec   Loss 0.0080   LearningRate 0.000940   Epoch: 11   Global Step: 17080   Fp16 Grad Scale: 2097152   Required: 227 hours
Training: 2025-04-17 19:06:21,348-Speed 45.63 samples/sec   Loss 0.0060   LearningRate 0.000940   Epoch: 11   Global Step: 17090   Fp16 Grad Scale: 2097152   Required: 227 hours
Training: 2025-04-17 19:06:49,473-Speed 45.51 samples/sec   Loss 0.0045   LearningRate 0.000940   Epoch: 11   Global Step: 17100   Fp16 Grad Scale: 2097152   Required: 227 hours
Training: 2025-04-17 19:07:17,272-Speed 46.05 samples/sec   Loss 0.0098   LearningRate 0.000940   Epoch: 11   Global Step: 17110   Fp16 Grad Scale: 4194304   Required: 227 hours
Training: 2025-04-17 19:07:45,066-Speed 46.05 samples/sec   Loss 0.0052   LearningRate 0.000940   Epoch: 11   Global Step: 17120   Fp16 Grad Scale: 4194304   Required: 227 hours
Training: 2025-04-17 19:08:26,236-Speed 31.09 samples/sec   Loss 0.0082   LearningRate 0.000940   Epoch: 12   Global Step: 17130   Fp16 Grad Scale: 4194304   Required: 227 hours
Training: 2025-04-17 19:08:53,633-Speed 46.72 samples/sec   Loss 0.0047   LearningRate 0.000940   Epoch: 12   Global Step: 17140   Fp16 Grad Scale: 4194304   Required: 227 hours
Training: 2025-04-17 19:09:20,990-Speed 46.79 samples/sec   Loss 0.0033   LearningRate 0.000940   Epoch: 12   Global Step: 17150   Fp16 Grad Scale: 4194304   Required: 227 hours
Training: 2025-04-17 19:09:48,369-Speed 46.75 samples/sec   Loss 0.0051   LearningRate 0.000940   Epoch: 12   Global Step: 17160   Fp16 Grad Scale: 4194304   Required: 227 hours
Training: 2025-04-17 19:10:17,596-Speed 43.80 samples/sec   Loss 0.0221   LearningRate 0.000940   Epoch: 12   Global Step: 17170   Fp16 Grad Scale: 4194304   Required: 227 hours
Training: 2025-04-17 19:10:45,103-Speed 46.54 samples/sec   Loss 0.0100   LearningRate 0.000940   Epoch: 12   Global Step: 17180   Fp16 Grad Scale: 4194304   Required: 227 hours
Training: 2025-04-17 19:11:12,556-Speed 46.63 samples/sec   Loss 0.0061   LearningRate 0.000940   Epoch: 12   Global Step: 17190   Fp16 Grad Scale: 4194304   Required: 227 hours
Training: 2025-04-17 19:11:40,006-Speed 46.63 samples/sec   Loss 0.0105   LearningRate 0.000940   Epoch: 12   Global Step: 17200   Fp16 Grad Scale: 4194304   Required: 227 hours
Training: 2025-04-17 19:12:07,483-Speed 46.59 samples/sec   Loss 0.0063   LearningRate 0.000940   Epoch: 12   Global Step: 17210   Fp16 Grad Scale: 8388608   Required: 227 hours
Training: 2025-04-17 19:12:35,046-Speed 46.44 samples/sec   Loss 0.0037   LearningRate 0.000940   Epoch: 12   Global Step: 17220   Fp16 Grad Scale: 8388608   Required: 227 hours
Training: 2025-04-17 19:13:02,672-Speed 46.34 samples/sec   Loss 0.0055   LearningRate 0.000940   Epoch: 12   Global Step: 17230   Fp16 Grad Scale: 8388608   Required: 227 hours
Training: 2025-04-17 19:13:30,054-Speed 46.75 samples/sec   Loss 0.0016   LearningRate 0.000940   Epoch: 12   Global Step: 17240   Fp16 Grad Scale: 8388608   Required: 227 hours
Training: 2025-04-17 19:13:57,475-Speed 46.68 samples/sec   Loss 0.0064   LearningRate 0.000940   Epoch: 12   Global Step: 17250   Fp16 Grad Scale: 8388608   Required: 227 hours
Training: 2025-04-17 19:14:25,017-Speed 46.48 samples/sec   Loss 0.0256   LearningRate 0.000939   Epoch: 12   Global Step: 17260   Fp16 Grad Scale: 8388608   Required: 227 hours
Training: 2025-04-17 19:14:52,535-Speed 46.52 samples/sec   Loss 0.0090   LearningRate 0.000939   Epoch: 12   Global Step: 17270   Fp16 Grad Scale: 8388608   Required: 227 hours
Training: 2025-04-17 19:15:22,202-Speed 43.15 samples/sec   Loss 0.0102   LearningRate 0.000939   Epoch: 12   Global Step: 17280   Fp16 Grad Scale: 8388608   Required: 227 hours
Training: 2025-04-17 19:15:49,652-Speed 46.63 samples/sec   Loss 0.0069   LearningRate 0.000939   Epoch: 12   Global Step: 17290   Fp16 Grad Scale: 8388608   Required: 227 hours
Training: 2025-04-17 19:16:17,056-Speed 46.71 samples/sec   Loss 0.0068   LearningRate 0.000939   Epoch: 12   Global Step: 17300   Fp16 Grad Scale: 8388608   Required: 227 hours
Training: 2025-04-17 19:16:44,504-Speed 46.63 samples/sec   Loss 0.0063   LearningRate 0.000939   Epoch: 12   Global Step: 17310   Fp16 Grad Scale: 8388608   Required: 227 hours
Training: 2025-04-17 19:17:13,285-Speed 44.48 samples/sec   Loss 0.0055   LearningRate 0.000939   Epoch: 12   Global Step: 17320   Fp16 Grad Scale: 8388608   Required: 227 hours
Training: 2025-04-17 19:17:40,855-Speed 46.43 samples/sec   Loss 0.0047   LearningRate 0.000939   Epoch: 12   Global Step: 17330   Fp16 Grad Scale: 8388608   Required: 227 hours
Training: 2025-04-17 19:18:08,311-Speed 46.62 samples/sec   Loss 0.0008   LearningRate 0.000939   Epoch: 12   Global Step: 17340   Fp16 Grad Scale: 8388608   Required: 227 hours
Training: 2025-04-17 19:18:35,795-Speed 46.57 samples/sec   Loss 0.0134   LearningRate 0.000939   Epoch: 12   Global Step: 17350   Fp16 Grad Scale: 8388608   Required: 227 hours
Training: 2025-04-17 19:19:03,262-Speed 46.60 samples/sec   Loss 0.0080   LearningRate 0.000939   Epoch: 12   Global Step: 17360   Fp16 Grad Scale: 8388608   Required: 227 hours
Training: 2025-04-17 19:19:30,840-Speed 46.41 samples/sec   Loss 0.0314   LearningRate 0.000939   Epoch: 12   Global Step: 17370   Fp16 Grad Scale: 4194304   Required: 227 hours
Training: 2025-04-17 19:19:59,788-Speed 44.22 samples/sec   Loss 0.0051   LearningRate 0.000939   Epoch: 12   Global Step: 17380   Fp16 Grad Scale: 4194304   Required: 227 hours
Training: 2025-04-17 19:20:27,682-Speed 45.89 samples/sec   Loss 0.0356   LearningRate 0.000939   Epoch: 12   Global Step: 17390   Fp16 Grad Scale: 4194304   Required: 227 hours
Training: 2025-04-17 19:20:55,119-Speed 46.65 samples/sec   Loss 0.0051   LearningRate 0.000939   Epoch: 12   Global Step: 17400   Fp16 Grad Scale: 4194304   Required: 227 hours
Training: 2025-04-17 19:21:22,520-Speed 46.72 samples/sec   Loss 0.0174   LearningRate 0.000939   Epoch: 12   Global Step: 17410   Fp16 Grad Scale: 2097152   Required: 227 hours
Training: 2025-04-17 19:21:50,154-Speed 46.32 samples/sec   Loss 0.0076   LearningRate 0.000939   Epoch: 12   Global Step: 17420   Fp16 Grad Scale: 2097152   Required: 227 hours
Training: 2025-04-17 19:22:17,587-Speed 46.66 samples/sec   Loss 0.0066   LearningRate 0.000939   Epoch: 12   Global Step: 17430   Fp16 Grad Scale: 2097152   Required: 227 hours
Training: 2025-04-17 19:22:45,027-Speed 46.65 samples/sec   Loss 0.0024   LearningRate 0.000939   Epoch: 12   Global Step: 17440   Fp16 Grad Scale: 2097152   Required: 227 hours
Training: 2025-04-17 19:23:12,476-Speed 46.63 samples/sec   Loss 0.0051   LearningRate 0.000939   Epoch: 12   Global Step: 17450   Fp16 Grad Scale: 2097152   Required: 227 hours
Training: 2025-04-17 19:23:39,939-Speed 46.61 samples/sec   Loss 0.0031   LearningRate 0.000939   Epoch: 12   Global Step: 17460   Fp16 Grad Scale: 2097152   Required: 227 hours
Training: 2025-04-17 19:24:07,534-Speed 46.39 samples/sec   Loss 0.0070   LearningRate 0.000939   Epoch: 12   Global Step: 17470   Fp16 Grad Scale: 2097152   Required: 227 hours
Training: 2025-04-17 19:24:35,092-Speed 46.45 samples/sec   Loss 0.0028   LearningRate 0.000939   Epoch: 12   Global Step: 17480   Fp16 Grad Scale: 2097152   Required: 227 hours
Training: 2025-04-17 19:25:03,868-Speed 44.48 samples/sec   Loss 0.0025   LearningRate 0.000939   Epoch: 12   Global Step: 17490   Fp16 Grad Scale: 2097152   Required: 227 hours
Training: 2025-04-17 19:25:31,924-Speed 45.62 samples/sec   Loss 0.0039   LearningRate 0.000939   Epoch: 12   Global Step: 17500   Fp16 Grad Scale: 2097152   Required: 227 hours
Training: 2025-04-17 19:25:59,407-Speed 46.58 samples/sec   Loss 0.0076   LearningRate 0.000939   Epoch: 12   Global Step: 17510   Fp16 Grad Scale: 4194304   Required: 227 hours
Training: 2025-04-17 19:26:27,658-Speed 45.31 samples/sec   Loss 0.0052   LearningRate 0.000939   Epoch: 12   Global Step: 17520   Fp16 Grad Scale: 4194304   Required: 226 hours
Training: 2025-04-17 19:26:56,734-Speed 44.02 samples/sec   Loss 0.0043   LearningRate 0.000939   Epoch: 12   Global Step: 17530   Fp16 Grad Scale: 4194304   Required: 226 hours
Training: 2025-04-17 19:27:24,419-Speed 46.24 samples/sec   Loss 0.0043   LearningRate 0.000938   Epoch: 12   Global Step: 17540   Fp16 Grad Scale: 4194304   Required: 226 hours
Training: 2025-04-17 19:27:51,940-Speed 46.51 samples/sec   Loss 0.0089   LearningRate 0.000938   Epoch: 12   Global Step: 17550   Fp16 Grad Scale: 4194304   Required: 226 hours
Training: 2025-04-17 19:28:19,424-Speed 46.57 samples/sec   Loss 0.0148   LearningRate 0.000938   Epoch: 12   Global Step: 17560   Fp16 Grad Scale: 2097152   Required: 226 hours
Training: 2025-04-17 19:28:47,060-Speed 46.32 samples/sec   Loss 0.0030   LearningRate 0.000938   Epoch: 12   Global Step: 17570   Fp16 Grad Scale: 2097152   Required: 226 hours
Training: 2025-04-17 19:29:14,650-Speed 46.39 samples/sec   Loss 0.0048   LearningRate 0.000938   Epoch: 12   Global Step: 17580   Fp16 Grad Scale: 2097152   Required: 226 hours
Training: 2025-04-17 19:29:42,165-Speed 46.52 samples/sec   Loss 0.0079   LearningRate 0.000938   Epoch: 12   Global Step: 17590   Fp16 Grad Scale: 2097152   Required: 226 hours
Training: 2025-04-17 19:30:11,842-Speed 43.13 samples/sec   Loss 0.0030   LearningRate 0.000938   Epoch: 12   Global Step: 17600   Fp16 Grad Scale: 2097152   Required: 226 hours
Training: 2025-04-17 19:30:39,425-Speed 46.41 samples/sec   Loss 0.0047   LearningRate 0.000938   Epoch: 12   Global Step: 17610   Fp16 Grad Scale: 2097152   Required: 226 hours
Training: 2025-04-17 19:31:07,083-Speed 46.28 samples/sec   Loss 0.0017   LearningRate 0.000938   Epoch: 12   Global Step: 17620   Fp16 Grad Scale: 2097152   Required: 226 hours
Training: 2025-04-17 19:31:34,720-Speed 46.32 samples/sec   Loss 0.0074   LearningRate 0.000938   Epoch: 12   Global Step: 17630   Fp16 Grad Scale: 2097152   Required: 226 hours
Training: 2025-04-17 19:32:02,249-Speed 46.50 samples/sec   Loss 0.0031   LearningRate 0.000938   Epoch: 12   Global Step: 17640   Fp16 Grad Scale: 2097152   Required: 226 hours
Training: 2025-04-17 19:32:29,734-Speed 46.57 samples/sec   Loss 0.0042   LearningRate 0.000938   Epoch: 12   Global Step: 17650   Fp16 Grad Scale: 2097152   Required: 226 hours
Training: 2025-04-17 19:32:57,230-Speed 46.55 samples/sec   Loss 0.0074   LearningRate 0.000938   Epoch: 12   Global Step: 17660   Fp16 Grad Scale: 4194304   Required: 226 hours
Training: 2025-04-17 19:33:24,821-Speed 46.39 samples/sec   Loss 0.0056   LearningRate 0.000938   Epoch: 12   Global Step: 17670   Fp16 Grad Scale: 4194304   Required: 226 hours
Training: 2025-04-17 19:33:52,459-Speed 46.32 samples/sec   Loss 0.0018   LearningRate 0.000938   Epoch: 12   Global Step: 17680   Fp16 Grad Scale: 4194304   Required: 226 hours
Training: 2025-04-17 19:34:20,031-Speed 46.43 samples/sec   Loss 0.0084   LearningRate 0.000938   Epoch: 12   Global Step: 17690   Fp16 Grad Scale: 4194304   Required: 226 hours
Training: 2025-04-17 19:34:47,566-Speed 46.49 samples/sec   Loss 0.0029   LearningRate 0.000938   Epoch: 12   Global Step: 17700   Fp16 Grad Scale: 4194304   Required: 226 hours
Training: 2025-04-17 19:35:16,838-Speed 43.73 samples/sec   Loss 0.0028   LearningRate 0.000938   Epoch: 12   Global Step: 17710   Fp16 Grad Scale: 4194304   Required: 226 hours
Training: 2025-04-17 19:35:44,576-Speed 46.15 samples/sec   Loss 0.0057   LearningRate 0.000938   Epoch: 12   Global Step: 17720   Fp16 Grad Scale: 4194304   Required: 226 hours
Training: 2025-04-17 19:36:12,154-Speed 46.41 samples/sec   Loss 0.0069   LearningRate 0.000938   Epoch: 12   Global Step: 17730   Fp16 Grad Scale: 4194304   Required: 226 hours
Training: 2025-04-17 19:36:39,729-Speed 46.42 samples/sec   Loss 0.0074   LearningRate 0.000938   Epoch: 12   Global Step: 17740   Fp16 Grad Scale: 4194304   Required: 226 hours
Training: 2025-04-17 19:37:08,983-Speed 43.76 samples/sec   Loss 0.0038   LearningRate 0.000938   Epoch: 12   Global Step: 17750   Fp16 Grad Scale: 4194304   Required: 226 hours
Training: 2025-04-17 19:37:36,506-Speed 46.51 samples/sec   Loss 0.0020   LearningRate 0.000938   Epoch: 12   Global Step: 17760   Fp16 Grad Scale: 8388608   Required: 226 hours
Training: 2025-04-17 19:38:04,162-Speed 46.28 samples/sec   Loss 0.0023   LearningRate 0.000938   Epoch: 12   Global Step: 17770   Fp16 Grad Scale: 8388608   Required: 226 hours
Training: 2025-04-17 19:38:31,963-Speed 46.04 samples/sec   Loss 0.0015   LearningRate 0.000938   Epoch: 12   Global Step: 17780   Fp16 Grad Scale: 8388608   Required: 226 hours
Training: 2025-04-17 19:38:59,579-Speed 46.35 samples/sec   Loss 0.0009   LearningRate 0.000938   Epoch: 12   Global Step: 17790   Fp16 Grad Scale: 8388608   Required: 226 hours
Training: 2025-04-17 19:39:27,383-Speed 46.04 samples/sec   Loss 0.0048   LearningRate 0.000938   Epoch: 12   Global Step: 17800   Fp16 Grad Scale: 8388608   Required: 226 hours
Training: 2025-04-17 19:39:54,930-Speed 46.47 samples/sec   Loss 0.0025   LearningRate 0.000938   Epoch: 12   Global Step: 17810   Fp16 Grad Scale: 8388608   Required: 226 hours
Training: 2025-04-17 19:40:24,561-Speed 43.20 samples/sec   Loss 0.0007   LearningRate 0.000938   Epoch: 12   Global Step: 17820   Fp16 Grad Scale: 8388608   Required: 226 hours
Training: 2025-04-17 19:40:52,095-Speed 46.49 samples/sec   Loss 0.0059   LearningRate 0.000937   Epoch: 12   Global Step: 17830   Fp16 Grad Scale: 8388608   Required: 226 hours
Training: 2025-04-17 19:41:19,609-Speed 46.52 samples/sec   Loss 0.0059   LearningRate 0.000937   Epoch: 12   Global Step: 17840   Fp16 Grad Scale: 8388608   Required: 226 hours
Training: 2025-04-17 19:41:47,182-Speed 46.42 samples/sec   Loss 0.0052   LearningRate 0.000937   Epoch: 12   Global Step: 17850   Fp16 Grad Scale: 8388608   Required: 226 hours
Training: 2025-04-17 19:42:14,805-Speed 46.34 samples/sec   Loss 0.0061   LearningRate 0.000937   Epoch: 12   Global Step: 17860   Fp16 Grad Scale: 4194304   Required: 226 hours
Training: 2025-04-17 19:42:42,407-Speed 46.37 samples/sec   Loss 0.0021   LearningRate 0.000937   Epoch: 12   Global Step: 17870   Fp16 Grad Scale: 4194304   Required: 226 hours
Training: 2025-04-17 19:43:10,027-Speed 46.35 samples/sec   Loss 0.0020   LearningRate 0.000937   Epoch: 12   Global Step: 17880   Fp16 Grad Scale: 4194304   Required: 226 hours
Training: 2025-04-17 19:43:37,960-Speed 45.83 samples/sec   Loss 0.0027   LearningRate 0.000937   Epoch: 12   Global Step: 17890   Fp16 Grad Scale: 4194304   Required: 226 hours
Training: 2025-04-17 19:44:05,689-Speed 46.16 samples/sec   Loss 0.0046   LearningRate 0.000937   Epoch: 12   Global Step: 17900   Fp16 Grad Scale: 4194304   Required: 226 hours
Training: 2025-04-17 19:44:33,315-Speed 46.33 samples/sec   Loss 0.0029   LearningRate 0.000937   Epoch: 12   Global Step: 17910   Fp16 Grad Scale: 4194304   Required: 226 hours
Training: 2025-04-17 19:45:00,957-Speed 46.31 samples/sec   Loss 0.0057   LearningRate 0.000937   Epoch: 12   Global Step: 17920   Fp16 Grad Scale: 4194304   Required: 226 hours
Training: 2025-04-17 19:45:30,840-Speed 42.84 samples/sec   Loss 0.0021   LearningRate 0.000937   Epoch: 12   Global Step: 17930   Fp16 Grad Scale: 4194304   Required: 226 hours
Training: 2025-04-17 19:45:58,464-Speed 46.34 samples/sec   Loss 0.0108   LearningRate 0.000937   Epoch: 12   Global Step: 17940   Fp16 Grad Scale: 4194304   Required: 226 hours
Training: 2025-04-17 19:46:26,027-Speed 46.44 samples/sec   Loss 0.0053   LearningRate 0.000937   Epoch: 12   Global Step: 17950   Fp16 Grad Scale: 4194304   Required: 226 hours
Training: 2025-04-17 19:46:53,760-Speed 46.18 samples/sec   Loss 0.0014   LearningRate 0.000937   Epoch: 12   Global Step: 17960   Fp16 Grad Scale: 8388608   Required: 226 hours
Training: 2025-04-17 19:47:21,834-Speed 46.21 samples/sec   Loss 0.0021   LearningRate 0.000937   Epoch: 12   Global Step: 17970   Fp16 Grad Scale: 8388608   Required: 226 hours
Training: 2025-04-17 19:47:49,473-Speed 46.31 samples/sec   Loss 0.0017   LearningRate 0.000937   Epoch: 12   Global Step: 17980   Fp16 Grad Scale: 8388608   Required: 226 hours
Training: 2025-04-17 19:48:17,113-Speed 46.31 samples/sec   Loss 0.0048   LearningRate 0.000937   Epoch: 12   Global Step: 17990   Fp16 Grad Scale: 8388608   Required: 226 hours
Training: 2025-04-17 19:48:44,632-Speed 46.51 samples/sec   Loss 0.0185   LearningRate 0.000937   Epoch: 12   Global Step: 18000   Fp16 Grad Scale: 4194304   Required: 226 hours
Training: 2025-04-17 19:50:04,583-[val][Global step: 18000] d prime: 6.322127819061279
Training: 2025-04-17 19:50:33,945-Speed 11.71 samples/sec   Loss 0.0084   LearningRate 0.000937   Epoch: 12   Global Step: 18010   Fp16 Grad Scale: 4194304   Required: 226 hours
Training: 2025-04-17 19:51:01,579-Speed 46.32 samples/sec   Loss 0.0030   LearningRate 0.000937   Epoch: 12   Global Step: 18020   Fp16 Grad Scale: 4194304   Required: 226 hours
Training: 2025-04-17 19:51:29,252-Speed 46.26 samples/sec   Loss 0.0047   LearningRate 0.000937   Epoch: 12   Global Step: 18030   Fp16 Grad Scale: 4194304   Required: 226 hours
Training: 2025-04-17 19:51:56,902-Speed 46.29 samples/sec   Loss 0.0057   LearningRate 0.000937   Epoch: 12   Global Step: 18040   Fp16 Grad Scale: 4194304   Required: 226 hours
Training: 2025-04-17 19:52:24,447-Speed 46.47 samples/sec   Loss 0.0042   LearningRate 0.000937   Epoch: 12   Global Step: 18050   Fp16 Grad Scale: 4194304   Required: 226 hours
Training: 2025-04-17 19:52:52,110-Speed 46.27 samples/sec   Loss 0.0106   LearningRate 0.000937   Epoch: 12   Global Step: 18060   Fp16 Grad Scale: 4194304   Required: 226 hours
Training: 2025-04-17 19:53:19,590-Speed 46.58 samples/sec   Loss 0.0040   LearningRate 0.000937   Epoch: 12   Global Step: 18070   Fp16 Grad Scale: 4194304   Required: 226 hours
Training: 2025-04-17 19:53:47,449-Speed 45.95 samples/sec   Loss 0.0018   LearningRate 0.000937   Epoch: 12   Global Step: 18080   Fp16 Grad Scale: 4194304   Required: 226 hours
Training: 2025-04-17 19:54:15,034-Speed 46.40 samples/sec   Loss 0.0390   LearningRate 0.000937   Epoch: 12   Global Step: 18090   Fp16 Grad Scale: 4194304   Required: 226 hours
Training: 2025-04-17 19:54:42,593-Speed 46.45 samples/sec   Loss 0.0315   LearningRate 0.000937   Epoch: 12   Global Step: 18100   Fp16 Grad Scale: 2097152   Required: 226 hours
Training: 2025-04-17 19:55:10,158-Speed 46.44 samples/sec   Loss 0.0270   LearningRate 0.000937   Epoch: 12   Global Step: 18110   Fp16 Grad Scale: 2097152   Required: 226 hours
Training: 2025-04-17 19:55:39,838-Speed 43.13 samples/sec   Loss 0.0073   LearningRate 0.000936   Epoch: 12   Global Step: 18120   Fp16 Grad Scale: 2097152   Required: 226 hours
Training: 2025-04-17 19:56:07,490-Speed 46.29 samples/sec   Loss 0.0171   LearningRate 0.000936   Epoch: 12   Global Step: 18130   Fp16 Grad Scale: 2097152   Required: 226 hours
Training: 2025-04-17 19:56:36,084-Speed 44.76 samples/sec   Loss 0.0127   LearningRate 0.000936   Epoch: 12   Global Step: 18140   Fp16 Grad Scale: 2097152   Required: 226 hours
Training: 2025-04-17 19:57:04,565-Speed 44.94 samples/sec   Loss 0.0180   LearningRate 0.000936   Epoch: 12   Global Step: 18150   Fp16 Grad Scale: 2097152   Required: 226 hours
Training: 2025-04-17 19:57:32,366-Speed 46.04 samples/sec   Loss 0.0107   LearningRate 0.000936   Epoch: 12   Global Step: 18160   Fp16 Grad Scale: 2097152   Required: 226 hours
Training: 2025-04-17 19:58:00,090-Speed 46.17 samples/sec   Loss 0.0057   LearningRate 0.000936   Epoch: 12   Global Step: 18170   Fp16 Grad Scale: 2097152   Required: 226 hours
Training: 2025-04-17 19:58:27,736-Speed 46.30 samples/sec   Loss 0.0299   LearningRate 0.000936   Epoch: 12   Global Step: 18180   Fp16 Grad Scale: 1048576   Required: 226 hours
Training: 2025-04-17 19:58:55,346-Speed 46.36 samples/sec   Loss 0.0039   LearningRate 0.000936   Epoch: 12   Global Step: 18190   Fp16 Grad Scale: 1048576   Required: 226 hours
Training: 2025-04-17 19:59:23,031-Speed 46.24 samples/sec   Loss 0.0116   LearningRate 0.000936   Epoch: 12   Global Step: 18200   Fp16 Grad Scale: 1048576   Required: 226 hours
Training: 2025-04-17 19:59:50,631-Speed 46.38 samples/sec   Loss 0.0082   LearningRate 0.000936   Epoch: 12   Global Step: 18210   Fp16 Grad Scale: 1048576   Required: 226 hours
Training: 2025-04-17 20:00:18,485-Speed 45.96 samples/sec   Loss 0.0195   LearningRate 0.000936   Epoch: 12   Global Step: 18220   Fp16 Grad Scale: 1048576   Required: 225 hours
Training: 2025-04-17 20:00:48,084-Speed 43.25 samples/sec   Loss 0.0788   LearningRate 0.000936   Epoch: 12   Global Step: 18230   Fp16 Grad Scale: 1048576   Required: 225 hours
Training: 2025-04-17 20:01:15,766-Speed 46.24 samples/sec   Loss 0.0244   LearningRate 0.000936   Epoch: 12   Global Step: 18240   Fp16 Grad Scale: 1048576   Required: 225 hours
Training: 2025-04-17 20:01:43,476-Speed 46.19 samples/sec   Loss 0.0262   LearningRate 0.000936   Epoch: 12   Global Step: 18250   Fp16 Grad Scale: 1048576   Required: 225 hours
Training: 2025-04-17 20:02:11,134-Speed 46.28 samples/sec   Loss 0.0079   LearningRate 0.000936   Epoch: 12   Global Step: 18260   Fp16 Grad Scale: 1048576   Required: 225 hours
Training: 2025-04-17 20:02:38,882-Speed 46.13 samples/sec   Loss 0.0172   LearningRate 0.000936   Epoch: 12   Global Step: 18270   Fp16 Grad Scale: 1048576   Required: 225 hours
Training: 2025-04-17 20:03:06,566-Speed 46.24 samples/sec   Loss 0.0530   LearningRate 0.000936   Epoch: 12   Global Step: 18280   Fp16 Grad Scale: 2097152   Required: 225 hours
Training: 2025-04-17 20:03:34,230-Speed 46.27 samples/sec   Loss 0.0453   LearningRate 0.000936   Epoch: 12   Global Step: 18290   Fp16 Grad Scale: 2097152   Required: 225 hours
Training: 2025-04-17 20:04:02,030-Speed 46.04 samples/sec   Loss 0.0417   LearningRate 0.000936   Epoch: 12   Global Step: 18300   Fp16 Grad Scale: 2097152   Required: 225 hours
Training: 2025-04-17 20:04:29,672-Speed 46.31 samples/sec   Loss 0.0305   LearningRate 0.000936   Epoch: 12   Global Step: 18310   Fp16 Grad Scale: 2097152   Required: 225 hours
Training: 2025-04-17 20:04:57,438-Speed 46.10 samples/sec   Loss 0.0170   LearningRate 0.000936   Epoch: 12   Global Step: 18320   Fp16 Grad Scale: 2097152   Required: 225 hours
Training: 2025-04-17 20:05:25,362-Speed 45.84 samples/sec   Loss 0.0539   LearningRate 0.000936   Epoch: 12   Global Step: 18330   Fp16 Grad Scale: 2097152   Required: 225 hours
Training: 2025-04-17 20:05:54,869-Speed 43.38 samples/sec   Loss 0.0109   LearningRate 0.000936   Epoch: 12   Global Step: 18340   Fp16 Grad Scale: 2097152   Required: 225 hours
Training: 2025-04-17 20:06:22,840-Speed 45.76 samples/sec   Loss 0.0199   LearningRate 0.000936   Epoch: 12   Global Step: 18350   Fp16 Grad Scale: 2097152   Required: 225 hours
Training: 2025-04-17 20:06:50,506-Speed 46.27 samples/sec   Loss 0.0135   LearningRate 0.000936   Epoch: 12   Global Step: 18360   Fp16 Grad Scale: 2097152   Required: 225 hours
Training: 2025-04-17 20:07:19,604-Speed 43.99 samples/sec   Loss 0.0111   LearningRate 0.000936   Epoch: 12   Global Step: 18370   Fp16 Grad Scale: 2097152   Required: 225 hours
Training: 2025-04-17 20:07:47,207-Speed 46.37 samples/sec   Loss 0.0082   LearningRate 0.000936   Epoch: 12   Global Step: 18380   Fp16 Grad Scale: 4194304   Required: 225 hours
Training: 2025-04-17 20:08:14,832-Speed 46.34 samples/sec   Loss 0.0111   LearningRate 0.000936   Epoch: 12   Global Step: 18390   Fp16 Grad Scale: 4194304   Required: 225 hours
Training: 2025-04-17 20:08:42,572-Speed 46.15 samples/sec   Loss 0.0113   LearningRate 0.000935   Epoch: 12   Global Step: 18400   Fp16 Grad Scale: 4194304   Required: 225 hours
Training: 2025-04-17 20:09:10,241-Speed 46.26 samples/sec   Loss 0.0040   LearningRate 0.000935   Epoch: 12   Global Step: 18410   Fp16 Grad Scale: 4194304   Required: 225 hours
Training: 2025-04-17 20:09:41,081-Speed 46.37 samples/sec   Loss 0.0208   LearningRate 0.000935   Epoch: 12   Global Step: 18420   Fp16 Grad Scale: 4194304   Required: 225 hours
Training: 2025-04-17 20:10:08,780-Speed 46.21 samples/sec   Loss 0.0117   LearningRate 0.000935   Epoch: 12   Global Step: 18430   Fp16 Grad Scale: 4194304   Required: 225 hours
Training: 2025-04-17 20:10:38,416-Speed 43.19 samples/sec   Loss 0.0147   LearningRate 0.000935   Epoch: 12   Global Step: 18440   Fp16 Grad Scale: 4194304   Required: 225 hours
Training: 2025-04-17 20:11:06,107-Speed 46.23 samples/sec   Loss 0.0138   LearningRate 0.000935   Epoch: 12   Global Step: 18450   Fp16 Grad Scale: 4194304   Required: 225 hours
Training: 2025-04-17 20:11:33,876-Speed 46.10 samples/sec   Loss 0.0118   LearningRate 0.000935   Epoch: 12   Global Step: 18460   Fp16 Grad Scale: 4194304   Required: 225 hours
Training: 2025-04-17 20:12:01,539-Speed 46.27 samples/sec   Loss 0.0115   LearningRate 0.000935   Epoch: 12   Global Step: 18470   Fp16 Grad Scale: 4194304   Required: 225 hours
Training: 2025-04-17 20:12:29,210-Speed 46.26 samples/sec   Loss 0.0256   LearningRate 0.000935   Epoch: 12   Global Step: 18480   Fp16 Grad Scale: 8388608   Required: 225 hours
Training: 2025-04-17 20:12:56,841-Speed 46.33 samples/sec   Loss 0.0108   LearningRate 0.000935   Epoch: 12   Global Step: 18490   Fp16 Grad Scale: 8388608   Required: 225 hours
Training: 2025-04-17 20:13:24,475-Speed 46.32 samples/sec   Loss 0.0112   LearningRate 0.000935   Epoch: 12   Global Step: 18500   Fp16 Grad Scale: 8388608   Required: 225 hours
Training: 2025-04-17 20:13:52,181-Speed 46.20 samples/sec   Loss 0.0094   LearningRate 0.000935   Epoch: 12   Global Step: 18510   Fp16 Grad Scale: 8388608   Required: 225 hours
Training: 2025-04-17 20:14:19,806-Speed 46.33 samples/sec   Loss 0.0085   LearningRate 0.000935   Epoch: 12   Global Step: 18520   Fp16 Grad Scale: 8388608   Required: 225 hours
Training: 2025-04-17 20:14:47,537-Speed 46.16 samples/sec   Loss 0.0042   LearningRate 0.000935   Epoch: 12   Global Step: 18530   Fp16 Grad Scale: 8388608   Required: 225 hours
Training: 2025-04-17 20:15:15,119-Speed 46.41 samples/sec   Loss 0.0079   LearningRate 0.000935   Epoch: 12   Global Step: 18540   Fp16 Grad Scale: 8388608   Required: 225 hours
Training: 2025-04-17 20:15:44,730-Speed 43.23 samples/sec   Loss 0.0091   LearningRate 0.000935   Epoch: 12   Global Step: 18550   Fp16 Grad Scale: 8388608   Required: 225 hours
Training: 2025-04-17 20:16:25,153-Speed 31.66 samples/sec   Loss 0.0116   LearningRate 0.000935   Epoch: 13   Global Step: 18560   Fp16 Grad Scale: 8388608   Required: 225 hours
Training: 2025-04-17 20:16:52,506-Speed 46.80 samples/sec   Loss 0.0027   LearningRate 0.000935   Epoch: 13   Global Step: 18570   Fp16 Grad Scale: 8388608   Required: 225 hours
Training: 2025-04-17 20:17:21,177-Speed 44.65 samples/sec   Loss 0.0024   LearningRate 0.000935   Epoch: 13   Global Step: 18580   Fp16 Grad Scale: 16777216   Required: 225 hours
Training: 2025-04-17 20:17:48,524-Speed 46.81 samples/sec   Loss 0.0051   LearningRate 0.000935   Epoch: 13   Global Step: 18590   Fp16 Grad Scale: 8388608   Required: 225 hours
Training: 2025-04-17 20:18:15,951-Speed 46.67 samples/sec   Loss 0.0045   LearningRate 0.000935   Epoch: 13   Global Step: 18600   Fp16 Grad Scale: 8388608   Required: 225 hours
Training: 2025-04-17 20:18:43,263-Speed 46.87 samples/sec   Loss 0.0049   LearningRate 0.000935   Epoch: 13   Global Step: 18610   Fp16 Grad Scale: 8388608   Required: 225 hours
Training: 2025-04-17 20:19:10,573-Speed 46.87 samples/sec   Loss 0.0303   LearningRate 0.000935   Epoch: 13   Global Step: 18620   Fp16 Grad Scale: 8388608   Required: 225 hours
Training: 2025-04-17 20:19:37,907-Speed 46.83 samples/sec   Loss 0.0055   LearningRate 0.000935   Epoch: 13   Global Step: 18630   Fp16 Grad Scale: 8388608   Required: 225 hours
Training: 2025-04-17 20:20:05,289-Speed 46.75 samples/sec   Loss 0.0046   LearningRate 0.000935   Epoch: 13   Global Step: 18640   Fp16 Grad Scale: 8388608   Required: 225 hours
Training: 2025-04-17 20:20:32,643-Speed 46.80 samples/sec   Loss 0.0062   LearningRate 0.000935   Epoch: 13   Global Step: 18650   Fp16 Grad Scale: 8388608   Required: 225 hours
Training: 2025-04-17 20:21:01,988-Speed 43.62 samples/sec   Loss 0.0034   LearningRate 0.000935   Epoch: 13   Global Step: 18660   Fp16 Grad Scale: 8388608   Required: 225 hours
Training: 2025-04-17 20:21:29,357-Speed 46.77 samples/sec   Loss 0.0038   LearningRate 0.000935   Epoch: 13   Global Step: 18670   Fp16 Grad Scale: 8388608   Required: 225 hours
Training: 2025-04-17 20:21:56,652-Speed 46.90 samples/sec   Loss 0.0048   LearningRate 0.000935   Epoch: 13   Global Step: 18680   Fp16 Grad Scale: 8388608   Required: 225 hours
Training: 2025-04-17 20:22:23,964-Speed 46.87 samples/sec   Loss 0.0023   LearningRate 0.000934   Epoch: 13   Global Step: 18690   Fp16 Grad Scale: 16777216   Required: 225 hours
Training: 2025-04-17 20:22:51,328-Speed 46.78 samples/sec   Loss 0.0096   LearningRate 0.000934   Epoch: 13   Global Step: 18700   Fp16 Grad Scale: 8388608   Required: 225 hours
Training: 2025-04-17 20:23:18,627-Speed 46.89 samples/sec   Loss 0.0015   LearningRate 0.000934   Epoch: 13   Global Step: 18710   Fp16 Grad Scale: 8388608   Required: 225 hours
Training: 2025-04-17 20:23:45,855-Speed 47.01 samples/sec   Loss 0.0031   LearningRate 0.000934   Epoch: 13   Global Step: 18720   Fp16 Grad Scale: 8388608   Required: 225 hours
Training: 2025-04-17 20:24:13,165-Speed 46.87 samples/sec   Loss 0.0033   LearningRate 0.000934   Epoch: 13   Global Step: 18730   Fp16 Grad Scale: 8388608   Required: 225 hours
Training: 2025-04-17 20:24:40,420-Speed 46.97 samples/sec   Loss 0.0052   LearningRate 0.000934   Epoch: 13   Global Step: 18740   Fp16 Grad Scale: 8388608   Required: 225 hours
Training: 2025-04-17 20:25:07,925-Speed 46.54 samples/sec   Loss 0.0015   LearningRate 0.000934   Epoch: 13   Global Step: 18750   Fp16 Grad Scale: 8388608   Required: 225 hours
Training: 2025-04-17 20:25:35,265-Speed 46.82 samples/sec   Loss 0.0014   LearningRate 0.000934   Epoch: 13   Global Step: 18760   Fp16 Grad Scale: 8388608   Required: 225 hours
Training: 2025-04-17 20:26:04,584-Speed 43.66 samples/sec   Loss 0.0052   LearningRate 0.000934   Epoch: 13   Global Step: 18770   Fp16 Grad Scale: 8388608   Required: 225 hours
Training: 2025-04-17 20:26:32,656-Speed 45.60 samples/sec   Loss 0.0017   LearningRate 0.000934   Epoch: 13   Global Step: 18780   Fp16 Grad Scale: 8388608   Required: 225 hours
Training: 2025-04-17 20:27:00,805-Speed 45.49 samples/sec   Loss 0.0029   LearningRate 0.000934   Epoch: 13   Global Step: 18790   Fp16 Grad Scale: 8388608   Required: 224 hours
Training: 2025-04-17 20:27:28,686-Speed 46.67 samples/sec   Loss 0.0011   LearningRate 0.000934   Epoch: 13   Global Step: 18800   Fp16 Grad Scale: 16777216   Required: 224 hours
Training: 2025-04-17 20:27:55,990-Speed 46.88 samples/sec   Loss 0.0079   LearningRate 0.000934   Epoch: 13   Global Step: 18810   Fp16 Grad Scale: 16777216   Required: 224 hours
Training: 2025-04-17 20:28:23,288-Speed 46.89 samples/sec   Loss 0.0025   LearningRate 0.000934   Epoch: 13   Global Step: 18820   Fp16 Grad Scale: 16777216   Required: 224 hours
Training: 2025-04-17 20:28:50,729-Speed 46.65 samples/sec   Loss 0.0034   LearningRate 0.000934   Epoch: 13   Global Step: 18830   Fp16 Grad Scale: 16777216   Required: 224 hours
Training: 2025-04-17 20:29:18,008-Speed 46.92 samples/sec   Loss 0.0375   LearningRate 0.000934   Epoch: 13   Global Step: 18840   Fp16 Grad Scale: 8388608   Required: 224 hours
Training: 2025-04-17 20:29:45,382-Speed 46.76 samples/sec   Loss 0.0015   LearningRate 0.000934   Epoch: 13   Global Step: 18850   Fp16 Grad Scale: 8388608   Required: 224 hours
Training: 2025-04-17 20:30:12,586-Speed 47.05 samples/sec   Loss 0.0063   LearningRate 0.000934   Epoch: 13   Global Step: 18860   Fp16 Grad Scale: 8388608   Required: 224 hours
Training: 2025-04-17 20:30:39,991-Speed 46.71 samples/sec   Loss 0.0017   LearningRate 0.000934   Epoch: 13   Global Step: 18870   Fp16 Grad Scale: 8388608   Required: 224 hours
Training: 2025-04-17 20:31:09,407-Speed 43.51 samples/sec   Loss 0.0017   LearningRate 0.000934   Epoch: 13   Global Step: 18880   Fp16 Grad Scale: 8388608   Required: 224 hours
Training: 2025-04-17 20:31:36,795-Speed 46.74 samples/sec   Loss 0.0012   LearningRate 0.000934   Epoch: 13   Global Step: 18890   Fp16 Grad Scale: 8388608   Required: 224 hours
Training: 2025-04-17 20:32:04,233-Speed 46.65 samples/sec   Loss 0.0017   LearningRate 0.000934   Epoch: 13   Global Step: 18900   Fp16 Grad Scale: 8388608   Required: 224 hours
Training: 2025-04-17 20:32:31,508-Speed 46.93 samples/sec   Loss 0.0023   LearningRate 0.000934   Epoch: 13   Global Step: 18910   Fp16 Grad Scale: 8388608   Required: 224 hours
Training: 2025-04-17 20:32:58,827-Speed 46.86 samples/sec   Loss 0.0008   LearningRate 0.000934   Epoch: 13   Global Step: 18920   Fp16 Grad Scale: 8388608   Required: 224 hours
Training: 2025-04-17 20:33:26,132-Speed 46.88 samples/sec   Loss 0.0064   LearningRate 0.000934   Epoch: 13   Global Step: 18930   Fp16 Grad Scale: 4194304   Required: 224 hours
Training: 2025-04-17 20:33:53,631-Speed 46.55 samples/sec   Loss 0.0012   LearningRate 0.000934   Epoch: 13   Global Step: 18940   Fp16 Grad Scale: 4194304   Required: 224 hours
Training: 2025-04-17 20:34:20,958-Speed 46.84 samples/sec   Loss 0.0009   LearningRate 0.000934   Epoch: 13   Global Step: 18950   Fp16 Grad Scale: 4194304   Required: 224 hours
Training: 2025-04-17 20:34:48,373-Speed 46.69 samples/sec   Loss 0.0010   LearningRate 0.000934   Epoch: 13   Global Step: 18960   Fp16 Grad Scale: 4194304   Required: 224 hours
Training: 2025-04-17 20:35:15,936-Speed 46.44 samples/sec   Loss 0.0005   LearningRate 0.000933   Epoch: 13   Global Step: 18970   Fp16 Grad Scale: 4194304   Required: 224 hours
Training: 2025-04-17 20:35:43,323-Speed 46.74 samples/sec   Loss 0.0018   LearningRate 0.000933   Epoch: 13   Global Step: 18980   Fp16 Grad Scale: 4194304   Required: 224 hours
Training: 2025-04-17 20:36:12,786-Speed 43.45 samples/sec   Loss 0.0020   LearningRate 0.000933   Epoch: 13   Global Step: 18990   Fp16 Grad Scale: 4194304   Required: 224 hours
Training: 2025-04-17 20:36:40,248-Speed 46.61 samples/sec   Loss 0.0025   LearningRate 0.000933   Epoch: 13   Global Step: 19000   Fp16 Grad Scale: 4194304   Required: 224 hours
Training: 2025-04-17 20:37:09,250-Speed 44.14 samples/sec   Loss 0.0008   LearningRate 0.000933   Epoch: 13   Global Step: 19010   Fp16 Grad Scale: 4194304   Required: 224 hours
Training: 2025-04-17 20:37:36,702-Speed 46.63 samples/sec   Loss 0.0011   LearningRate 0.000933   Epoch: 13   Global Step: 19020   Fp16 Grad Scale: 4194304   Required: 224 hours
Training: 2025-04-17 20:38:04,110-Speed 46.74 samples/sec   Loss 0.0023   LearningRate 0.000933   Epoch: 13   Global Step: 19030   Fp16 Grad Scale: 8388608   Required: 224 hours
Training: 2025-04-17 20:38:31,587-Speed 46.59 samples/sec   Loss 0.0008   LearningRate 0.000933   Epoch: 13   Global Step: 19040   Fp16 Grad Scale: 8388608   Required: 224 hours
Training: 2025-04-17 20:38:58,963-Speed 46.76 samples/sec   Loss 0.0010   LearningRate 0.000933   Epoch: 13   Global Step: 19050   Fp16 Grad Scale: 8388608   Required: 224 hours
Training: 2025-04-17 20:39:26,334-Speed 46.77 samples/sec   Loss 0.0020   LearningRate 0.000933   Epoch: 13   Global Step: 19060   Fp16 Grad Scale: 8388608   Required: 224 hours
Training: 2025-04-17 20:39:53,845-Speed 46.53 samples/sec   Loss 0.0003   LearningRate 0.000933   Epoch: 13   Global Step: 19070   Fp16 Grad Scale: 8388608   Required: 224 hours
Training: 2025-04-17 20:40:21,322-Speed 46.59 samples/sec   Loss 0.0010   LearningRate 0.000933   Epoch: 13   Global Step: 19080   Fp16 Grad Scale: 8388608   Required: 224 hours
Training: 2025-04-17 20:40:48,730-Speed 46.70 samples/sec   Loss 0.0006   LearningRate 0.000933   Epoch: 13   Global Step: 19090   Fp16 Grad Scale: 8388608   Required: 224 hours
Training: 2025-04-17 20:41:18,298-Speed 43.29 samples/sec   Loss 0.0020   LearningRate 0.000933   Epoch: 13   Global Step: 19100   Fp16 Grad Scale: 8388608   Required: 224 hours
Training: 2025-04-17 20:41:45,627-Speed 46.84 samples/sec   Loss 0.0005   LearningRate 0.000933   Epoch: 13   Global Step: 19110   Fp16 Grad Scale: 8388608   Required: 224 hours
Training: 2025-04-17 20:42:13,016-Speed 46.74 samples/sec   Loss 0.0009   LearningRate 0.000933   Epoch: 13   Global Step: 19120   Fp16 Grad Scale: 8388608   Required: 224 hours
Training: 2025-04-17 20:42:40,532-Speed 46.52 samples/sec   Loss 0.0004   LearningRate 0.000933   Epoch: 13   Global Step: 19130   Fp16 Grad Scale: 16777216   Required: 224 hours
Training: 2025-04-17 20:43:08,001-Speed 46.60 samples/sec   Loss 0.0006   LearningRate 0.000933   Epoch: 13   Global Step: 19140   Fp16 Grad Scale: 16777216   Required: 224 hours
Training: 2025-04-17 20:43:35,588-Speed 46.40 samples/sec   Loss 0.0006   LearningRate 0.000933   Epoch: 13   Global Step: 19150   Fp16 Grad Scale: 16777216   Required: 224 hours
Training: 2025-04-17 20:44:02,975-Speed 46.74 samples/sec   Loss 0.0008   LearningRate 0.000933   Epoch: 13   Global Step: 19160   Fp16 Grad Scale: 16777216   Required: 224 hours
Training: 2025-04-17 20:44:30,327-Speed 46.80 samples/sec   Loss 0.0007   LearningRate 0.000933   Epoch: 13   Global Step: 19170   Fp16 Grad Scale: 16777216   Required: 224 hours
Training: 2025-04-17 20:44:57,702-Speed 46.76 samples/sec   Loss 0.0040   LearningRate 0.000933   Epoch: 13   Global Step: 19180   Fp16 Grad Scale: 16777216   Required: 224 hours
Training: 2025-04-17 20:45:25,094-Speed 46.73 samples/sec   Loss 0.0020   LearningRate 0.000933   Epoch: 13   Global Step: 19190   Fp16 Grad Scale: 16777216   Required: 224 hours
Training: 2025-04-17 20:45:52,531-Speed 46.65 samples/sec   Loss 0.0009   LearningRate 0.000933   Epoch: 13   Global Step: 19200   Fp16 Grad Scale: 16777216   Required: 224 hours
Training: 2025-04-17 20:46:21,854-Speed 43.65 samples/sec   Loss 0.0013   LearningRate 0.000933   Epoch: 13   Global Step: 19210   Fp16 Grad Scale: 16777216   Required: 224 hours
Training: 2025-04-17 20:46:49,122-Speed 46.94 samples/sec   Loss 0.0011   LearningRate 0.000933   Epoch: 13   Global Step: 19220   Fp16 Grad Scale: 16777216   Required: 224 hours
Training: 2025-04-17 20:47:16,541-Speed 46.68 samples/sec   Loss 0.0057   LearningRate 0.000933   Epoch: 13   Global Step: 19230   Fp16 Grad Scale: 8388608   Required: 224 hours
Training: 2025-04-17 20:47:43,959-Speed 46.69 samples/sec   Loss 0.0024   LearningRate 0.000933   Epoch: 13   Global Step: 19240   Fp16 Grad Scale: 8388608   Required: 224 hours
Training: 2025-04-17 20:48:11,453-Speed 46.56 samples/sec   Loss 0.0029   LearningRate 0.000933   Epoch: 13   Global Step: 19250   Fp16 Grad Scale: 8388608   Required: 224 hours
Training: 2025-04-17 20:48:38,863-Speed 46.70 samples/sec   Loss 0.0033   LearningRate 0.000932   Epoch: 13   Global Step: 19260   Fp16 Grad Scale: 8388608   Required: 224 hours
Training: 2025-04-17 20:49:06,168-Speed 46.88 samples/sec   Loss 0.0489   LearningRate 0.000932   Epoch: 13   Global Step: 19270   Fp16 Grad Scale: 4194304   Required: 224 hours
Training: 2025-04-17 20:49:33,635-Speed 46.60 samples/sec   Loss 0.0433   LearningRate 0.000932   Epoch: 13   Global Step: 19280   Fp16 Grad Scale: 4194304   Required: 224 hours
Training: 2025-04-17 20:50:01,160-Speed 46.50 samples/sec   Loss 0.0623   LearningRate 0.000932   Epoch: 13   Global Step: 19290   Fp16 Grad Scale: 4194304   Required: 224 hours
Training: 2025-04-17 20:50:28,485-Speed 46.84 samples/sec   Loss 0.0111   LearningRate 0.000932   Epoch: 13   Global Step: 19300   Fp16 Grad Scale: 4194304   Required: 224 hours
Training: 2025-04-17 20:50:55,895-Speed 46.70 samples/sec   Loss 0.0109   LearningRate 0.000932   Epoch: 13   Global Step: 19310   Fp16 Grad Scale: 4194304   Required: 224 hours
Training: 2025-04-17 20:51:25,140-Speed 43.77 samples/sec   Loss 0.0060   LearningRate 0.000932   Epoch: 13   Global Step: 19320   Fp16 Grad Scale: 4194304   Required: 224 hours
Training: 2025-04-17 20:51:52,583-Speed 46.64 samples/sec   Loss 0.0099   LearningRate 0.000932   Epoch: 13   Global Step: 19330   Fp16 Grad Scale: 4194304   Required: 223 hours
Training: 2025-04-17 20:52:20,010-Speed 46.67 samples/sec   Loss 0.0066   LearningRate 0.000932   Epoch: 13   Global Step: 19340   Fp16 Grad Scale: 4194304   Required: 223 hours
Training: 2025-04-17 20:52:47,339-Speed 46.84 samples/sec   Loss 0.0048   LearningRate 0.000932   Epoch: 13   Global Step: 19350   Fp16 Grad Scale: 4194304   Required: 223 hours
Training: 2025-04-17 20:53:14,717-Speed 46.75 samples/sec   Loss 0.0071   LearningRate 0.000932   Epoch: 13   Global Step: 19360   Fp16 Grad Scale: 4194304   Required: 223 hours
Training: 2025-04-17 20:53:42,048-Speed 46.83 samples/sec   Loss 0.0064   LearningRate 0.000932   Epoch: 13   Global Step: 19370   Fp16 Grad Scale: 8388608   Required: 223 hours
Training: 2025-04-17 20:54:09,520-Speed 46.59 samples/sec   Loss 0.0032   LearningRate 0.000932   Epoch: 13   Global Step: 19380   Fp16 Grad Scale: 8388608   Required: 223 hours
Training: 2025-04-17 20:54:36,919-Speed 46.74 samples/sec   Loss 0.0113   LearningRate 0.000932   Epoch: 13   Global Step: 19390   Fp16 Grad Scale: 8388608   Required: 223 hours
Training: 2025-04-17 20:55:04,407-Speed 46.86 samples/sec   Loss 0.0030   LearningRate 0.000932   Epoch: 13   Global Step: 19400   Fp16 Grad Scale: 8388608   Required: 223 hours
Training: 2025-04-17 20:55:31,791-Speed 46.74 samples/sec   Loss 0.0042   LearningRate 0.000932   Epoch: 13   Global Step: 19410   Fp16 Grad Scale: 8388608   Required: 223 hours
Training: 2025-04-17 20:55:59,123-Speed 46.83 samples/sec   Loss 0.0021   LearningRate 0.000932   Epoch: 13   Global Step: 19420   Fp16 Grad Scale: 8388608   Required: 223 hours
Training: 2025-04-17 20:56:29,186-Speed 42.58 samples/sec   Loss 0.0045   LearningRate 0.000932   Epoch: 13   Global Step: 19430   Fp16 Grad Scale: 8388608   Required: 223 hours
Training: 2025-04-17 20:56:58,391-Speed 43.83 samples/sec   Loss 0.0015   LearningRate 0.000932   Epoch: 13   Global Step: 19440   Fp16 Grad Scale: 8388608   Required: 223 hours
Training: 2025-04-17 20:57:26,967-Speed 44.79 samples/sec   Loss 0.0014   LearningRate 0.000932   Epoch: 13   Global Step: 19450   Fp16 Grad Scale: 8388608   Required: 223 hours
Training: 2025-04-17 20:57:54,357-Speed 46.73 samples/sec   Loss 0.0026   LearningRate 0.000932   Epoch: 13   Global Step: 19460   Fp16 Grad Scale: 8388608   Required: 223 hours
Training: 2025-04-17 20:58:21,727-Speed 46.77 samples/sec   Loss 0.0031   LearningRate 0.000932   Epoch: 13   Global Step: 19470   Fp16 Grad Scale: 16777216   Required: 223 hours
Training: 2025-04-17 20:58:49,177-Speed 46.63 samples/sec   Loss 0.0047   LearningRate 0.000932   Epoch: 13   Global Step: 19480   Fp16 Grad Scale: 16777216   Required: 223 hours
Training: 2025-04-17 20:59:16,598-Speed 46.68 samples/sec   Loss 0.0056   LearningRate 0.000932   Epoch: 13   Global Step: 19490   Fp16 Grad Scale: 8388608   Required: 223 hours
Training: 2025-04-17 20:59:43,944-Speed 46.81 samples/sec   Loss 0.0028   LearningRate 0.000932   Epoch: 13   Global Step: 19500   Fp16 Grad Scale: 8388608   Required: 223 hours
Training: 2025-04-17 21:00:11,383-Speed 46.65 samples/sec   Loss 0.0057   LearningRate 0.000932   Epoch: 13   Global Step: 19510   Fp16 Grad Scale: 8388608   Required: 223 hours
Training: 2025-04-17 21:00:38,770-Speed 46.74 samples/sec   Loss 0.0019   LearningRate 0.000932   Epoch: 13   Global Step: 19520   Fp16 Grad Scale: 8388608   Required: 223 hours
Training: 2025-04-17 21:01:06,173-Speed 46.71 samples/sec   Loss 0.0095   LearningRate 0.000932   Epoch: 13   Global Step: 19530   Fp16 Grad Scale: 8388608   Required: 223 hours
Training: 2025-04-17 21:01:35,633-Speed 43.45 samples/sec   Loss 0.0023   LearningRate 0.000931   Epoch: 13   Global Step: 19540   Fp16 Grad Scale: 8388608   Required: 223 hours
Training: 2025-04-17 21:02:03,039-Speed 46.71 samples/sec   Loss 0.0025   LearningRate 0.000931   Epoch: 13   Global Step: 19550   Fp16 Grad Scale: 8388608   Required: 223 hours
Training: 2025-04-17 21:02:30,377-Speed 46.82 samples/sec   Loss 0.0021   LearningRate 0.000931   Epoch: 13   Global Step: 19560   Fp16 Grad Scale: 8388608   Required: 223 hours
Training: 2025-04-17 21:02:57,773-Speed 46.72 samples/sec   Loss 0.0053   LearningRate 0.000931   Epoch: 13   Global Step: 19570   Fp16 Grad Scale: 8388608   Required: 223 hours
Training: 2025-04-17 21:03:25,477-Speed 46.20 samples/sec   Loss 0.0085   LearningRate 0.000931   Epoch: 13   Global Step: 19580   Fp16 Grad Scale: 8388608   Required: 223 hours
Training: 2025-04-17 21:03:52,873-Speed 46.72 samples/sec   Loss 0.0055   LearningRate 0.000931   Epoch: 13   Global Step: 19590   Fp16 Grad Scale: 16777216   Required: 223 hours
Training: 2025-04-17 21:04:20,223-Speed 46.80 samples/sec   Loss 0.0034   LearningRate 0.000931   Epoch: 13   Global Step: 19600   Fp16 Grad Scale: 16777216   Required: 223 hours
Training: 2025-04-17 21:04:47,849-Speed 46.33 samples/sec   Loss 0.0029   LearningRate 0.000931   Epoch: 13   Global Step: 19610   Fp16 Grad Scale: 16777216   Required: 223 hours
Training: 2025-04-17 21:05:15,234-Speed 46.74 samples/sec   Loss 0.0292   LearningRate 0.000931   Epoch: 13   Global Step: 19620   Fp16 Grad Scale: 8388608   Required: 223 hours
Training: 2025-04-17 21:05:42,654-Speed 46.68 samples/sec   Loss 0.0010   LearningRate 0.000931   Epoch: 13   Global Step: 19630   Fp16 Grad Scale: 8388608   Required: 223 hours
Training: 2025-04-17 21:06:10,387-Speed 46.16 samples/sec   Loss 0.0624   LearningRate 0.000931   Epoch: 13   Global Step: 19640   Fp16 Grad Scale: 8388608   Required: 223 hours
Training: 2025-04-17 21:06:39,903-Speed 43.37 samples/sec   Loss 0.0087   LearningRate 0.000931   Epoch: 13   Global Step: 19650   Fp16 Grad Scale: 8388608   Required: 223 hours
Training: 2025-04-17 21:07:07,233-Speed 46.84 samples/sec   Loss 0.0215   LearningRate 0.000931   Epoch: 13   Global Step: 19660   Fp16 Grad Scale: 8388608   Required: 223 hours
Training: 2025-04-17 21:07:34,767-Speed 46.49 samples/sec   Loss 0.0114   LearningRate 0.000931   Epoch: 13   Global Step: 19670   Fp16 Grad Scale: 4194304   Required: 223 hours
Training: 2025-04-17 21:08:02,252-Speed 46.57 samples/sec   Loss 0.0055   LearningRate 0.000931   Epoch: 13   Global Step: 19680   Fp16 Grad Scale: 4194304   Required: 223 hours
Training: 2025-04-17 21:08:29,726-Speed 46.59 samples/sec   Loss 0.0049   LearningRate 0.000931   Epoch: 13   Global Step: 19690   Fp16 Grad Scale: 4194304   Required: 223 hours
Training: 2025-04-17 21:08:57,097-Speed 46.77 samples/sec   Loss 0.0028   LearningRate 0.000931   Epoch: 13   Global Step: 19700   Fp16 Grad Scale: 4194304   Required: 223 hours
Training: 2025-04-17 21:09:24,398-Speed 46.89 samples/sec   Loss 0.0065   LearningRate 0.000931   Epoch: 13   Global Step: 19710   Fp16 Grad Scale: 4194304   Required: 223 hours
Training: 2025-04-17 21:09:51,756-Speed 46.79 samples/sec   Loss 0.0075   LearningRate 0.000931   Epoch: 13   Global Step: 19720   Fp16 Grad Scale: 4194304   Required: 223 hours
Training: 2025-04-17 21:10:19,233-Speed 46.59 samples/sec   Loss 0.0023   LearningRate 0.000931   Epoch: 13   Global Step: 19730   Fp16 Grad Scale: 4194304   Required: 223 hours
Training: 2025-04-17 21:10:46,628-Speed 46.73 samples/sec   Loss 0.0211   LearningRate 0.000931   Epoch: 13   Global Step: 19740   Fp16 Grad Scale: 4194304   Required: 223 hours
Training: 2025-04-17 21:11:14,019-Speed 46.73 samples/sec   Loss 0.0049   LearningRate 0.000931   Epoch: 13   Global Step: 19750   Fp16 Grad Scale: 4194304   Required: 223 hours
Training: 2025-04-17 21:11:43,141-Speed 43.95 samples/sec   Loss 0.0094   LearningRate 0.000931   Epoch: 13   Global Step: 19760   Fp16 Grad Scale: 4194304   Required: 223 hours
Training: 2025-04-17 21:12:10,572-Speed 46.66 samples/sec   Loss 0.0047   LearningRate 0.000931   Epoch: 13   Global Step: 19770   Fp16 Grad Scale: 8388608   Required: 223 hours
Training: 2025-04-17 21:12:37,986-Speed 46.69 samples/sec   Loss 0.0035   LearningRate 0.000931   Epoch: 13   Global Step: 19780   Fp16 Grad Scale: 8388608   Required: 223 hours
Training: 2025-04-17 21:13:05,404-Speed 46.69 samples/sec   Loss 0.0068   LearningRate 0.000931   Epoch: 13   Global Step: 19790   Fp16 Grad Scale: 8388608   Required: 223 hours
Training: 2025-04-17 21:13:32,746-Speed 46.82 samples/sec   Loss 0.0400   LearningRate 0.000931   Epoch: 13   Global Step: 19800   Fp16 Grad Scale: 4194304   Required: 223 hours
Training: 2025-04-17 21:14:00,218-Speed 46.59 samples/sec   Loss 0.0364   LearningRate 0.000931   Epoch: 13   Global Step: 19810   Fp16 Grad Scale: 4194304   Required: 223 hours
Training: 2025-04-17 21:14:27,641-Speed 46.68 samples/sec   Loss 0.0182   LearningRate 0.000931   Epoch: 13   Global Step: 19820   Fp16 Grad Scale: 4194304   Required: 223 hours
Training: 2025-04-17 21:14:55,050-Speed 46.70 samples/sec   Loss 0.0174   LearningRate 0.000930   Epoch: 13   Global Step: 19830   Fp16 Grad Scale: 4194304   Required: 223 hours
Training: 2025-04-17 21:15:22,394-Speed 46.81 samples/sec   Loss 0.0138   LearningRate 0.000930   Epoch: 13   Global Step: 19840   Fp16 Grad Scale: 4194304   Required: 223 hours
Training: 2025-04-17 21:15:49,781-Speed 46.74 samples/sec   Loss 0.0085   LearningRate 0.000930   Epoch: 13   Global Step: 19850   Fp16 Grad Scale: 4194304   Required: 223 hours
Training: 2025-04-17 21:16:17,122-Speed 46.82 samples/sec   Loss 0.0095   LearningRate 0.000930   Epoch: 13   Global Step: 19860   Fp16 Grad Scale: 4194304   Required: 223 hours
Training: 2025-04-17 21:16:46,500-Speed 43.57 samples/sec   Loss 0.0084   LearningRate 0.000930   Epoch: 13   Global Step: 19870   Fp16 Grad Scale: 4194304   Required: 223 hours
Training: 2025-04-17 21:17:14,078-Speed 46.41 samples/sec   Loss 0.0057   LearningRate 0.000930   Epoch: 13   Global Step: 19880   Fp16 Grad Scale: 4194304   Required: 222 hours
Training: 2025-04-17 21:17:41,508-Speed 46.67 samples/sec   Loss 0.0545   LearningRate 0.000930   Epoch: 13   Global Step: 19890   Fp16 Grad Scale: 2097152   Required: 222 hours
Training: 2025-04-17 21:18:08,847-Speed 46.82 samples/sec   Loss 0.0062   LearningRate 0.000930   Epoch: 13   Global Step: 19900   Fp16 Grad Scale: 2097152   Required: 222 hours
Training: 2025-04-17 21:18:36,171-Speed 46.85 samples/sec   Loss 0.0083   LearningRate 0.000930   Epoch: 13   Global Step: 19910   Fp16 Grad Scale: 2097152   Required: 222 hours
Training: 2025-04-17 21:19:03,619-Speed 46.63 samples/sec   Loss 0.0062   LearningRate 0.000930   Epoch: 13   Global Step: 19920   Fp16 Grad Scale: 2097152   Required: 222 hours
Training: 2025-04-17 21:19:31,136-Speed 46.52 samples/sec   Loss 0.0648   LearningRate 0.000930   Epoch: 13   Global Step: 19930   Fp16 Grad Scale: 2097152   Required: 222 hours
Training: 2025-04-17 21:19:58,532-Speed 46.72 samples/sec   Loss 0.0292   LearningRate 0.000930   Epoch: 13   Global Step: 19940   Fp16 Grad Scale: 2097152   Required: 222 hours
Training: 2025-04-17 21:20:25,952-Speed 46.68 samples/sec   Loss 0.0230   LearningRate 0.000930   Epoch: 13   Global Step: 19950   Fp16 Grad Scale: 2097152   Required: 222 hours
Training: 2025-04-17 21:20:53,566-Speed 46.35 samples/sec   Loss 0.0068   LearningRate 0.000930   Epoch: 13   Global Step: 19960   Fp16 Grad Scale: 2097152   Required: 222 hours
Training: 2025-04-17 21:21:21,210-Speed 46.30 samples/sec   Loss 0.0123   LearningRate 0.000930   Epoch: 13   Global Step: 19970   Fp16 Grad Scale: 2097152   Required: 222 hours
Training: 2025-04-17 21:22:03,684-Speed 30.14 samples/sec   Loss 0.0162   LearningRate 0.000930   Epoch: 14   Global Step: 19980   Fp16 Grad Scale: 2097152   Required: 222 hours
Training: 2025-04-17 21:22:30,928-Speed 46.98 samples/sec   Loss 0.0306   LearningRate 0.000930   Epoch: 14   Global Step: 19990   Fp16 Grad Scale: 1048576   Required: 222 hours
Training: 2025-04-17 21:22:58,227-Speed 46.89 samples/sec   Loss 0.0122   LearningRate 0.000930   Epoch: 14   Global Step: 20000   Fp16 Grad Scale: 1048576   Required: 222 hours
Training: 2025-04-17 21:24:17,969-[val][Global step: 20000] d prime: 6.1740312576293945
Training: 2025-04-17 21:24:45,062-Speed 11.98 samples/sec   Loss 0.0039   LearningRate 0.000930   Epoch: 14   Global Step: 20010   Fp16 Grad Scale: 1048576   Required: 223 hours
Training: 2025-04-17 21:25:12,220-Speed 47.13 samples/sec   Loss 0.0076   LearningRate 0.000930   Epoch: 14   Global Step: 20020   Fp16 Grad Scale: 1048576   Required: 223 hours
Training: 2025-04-17 21:25:39,483-Speed 46.95 samples/sec   Loss 0.0038   LearningRate 0.000930   Epoch: 14   Global Step: 20030   Fp16 Grad Scale: 1048576   Required: 223 hours
Training: 2025-04-17 21:26:06,974-Speed 46.56 samples/sec   Loss 0.0021   LearningRate 0.000930   Epoch: 14   Global Step: 20040   Fp16 Grad Scale: 1048576   Required: 223 hours
Training: 2025-04-17 21:26:37,407-Speed 42.06 samples/sec   Loss 0.0078   LearningRate 0.000930   Epoch: 14   Global Step: 20050   Fp16 Grad Scale: 1048576   Required: 223 hours
Training: 2025-04-17 21:27:05,675-Speed 45.28 samples/sec   Loss 0.0064   LearningRate 0.000930   Epoch: 14   Global Step: 20060   Fp16 Grad Scale: 1048576   Required: 223 hours
Training: 2025-04-17 21:27:33,026-Speed 46.80 samples/sec   Loss 0.0036   LearningRate 0.000930   Epoch: 14   Global Step: 20070   Fp16 Grad Scale: 1048576   Required: 223 hours
Training: 2025-04-17 21:28:00,387-Speed 46.78 samples/sec   Loss 0.0082   LearningRate 0.000930   Epoch: 14   Global Step: 20080   Fp16 Grad Scale: 1048576   Required: 222 hours
Training: 2025-04-17 21:28:27,745-Speed 46.79 samples/sec   Loss 0.0037   LearningRate 0.000930   Epoch: 14   Global Step: 20090   Fp16 Grad Scale: 2097152   Required: 222 hours
Training: 2025-04-17 21:28:55,136-Speed 46.73 samples/sec   Loss 0.0044   LearningRate 0.000930   Epoch: 14   Global Step: 20100   Fp16 Grad Scale: 2097152   Required: 222 hours
Training: 2025-04-17 21:29:22,667-Speed 46.50 samples/sec   Loss 0.0046   LearningRate 0.000929   Epoch: 14   Global Step: 20110   Fp16 Grad Scale: 2097152   Required: 222 hours
Training: 2025-04-17 21:29:50,022-Speed 46.79 samples/sec   Loss 0.0460   LearningRate 0.000929   Epoch: 14   Global Step: 20120   Fp16 Grad Scale: 2097152   Required: 222 hours
Training: 2025-04-17 21:30:17,365-Speed 46.81 samples/sec   Loss 0.0268   LearningRate 0.000929   Epoch: 14   Global Step: 20130   Fp16 Grad Scale: 2097152   Required: 222 hours
Training: 2025-04-17 21:30:44,768-Speed 46.71 samples/sec   Loss 0.0091   LearningRate 0.000929   Epoch: 14   Global Step: 20140   Fp16 Grad Scale: 2097152   Required: 222 hours
Training: 2025-04-17 21:31:12,104-Speed 46.83 samples/sec   Loss 0.0020   LearningRate 0.000929   Epoch: 14   Global Step: 20150   Fp16 Grad Scale: 2097152   Required: 222 hours
Training: 2025-04-17 21:31:41,465-Speed 43.60 samples/sec   Loss 0.0027   LearningRate 0.000929   Epoch: 14   Global Step: 20160   Fp16 Grad Scale: 2097152   Required: 222 hours
Training: 2025-04-17 21:32:08,816-Speed 46.80 samples/sec   Loss 0.0068   LearningRate 0.000929   Epoch: 14   Global Step: 20170   Fp16 Grad Scale: 2097152   Required: 222 hours
Training: 2025-04-17 21:32:36,053-Speed 47.00 samples/sec   Loss 0.0021   LearningRate 0.000929   Epoch: 14   Global Step: 20180   Fp16 Grad Scale: 2097152   Required: 222 hours
Training: 2025-04-17 21:33:03,610-Speed 46.45 samples/sec   Loss 0.0093   LearningRate 0.000929   Epoch: 14   Global Step: 20190   Fp16 Grad Scale: 4194304   Required: 222 hours
Training: 2025-04-17 21:33:31,225-Speed 46.35 samples/sec   Loss 0.0040   LearningRate 0.000929   Epoch: 14   Global Step: 20200   Fp16 Grad Scale: 4194304   Required: 222 hours
Training: 2025-04-17 21:33:58,678-Speed 46.63 samples/sec   Loss 0.0055   LearningRate 0.000929   Epoch: 14   Global Step: 20210   Fp16 Grad Scale: 4194304   Required: 222 hours
Training: 2025-04-17 21:34:25,933-Speed 46.96 samples/sec   Loss 0.0113   LearningRate 0.000929   Epoch: 14   Global Step: 20220   Fp16 Grad Scale: 4194304   Required: 222 hours
Training: 2025-04-17 21:34:53,323-Speed 46.73 samples/sec   Loss 0.0033   LearningRate 0.000929   Epoch: 14   Global Step: 20230   Fp16 Grad Scale: 4194304   Required: 222 hours
Training: 2025-04-17 21:35:20,751-Speed 46.67 samples/sec   Loss 0.0038   LearningRate 0.000929   Epoch: 14   Global Step: 20240   Fp16 Grad Scale: 4194304   Required: 222 hours
Training: 2025-04-17 21:35:48,227-Speed 46.59 samples/sec   Loss 0.0070   LearningRate 0.000929   Epoch: 14   Global Step: 20250   Fp16 Grad Scale: 4194304   Required: 222 hours
Training: 2025-04-17 21:36:15,564-Speed 46.82 samples/sec   Loss 0.0021   LearningRate 0.000929   Epoch: 14   Global Step: 20260   Fp16 Grad Scale: 4194304   Required: 222 hours
Training: 2025-04-17 21:36:44,956-Speed 43.55 samples/sec   Loss 0.0099   LearningRate 0.000929   Epoch: 14   Global Step: 20270   Fp16 Grad Scale: 4194304   Required: 222 hours
Training: 2025-04-17 21:37:12,349-Speed 46.73 samples/sec   Loss 0.0036   LearningRate 0.000929   Epoch: 14   Global Step: 20280   Fp16 Grad Scale: 4194304   Required: 222 hours
Training: 2025-04-17 21:37:40,456-Speed 45.54 samples/sec   Loss 0.0039   LearningRate 0.000929   Epoch: 14   Global Step: 20290   Fp16 Grad Scale: 8388608   Required: 222 hours
Training: 2025-04-17 21:38:07,920-Speed 46.61 samples/sec   Loss 0.0013   LearningRate 0.000929   Epoch: 14   Global Step: 20300   Fp16 Grad Scale: 8388608   Required: 222 hours
Training: 2025-04-17 21:38:35,204-Speed 46.92 samples/sec   Loss 0.0051   LearningRate 0.000929   Epoch: 14   Global Step: 20310   Fp16 Grad Scale: 4194304   Required: 222 hours
Training: 2025-04-17 21:39:02,534-Speed 46.84 samples/sec   Loss 0.0011   LearningRate 0.000929   Epoch: 14   Global Step: 20320   Fp16 Grad Scale: 4194304   Required: 222 hours
Training: 2025-04-17 21:39:29,898-Speed 46.78 samples/sec   Loss 0.0012   LearningRate 0.000929   Epoch: 14   Global Step: 20330   Fp16 Grad Scale: 4194304   Required: 222 hours
Training: 2025-04-17 21:39:57,428-Speed 46.50 samples/sec   Loss 0.0009   LearningRate 0.000929   Epoch: 14   Global Step: 20340   Fp16 Grad Scale: 4194304   Required: 222 hours
Training: 2025-04-17 21:40:24,745-Speed 46.86 samples/sec   Loss 0.0010   LearningRate 0.000929   Epoch: 14   Global Step: 20350   Fp16 Grad Scale: 4194304   Required: 222 hours
Training: 2025-04-17 21:40:52,129-Speed 46.74 samples/sec   Loss 0.0011   LearningRate 0.000929   Epoch: 14   Global Step: 20360   Fp16 Grad Scale: 4194304   Required: 222 hours
Training: 2025-04-17 21:41:19,640-Speed 46.53 samples/sec   Loss 0.0036   LearningRate 0.000929   Epoch: 14   Global Step: 20370   Fp16 Grad Scale: 4194304   Required: 222 hours
Training: 2025-04-17 21:41:49,065-Speed 43.50 samples/sec   Loss 0.0036   LearningRate 0.000929   Epoch: 14   Global Step: 20380   Fp16 Grad Scale: 4194304   Required: 222 hours
Training: 2025-04-17 21:42:16,486-Speed 46.68 samples/sec   Loss 0.0016   LearningRate 0.000929   Epoch: 14   Global Step: 20390   Fp16 Grad Scale: 4194304   Required: 222 hours
Training: 2025-04-17 21:42:43,882-Speed 46.72 samples/sec   Loss 0.0059   LearningRate 0.000928   Epoch: 14   Global Step: 20400   Fp16 Grad Scale: 4194304   Required: 222 hours
Training: 2025-04-17 21:43:11,271-Speed 46.74 samples/sec   Loss 0.0014   LearningRate 0.000928   Epoch: 14   Global Step: 20410   Fp16 Grad Scale: 8388608   Required: 222 hours
Training: 2025-04-17 21:43:38,644-Speed 46.76 samples/sec   Loss 0.0019   LearningRate 0.000928   Epoch: 14   Global Step: 20420   Fp16 Grad Scale: 8388608   Required: 222 hours
Training: 2025-04-17 21:44:06,039-Speed 46.73 samples/sec   Loss 0.0013   LearningRate 0.000928   Epoch: 14   Global Step: 20430   Fp16 Grad Scale: 8388608   Required: 222 hours
Training: 2025-04-17 21:44:33,545-Speed 46.54 samples/sec   Loss 0.0028   LearningRate 0.000928   Epoch: 14   Global Step: 20440   Fp16 Grad Scale: 8388608   Required: 222 hours
Training: 2025-04-17 21:45:01,009-Speed 46.61 samples/sec   Loss 0.0011   LearningRate 0.000928   Epoch: 14   Global Step: 20450   Fp16 Grad Scale: 8388608   Required: 222 hours
Training: 2025-04-17 21:45:28,436-Speed 46.67 samples/sec   Loss 0.0032   LearningRate 0.000928   Epoch: 14   Global Step: 20460   Fp16 Grad Scale: 8388608   Required: 222 hours
Training: 2025-04-17 21:45:55,842-Speed 46.71 samples/sec   Loss 0.0030   LearningRate 0.000928   Epoch: 14   Global Step: 20470   Fp16 Grad Scale: 8388608   Required: 222 hours
Training: 2025-04-17 21:46:23,385-Speed 46.47 samples/sec   Loss 0.0013   LearningRate 0.000928   Epoch: 14   Global Step: 20480   Fp16 Grad Scale: 8388608   Required: 222 hours
Training: 2025-04-17 21:46:53,096-Speed 43.08 samples/sec   Loss 0.0009   LearningRate 0.000928   Epoch: 14   Global Step: 20490   Fp16 Grad Scale: 8388608   Required: 222 hours
Training: 2025-04-17 21:47:20,597-Speed 46.54 samples/sec   Loss 0.0017   LearningRate 0.000928   Epoch: 14   Global Step: 20500   Fp16 Grad Scale: 8388608   Required: 222 hours
Training: 2025-04-17 21:47:47,957-Speed 46.79 samples/sec   Loss 0.0018   LearningRate 0.000928   Epoch: 14   Global Step: 20510   Fp16 Grad Scale: 16777216   Required: 222 hours
Training: 2025-04-17 21:48:15,324-Speed 46.77 samples/sec   Loss 0.0013   LearningRate 0.000928   Epoch: 14   Global Step: 20520   Fp16 Grad Scale: 16777216   Required: 222 hours
Training: 2025-04-17 21:48:42,846-Speed 46.51 samples/sec   Loss 0.0018   LearningRate 0.000928   Epoch: 14   Global Step: 20530   Fp16 Grad Scale: 16777216   Required: 222 hours
Training: 2025-04-17 21:49:10,648-Speed 46.04 samples/sec   Loss 0.0004   LearningRate 0.000928   Epoch: 14   Global Step: 20540   Fp16 Grad Scale: 16777216   Required: 222 hours
Training: 2025-04-17 21:49:38,197-Speed 46.46 samples/sec   Loss 0.0007   LearningRate 0.000928   Epoch: 14   Global Step: 20550   Fp16 Grad Scale: 16777216   Required: 222 hours
Training: 2025-04-17 21:50:05,694-Speed 46.55 samples/sec   Loss 0.0007   LearningRate 0.000928   Epoch: 14   Global Step: 20560   Fp16 Grad Scale: 16777216   Required: 222 hours
Training: 2025-04-17 21:50:33,257-Speed 46.44 samples/sec   Loss 0.0030   LearningRate 0.000928   Epoch: 14   Global Step: 20570   Fp16 Grad Scale: 16777216   Required: 222 hours
Training: 2025-04-17 21:51:00,867-Speed 46.36 samples/sec   Loss 0.0029   LearningRate 0.000928   Epoch: 14   Global Step: 20580   Fp16 Grad Scale: 16777216   Required: 222 hours
Training: 2025-04-17 21:51:28,517-Speed 46.29 samples/sec   Loss 0.0012   LearningRate 0.000928   Epoch: 14   Global Step: 20590   Fp16 Grad Scale: 16777216   Required: 222 hours
Training: 2025-04-17 21:51:58,171-Speed 43.16 samples/sec   Loss 0.0028   LearningRate 0.000928   Epoch: 14   Global Step: 20600   Fp16 Grad Scale: 16777216   Required: 222 hours
Training: 2025-04-17 21:52:25,554-Speed 46.75 samples/sec   Loss 0.0059   LearningRate 0.000928   Epoch: 14   Global Step: 20610   Fp16 Grad Scale: 33554432   Required: 222 hours
Training: 2025-04-17 21:52:53,125-Speed 46.43 samples/sec   Loss 0.0083   LearningRate 0.000928   Epoch: 14   Global Step: 20620   Fp16 Grad Scale: 16777216   Required: 222 hours
Training: 2025-04-17 21:53:20,565-Speed 46.65 samples/sec   Loss 0.0103   LearningRate 0.000928   Epoch: 14   Global Step: 20630   Fp16 Grad Scale: 8388608   Required: 222 hours
Training: 2025-04-17 21:53:47,946-Speed 46.75 samples/sec   Loss 0.0019   LearningRate 0.000928   Epoch: 14   Global Step: 20640   Fp16 Grad Scale: 8388608   Required: 221 hours
Training: 2025-04-17 21:54:15,341-Speed 46.72 samples/sec   Loss 0.0116   LearningRate 0.000928   Epoch: 14   Global Step: 20650   Fp16 Grad Scale: 8388608   Required: 221 hours
Training: 2025-04-17 21:54:42,760-Speed 46.68 samples/sec   Loss 0.0048   LearningRate 0.000928   Epoch: 14   Global Step: 20660   Fp16 Grad Scale: 8388608   Required: 221 hours
Training: 2025-04-17 21:55:10,221-Speed 46.61 samples/sec   Loss 0.0028   LearningRate 0.000928   Epoch: 14   Global Step: 20670   Fp16 Grad Scale: 8388608   Required: 221 hours
Training: 2025-04-17 21:55:37,766-Speed 46.47 samples/sec   Loss 0.0044   LearningRate 0.000927   Epoch: 14   Global Step: 20680   Fp16 Grad Scale: 8388608   Required: 221 hours
Training: 2025-04-17 21:56:05,236-Speed 46.60 samples/sec   Loss 0.0016   LearningRate 0.000927   Epoch: 14   Global Step: 20690   Fp16 Grad Scale: 8388608   Required: 221 hours
Training: 2025-04-17 21:56:33,285-Speed 45.64 samples/sec   Loss 0.0027   LearningRate 0.000927   Epoch: 14   Global Step: 20700   Fp16 Grad Scale: 8388608   Required: 221 hours
Training: 2025-04-17 21:57:03,604-Speed 42.22 samples/sec   Loss 0.0066   LearningRate 0.000927   Epoch: 14   Global Step: 20710   Fp16 Grad Scale: 8388608   Required: 221 hours
Training: 2025-04-17 21:57:31,096-Speed 46.56 samples/sec   Loss 0.0017   LearningRate 0.000927   Epoch: 14   Global Step: 20720   Fp16 Grad Scale: 8388608   Required: 221 hours
Training: 2025-04-17 21:57:58,625-Speed 46.50 samples/sec   Loss 0.0091   LearningRate 0.000927   Epoch: 14   Global Step: 20730   Fp16 Grad Scale: 16777216   Required: 221 hours
Training: 2025-04-17 21:58:26,102-Speed 46.58 samples/sec   Loss 0.0053   LearningRate 0.000927   Epoch: 14   Global Step: 20740   Fp16 Grad Scale: 8388608   Required: 221 hours
Training: 2025-04-17 21:58:53,572-Speed 46.60 samples/sec   Loss 0.0021   LearningRate 0.000927   Epoch: 14   Global Step: 20750   Fp16 Grad Scale: 8388608   Required: 221 hours
Training: 2025-04-17 21:59:21,288-Speed 46.18 samples/sec   Loss 0.0058   LearningRate 0.000927   Epoch: 14   Global Step: 20760   Fp16 Grad Scale: 8388608   Required: 221 hours
Training: 2025-04-17 21:59:48,799-Speed 46.53 samples/sec   Loss 0.0089   LearningRate 0.000927   Epoch: 14   Global Step: 20770   Fp16 Grad Scale: 8388608   Required: 221 hours
Training: 2025-04-17 22:00:16,311-Speed 46.53 samples/sec   Loss 0.0081   LearningRate 0.000927   Epoch: 14   Global Step: 20780   Fp16 Grad Scale: 8388608   Required: 221 hours
Training: 2025-04-17 22:00:43,776-Speed 46.61 samples/sec   Loss 0.0014   LearningRate 0.000927   Epoch: 14   Global Step: 20790   Fp16 Grad Scale: 8388608   Required: 221 hours
Training: 2025-04-17 22:01:11,208-Speed 46.66 samples/sec   Loss 0.0172   LearningRate 0.000927   Epoch: 14   Global Step: 20800   Fp16 Grad Scale: 8388608   Required: 221 hours
Training: 2025-04-17 22:01:38,741-Speed 46.49 samples/sec   Loss 0.0628   LearningRate 0.000927   Epoch: 14   Global Step: 20810   Fp16 Grad Scale: 8388608   Required: 221 hours
Training: 2025-04-17 22:02:08,198-Speed 43.45 samples/sec   Loss 0.0129   LearningRate 0.000927   Epoch: 14   Global Step: 20820   Fp16 Grad Scale: 8388608   Required: 221 hours
Training: 2025-04-17 22:02:35,762-Speed 46.44 samples/sec   Loss 0.0178   LearningRate 0.000927   Epoch: 14   Global Step: 20830   Fp16 Grad Scale: 4194304   Required: 221 hours
Training: 2025-04-17 22:03:03,285-Speed 46.51 samples/sec   Loss 0.0133   LearningRate 0.000927   Epoch: 14   Global Step: 20840   Fp16 Grad Scale: 4194304   Required: 221 hours
Training: 2025-04-17 22:03:30,748-Speed 46.61 samples/sec   Loss 0.0381   LearningRate 0.000927   Epoch: 14   Global Step: 20850   Fp16 Grad Scale: 4194304   Required: 221 hours
Training: 2025-04-17 22:03:58,345-Speed 46.38 samples/sec   Loss 0.0157   LearningRate 0.000927   Epoch: 14   Global Step: 20860   Fp16 Grad Scale: 4194304   Required: 221 hours
Training: 2025-04-17 22:04:25,840-Speed 46.55 samples/sec   Loss 0.0408   LearningRate 0.000927   Epoch: 14   Global Step: 20870   Fp16 Grad Scale: 4194304   Required: 221 hours
Training: 2025-04-17 22:04:53,494-Speed 46.29 samples/sec   Loss 0.0297   LearningRate 0.000927   Epoch: 14   Global Step: 20880   Fp16 Grad Scale: 4194304   Required: 221 hours
Training: 2025-04-17 22:05:21,129-Speed 46.32 samples/sec   Loss 0.0094   LearningRate 0.000927   Epoch: 14   Global Step: 20890   Fp16 Grad Scale: 4194304   Required: 221 hours
Training: 2025-04-17 22:05:48,596-Speed 46.60 samples/sec   Loss 0.0322   LearningRate 0.000927   Epoch: 14   Global Step: 20900   Fp16 Grad Scale: 4194304   Required: 221 hours
Training: 2025-04-17 22:06:16,120-Speed 46.51 samples/sec   Loss 0.0114   LearningRate 0.000927   Epoch: 14   Global Step: 20910   Fp16 Grad Scale: 4194304   Required: 221 hours
Training: 2025-04-17 22:06:43,641-Speed 46.51 samples/sec   Loss 0.0077   LearningRate 0.000927   Epoch: 14   Global Step: 20920   Fp16 Grad Scale: 4194304   Required: 221 hours
Training: 2025-04-17 22:07:13,200-Speed 43.30 samples/sec   Loss 0.0286   LearningRate 0.000927   Epoch: 14   Global Step: 20930   Fp16 Grad Scale: 8388608   Required: 221 hours
Training: 2025-04-17 22:07:40,765-Speed 46.44 samples/sec   Loss 0.0085   LearningRate 0.000927   Epoch: 14   Global Step: 20940   Fp16 Grad Scale: 8388608   Required: 221 hours
Training: 2025-04-17 22:08:08,111-Speed 46.81 samples/sec   Loss 0.0101   LearningRate 0.000927   Epoch: 14   Global Step: 20950   Fp16 Grad Scale: 4194304   Required: 221 hours
Training: 2025-04-17 22:08:35,595-Speed 46.57 samples/sec   Loss 0.0067   LearningRate 0.000927   Epoch: 14   Global Step: 20960   Fp16 Grad Scale: 4194304   Required: 221 hours
Training: 2025-04-17 22:09:03,138-Speed 46.48 samples/sec   Loss 0.0624   LearningRate 0.000926   Epoch: 14   Global Step: 20970   Fp16 Grad Scale: 4194304   Required: 221 hours
Training: 2025-04-17 22:09:30,697-Speed 46.45 samples/sec   Loss 0.0072   LearningRate 0.000926   Epoch: 14   Global Step: 20980   Fp16 Grad Scale: 4194304   Required: 221 hours
Training: 2025-04-17 22:09:58,259-Speed 46.44 samples/sec   Loss 0.0235   LearningRate 0.000926   Epoch: 14   Global Step: 20990   Fp16 Grad Scale: 4194304   Required: 221 hours
Training: 2025-04-17 22:10:25,755-Speed 46.55 samples/sec   Loss 0.0361   LearningRate 0.000926   Epoch: 14   Global Step: 21000   Fp16 Grad Scale: 4194304   Required: 221 hours
Training: 2025-04-17 22:10:53,369-Speed 46.35 samples/sec   Loss 0.0340   LearningRate 0.000926   Epoch: 14   Global Step: 21010   Fp16 Grad Scale: 4194304   Required: 221 hours
Training: 2025-04-17 22:11:20,738-Speed 46.77 samples/sec   Loss 0.0948   LearningRate 0.000926   Epoch: 14   Global Step: 21020   Fp16 Grad Scale: 2097152   Required: 221 hours
Training: 2025-04-17 22:11:48,294-Speed 46.45 samples/sec   Loss 0.0847   LearningRate 0.000926   Epoch: 14   Global Step: 21030   Fp16 Grad Scale: 2097152   Required: 221 hours
Training: 2025-04-17 22:12:17,800-Speed 43.38 samples/sec   Loss 0.0205   LearningRate 0.000926   Epoch: 14   Global Step: 21040   Fp16 Grad Scale: 2097152   Required: 221 hours
Training: 2025-04-17 22:12:45,649-Speed 45.96 samples/sec   Loss 0.0111   LearningRate 0.000926   Epoch: 14   Global Step: 21050   Fp16 Grad Scale: 2097152   Required: 221 hours
Training: 2025-04-17 22:13:13,175-Speed 46.50 samples/sec   Loss 0.0172   LearningRate 0.000926   Epoch: 14   Global Step: 21060   Fp16 Grad Scale: 2097152   Required: 221 hours
Training: 2025-04-17 22:13:40,643-Speed 46.60 samples/sec   Loss 0.0210   LearningRate 0.000926   Epoch: 14   Global Step: 21070   Fp16 Grad Scale: 1048576   Required: 221 hours
Training: 2025-04-17 22:14:08,278-Speed 46.32 samples/sec   Loss 0.0135   LearningRate 0.000926   Epoch: 14   Global Step: 21080   Fp16 Grad Scale: 1048576   Required: 221 hours
Training: 2025-04-17 22:14:35,699-Speed 46.68 samples/sec   Loss 0.0053   LearningRate 0.000926   Epoch: 14   Global Step: 21090   Fp16 Grad Scale: 1048576   Required: 221 hours
Training: 2025-04-17 22:15:03,113-Speed 46.69 samples/sec   Loss 0.0172   LearningRate 0.000926   Epoch: 14   Global Step: 21100   Fp16 Grad Scale: 1048576   Required: 221 hours
Training: 2025-04-17 22:15:30,565-Speed 46.63 samples/sec   Loss 0.0104   LearningRate 0.000926   Epoch: 14   Global Step: 21110   Fp16 Grad Scale: 1048576   Required: 221 hours
Training: 2025-04-17 22:15:57,962-Speed 46.72 samples/sec   Loss 0.0089   LearningRate 0.000926   Epoch: 14   Global Step: 21120   Fp16 Grad Scale: 1048576   Required: 221 hours
Training: 2025-04-17 22:16:25,524-Speed 46.44 samples/sec   Loss 0.0053   LearningRate 0.000926   Epoch: 14   Global Step: 21130   Fp16 Grad Scale: 1048576   Required: 221 hours
Training: 2025-04-17 22:16:52,905-Speed 46.75 samples/sec   Loss 0.0015   LearningRate 0.000926   Epoch: 14   Global Step: 21140   Fp16 Grad Scale: 1048576   Required: 221 hours
Training: 2025-04-17 22:17:22,301-Speed 43.55 samples/sec   Loss 0.0058   LearningRate 0.000926   Epoch: 14   Global Step: 21150   Fp16 Grad Scale: 1048576   Required: 221 hours
Training: 2025-04-17 22:17:49,782-Speed 46.58 samples/sec   Loss 0.0098   LearningRate 0.000926   Epoch: 14   Global Step: 21160   Fp16 Grad Scale: 1048576   Required: 221 hours
Training: 2025-04-17 22:18:17,345-Speed 46.44 samples/sec   Loss 0.0551   LearningRate 0.000926   Epoch: 14   Global Step: 21170   Fp16 Grad Scale: 2097152   Required: 221 hours
Training: 2025-04-17 22:18:44,944-Speed 46.38 samples/sec   Loss 0.0164   LearningRate 0.000926   Epoch: 14   Global Step: 21180   Fp16 Grad Scale: 2097152   Required: 221 hours
Training: 2025-04-17 22:19:12,416-Speed 46.59 samples/sec   Loss 0.0583   LearningRate 0.000926   Epoch: 14   Global Step: 21190   Fp16 Grad Scale: 2097152   Required: 221 hours
Training: 2025-04-17 22:19:39,919-Speed 46.54 samples/sec   Loss 0.0144   LearningRate 0.000926   Epoch: 14   Global Step: 21200   Fp16 Grad Scale: 2097152   Required: 221 hours
Training: 2025-04-17 22:20:07,443-Speed 46.51 samples/sec   Loss 0.0079   LearningRate 0.000926   Epoch: 14   Global Step: 21210   Fp16 Grad Scale: 2097152   Required: 221 hours
Training: 2025-04-17 22:20:34,909-Speed 46.60 samples/sec   Loss 0.0104   LearningRate 0.000926   Epoch: 14   Global Step: 21220   Fp16 Grad Scale: 2097152   Required: 221 hours
Training: 2025-04-17 22:21:02,393-Speed 46.57 samples/sec   Loss 0.0097   LearningRate 0.000926   Epoch: 14   Global Step: 21230   Fp16 Grad Scale: 2097152   Required: 221 hours
Training: 2025-04-17 22:21:29,777-Speed 46.74 samples/sec   Loss 0.0104   LearningRate 0.000926   Epoch: 14   Global Step: 21240   Fp16 Grad Scale: 2097152   Required: 220 hours
Training: 2025-04-17 22:21:57,188-Speed 46.70 samples/sec   Loss 0.0031   LearningRate 0.000925   Epoch: 14   Global Step: 21250   Fp16 Grad Scale: 2097152   Required: 220 hours
Training: 2025-04-17 22:22:26,660-Speed 43.43 samples/sec   Loss 0.0042   LearningRate 0.000925   Epoch: 14   Global Step: 21260   Fp16 Grad Scale: 2097152   Required: 220 hours
Training: 2025-04-17 22:22:54,073-Speed 46.69 samples/sec   Loss 0.0125   LearningRate 0.000925   Epoch: 14   Global Step: 21270   Fp16 Grad Scale: 4194304   Required: 220 hours
Training: 2025-04-17 22:23:21,821-Speed 46.13 samples/sec   Loss 0.0073   LearningRate 0.000925   Epoch: 14   Global Step: 21280   Fp16 Grad Scale: 4194304   Required: 220 hours
Training: 2025-04-17 22:23:49,329-Speed 46.53 samples/sec   Loss 0.0179   LearningRate 0.000925   Epoch: 14   Global Step: 21290   Fp16 Grad Scale: 4194304   Required: 220 hours
Training: 2025-04-17 22:24:16,826-Speed 46.55 samples/sec   Loss 0.0049   LearningRate 0.000925   Epoch: 14   Global Step: 21300   Fp16 Grad Scale: 4194304   Required: 220 hours
Training: 2025-04-17 22:24:44,383-Speed 46.45 samples/sec   Loss 0.0108   LearningRate 0.000925   Epoch: 14   Global Step: 21310   Fp16 Grad Scale: 4194304   Required: 220 hours
Training: 2025-04-17 22:25:11,915-Speed 46.49 samples/sec   Loss 0.0130   LearningRate 0.000925   Epoch: 14   Global Step: 21320   Fp16 Grad Scale: 4194304   Required: 220 hours
Training: 2025-04-17 22:25:39,421-Speed 46.54 samples/sec   Loss 0.0156   LearningRate 0.000925   Epoch: 14   Global Step: 21330   Fp16 Grad Scale: 4194304   Required: 220 hours
Training: 2025-04-17 22:26:06,971-Speed 46.46 samples/sec   Loss 0.0145   LearningRate 0.000925   Epoch: 14   Global Step: 21340   Fp16 Grad Scale: 4194304   Required: 220 hours
Training: 2025-04-17 22:26:35,488-Speed 44.89 samples/sec   Loss 0.0070   LearningRate 0.000925   Epoch: 14   Global Step: 21350   Fp16 Grad Scale: 4194304   Required: 220 hours
Training: 2025-04-17 22:27:04,282-Speed 44.45 samples/sec   Loss 0.0161   LearningRate 0.000925   Epoch: 14   Global Step: 21360   Fp16 Grad Scale: 4194304   Required: 220 hours
Training: 2025-04-17 22:27:35,192-Speed 41.41 samples/sec   Loss 0.0193   LearningRate 0.000925   Epoch: 14   Global Step: 21370   Fp16 Grad Scale: 8388608   Required: 220 hours
Training: 2025-04-17 22:28:02,928-Speed 46.15 samples/sec   Loss 0.0088   LearningRate 0.000925   Epoch: 14   Global Step: 21380   Fp16 Grad Scale: 8388608   Required: 220 hours
Training: 2025-04-17 22:28:30,610-Speed 46.24 samples/sec   Loss 0.0918   LearningRate 0.000925   Epoch: 14   Global Step: 21390   Fp16 Grad Scale: 8388608   Required: 220 hours
Training: 2025-04-17 22:28:58,297-Speed 46.23 samples/sec   Loss 0.0053   LearningRate 0.000925   Epoch: 14   Global Step: 21400   Fp16 Grad Scale: 8388608   Required: 220 hours
Training: 2025-04-17 22:30:06,860-Speed 18.67 samples/sec   Loss 0.0204   LearningRate 0.000925   Epoch: 15   Global Step: 21410   Fp16 Grad Scale: 8388608   Required: 220 hours
Training: 2025-04-17 22:30:34,486-Speed 46.33 samples/sec   Loss 0.0101   LearningRate 0.000925   Epoch: 15   Global Step: 21420   Fp16 Grad Scale: 8388608   Required: 220 hours
Training: 2025-04-17 22:31:01,965-Speed 46.58 samples/sec   Loss 0.0072   LearningRate 0.000925   Epoch: 15   Global Step: 21430   Fp16 Grad Scale: 8388608   Required: 220 hours
Training: 2025-04-17 22:31:29,499-Speed 46.49 samples/sec   Loss 0.0051   LearningRate 0.000925   Epoch: 15   Global Step: 21440   Fp16 Grad Scale: 8388608   Required: 220 hours
Training: 2025-04-17 22:31:56,974-Speed 46.59 samples/sec   Loss 0.0043   LearningRate 0.000925   Epoch: 15   Global Step: 21450   Fp16 Grad Scale: 8388608   Required: 220 hours
Training: 2025-04-17 22:32:26,489-Speed 43.37 samples/sec   Loss 0.0015   LearningRate 0.000925   Epoch: 15   Global Step: 21460   Fp16 Grad Scale: 8388608   Required: 220 hours
Training: 2025-04-17 22:32:53,969-Speed 46.58 samples/sec   Loss 0.0019   LearningRate 0.000925   Epoch: 15   Global Step: 21470   Fp16 Grad Scale: 16777216   Required: 220 hours
Training: 2025-04-17 22:33:21,578-Speed 46.36 samples/sec   Loss 0.0015   LearningRate 0.000925   Epoch: 15   Global Step: 21480   Fp16 Grad Scale: 16777216   Required: 220 hours
Training: 2025-04-17 22:33:48,974-Speed 46.72 samples/sec   Loss 0.0035   LearningRate 0.000925   Epoch: 15   Global Step: 21490   Fp16 Grad Scale: 16777216   Required: 220 hours
Training: 2025-04-17 22:34:16,645-Speed 46.26 samples/sec   Loss 0.0011   LearningRate 0.000925   Epoch: 15   Global Step: 21500   Fp16 Grad Scale: 16777216   Required: 220 hours
Training: 2025-04-17 22:34:44,224-Speed 46.41 samples/sec   Loss 0.0019   LearningRate 0.000925   Epoch: 15   Global Step: 21510   Fp16 Grad Scale: 16777216   Required: 220 hours
Training: 2025-04-17 22:35:11,900-Speed 46.25 samples/sec   Loss 0.0028   LearningRate 0.000925   Epoch: 15   Global Step: 21520   Fp16 Grad Scale: 16777216   Required: 220 hours
Training: 2025-04-17 22:35:39,390-Speed 46.56 samples/sec   Loss 0.0018   LearningRate 0.000925   Epoch: 15   Global Step: 21530   Fp16 Grad Scale: 16777216   Required: 220 hours
Training: 2025-04-17 22:36:06,954-Speed 46.44 samples/sec   Loss 0.0054   LearningRate 0.000924   Epoch: 15   Global Step: 21540   Fp16 Grad Scale: 16777216   Required: 220 hours
Training: 2025-04-17 22:36:34,578-Speed 46.34 samples/sec   Loss 0.0013   LearningRate 0.000924   Epoch: 15   Global Step: 21550   Fp16 Grad Scale: 16777216   Required: 220 hours
Training: 2025-04-17 22:37:02,197-Speed 46.35 samples/sec   Loss 0.0059   LearningRate 0.000924   Epoch: 15   Global Step: 21560   Fp16 Grad Scale: 16777216   Required: 220 hours
Training: 2025-04-17 22:37:32,650-Speed 42.03 samples/sec   Loss 0.0840   LearningRate 0.000924   Epoch: 15   Global Step: 21570   Fp16 Grad Scale: 33554432   Required: 220 hours
Training: 2025-04-17 22:38:00,204-Speed 46.46 samples/sec   Loss 0.0011   LearningRate 0.000924   Epoch: 15   Global Step: 21580   Fp16 Grad Scale: 33554432   Required: 220 hours
Training: 2025-04-17 22:38:27,845-Speed 46.31 samples/sec   Loss 0.0011   LearningRate 0.000924   Epoch: 15   Global Step: 21590   Fp16 Grad Scale: 33554432   Required: 220 hours
Training: 2025-04-17 22:38:55,541-Speed 46.22 samples/sec   Loss 0.0025   LearningRate 0.000924   Epoch: 15   Global Step: 21600   Fp16 Grad Scale: 33554432   Required: 220 hours
Training: 2025-04-17 22:39:23,197-Speed 46.28 samples/sec   Loss 0.0006   LearningRate 0.000924   Epoch: 15   Global Step: 21610   Fp16 Grad Scale: 33554432   Required: 220 hours
Training: 2025-04-17 22:39:50,656-Speed 46.62 samples/sec   Loss 0.0018   LearningRate 0.000924   Epoch: 15   Global Step: 21620   Fp16 Grad Scale: 33554432   Required: 220 hours
Training: 2025-04-17 22:40:18,107-Speed 46.63 samples/sec   Loss 0.0049   LearningRate 0.000924   Epoch: 15   Global Step: 21630   Fp16 Grad Scale: 33554432   Required: 220 hours
Training: 2025-04-17 22:40:45,755-Speed 46.30 samples/sec   Loss 0.0007   LearningRate 0.000924   Epoch: 15   Global Step: 21640   Fp16 Grad Scale: 33554432   Required: 220 hours
Training: 2025-04-17 22:41:13,422-Speed 46.27 samples/sec   Loss 0.0011   LearningRate 0.000924   Epoch: 15   Global Step: 21650   Fp16 Grad Scale: 33554432   Required: 220 hours
Training: 2025-04-17 22:41:41,020-Speed 46.38 samples/sec   Loss 0.0008   LearningRate 0.000924   Epoch: 15   Global Step: 21660   Fp16 Grad Scale: 33554432   Required: 220 hours
Training: 2025-04-17 22:42:08,667-Speed 46.30 samples/sec   Loss 0.0010   LearningRate 0.000924   Epoch: 15   Global Step: 21670   Fp16 Grad Scale: 67108864   Required: 220 hours
Training: 2025-04-17 22:42:38,558-Speed 42.82 samples/sec   Loss 0.0050   LearningRate 0.000924   Epoch: 15   Global Step: 21680   Fp16 Grad Scale: 16777216   Required: 220 hours
Training: 2025-04-17 22:43:06,186-Speed 46.33 samples/sec   Loss 0.0013   LearningRate 0.000924   Epoch: 15   Global Step: 21690   Fp16 Grad Scale: 16777216   Required: 220 hours
Training: 2025-04-17 22:43:33,915-Speed 46.16 samples/sec   Loss 0.0024   LearningRate 0.000924   Epoch: 15   Global Step: 21700   Fp16 Grad Scale: 16777216   Required: 220 hours
Training: 2025-04-17 22:44:01,579-Speed 46.27 samples/sec   Loss 0.0011   LearningRate 0.000924   Epoch: 15   Global Step: 21710   Fp16 Grad Scale: 16777216   Required: 220 hours
Training: 2025-04-17 22:44:29,270-Speed 46.22 samples/sec   Loss 0.0005   LearningRate 0.000924   Epoch: 15   Global Step: 21720   Fp16 Grad Scale: 16777216   Required: 220 hours
Training: 2025-04-17 22:44:57,242-Speed 45.76 samples/sec   Loss 0.0008   LearningRate 0.000924   Epoch: 15   Global Step: 21730   Fp16 Grad Scale: 16777216   Required: 220 hours
Training: 2025-04-17 22:45:25,015-Speed 46.09 samples/sec   Loss 0.0006   LearningRate 0.000924   Epoch: 15   Global Step: 21740   Fp16 Grad Scale: 16777216   Required: 220 hours
Training: 2025-04-17 22:45:52,577-Speed 46.44 samples/sec   Loss 0.0006   LearningRate 0.000924   Epoch: 15   Global Step: 21750   Fp16 Grad Scale: 16777216   Required: 220 hours
Training: 2025-04-17 22:46:20,192-Speed 46.35 samples/sec   Loss 0.0012   LearningRate 0.000924   Epoch: 15   Global Step: 21760   Fp16 Grad Scale: 16777216   Required: 220 hours
Training: 2025-04-17 22:46:47,779-Speed 46.40 samples/sec   Loss 0.0006   LearningRate 0.000924   Epoch: 15   Global Step: 21770   Fp16 Grad Scale: 16777216   Required: 220 hours
Training: 2025-04-17 22:47:15,508-Speed 46.16 samples/sec   Loss 0.0003   LearningRate 0.000924   Epoch: 15   Global Step: 21780   Fp16 Grad Scale: 33554432   Required: 220 hours
Training: 2025-04-17 22:47:45,319-Speed 42.94 samples/sec   Loss 0.0006   LearningRate 0.000924   Epoch: 15   Global Step: 21790   Fp16 Grad Scale: 33554432   Required: 220 hours
Training: 2025-04-17 22:48:13,033-Speed 46.19 samples/sec   Loss 0.0003   LearningRate 0.000924   Epoch: 15   Global Step: 21800   Fp16 Grad Scale: 33554432   Required: 220 hours
Training: 2025-04-17 22:48:40,646-Speed 46.36 samples/sec   Loss 0.0005   LearningRate 0.000924   Epoch: 15   Global Step: 21810   Fp16 Grad Scale: 33554432   Required: 220 hours
Training: 2025-04-17 22:49:08,318-Speed 46.26 samples/sec   Loss 0.0005   LearningRate 0.000923   Epoch: 15   Global Step: 21820   Fp16 Grad Scale: 33554432   Required: 220 hours
Training: 2025-04-17 22:49:36,069-Speed 46.13 samples/sec   Loss 0.0004   LearningRate 0.000923   Epoch: 15   Global Step: 21830   Fp16 Grad Scale: 33554432   Required: 220 hours
Training: 2025-04-17 22:50:04,332-Speed 45.29 samples/sec   Loss 0.0004   LearningRate 0.000923   Epoch: 15   Global Step: 21840   Fp16 Grad Scale: 33554432   Required: 220 hours
Training: 2025-04-17 22:50:32,177-Speed 45.97 samples/sec   Loss 0.0003   LearningRate 0.000923   Epoch: 15   Global Step: 21850   Fp16 Grad Scale: 33554432   Required: 220 hours
Training: 2025-04-17 22:50:59,742-Speed 46.44 samples/sec   Loss 0.0010   LearningRate 0.000923   Epoch: 15   Global Step: 21860   Fp16 Grad Scale: 33554432   Required: 220 hours
Training: 2025-04-17 22:51:27,394-Speed 46.29 samples/sec   Loss 0.0003   LearningRate 0.000923   Epoch: 15   Global Step: 21870   Fp16 Grad Scale: 33554432   Required: 220 hours
Training: 2025-04-17 22:51:55,052-Speed 46.28 samples/sec   Loss 0.0009   LearningRate 0.000923   Epoch: 15   Global Step: 21880   Fp16 Grad Scale: 67108864   Required: 220 hours
Training: 2025-04-17 22:52:22,948-Speed 45.89 samples/sec   Loss 0.0010   LearningRate 0.000923   Epoch: 15   Global Step: 21890   Fp16 Grad Scale: 67108864   Required: 220 hours
Training: 2025-04-17 22:52:52,877-Speed 42.77 samples/sec   Loss 0.0005   LearningRate 0.000923   Epoch: 15   Global Step: 21900   Fp16 Grad Scale: 67108864   Required: 220 hours
Training: 2025-04-17 22:53:20,491-Speed 46.35 samples/sec   Loss 0.0006   LearningRate 0.000923   Epoch: 15   Global Step: 21910   Fp16 Grad Scale: 33554432   Required: 220 hours
Training: 2025-04-17 22:53:48,507-Speed 45.69 samples/sec   Loss 0.0004   LearningRate 0.000923   Epoch: 15   Global Step: 21920   Fp16 Grad Scale: 33554432   Required: 220 hours
Training: 2025-04-17 22:54:16,247-Speed 46.14 samples/sec   Loss 0.0006   LearningRate 0.000923   Epoch: 15   Global Step: 21930   Fp16 Grad Scale: 33554432   Required: 220 hours
Training: 2025-04-17 22:54:44,200-Speed 45.79 samples/sec   Loss 0.0003   LearningRate 0.000923   Epoch: 15   Global Step: 21940   Fp16 Grad Scale: 33554432   Required: 220 hours
Training: 2025-04-17 22:55:12,035-Speed 45.99 samples/sec   Loss 0.0003   LearningRate 0.000923   Epoch: 15   Global Step: 21950   Fp16 Grad Scale: 33554432   Required: 220 hours
Training: 2025-04-17 22:55:39,721-Speed 46.23 samples/sec   Loss 0.0006   LearningRate 0.000923   Epoch: 15   Global Step: 21960   Fp16 Grad Scale: 33554432   Required: 220 hours
Training: 2025-04-17 22:56:07,528-Speed 46.03 samples/sec   Loss 0.0002   LearningRate 0.000923   Epoch: 15   Global Step: 21970   Fp16 Grad Scale: 33554432   Required: 219 hours
Training: 2025-04-17 22:56:36,189-Speed 44.66 samples/sec   Loss 0.0003   LearningRate 0.000923   Epoch: 15   Global Step: 21980   Fp16 Grad Scale: 33554432   Required: 219 hours
Training: 2025-04-17 22:57:05,087-Speed 44.29 samples/sec   Loss 0.0242   LearningRate 0.000923   Epoch: 15   Global Step: 21990   Fp16 Grad Scale: 16777216   Required: 219 hours
Training: 2025-04-17 22:57:33,209-Speed 45.52 samples/sec   Loss 0.0021   LearningRate 0.000923   Epoch: 15   Global Step: 22000   Fp16 Grad Scale: 8388608   Required: 219 hours
Training: 2025-04-17 22:58:54,624-[val][Global step: 22000] d prime: 6.819347858428955
Early stopping triggered. Stopping training to prevent overfitting.
